model,ID,cond,tp,cv_fold,logp
pos,1.0,0.0,0.0,0.0,-4.992424964904785
pos,15.0,0.0,0.0,0.0,-12.896897554397583
pos,19.0,0.0,0.0,0.0,-9.338729858398438
pos,20.0,0.0,0.0,0.0,-5.9233012199401855
pos,22.0,0.0,0.0,0.0,-104.38829827308655
pos,24.0,0.0,0.0,0.0,-54.53740440309048
pos,27.0,0.0,0.0,0.0,-79.98098587989807
pos,30.0,0.0,0.0,0.0,-5.042392730712891
pos,32.0,0.0,0.0,0.0,-5.1100358963012695
pos,46.0,0.0,0.0,0.0,-9.441723465919495
pos,48.0,0.0,0.0,0.0,-90.16768836975098
pos,51.0,0.0,0.0,0.0,-6.375018119812012
pos,52.0,0.0,0.0,0.0,-6.395627975463867
pos,53.0,0.0,0.0,0.0,-7.383535385131836
pos,55.0,0.0,0.0,0.0,-9.21034049987793
pos,56.0,0.0,0.0,0.0,-5.818629741668701
pos,57.0,0.0,0.0,0.0,-77.03778409957886
pos,59.0,0.0,0.0,0.0,-82.5584888458252
pos,60.0,0.0,0.0,0.0,-31.37228512763977
pos,61.0,0.0,0.0,0.0,-58.05771344900131
pos,62.0,0.0,0.0,0.0,-94.59378957748413
pos,63.0,0.0,0.0,0.0,-5.936129570007324
pos,71.0,0.0,0.0,0.0,-83.83650851249695
pos,75.0,0.0,0.0,0.0,-4.889207363128662
pos,79.0,0.0,0.0,0.0,-22.5104341506958
pos,80.0,0.0,0.0,0.0,-40.32062840461731
pos,82.0,0.0,0.0,0.0,-96.24301552772522
pos,83.0,0.0,0.0,0.0,-86.23962688446045
pos,85.0,0.0,0.0,0.0,-5.519205093383789
pos,86.0,0.0,0.0,0.0,-9.21034049987793
pos,91.0,0.0,0.0,0.0,-6.26725435256958
pos,93.0,0.0,0.0,0.0,-75.42224168777466
pos,100.0,0.0,0.0,0.0,-35.079082913696766
pos,103.0,0.0,0.0,0.0,-7.916357040405273
pos,104.0,0.0,0.0,0.0,-8.48401165008545
pos,105.0,0.0,0.0,0.0,-84.93841671943665
pos,107.0,0.0,0.0,0.0,-5.949840068817139
pos,112.0,0.0,0.0,0.0,-5.596474647521973
ucb_lcb,1.0,0.0,0.0,0.0,-4.7982587814331055
ucb_lcb,15.0,0.0,0.0,0.0,-11.431478261947632
ucb_lcb,19.0,0.0,0.0,0.0,-9.704206466674805
ucb_lcb,20.0,0.0,0.0,0.0,-4.7879157066345215
ucb_lcb,22.0,0.0,0.0,0.0,-52.7623830139637
ucb_lcb,24.0,0.0,0.0,0.0,-29.845882415771484
ucb_lcb,27.0,0.0,0.0,0.0,-37.30396547913551
ucb_lcb,30.0,0.0,0.0,0.0,-5.863230228424072
ucb_lcb,32.0,0.0,0.0,0.0,-5.0898566246032715
ucb_lcb,46.0,0.0,0.0,0.0,-16.27799105644226
ucb_lcb,48.0,0.0,0.0,0.0,-113.95428697764874
ucb_lcb,51.0,0.0,0.0,0.0,-4.835004806518555
ucb_lcb,52.0,0.0,0.0,0.0,-4.9857072830200195
ucb_lcb,53.0,0.0,0.0,0.0,-6.148927688598633
ucb_lcb,55.0,0.0,0.0,0.0,-4.81966495513916
ucb_lcb,56.0,0.0,0.0,0.0,-5.949235439300537
ucb_lcb,57.0,0.0,0.0,0.0,-108.6591625213623
ucb_lcb,59.0,0.0,0.0,0.0,-74.90405460819602
ucb_lcb,60.0,0.0,0.0,0.0,-39.62376260757446
ucb_lcb,61.0,0.0,0.0,0.0,-14.210772290825844
ucb_lcb,62.0,0.0,0.0,0.0,-71.53132915496826
ucb_lcb,63.0,0.0,0.0,0.0,-4.979559898376465
ucb_lcb,71.0,0.0,0.0,0.0,-50.80034738779068
ucb_lcb,75.0,0.0,0.0,0.0,-4.917017936706543
ucb_lcb,79.0,0.0,0.0,0.0,-17.35878896713257
ucb_lcb,80.0,0.0,0.0,0.0,-35.1145293712616
ucb_lcb,82.0,0.0,0.0,0.0,-100.09348607063293
ucb_lcb,83.0,0.0,0.0,0.0,-31.01153391599655
ucb_lcb,85.0,0.0,0.0,0.0,-5.031089782714844
ucb_lcb,86.0,0.0,0.0,0.0,-9.21034049987793
ucb_lcb,91.0,0.0,0.0,0.0,-5.1570634841918945
ucb_lcb,93.0,0.0,0.0,0.0,-39.42409388534725
ucb_lcb,100.0,0.0,0.0,0.0,-18.797275245189667
ucb_lcb,103.0,0.0,0.0,0.0,-7.031514763832092
ucb_lcb,104.0,0.0,0.0,0.0,-10.811620235443115
ucb_lcb,105.0,0.0,0.0,0.0,-63.250004414469004
ucb_lcb,107.0,0.0,0.0,0.0,-5.272765636444092
ucb_lcb,112.0,0.0,0.0,0.0,-4.930930137634277
ucb_b0,1.0,0.0,0.0,0.0,-4.868597507476807
ucb_b0,15.0,0.0,0.0,0.0,-12.269409656524658
ucb_b0,19.0,0.0,0.0,0.0,-9.418203830718994
ucb_b0,20.0,0.0,0.0,0.0,-4.957550048828125
ucb_b0,22.0,0.0,0.0,0.0,-53.709088772535324
ucb_b0,24.0,0.0,0.0,0.0,-33.35617552977055
ucb_b0,27.0,0.0,0.0,0.0,-41.21927896142006
ucb_b0,30.0,0.0,0.0,0.0,-4.889342784881592
ucb_b0,32.0,0.0,0.0,0.0,-5.200002193450928
ucb_b0,46.0,0.0,0.0,0.0,-17.092954397201538
ucb_b0,48.0,0.0,0.0,0.0,-106.61849850416183
ucb_b0,51.0,0.0,0.0,0.0,-5.054657936096191
ucb_b0,52.0,0.0,0.0,0.0,-5.173354625701904
ucb_b0,53.0,0.0,0.0,0.0,-5.751989841461182
ucb_b0,55.0,0.0,0.0,0.0,-5.023039817810059
ucb_b0,56.0,0.0,0.0,0.0,-5.030479431152344
ucb_b0,57.0,0.0,0.0,0.0,-82.79898953437805
ucb_b0,59.0,0.0,0.0,0.0,-74.56110996380448
ucb_b0,60.0,0.0,0.0,0.0,-36.702903509140015
ucb_b0,61.0,0.0,0.0,0.0,-53.383660435676575
ucb_b0,62.0,0.0,0.0,0.0,-125.65864777565002
ucb_b0,63.0,0.0,0.0,0.0,-4.954927444458008
ucb_b0,71.0,0.0,0.0,0.0,-26.12368531897664
ucb_b0,75.0,0.0,0.0,0.0,-4.948942184448242
ucb_b0,79.0,0.0,0.0,0.0,-20.451069951057434
ucb_b0,80.0,0.0,0.0,0.0,-43.267045974731445
ucb_b0,82.0,0.0,0.0,0.0,-99.00442910194397
ucb_b0,83.0,0.0,0.0,0.0,-28.218718349933624
ucb_b0,85.0,0.0,0.0,0.0,-5.063407897949219
ucb_b0,86.0,0.0,0.0,0.0,-9.21034049987793
ucb_b0,91.0,0.0,0.0,0.0,-5.447010517120361
ucb_b0,93.0,0.0,0.0,0.0,-40.43420611321926
ucb_b0,100.0,0.0,0.0,0.0,-93.47858452796936
ucb_b0,103.0,0.0,0.0,0.0,-7.186859130859375
ucb_b0,104.0,0.0,0.0,0.0,-10.742167949676514
ucb_b0,105.0,0.0,0.0,0.0,-62.46625987440348
ucb_b0,107.0,0.0,0.0,0.0,-5.600146293640137
ucb_b0,112.0,0.0,0.0,0.0,-5.126857280731201
ucb_lcb_n,1.0,0.0,0.0,0.0,-4.850731372833252
ucb_lcb_n,15.0,0.0,0.0,0.0,-11.124756574630737
ucb_lcb_n,19.0,0.0,0.0,0.0,-9.951245784759521
ucb_lcb_n,20.0,0.0,0.0,0.0,-4.855720520019531
ucb_lcb_n,22.0,0.0,0.0,0.0,-54.03464585542679
ucb_lcb_n,24.0,0.0,0.0,0.0,-30.294614549726248
ucb_lcb_n,27.0,0.0,0.0,0.0,-31.521754786372185
ucb_lcb_n,30.0,0.0,0.0,0.0,-5.738513469696045
ucb_lcb_n,32.0,0.0,0.0,0.0,-5.168907165527344
ucb_lcb_n,46.0,0.0,0.0,0.0,-17.614999294281006
ucb_lcb_n,48.0,0.0,0.0,0.0,-91.4980969466269
ucb_lcb_n,51.0,0.0,0.0,0.0,-4.943389892578125
ucb_lcb_n,52.0,0.0,0.0,0.0,-5.014807224273682
ucb_lcb_n,53.0,0.0,0.0,0.0,-5.534337043762207
ucb_lcb_n,55.0,0.0,0.0,0.0,-5.105525493621826
ucb_lcb_n,56.0,0.0,0.0,0.0,-5.8805251121521
ucb_lcb_n,57.0,0.0,0.0,0.0,-65.93402409553528
ucb_lcb_n,59.0,0.0,0.0,0.0,-55.81983129493892
ucb_lcb_n,60.0,0.0,0.0,0.0,-33.946717977523804
ucb_lcb_n,61.0,0.0,0.0,0.0,-15.885677516460419
ucb_lcb_n,62.0,0.0,0.0,0.0,-106.12727344036102
ucb_lcb_n,63.0,0.0,0.0,0.0,-4.984738826751709
ucb_lcb_n,71.0,0.0,0.0,0.0,-29.656311750411987
ucb_lcb_n,75.0,0.0,0.0,0.0,-4.9239325523376465
ucb_lcb_n,79.0,0.0,0.0,0.0,-16.577872335910797
ucb_lcb_n,80.0,0.0,0.0,0.0,-36.39810848236084
ucb_lcb_n,82.0,0.0,0.0,0.0,-71.31440016673878
ucb_lcb_n,83.0,0.0,0.0,0.0,-19.140820605680346
ucb_lcb_n,85.0,0.0,0.0,0.0,-5.070126056671143
ucb_lcb_n,86.0,0.0,0.0,0.0,-9.21034049987793
ucb_lcb_n,91.0,0.0,0.0,0.0,-5.2498040199279785
ucb_lcb_n,93.0,0.0,0.0,0.0,-33.27498605288565
ucb_lcb_n,100.0,0.0,0.0,0.0,-15.465383142232895
ucb_lcb_n,103.0,0.0,0.0,0.0,-6.060062527656555
ucb_lcb_n,104.0,0.0,0.0,0.0,-10.35654067993164
ucb_lcb_n,105.0,0.0,0.0,0.0,-57.74580931686796
ucb_lcb_n,107.0,0.0,0.0,0.0,-5.65175724029541
ucb_lcb_n,112.0,0.0,0.0,0.0,-4.986663818359375
random,1.0,0.0,0.0,0.0,-4.795790672302246
random,15.0,0.0,0.0,0.0,-14.387372016906738
random,19.0,0.0,0.0,0.0,-9.591581344604492
random,20.0,0.0,0.0,0.0,-4.795790672302246
random,22.0,0.0,0.0,0.0,-119.89476680755615
random,24.0,0.0,0.0,0.0,-119.89476680755615
random,27.0,0.0,0.0,0.0,-119.89476680755615
random,30.0,0.0,0.0,0.0,-4.795790672302246
random,32.0,0.0,0.0,0.0,-4.795790672302246
random,46.0,0.0,0.0,0.0,-19.183162689208984
random,48.0,0.0,0.0,0.0,-119.89476680755615
random,51.0,0.0,0.0,0.0,-4.795790672302246
random,52.0,0.0,0.0,0.0,-4.795790672302246
random,53.0,0.0,0.0,0.0,-4.795790672302246
random,55.0,0.0,0.0,0.0,-4.795790672302246
random,56.0,0.0,0.0,0.0,-4.795790672302246
random,57.0,0.0,0.0,0.0,-95.91581344604492
random,59.0,0.0,0.0,0.0,-119.89476680755615
random,60.0,0.0,0.0,0.0,-43.162116050720215
random,61.0,0.0,0.0,0.0,-119.89476680755615
random,62.0,0.0,0.0,0.0,-119.89476680755615
random,63.0,0.0,0.0,0.0,-4.795790672302246
random,71.0,0.0,0.0,0.0,-119.89476680755615
random,75.0,0.0,0.0,0.0,-4.795790672302246
random,79.0,0.0,0.0,0.0,-33.57053470611572
random,80.0,0.0,0.0,0.0,-43.162116050720215
random,82.0,0.0,0.0,0.0,-119.89476680755615
random,83.0,0.0,0.0,0.0,-119.89476680755615
random,85.0,0.0,0.0,0.0,-4.795790672302246
random,86.0,0.0,0.0,0.0,-4.795790672302246
random,91.0,0.0,0.0,0.0,-4.795790672302246
random,93.0,0.0,0.0,0.0,-119.89476680755615
random,100.0,0.0,0.0,0.0,-119.89476680755615
random,103.0,0.0,0.0,0.0,-14.387372016906738
random,104.0,0.0,0.0,0.0,-14.387372016906738
random,105.0,0.0,0.0,0.0,-119.89476680755615
random,107.0,0.0,0.0,0.0,-4.795790672302246
random,112.0,0.0,0.0,0.0,-4.795790672302246
pos,1.0,0.0,0.0,1.0,-88.80767178535461
pos,15.0,0.0,0.0,1.0,-5.220616340637207
pos,19.0,0.0,0.0,1.0,-105.01955151557922
pos,20.0,0.0,0.0,1.0,-26.957741260528564
pos,22.0,0.0,0.0,1.0,-17.7455952167511
pos,24.0,0.0,0.0,1.0,-16.975778579711914
pos,27.0,0.0,0.0,1.0,-80.89051389694214
pos,30.0,0.0,0.0,1.0,-5.128732681274414
pos,32.0,0.0,0.0,1.0,-5.117070198059082
pos,46.0,0.0,0.0,1.0,-53.245455622673035
pos,48.0,0.0,0.0,1.0,-85.51490807533264
pos,51.0,0.0,0.0,1.0,-6.3936052322387695
pos,52.0,0.0,0.0,1.0,-103.92310881614685
pos,53.0,0.0,0.0,1.0,-7.874143123626709
pos,55.0,0.0,0.0,1.0,-95.11265110969543
pos,56.0,0.0,0.0,1.0,-39.413042068481445
pos,57.0,0.0,0.0,1.0,-6.42376708984375
pos,59.0,0.0,0.0,1.0,-81.56263017654419
pos,60.0,0.0,0.0,1.0,-20.24044704437256
pos,61.0,0.0,0.0,1.0,-67.90098306536674
pos,62.0,0.0,0.0,1.0,-3.3467772006988525
pos,63.0,0.0,0.0,1.0,-95.61519145965576
pos,71.0,0.0,0.0,1.0,-77.36132168769836
pos,75.0,0.0,0.0,1.0,-89.55863428115845
pos,79.0,0.0,0.0,1.0,-80.5209391117096
pos,80.0,0.0,0.0,1.0,-17.448244333267212
pos,82.0,0.0,0.0,1.0,-5.122235298156738
pos,83.0,0.0,0.0,1.0,-96.43982481956482
pos,85.0,0.0,0.0,1.0,-5.429056644439697
pos,86.0,0.0,0.0,1.0,-43.94130098819733
pos,91.0,0.0,0.0,1.0,-6.092159271240234
pos,93.0,0.0,0.0,1.0,-5.4567155838012695
pos,100.0,0.0,0.0,1.0,-9.72852809727192
pos,103.0,0.0,0.0,1.0,-61.99039363861084
pos,104.0,0.0,0.0,1.0,-103.30810976028442
pos,105.0,0.0,0.0,1.0,-12.87523901462555
pos,107.0,0.0,0.0,1.0,-16.090126514434814
pos,112.0,0.0,0.0,1.0,-55.676395416259766
ucb_lcb,1.0,0.0,0.0,1.0,-109.30974006652832
ucb_lcb,15.0,0.0,0.0,1.0,-5.355824947357178
ucb_lcb,19.0,0.0,0.0,1.0,-95.99119830131531
ucb_lcb,20.0,0.0,0.0,1.0,-19.659058094024658
ucb_lcb,22.0,0.0,0.0,1.0,-17.643481016159058
ucb_lcb,24.0,0.0,0.0,1.0,-11.571219444274902
ucb_lcb,27.0,0.0,0.0,1.0,-33.87850725650787
ucb_lcb,30.0,0.0,0.0,1.0,-6.231810092926025
ucb_lcb,32.0,0.0,0.0,1.0,-5.101131916046143
ucb_lcb,46.0,0.0,0.0,1.0,-10.664570674300194
ucb_lcb,48.0,0.0,0.0,1.0,-133.37967692315578
ucb_lcb,51.0,0.0,0.0,1.0,-4.835899829864502
ucb_lcb,52.0,0.0,0.0,1.0,-15.312744993716478
ucb_lcb,53.0,0.0,0.0,1.0,-6.460572242736816
ucb_lcb,55.0,0.0,0.0,1.0,-48.06303098797798
ucb_lcb,56.0,0.0,0.0,1.0,-35.967615365982056
ucb_lcb,57.0,0.0,0.0,1.0,-4.998516082763672
ucb_lcb,59.0,0.0,0.0,1.0,-36.062493078410625
ucb_lcb,60.0,0.0,0.0,1.0,-18.922698259353638
ucb_lcb,61.0,0.0,0.0,1.0,-57.72125804424286
ucb_lcb,62.0,0.0,0.0,1.0,-3.8461310863494873
ucb_lcb,63.0,0.0,0.0,1.0,-86.25273507833481
ucb_lcb,71.0,0.0,0.0,1.0,-37.31164836883545
ucb_lcb,75.0,0.0,0.0,1.0,-70.41289019584656
ucb_lcb,79.0,0.0,0.0,1.0,-25.859082974493504
ucb_lcb,80.0,0.0,0.0,1.0,-16.4536190032959
ucb_lcb,82.0,0.0,0.0,1.0,-5.132330417633057
ucb_lcb,83.0,0.0,0.0,1.0,-102.0449932217598
ucb_lcb,85.0,0.0,0.0,1.0,-4.901942729949951
ucb_lcb,86.0,0.0,0.0,1.0,-0.00962919759331271
ucb_lcb,91.0,0.0,0.0,1.0,-4.947633266448975
ucb_lcb,93.0,0.0,0.0,1.0,-5.00962495803833
ucb_lcb,100.0,0.0,0.0,1.0,-9.29457836970687
ucb_lcb,103.0,0.0,0.0,1.0,-14.589699059724808
ucb_lcb,104.0,0.0,0.0,1.0,-40.10577954351902
ucb_lcb,105.0,0.0,0.0,1.0,-15.402395963668823
ucb_lcb,107.0,0.0,0.0,1.0,-13.549413919448853
ucb_lcb,112.0,0.0,0.0,1.0,-14.552143167704344
ucb_b0,1.0,0.0,0.0,1.0,-107.7269446849823
ucb_b0,15.0,0.0,0.0,1.0,-5.41084623336792
ucb_b0,19.0,0.0,0.0,1.0,-100.18298196792603
ucb_b0,20.0,0.0,0.0,1.0,-19.912771224975586
ucb_b0,22.0,0.0,0.0,1.0,-17.840907335281372
ucb_b0,24.0,0.0,0.0,1.0,-10.961860656738281
ucb_b0,27.0,0.0,0.0,1.0,-49.08210998773575
ucb_b0,30.0,0.0,0.0,1.0,-6.290073871612549
ucb_b0,32.0,0.0,0.0,1.0,-5.197845935821533
ucb_b0,46.0,0.0,0.0,1.0,-12.01130148768425
ucb_b0,48.0,0.0,0.0,1.0,-70.76425516605377
ucb_b0,51.0,0.0,0.0,1.0,-5.036683559417725
ucb_b0,52.0,0.0,0.0,1.0,-15.63462657108903
ucb_b0,53.0,0.0,0.0,1.0,-6.422011375427246
ucb_b0,55.0,0.0,0.0,1.0,-48.643348693847656
ucb_b0,56.0,0.0,0.0,1.0,-35.86602330207825
ucb_b0,57.0,0.0,0.0,1.0,-5.445003986358643
ucb_b0,59.0,0.0,0.0,1.0,-36.013026639819145
ucb_b0,60.0,0.0,0.0,1.0,-21.720990657806396
ucb_b0,61.0,0.0,0.0,1.0,-71.55230259895325
ucb_b0,62.0,0.0,0.0,1.0,-4.524972915649414
ucb_b0,63.0,0.0,0.0,1.0,-89.38928472995758
ucb_b0,71.0,0.0,0.0,1.0,-42.0217946767807
ucb_b0,75.0,0.0,0.0,1.0,-102.21043157577515
ucb_b0,79.0,0.0,0.0,1.0,-32.52518492937088
ucb_b0,80.0,0.0,0.0,1.0,-19.677719116210938
ucb_b0,82.0,0.0,0.0,1.0,-4.851863861083984
ucb_b0,83.0,0.0,0.0,1.0,-105.72709956765175
ucb_b0,85.0,0.0,0.0,1.0,-4.908942699432373
ucb_b0,86.0,0.0,0.0,1.0,-0.22693446278572083
ucb_b0,91.0,0.0,0.0,1.0,-5.197474002838135
ucb_b0,93.0,0.0,0.0,1.0,-5.769101619720459
ucb_b0,100.0,0.0,0.0,1.0,-11.631434321403503
ucb_b0,103.0,0.0,0.0,1.0,-16.887024730443954
ucb_b0,104.0,0.0,0.0,1.0,-40.1812501847744
ucb_b0,105.0,0.0,0.0,1.0,-15.455525636672974
ucb_b0,107.0,0.0,0.0,1.0,-14.541587829589844
ucb_b0,112.0,0.0,0.0,1.0,-16.010379515588284
ucb_lcb_n,1.0,0.0,0.0,1.0,-81.51264244318008
ucb_lcb_n,15.0,0.0,0.0,1.0,-6.046554088592529
ucb_lcb_n,19.0,0.0,0.0,1.0,-60.9807061702013
ucb_lcb_n,20.0,0.0,0.0,1.0,-21.088406085968018
ucb_lcb_n,22.0,0.0,0.0,1.0,-18.902087211608887
ucb_lcb_n,24.0,0.0,0.0,1.0,-11.228240966796875
ucb_lcb_n,27.0,0.0,0.0,1.0,-29.16522666811943
ucb_lcb_n,30.0,0.0,0.0,1.0,-6.267770767211914
ucb_lcb_n,32.0,0.0,0.0,1.0,-5.17494010925293
ucb_lcb_n,46.0,0.0,0.0,1.0,-11.48647716641426
ucb_lcb_n,48.0,0.0,0.0,1.0,-99.07556219398975
ucb_lcb_n,51.0,0.0,0.0,1.0,-4.890649795532227
ucb_lcb_n,52.0,0.0,0.0,1.0,-15.328413661569357
ucb_lcb_n,53.0,0.0,0.0,1.0,-6.143472671508789
ucb_lcb_n,55.0,0.0,0.0,1.0,-45.09913659095764
ucb_lcb_n,56.0,0.0,0.0,1.0,-27.780296564102173
ucb_lcb_n,57.0,0.0,0.0,1.0,-5.477813243865967
ucb_lcb_n,59.0,0.0,0.0,1.0,-29.431919619441032
ucb_lcb_n,60.0,0.0,0.0,1.0,-20.727113723754883
ucb_lcb_n,61.0,0.0,0.0,1.0,-56.5028213262558
ucb_lcb_n,62.0,0.0,0.0,1.0,-3.8998560905456543
ucb_lcb_n,63.0,0.0,0.0,1.0,-107.58098363876343
ucb_lcb_n,71.0,0.0,0.0,1.0,-37.37775182723999
ucb_lcb_n,75.0,0.0,0.0,1.0,-94.71167242527008
ucb_lcb_n,79.0,0.0,0.0,1.0,-25.044365793466568
ucb_lcb_n,80.0,0.0,0.0,1.0,-16.04682493209839
ucb_lcb_n,82.0,0.0,0.0,1.0,-4.829225540161133
ucb_lcb_n,83.0,0.0,0.0,1.0,-77.8663125038147
ucb_lcb_n,85.0,0.0,0.0,1.0,-4.900556564331055
ucb_lcb_n,86.0,0.0,0.0,1.0,-0.028473260696046054
ucb_lcb_n,91.0,0.0,0.0,1.0,-5.073221683502197
ucb_lcb_n,93.0,0.0,0.0,1.0,-5.967897891998291
ucb_lcb_n,100.0,0.0,0.0,1.0,-9.294452184811234
ucb_lcb_n,103.0,0.0,0.0,1.0,-15.418596655130386
ucb_lcb_n,104.0,0.0,0.0,1.0,-37.26107293367386
ucb_lcb_n,105.0,0.0,0.0,1.0,-15.689035773277283
ucb_lcb_n,107.0,0.0,0.0,1.0,-14.567213773727417
ucb_lcb_n,112.0,0.0,0.0,1.0,-14.356320960447192
random,1.0,0.0,0.0,1.0,-119.89476680755615
random,15.0,0.0,0.0,1.0,-4.795790672302246
random,19.0,0.0,0.0,1.0,-119.89476680755615
random,20.0,0.0,0.0,1.0,-19.183162689208984
random,22.0,0.0,0.0,1.0,-19.183162689208984
random,24.0,0.0,0.0,1.0,-9.591581344604492
random,27.0,0.0,0.0,1.0,-119.89476680755615
random,30.0,0.0,0.0,1.0,-4.795790672302246
random,32.0,0.0,0.0,1.0,-4.795790672302246
random,46.0,0.0,0.0,1.0,-119.89476680755615
random,48.0,0.0,0.0,1.0,-119.89476680755615
random,51.0,0.0,0.0,1.0,-4.795790672302246
random,52.0,0.0,0.0,1.0,-119.89476680755615
random,53.0,0.0,0.0,1.0,-4.795790672302246
random,55.0,0.0,0.0,1.0,-119.89476680755615
random,56.0,0.0,0.0,1.0,-43.162116050720215
random,57.0,0.0,0.0,1.0,-4.795790672302246
random,59.0,0.0,0.0,1.0,-119.89476680755615
random,60.0,0.0,0.0,1.0,-23.97895336151123
random,61.0,0.0,0.0,1.0,-119.89476680755615
random,62.0,0.0,0.0,1.0,-4.795790672302246
random,63.0,0.0,0.0,1.0,-119.89476680755615
random,71.0,0.0,0.0,1.0,-119.89476680755615
random,75.0,0.0,0.0,1.0,-119.89476680755615
random,79.0,0.0,0.0,1.0,-119.89476680755615
random,80.0,0.0,0.0,1.0,-19.183162689208984
random,82.0,0.0,0.0,1.0,-4.795790672302246
random,83.0,0.0,0.0,1.0,-119.89476680755615
random,85.0,0.0,0.0,1.0,-4.795790672302246
random,86.0,0.0,0.0,1.0,-119.89476680755615
random,91.0,0.0,0.0,1.0,-4.795790672302246
random,93.0,0.0,0.0,1.0,-4.795790672302246
random,100.0,0.0,0.0,1.0,-19.183162689208984
random,103.0,0.0,0.0,1.0,-119.89476680755615
random,104.0,0.0,0.0,1.0,-119.89476680755615
random,105.0,0.0,0.0,1.0,-19.183162689208984
random,107.0,0.0,0.0,1.0,-14.387372016906738
random,112.0,0.0,0.0,1.0,-119.89476680755615
pos,1.0,0.0,0.0,2.0,-90.76751255989075
pos,15.0,0.0,0.0,2.0,-21.617511510849
pos,19.0,0.0,0.0,2.0,-23.29397201538086
pos,20.0,0.0,0.0,2.0,-6.031850814819336
pos,22.0,0.0,0.0,2.0,-101.60758328437805
pos,24.0,0.0,0.0,2.0,-7.999740123748779
pos,27.0,0.0,0.0,2.0,-71.83837556838989
pos,30.0,0.0,0.0,2.0,-60.95796585083008
pos,32.0,0.0,0.0,2.0,-5.029800891876221
pos,46.0,0.0,0.0,2.0,-85.05879890918732
pos,48.0,0.0,0.0,2.0,-88.06679725646973
pos,51.0,0.0,0.0,2.0,-6.2839155197143555
pos,52.0,0.0,0.0,2.0,-96.56861591339111
pos,53.0,0.0,0.0,2.0,-9.806787967681885
pos,55.0,0.0,0.0,2.0,-92.957115650177
pos,56.0,0.0,0.0,2.0,-2.1963322162628174
pos,57.0,0.0,0.0,2.0,-6.111462116241455
pos,59.0,0.0,0.0,2.0,-87.65491700172424
pos,60.0,0.0,0.0,2.0,-5.370155334472656
pos,61.0,0.0,0.0,2.0,-49.26480382680893
pos,62.0,0.0,0.0,2.0,-101.55042910575867
pos,63.0,0.0,0.0,2.0,-6.058773517608643
pos,71.0,0.0,0.0,2.0,-8.61502981185913
pos,75.0,0.0,0.0,2.0,-4.77104377746582
pos,79.0,0.0,0.0,2.0,-88.63561463356018
pos,80.0,0.0,0.0,2.0,-4.94884729385376
pos,82.0,0.0,0.0,2.0,-101.18176102638245
pos,83.0,0.0,0.0,2.0,-88.03177213668823
pos,85.0,0.0,0.0,2.0,-10.371337890625
pos,86.0,0.0,0.0,2.0,-8.756425857543945
pos,91.0,0.0,0.0,2.0,-100.2839183807373
pos,93.0,0.0,0.0,2.0,-74.01858448982239
pos,100.0,0.0,0.0,2.0,-13.5536929666996
pos,103.0,0.0,0.0,2.0,-82.20214557647705
pos,104.0,0.0,0.0,2.0,-95.0386130809784
pos,105.0,0.0,0.0,2.0,-83.27310919761658
pos,107.0,0.0,0.0,2.0,-99.15972185134888
pos,112.0,0.0,0.0,2.0,-14.39784026145935
ucb_lcb,1.0,0.0,0.0,2.0,-125.35098169813864
ucb_lcb,15.0,0.0,0.0,2.0,-20.254939794540405
ucb_lcb,19.0,0.0,0.0,2.0,-23.49798345565796
ucb_lcb,20.0,0.0,0.0,2.0,-4.836052894592285
ucb_lcb,22.0,0.0,0.0,2.0,-46.69338518381119
ucb_lcb,24.0,0.0,0.0,2.0,-5.794214725494385
ucb_lcb,27.0,0.0,0.0,2.0,-102.86621952056885
ucb_lcb,30.0,0.0,0.0,2.0,-71.33113479614258
ucb_lcb,32.0,0.0,0.0,2.0,-4.9514360427856445
ucb_lcb,46.0,0.0,0.0,2.0,-24.503936332650483
ucb_lcb,48.0,0.0,0.0,2.0,-58.48753750324249
ucb_lcb,51.0,0.0,0.0,2.0,-4.848038196563721
ucb_lcb,52.0,0.0,0.0,2.0,-10.446669165045023
ucb_lcb,53.0,0.0,0.0,2.0,-10.844095230102539
ucb_lcb,55.0,0.0,0.0,2.0,-55.327844232320786
ucb_lcb,56.0,0.0,0.0,2.0,-3.1458420753479004
ucb_lcb,57.0,0.0,0.0,2.0,-4.849374771118164
ucb_lcb,59.0,0.0,0.0,2.0,-39.825693383812904
ucb_lcb,60.0,0.0,0.0,2.0,-5.487839698791504
ucb_lcb,61.0,0.0,0.0,2.0,-46.81859987974167
ucb_lcb,62.0,0.0,0.0,2.0,-72.91532510519028
ucb_lcb,63.0,0.0,0.0,2.0,-4.919755458831787
ucb_lcb,71.0,0.0,0.0,2.0,-12.466844081878662
ucb_lcb,75.0,0.0,0.0,2.0,-4.773227214813232
ucb_lcb,79.0,0.0,0.0,2.0,-37.94486129033612
ucb_lcb,80.0,0.0,0.0,2.0,-5.400734901428223
ucb_lcb,82.0,0.0,0.0,2.0,-99.13959789276123
ucb_lcb,83.0,0.0,0.0,2.0,-62.59990128874779
ucb_lcb,85.0,0.0,0.0,2.0,-9.320354461669922
ucb_lcb,86.0,0.0,0.0,2.0,-9.21034049987793
ucb_lcb,91.0,0.0,0.0,2.0,-49.578073620796204
ucb_lcb,93.0,0.0,0.0,2.0,-24.0538388248533
ucb_lcb,100.0,0.0,0.0,2.0,-8.048332214355469
ucb_lcb,103.0,0.0,0.0,2.0,-39.490230202674866
ucb_lcb,104.0,0.0,0.0,2.0,-43.93026161566377
ucb_lcb,105.0,0.0,0.0,2.0,-50.74883991479874
ucb_lcb,107.0,0.0,0.0,2.0,-56.781384348869324
ucb_lcb,112.0,0.0,0.0,2.0,-10.614320755004883
ucb_b0,1.0,0.0,0.0,2.0,-85.68673753738403
ucb_b0,15.0,0.0,0.0,2.0,-20.94535732269287
ucb_b0,19.0,0.0,0.0,2.0,-26.554920196533203
ucb_b0,20.0,0.0,0.0,2.0,-4.952140808105469
ucb_b0,22.0,0.0,0.0,2.0,-43.96562111377716
ucb_b0,24.0,0.0,0.0,2.0,-5.624022960662842
ucb_b0,27.0,0.0,0.0,2.0,-21.426416397094727
ucb_b0,30.0,0.0,0.0,2.0,-66.35941743850708
ucb_b0,32.0,0.0,0.0,2.0,-5.085938930511475
ucb_b0,46.0,0.0,0.0,2.0,-18.808782781510672
ucb_b0,48.0,0.0,0.0,2.0,-54.226357847452164
ucb_b0,51.0,0.0,0.0,2.0,-4.973750114440918
ucb_b0,52.0,0.0,0.0,2.0,-10.971131168305874
ucb_b0,53.0,0.0,0.0,2.0,-11.872115850448608
ucb_b0,55.0,0.0,0.0,2.0,-55.79027134180069
ucb_b0,56.0,0.0,0.0,2.0,-3.5419692993164062
ucb_b0,57.0,0.0,0.0,2.0,-5.005575180053711
ucb_b0,59.0,0.0,0.0,2.0,-39.683033153414726
ucb_b0,60.0,0.0,0.0,2.0,-4.923267841339111
ucb_b0,61.0,0.0,0.0,2.0,-51.22346556186676
ucb_b0,62.0,0.0,0.0,2.0,-95.82134458050132
ucb_b0,63.0,0.0,0.0,2.0,-4.886256217956543
ucb_b0,71.0,0.0,0.0,2.0,-12.413016557693481
ucb_b0,75.0,0.0,0.0,2.0,-4.7755327224731445
ucb_b0,79.0,0.0,0.0,2.0,-49.51865915488452
ucb_b0,80.0,0.0,0.0,2.0,-4.879783630371094
ucb_b0,82.0,0.0,0.0,2.0,-103.24000120162964
ucb_b0,83.0,0.0,0.0,2.0,-63.181568436324596
ucb_b0,85.0,0.0,0.0,2.0,-9.026278734207153
ucb_b0,86.0,0.0,0.0,2.0,-9.21034049987793
ucb_b0,91.0,0.0,0.0,2.0,-35.31144118309021
ucb_b0,93.0,0.0,0.0,2.0,-27.279323488473892
ucb_b0,100.0,0.0,0.0,2.0,-11.546616792678833
ucb_b0,103.0,0.0,0.0,2.0,-38.162410259246826
ucb_b0,104.0,0.0,0.0,2.0,-42.40926893800497
ucb_b0,105.0,0.0,0.0,2.0,-49.65004500746727
ucb_b0,107.0,0.0,0.0,2.0,-33.51450625061989
ucb_b0,112.0,0.0,0.0,2.0,-12.211560726165771
ucb_lcb_n,1.0,0.0,0.0,2.0,-121.9439153270796
ucb_lcb_n,15.0,0.0,0.0,2.0,-16.922390818595886
ucb_lcb_n,19.0,0.0,0.0,2.0,-23.319276332855225
ucb_lcb_n,20.0,0.0,0.0,2.0,-4.876494884490967
ucb_lcb_n,22.0,0.0,0.0,2.0,-45.494485676288605
ucb_lcb_n,24.0,0.0,0.0,2.0,-5.741363048553467
ucb_lcb_n,27.0,0.0,0.0,2.0,-84.93871587514877
ucb_lcb_n,30.0,0.0,0.0,2.0,-80.1413004398346
ucb_lcb_n,32.0,0.0,0.0,2.0,-5.017788410186768
ucb_lcb_n,46.0,0.0,0.0,2.0,-23.276896238327026
ucb_lcb_n,48.0,0.0,0.0,2.0,-36.70090531744063
ucb_lcb_n,51.0,0.0,0.0,2.0,-4.943995475769043
ucb_lcb_n,52.0,0.0,0.0,2.0,-10.449477221816778
ucb_lcb_n,53.0,0.0,0.0,2.0,-11.365197896957397
ucb_lcb_n,55.0,0.0,0.0,2.0,-47.404057800769806
ucb_lcb_n,56.0,0.0,0.0,2.0,-2.5903701782226562
ucb_lcb_n,57.0,0.0,0.0,2.0,-5.078782558441162
ucb_lcb_n,59.0,0.0,0.0,2.0,-33.92557743191719
ucb_lcb_n,60.0,0.0,0.0,2.0,-4.929473876953125
ucb_lcb_n,61.0,0.0,0.0,2.0,-45.36264222860336
ucb_lcb_n,62.0,0.0,0.0,2.0,-99.55751738138497
ucb_lcb_n,63.0,0.0,0.0,2.0,-4.9399895668029785
ucb_lcb_n,71.0,0.0,0.0,2.0,-12.584758043289185
ucb_lcb_n,75.0,0.0,0.0,2.0,-4.845264911651611
ucb_lcb_n,79.0,0.0,0.0,2.0,-37.4035362443974
ucb_lcb_n,80.0,0.0,0.0,2.0,-4.898256778717041
ucb_lcb_n,82.0,0.0,0.0,2.0,-56.19001139700413
ucb_lcb_n,83.0,0.0,0.0,2.0,-49.15009097754955
ucb_lcb_n,85.0,0.0,0.0,2.0,-9.37726640701294
ucb_lcb_n,86.0,0.0,0.0,2.0,-9.21034049987793
ucb_lcb_n,91.0,0.0,0.0,2.0,-38.886598944664
ucb_lcb_n,93.0,0.0,0.0,2.0,-20.90518817305565
ucb_lcb_n,100.0,0.0,0.0,2.0,-7.494524717330933
ucb_lcb_n,103.0,0.0,0.0,2.0,-43.95378369092941
ucb_lcb_n,104.0,0.0,0.0,2.0,-44.57081060111523
ucb_lcb_n,105.0,0.0,0.0,2.0,-36.8661907017231
ucb_lcb_n,107.0,0.0,0.0,2.0,-56.658995389938354
ucb_lcb_n,112.0,0.0,0.0,2.0,-10.434152364730835
random,1.0,0.0,0.0,2.0,-119.89476680755615
random,15.0,0.0,0.0,2.0,-28.774744033813477
random,19.0,0.0,0.0,2.0,-28.774744033813477
random,20.0,0.0,0.0,2.0,-4.795790672302246
random,22.0,0.0,0.0,2.0,-119.89476680755615
random,24.0,0.0,0.0,2.0,-4.795790672302246
random,27.0,0.0,0.0,2.0,-119.89476680755615
random,30.0,0.0,0.0,2.0,-119.89476680755615
random,32.0,0.0,0.0,2.0,-4.795790672302246
random,46.0,0.0,0.0,2.0,-119.89476680755615
random,48.0,0.0,0.0,2.0,-119.89476680755615
random,51.0,0.0,0.0,2.0,-4.795790672302246
random,52.0,0.0,0.0,2.0,-119.89476680755615
random,53.0,0.0,0.0,2.0,-14.387372016906738
random,55.0,0.0,0.0,2.0,-119.89476680755615
random,56.0,0.0,0.0,2.0,-4.795790672302246
random,57.0,0.0,0.0,2.0,-4.795790672302246
random,59.0,0.0,0.0,2.0,-119.89476680755615
random,60.0,0.0,0.0,2.0,-4.795790672302246
random,61.0,0.0,0.0,2.0,-86.32423210144043
random,62.0,0.0,0.0,2.0,-119.89476680755615
random,63.0,0.0,0.0,2.0,-4.795790672302246
random,71.0,0.0,0.0,2.0,-9.591581344604492
random,75.0,0.0,0.0,2.0,-4.795790672302246
random,79.0,0.0,0.0,2.0,-119.89476680755615
random,80.0,0.0,0.0,2.0,-4.795790672302246
random,82.0,0.0,0.0,2.0,-119.89476680755615
random,83.0,0.0,0.0,2.0,-119.89476680755615
random,85.0,0.0,0.0,2.0,-9.591581344604492
random,86.0,0.0,0.0,2.0,-4.795790672302246
random,91.0,0.0,0.0,2.0,-119.89476680755615
random,93.0,0.0,0.0,2.0,-119.89476680755615
random,100.0,0.0,0.0,2.0,-14.387372016906738
random,103.0,0.0,0.0,2.0,-119.89476680755615
random,104.0,0.0,0.0,2.0,-119.89476680755615
random,105.0,0.0,0.0,2.0,-119.89476680755615
random,107.0,0.0,0.0,2.0,-119.89476680755615
random,112.0,0.0,0.0,2.0,-14.387372016906738
pos,1.0,0.0,0.0,3.0,-5.009760856628418
pos,15.0,0.0,0.0,3.0,-33.42136883735657
pos,19.0,0.0,0.0,3.0,-113.71545386314392
pos,20.0,0.0,0.0,3.0,-5.9036407470703125
pos,22.0,0.0,0.0,3.0,-7.577767848968506
pos,24.0,0.0,0.0,3.0,-8.003960609436035
pos,27.0,0.0,0.0,3.0,-75.68379187583923
pos,30.0,0.0,0.0,3.0,-88.81307005882263
pos,32.0,0.0,0.0,3.0,-84.61551809310913
pos,46.0,0.0,0.0,3.0,-9.044756889343262
pos,48.0,0.0,0.0,3.0,-12.421541690826416
pos,51.0,0.0,0.0,3.0,-12.559112071990967
pos,52.0,0.0,0.0,3.0,-6.3521342277526855
pos,53.0,0.0,0.0,3.0,-36.605825901031494
pos,55.0,0.0,0.0,3.0,-9.21034049987793
pos,56.0,0.0,0.0,3.0,-16.611351490020752
pos,57.0,0.0,0.0,3.0,-6.335969924926758
pos,59.0,0.0,0.0,3.0,-90.04457414150238
pos,60.0,0.0,0.0,3.0,-90.89078950881958
pos,61.0,0.0,0.0,3.0,-66.84170293807983
pos,62.0,0.0,0.0,3.0,-6.9640953540802
pos,63.0,0.0,0.0,3.0,0.0
pos,71.0,0.0,0.0,3.0,-88.65026712417603
pos,75.0,0.0,0.0,3.0,-4.895383834838867
pos,79.0,0.0,0.0,3.0,-27.565633535385132
pos,80.0,0.0,0.0,3.0,-93.32211637496948
pos,82.0,0.0,0.0,3.0,-5.172393798828125
pos,83.0,0.0,0.0,3.0,-86.89971017837524
pos,85.0,0.0,0.0,3.0,-5.478385925292969
pos,86.0,0.0,0.0,3.0,-58.23635005950928
pos,91.0,0.0,0.0,3.0,-6.249085903167725
pos,93.0,0.0,0.0,3.0,-5.446733474731445
pos,100.0,0.0,0.0,3.0,-69.97020782902837
pos,103.0,0.0,0.0,3.0,-86.16273999214172
pos,104.0,0.0,0.0,3.0,-24.498567819595337
pos,105.0,0.0,0.0,3.0,-85.23554253578186
pos,107.0,0.0,0.0,3.0,-23.03995180130005
pos,112.0,0.0,0.0,3.0,-5.617319107055664
ucb_lcb,1.0,0.0,0.0,3.0,-4.805026531219482
ucb_lcb,15.0,0.0,0.0,3.0,-31.139703392982483
ucb_lcb,19.0,0.0,0.0,3.0,-103.30810272693634
ucb_lcb,20.0,0.0,0.0,3.0,-4.810123920440674
ucb_lcb,22.0,0.0,0.0,3.0,-5.108104228973389
ucb_lcb,24.0,0.0,0.0,3.0,-6.138755798339844
ucb_lcb,27.0,0.0,0.0,3.0,-28.89431282505393
ucb_lcb,30.0,0.0,0.0,3.0,-63.39391540066572
ucb_lcb,32.0,0.0,0.0,3.0,-14.793375797569752
ucb_lcb,46.0,0.0,0.0,3.0,-9.21034049987793
ucb_lcb,48.0,0.0,0.0,3.0,-13.136801481246948
ucb_lcb,51.0,0.0,0.0,3.0,-8.935192108154297
ucb_lcb,52.0,0.0,0.0,3.0,-4.991737365722656
ucb_lcb,53.0,0.0,0.0,3.0,-31.584744691848755
ucb_lcb,55.0,0.0,0.0,3.0,-4.859543800354004
ucb_lcb,56.0,0.0,0.0,3.0,-13.247541189193726
ucb_lcb,57.0,0.0,0.0,3.0,-4.9256415367126465
ucb_lcb,59.0,0.0,0.0,3.0,-37.12475602328777
ucb_lcb,60.0,0.0,0.0,3.0,-103.46169698238373
ucb_lcb,61.0,0.0,0.0,3.0,-35.959930032491684
ucb_lcb,62.0,0.0,0.0,3.0,-7.812755107879639
ucb_lcb,63.0,0.0,0.0,3.0,0.0
ucb_lcb,71.0,0.0,0.0,3.0,-14.824994054390118
ucb_lcb,75.0,0.0,0.0,3.0,-5.0509538650512695
ucb_lcb,79.0,0.0,0.0,3.0,-26.08202600479126
ucb_lcb,80.0,0.0,0.0,3.0,-94.1876689195633
ucb_lcb,82.0,0.0,0.0,3.0,-5.167674541473389
ucb_lcb,83.0,0.0,0.0,3.0,-72.63294896483421
ucb_lcb,85.0,0.0,0.0,3.0,-4.967623233795166
ucb_lcb,86.0,0.0,0.0,3.0,-0.0025005398128996603
ucb_lcb,91.0,0.0,0.0,3.0,-5.1364665031433105
ucb_lcb,93.0,0.0,0.0,3.0,-4.929425239562988
ucb_lcb,100.0,0.0,0.0,3.0,-52.492102066404186
ucb_lcb,103.0,0.0,0.0,3.0,-41.65644156932831
ucb_lcb,104.0,0.0,0.0,3.0,-22.325257778167725
ucb_lcb,105.0,0.0,0.0,3.0,-54.98874554038048
ucb_lcb,107.0,0.0,0.0,3.0,-20.18044686317444
ucb_lcb,112.0,0.0,0.0,3.0,-5.036449909210205
ucb_b0,1.0,0.0,0.0,3.0,-4.887428283691406
ucb_b0,15.0,0.0,0.0,3.0,-33.63889145851135
ucb_b0,19.0,0.0,0.0,3.0,-105.07594990730286
ucb_b0,20.0,0.0,0.0,3.0,-4.885035037994385
ucb_b0,22.0,0.0,0.0,3.0,-4.935317516326904
ucb_b0,24.0,0.0,0.0,3.0,-6.0600199699401855
ucb_b0,27.0,0.0,0.0,3.0,-32.38874278962612
ucb_b0,30.0,0.0,0.0,3.0,-60.38492521936132
ucb_b0,32.0,0.0,0.0,3.0,-11.384614996612072
ucb_b0,46.0,0.0,0.0,3.0,-9.21034049987793
ucb_b0,48.0,0.0,0.0,3.0,-13.63754916191101
ucb_b0,51.0,0.0,0.0,3.0,-9.349294662475586
ucb_b0,52.0,0.0,0.0,3.0,-5.234700679779053
ucb_b0,53.0,0.0,0.0,3.0,-32.60616660118103
ucb_b0,55.0,0.0,0.0,3.0,-5.131597995758057
ucb_b0,56.0,0.0,0.0,3.0,-14.200034856796265
ucb_b0,57.0,0.0,0.0,3.0,-5.134922981262207
ucb_b0,59.0,0.0,0.0,3.0,-37.05773960053921
ucb_b0,60.0,0.0,0.0,3.0,-103.94495105743408
ucb_b0,61.0,0.0,0.0,3.0,-38.3688970208168
ucb_b0,62.0,0.0,0.0,3.0,-7.5411295890808105
ucb_b0,63.0,0.0,0.0,3.0,0.0
ucb_b0,71.0,0.0,0.0,3.0,-15.181182563967013
ucb_b0,75.0,0.0,0.0,3.0,-5.08447790145874
ucb_b0,79.0,0.0,0.0,3.0,-28.814878582954407
ucb_b0,80.0,0.0,0.0,3.0,-99.39074277877808
ucb_b0,82.0,0.0,0.0,3.0,-4.856701850891113
ucb_b0,83.0,0.0,0.0,3.0,-73.45224292576313
ucb_b0,85.0,0.0,0.0,3.0,-4.9985857009887695
ucb_b0,86.0,0.0,0.0,3.0,-0.05821690638549626
ucb_b0,91.0,0.0,0.0,3.0,-5.4482293128967285
ucb_b0,93.0,0.0,0.0,3.0,-5.614757537841797
ucb_b0,100.0,0.0,0.0,3.0,-45.998253628611565
ucb_b0,103.0,0.0,0.0,3.0,-42.67763990163803
ucb_b0,104.0,0.0,0.0,3.0,-22.21558427810669
ucb_b0,105.0,0.0,0.0,3.0,-55.01962049305439
ucb_b0,107.0,0.0,0.0,3.0,-21.65469527244568
ucb_b0,112.0,0.0,0.0,3.0,-5.343795299530029
ucb_lcb_n,1.0,0.0,0.0,3.0,-4.8660478591918945
ucb_lcb_n,15.0,0.0,0.0,3.0,-23.82589343190193
ucb_lcb_n,19.0,0.0,0.0,3.0,-71.67136993072927
ucb_lcb_n,20.0,0.0,0.0,3.0,-4.840508460998535
ucb_lcb_n,22.0,0.0,0.0,3.0,-4.940779685974121
ucb_lcb_n,24.0,0.0,0.0,3.0,-6.184309482574463
ucb_lcb_n,27.0,0.0,0.0,3.0,-23.863259702920914
ucb_lcb_n,30.0,0.0,0.0,3.0,-64.64105536336137
ucb_lcb_n,32.0,0.0,0.0,3.0,-13.904601542279124
ucb_lcb_n,46.0,0.0,0.0,3.0,-9.21034049987793
ucb_lcb_n,48.0,0.0,0.0,3.0,-9.340845584869385
ucb_lcb_n,51.0,0.0,0.0,3.0,-10.008761882781982
ucb_lcb_n,52.0,0.0,0.0,3.0,-5.005533218383789
ucb_lcb_n,53.0,0.0,0.0,3.0,-58.67033874988556
ucb_lcb_n,55.0,0.0,0.0,3.0,-5.252414703369141
ucb_lcb_n,56.0,0.0,0.0,3.0,-14.07101845741272
ucb_lcb_n,57.0,0.0,0.0,3.0,-5.32657527923584
ucb_lcb_n,59.0,0.0,0.0,3.0,-34.735875368118286
ucb_lcb_n,60.0,0.0,0.0,3.0,-74.79587166011333
ucb_lcb_n,61.0,0.0,0.0,3.0,-35.47871512174606
ucb_lcb_n,62.0,0.0,0.0,3.0,-8.109074115753174
ucb_lcb_n,63.0,0.0,0.0,3.0,0.0
ucb_lcb_n,71.0,0.0,0.0,3.0,-14.407920658704825
ucb_lcb_n,75.0,0.0,0.0,3.0,-5.083815097808838
ucb_lcb_n,79.0,0.0,0.0,3.0,-27.903659343719482
ucb_lcb_n,80.0,0.0,0.0,3.0,-68.91393879055977
ucb_lcb_n,82.0,0.0,0.0,3.0,-4.822308540344238
ucb_lcb_n,83.0,0.0,0.0,3.0,-64.84709963575006
ucb_lcb_n,85.0,0.0,0.0,3.0,-4.967521667480469
ucb_lcb_n,86.0,0.0,0.0,3.0,-0.002870843884011265
ucb_lcb_n,91.0,0.0,0.0,3.0,-5.234308242797852
ucb_lcb_n,93.0,0.0,0.0,3.0,-5.803534030914307
ucb_lcb_n,100.0,0.0,0.0,3.0,-50.57489849161357
ucb_lcb_n,103.0,0.0,0.0,3.0,-41.34004628658295
ucb_lcb_n,104.0,0.0,0.0,3.0,-21.239572286605835
ucb_lcb_n,105.0,0.0,0.0,3.0,-40.819334897678345
ucb_lcb_n,107.0,0.0,0.0,3.0,-21.219737768173218
ucb_lcb_n,112.0,0.0,0.0,3.0,-5.104325294494629
random,1.0,0.0,0.0,3.0,-4.795790672302246
random,15.0,0.0,0.0,3.0,-47.95790672302246
random,19.0,0.0,0.0,3.0,-119.89476680755615
random,20.0,0.0,0.0,3.0,-4.795790672302246
random,22.0,0.0,0.0,3.0,-4.795790672302246
random,24.0,0.0,0.0,3.0,-4.795790672302246
random,27.0,0.0,0.0,3.0,-119.89476680755615
random,30.0,0.0,0.0,3.0,-119.89476680755615
random,32.0,0.0,0.0,3.0,-119.89476680755615
random,46.0,0.0,0.0,3.0,-4.795790672302246
random,48.0,0.0,0.0,3.0,-19.183162689208984
random,51.0,0.0,0.0,3.0,-9.591581344604492
random,52.0,0.0,0.0,3.0,-4.795790672302246
random,53.0,0.0,0.0,3.0,-47.95790672302246
random,55.0,0.0,0.0,3.0,-4.795790672302246
random,56.0,0.0,0.0,3.0,-14.387372016906738
random,57.0,0.0,0.0,3.0,-4.795790672302246
random,59.0,0.0,0.0,3.0,-119.89476680755615
random,60.0,0.0,0.0,3.0,-119.89476680755615
random,61.0,0.0,0.0,3.0,-119.89476680755615
random,62.0,0.0,0.0,3.0,-9.591581344604492
random,63.0,0.0,0.0,3.0,0.0
random,71.0,0.0,0.0,3.0,-119.89476680755615
random,75.0,0.0,0.0,3.0,-4.795790672302246
random,79.0,0.0,0.0,3.0,-33.57053470611572
random,80.0,0.0,0.0,3.0,-119.89476680755615
random,82.0,0.0,0.0,3.0,-4.795790672302246
random,83.0,0.0,0.0,3.0,-119.89476680755615
random,85.0,0.0,0.0,3.0,-4.795790672302246
random,86.0,0.0,0.0,3.0,-119.89476680755615
random,91.0,0.0,0.0,3.0,-4.795790672302246
random,93.0,0.0,0.0,3.0,-4.795790672302246
random,100.0,0.0,0.0,3.0,-110.30318546295166
random,103.0,0.0,0.0,3.0,-119.89476680755615
random,104.0,0.0,0.0,3.0,-28.774744033813477
random,105.0,0.0,0.0,3.0,-119.89476680755615
random,107.0,0.0,0.0,3.0,-23.97895336151123
random,112.0,0.0,0.0,3.0,-4.795790672302246
pos,1.0,0.0,0.0,4.0,-5.006656169891357
pos,15.0,0.0,0.0,4.0,-5.125967979431152
pos,19.0,0.0,0.0,4.0,-20.71754550933838
pos,20.0,0.0,0.0,4.0,-6.016366958618164
pos,22.0,0.0,0.0,4.0,-7.8551530838012695
pos,24.0,0.0,0.0,4.0,-16.408356331288815
pos,27.0,0.0,0.0,4.0,-78.96110725402832
pos,30.0,0.0,0.0,4.0,-16.072726249694824
pos,32.0,0.0,0.0,4.0,-90.64789056777954
pos,46.0,0.0,0.0,4.0,-66.38981127738953
pos,48.0,0.0,0.0,4.0,-96.92806553840637
pos,51.0,0.0,0.0,4.0,-6.721008777618408
pos,52.0,0.0,0.0,4.0,-11.761450290679932
pos,53.0,0.0,0.0,4.0,-9.06415843963623
pos,55.0,0.0,0.0,4.0,-95.26071786880493
pos,56.0,0.0,0.0,4.0,-6.8637566566467285
pos,57.0,0.0,0.0,4.0,-6.209122657775879
pos,59.0,0.0,0.0,4.0,-24.120373249053955
pos,60.0,0.0,0.0,4.0,-88.85879135131836
pos,61.0,0.0,0.0,4.0,-9.21034049987793
pos,62.0,0.0,0.0,4.0,-37.10718488693237
pos,63.0,0.0,0.0,4.0,-6.011497974395752
pos,71.0,0.0,0.0,4.0,-12.269971370697021
pos,75.0,0.0,0.0,4.0,-4.932885646820068
pos,79.0,0.0,0.0,4.0,-80.3256688117981
pos,80.0,0.0,0.0,4.0,-95.69021272659302
pos,82.0,0.0,0.0,4.0,-100.3135097026825
pos,83.0,0.0,0.0,4.0,-85.62295460700989
pos,85.0,0.0,0.0,4.0,-6.695940017700195
pos,86.0,0.0,0.0,4.0,-52.52819228172302
pos,91.0,0.0,0.0,4.0,-6.303474426269531
pos,93.0,0.0,0.0,4.0,-72.65639472007751
pos,100.0,0.0,0.0,4.0,-72.25128846243024
pos,103.0,0.0,0.0,4.0,-33.40753173828125
pos,104.0,0.0,0.0,4.0,-95.08804678916931
pos,105.0,0.0,0.0,4.0,-24.779596090316772
pos,107.0,0.0,0.0,4.0,-105.2254991531372
pos,112.0,0.0,0.0,4.0,-50.60695397853851
ucb_lcb,1.0,0.0,0.0,4.0,-4.801714897155762
ucb_lcb,15.0,0.0,0.0,4.0,-4.946788311004639
ucb_lcb,19.0,0.0,0.0,4.0,-19.292834758758545
ucb_lcb,20.0,0.0,0.0,4.0,-4.818033695220947
ucb_lcb,22.0,0.0,0.0,4.0,-5.199380397796631
ucb_lcb,24.0,0.0,0.0,4.0,-20.79651117324829
ucb_lcb,27.0,0.0,0.0,4.0,-31.598379660397768
ucb_lcb,30.0,0.0,0.0,4.0,-21.179011344909668
ucb_lcb,32.0,0.0,0.0,4.0,-20.324302202789113
ucb_lcb,46.0,0.0,0.0,4.0,-63.064574654250464
ucb_lcb,48.0,0.0,0.0,4.0,-63.60242307186127
ucb_lcb,51.0,0.0,0.0,4.0,-4.953530311584473
ucb_lcb,52.0,0.0,0.0,4.0,-10.02492904663086
ucb_lcb,53.0,0.0,0.0,4.0,-9.908530950546265
ucb_lcb,55.0,0.0,0.0,4.0,-47.42236351966858
ucb_lcb,56.0,0.0,0.0,4.0,-5.505096912384033
ucb_lcb,57.0,0.0,0.0,4.0,-4.954730987548828
ucb_lcb,59.0,0.0,0.0,4.0,-18.225032329559326
ucb_lcb,60.0,0.0,0.0,4.0,-102.93558621406555
ucb_lcb,61.0,0.0,0.0,4.0,-9.21034049987793
ucb_lcb,62.0,0.0,0.0,4.0,-33.23695886135101
ucb_lcb,63.0,0.0,0.0,4.0,-5.034066200256348
ucb_lcb,71.0,0.0,0.0,4.0,-13.573679029941559
ucb_lcb,75.0,0.0,0.0,4.0,-5.069254398345947
ucb_lcb,79.0,0.0,0.0,4.0,-42.75180184841156
ucb_lcb,80.0,0.0,0.0,4.0,-108.37787747383118
ucb_lcb,82.0,0.0,0.0,4.0,-99.9465548992157
ucb_lcb,83.0,0.0,0.0,4.0,-30.968518495559692
ucb_lcb,85.0,0.0,0.0,4.0,-10.21899938583374
ucb_lcb,86.0,0.0,0.0,4.0,-0.011060899501899257
ucb_lcb,91.0,0.0,0.0,4.0,-5.407950401306152
ucb_lcb,93.0,0.0,0.0,4.0,-73.47328865528107
ucb_lcb,100.0,0.0,0.0,4.0,-36.79245162010193
ucb_lcb,103.0,0.0,0.0,4.0,-45.39696338772774
ucb_lcb,104.0,0.0,0.0,4.0,-33.66365705430508
ucb_lcb,105.0,0.0,0.0,4.0,-30.169041633605957
ucb_lcb,107.0,0.0,0.0,4.0,-43.43891636142507
ucb_lcb,112.0,0.0,0.0,4.0,-5.920914718881249
ucb_b0,1.0,0.0,0.0,4.0,-4.892486572265625
ucb_b0,15.0,0.0,0.0,4.0,-5.193747043609619
ucb_b0,19.0,0.0,0.0,4.0,-21.66095495223999
ucb_b0,20.0,0.0,0.0,4.0,-4.941883087158203
ucb_b0,22.0,0.0,0.0,4.0,-4.999337196350098
ucb_b0,24.0,0.0,0.0,4.0,-21.244444847106934
ucb_b0,27.0,0.0,0.0,4.0,-35.16039867699146
ucb_b0,30.0,0.0,0.0,4.0,-23.217592239379883
ucb_b0,32.0,0.0,0.0,4.0,-19.63260266929865
ucb_b0,46.0,0.0,0.0,4.0,-23.759915019516484
ucb_b0,48.0,0.0,0.0,4.0,-55.00632335990667
ucb_b0,51.0,0.0,0.0,4.0,-5.0637640953063965
ucb_b0,52.0,0.0,0.0,4.0,-10.547253608703613
ucb_b0,53.0,0.0,0.0,4.0,-10.131019353866577
ucb_b0,55.0,0.0,0.0,4.0,-47.966054916381836
ucb_b0,56.0,0.0,0.0,4.0,-5.342470169067383
ucb_b0,57.0,0.0,0.0,4.0,-5.139750957489014
ucb_b0,59.0,0.0,0.0,4.0,-17.762897968292236
ucb_b0,60.0,0.0,0.0,4.0,-105.15268683433533
ucb_b0,61.0,0.0,0.0,4.0,-9.21034049987793
ucb_b0,62.0,0.0,0.0,4.0,-32.45641326904297
ucb_b0,63.0,0.0,0.0,4.0,-4.971940994262695
ucb_b0,71.0,0.0,0.0,4.0,-13.584617257118225
ucb_b0,75.0,0.0,0.0,4.0,-5.123836994171143
ucb_b0,79.0,0.0,0.0,4.0,-26.846994936466217
ucb_b0,80.0,0.0,0.0,4.0,-111.39610743522644
ucb_b0,82.0,0.0,0.0,4.0,-104.5062346458435
ucb_b0,83.0,0.0,0.0,4.0,-29.721807397902012
ucb_b0,85.0,0.0,0.0,4.0,-8.48704981803894
ucb_b0,86.0,0.0,0.0,4.0,-0.6152150705456734
ucb_b0,91.0,0.0,0.0,4.0,-5.700610637664795
ucb_b0,93.0,0.0,0.0,4.0,-24.609469175338745
ucb_b0,100.0,0.0,0.0,4.0,-41.141773760318756
ucb_b0,103.0,0.0,0.0,4.0,-42.98591819405556
ucb_b0,104.0,0.0,0.0,4.0,-33.224617063999176
ucb_b0,105.0,0.0,0.0,4.0,-29.99217915534973
ucb_b0,107.0,0.0,0.0,4.0,-41.122331976890564
ucb_b0,112.0,0.0,0.0,4.0,-7.295754604041576
ucb_lcb_n,1.0,0.0,0.0,4.0,-4.865502834320068
ucb_lcb_n,15.0,0.0,0.0,4.0,-5.409640312194824
ucb_lcb_n,19.0,0.0,0.0,4.0,-18.788166522979736
ucb_lcb_n,20.0,0.0,0.0,4.0,-4.902408123016357
ucb_lcb_n,22.0,0.0,0.0,4.0,-4.997334957122803
ucb_lcb_n,24.0,0.0,0.0,4.0,-20.04320192337036
ucb_lcb_n,27.0,0.0,0.0,4.0,-27.540545450523496
ucb_lcb_n,30.0,0.0,0.0,4.0,-21.357975482940674
ucb_lcb_n,32.0,0.0,0.0,4.0,-19.987701462814584
ucb_lcb_n,46.0,0.0,0.0,4.0,-55.814791615157446
ucb_lcb_n,48.0,0.0,0.0,4.0,-43.390797002241015
ucb_lcb_n,51.0,0.0,0.0,4.0,-5.061319828033447
ucb_lcb_n,52.0,0.0,0.0,4.0,-10.170812606811523
ucb_lcb_n,53.0,0.0,0.0,4.0,-10.089595079421997
ucb_lcb_n,55.0,0.0,0.0,4.0,-39.01898241043091
ucb_lcb_n,56.0,0.0,0.0,4.0,-5.72316312789917
ucb_lcb_n,57.0,0.0,0.0,4.0,-5.394129276275635
ucb_lcb_n,59.0,0.0,0.0,4.0,-20.45162010192871
ucb_lcb_n,60.0,0.0,0.0,4.0,-76.55643738433719
ucb_lcb_n,61.0,0.0,0.0,4.0,-9.21034049987793
ucb_lcb_n,62.0,0.0,0.0,4.0,-40.82583689689636
ucb_lcb_n,63.0,0.0,0.0,4.0,-5.000918388366699
ucb_lcb_n,71.0,0.0,0.0,4.0,-13.502941071987152
ucb_lcb_n,75.0,0.0,0.0,4.0,-5.083929061889648
ucb_lcb_n,79.0,0.0,0.0,4.0,-48.03614616394043
ucb_lcb_n,80.0,0.0,0.0,4.0,-71.35101471841335
ucb_lcb_n,82.0,0.0,0.0,4.0,-84.10394939780235
ucb_lcb_n,83.0,0.0,0.0,4.0,-24.955636024475098
ucb_lcb_n,85.0,0.0,0.0,4.0,-11.759408950805664
ucb_lcb_n,86.0,0.0,0.0,4.0,-0.05008756695315242
ucb_lcb_n,91.0,0.0,0.0,4.0,-5.489675521850586
ucb_lcb_n,93.0,0.0,0.0,4.0,-38.8038846552372
ucb_lcb_n,100.0,0.0,0.0,4.0,-34.537957310676575
ucb_lcb_n,103.0,0.0,0.0,4.0,-39.477535635232925
ucb_lcb_n,104.0,0.0,0.0,4.0,-32.2181950956583
ucb_lcb_n,105.0,0.0,0.0,4.0,-21.81105613708496
ucb_lcb_n,107.0,0.0,0.0,4.0,-41.122237488627434
ucb_lcb_n,112.0,0.0,0.0,4.0,-6.378935031592846
random,1.0,0.0,0.0,4.0,-4.795790672302246
random,15.0,0.0,0.0,4.0,-4.795790672302246
random,19.0,0.0,0.0,4.0,-23.97895336151123
random,20.0,0.0,0.0,4.0,-4.795790672302246
random,22.0,0.0,0.0,4.0,-4.795790672302246
random,24.0,0.0,0.0,4.0,-28.774744033813477
random,27.0,0.0,0.0,4.0,-119.89476680755615
random,30.0,0.0,0.0,4.0,-14.387372016906738
random,32.0,0.0,0.0,4.0,-119.89476680755615
random,46.0,0.0,0.0,4.0,-119.89476680755615
random,48.0,0.0,0.0,4.0,-119.89476680755615
random,51.0,0.0,0.0,4.0,-4.795790672302246
random,52.0,0.0,0.0,4.0,-9.591581344604492
random,53.0,0.0,0.0,4.0,-14.387372016906738
random,55.0,0.0,0.0,4.0,-119.89476680755615
random,56.0,0.0,0.0,4.0,-4.795790672302246
random,57.0,0.0,0.0,4.0,-4.795790672302246
random,59.0,0.0,0.0,4.0,-19.183162689208984
random,60.0,0.0,0.0,4.0,-119.89476680755615
random,61.0,0.0,0.0,4.0,-4.795790672302246
random,62.0,0.0,0.0,4.0,-47.95790672302246
random,63.0,0.0,0.0,4.0,-4.795790672302246
random,71.0,0.0,0.0,4.0,-14.387372016906738
random,75.0,0.0,0.0,4.0,-4.795790672302246
random,79.0,0.0,0.0,4.0,-119.89476680755615
random,80.0,0.0,0.0,4.0,-119.89476680755615
random,82.0,0.0,0.0,4.0,-119.89476680755615
random,83.0,0.0,0.0,4.0,-119.89476680755615
random,85.0,0.0,0.0,4.0,-9.591581344604492
random,86.0,0.0,0.0,4.0,-119.89476680755615
random,91.0,0.0,0.0,4.0,-4.795790672302246
random,93.0,0.0,0.0,4.0,-119.89476680755615
random,100.0,0.0,0.0,4.0,-119.89476680755615
random,103.0,0.0,0.0,4.0,-52.75369739532471
random,104.0,0.0,0.0,4.0,-119.89476680755615
random,105.0,0.0,0.0,4.0,-43.162116050720215
random,107.0,0.0,0.0,4.0,-119.89476680755615
random,112.0,0.0,0.0,4.0,-119.89476680755615
pos,1.0,0.0,1.0,0.0,-10.1012864112854
pos,15.0,0.0,1.0,0.0,-47.387391567230225
pos,19.0,0.0,1.0,0.0,-89.38447451591492
pos,20.0,0.0,1.0,0.0,-7.955145359039307
pos,22.0,0.0,1.0,0.0,-17.894775867462158
pos,24.0,0.0,1.0,0.0,-51.22905099391937
pos,27.0,0.0,1.0,0.0,-7.660929203033447
pos,30.0,0.0,1.0,0.0,-78.41360640525818
pos,32.0,0.0,1.0,0.0,-5.128400802612305
pos,46.0,0.0,1.0,0.0,-99.91073274612427
pos,48.0,0.0,1.0,0.0,-33.25326871871948
pos,51.0,0.0,1.0,0.0,-20.28767466545105
pos,52.0,0.0,1.0,0.0,-5.453866004943848
pos,53.0,0.0,1.0,0.0,-85.30217099189758
pos,55.0,0.0,1.0,0.0,-97.28936767578125
pos,56.0,0.0,1.0,0.0,-2.2134745121002197
pos,57.0,0.0,1.0,0.0,-5.457354545593262
pos,59.0,0.0,1.0,0.0,-70.23179626464844
pos,60.0,0.0,1.0,0.0,-86.09607863426208
pos,61.0,0.0,1.0,0.0,-31.650980722159147
pos,62.0,0.0,1.0,0.0,-98.23178148269653
pos,63.0,0.0,1.0,0.0,-5.520198345184326
pos,71.0,0.0,1.0,0.0,-12.788650751113892
pos,75.0,0.0,1.0,0.0,-93.24035477638245
pos,79.0,0.0,1.0,0.0,-87.47907161712646
pos,80.0,0.0,1.0,0.0,-4.991764545440674
pos,82.0,0.0,1.0,0.0,-5.262864112854004
pos,83.0,0.0,1.0,0.0,-58.83530855178833
pos,85.0,0.0,1.0,0.0,-5.3060479164123535
pos,86.0,0.0,1.0,0.0,-59.19160079956055
pos,91.0,0.0,1.0,0.0,-6.398094177246094
pos,93.0,0.0,1.0,0.0,-5.353083610534668
pos,100.0,0.0,1.0,0.0,-67.70257861167192
pos,103.0,0.0,1.0,0.0,-76.59032940864563
pos,104.0,0.0,1.0,0.0,-101.09868967533112
pos,105.0,0.0,1.0,0.0,-78.37060105800629
pos,107.0,0.0,1.0,0.0,-105.12528491020203
pos,112.0,0.0,1.0,0.0,-42.289865255355835
ucb_lcb,1.0,0.0,1.0,0.0,-10.22977352142334
ucb_lcb,15.0,0.0,1.0,0.0,-49.77122914791107
ucb_lcb,19.0,0.0,1.0,0.0,-76.56102931499481
ucb_lcb,20.0,0.0,1.0,0.0,-9.21034049987793
ucb_lcb,22.0,0.0,1.0,0.0,-14.273048162460327
ucb_lcb,24.0,0.0,1.0,0.0,-40.82815831899643
ucb_lcb,27.0,0.0,1.0,0.0,-9.963084042072296
ucb_lcb,30.0,0.0,1.0,0.0,-15.884127961471677
ucb_lcb,32.0,0.0,1.0,0.0,-4.957609176635742
ucb_lcb,46.0,0.0,1.0,0.0,-44.53448459506035
ucb_lcb,48.0,0.0,1.0,0.0,-20.733293294906616
ucb_lcb,51.0,0.0,1.0,0.0,-22.40380620956421
ucb_lcb,52.0,0.0,1.0,0.0,-4.763697147369385
ucb_lcb,53.0,0.0,1.0,0.0,-96.57017254829407
ucb_lcb,55.0,0.0,1.0,0.0,-44.41138352453709
ucb_lcb,56.0,0.0,1.0,0.0,-3.1424314975738525
ucb_lcb,57.0,0.0,1.0,0.0,-6.280394077301025
ucb_lcb,59.0,0.0,1.0,0.0,-21.360339369624853
ucb_lcb,60.0,0.0,1.0,0.0,-92.08922815322876
ucb_lcb,61.0,0.0,1.0,0.0,-25.29090017080307
ucb_lcb,62.0,0.0,1.0,0.0,-99.52230900526047
ucb_lcb,63.0,0.0,1.0,0.0,-4.814694404602051
ucb_lcb,71.0,0.0,1.0,0.0,-16.748221158981323
ucb_lcb,75.0,0.0,1.0,0.0,-18.76750075817108
ucb_lcb,79.0,0.0,1.0,0.0,-70.25830167531967
ucb_lcb,80.0,0.0,1.0,0.0,-5.452606678009033
ucb_lcb,82.0,0.0,1.0,0.0,-5.34560489654541
ucb_lcb,83.0,0.0,1.0,0.0,-69.64278471469879
ucb_lcb,85.0,0.0,1.0,0.0,-4.9133219718933105
ucb_lcb,86.0,0.0,1.0,0.0,-0.0025005398128996603
ucb_lcb,91.0,0.0,1.0,0.0,-5.501597881317139
ucb_lcb,93.0,0.0,1.0,0.0,-5.633828163146973
ucb_lcb,100.0,0.0,1.0,0.0,-31.10411125421524
ucb_lcb,103.0,0.0,1.0,0.0,-15.402143385261297
ucb_lcb,104.0,0.0,1.0,0.0,-40.947249472141266
ucb_lcb,105.0,0.0,1.0,0.0,-59.05286967754364
ucb_lcb,107.0,0.0,1.0,0.0,-34.31900877226144
ucb_lcb,112.0,0.0,1.0,0.0,-5.07623423403129
ucb_b0,1.0,0.0,1.0,0.0,-11.027381896972656
ucb_b0,15.0,0.0,1.0,0.0,-47.39092206954956
ucb_b0,19.0,0.0,1.0,0.0,-98.28403162956238
ucb_b0,20.0,0.0,1.0,0.0,-9.21034049987793
ucb_b0,22.0,0.0,1.0,0.0,-13.780900716781616
ucb_b0,24.0,0.0,1.0,0.0,-34.2839953713119
ucb_b0,27.0,0.0,1.0,0.0,-10.239787817001343
ucb_b0,30.0,0.0,1.0,0.0,-17.938953649252653
ucb_b0,32.0,0.0,1.0,0.0,-4.972320556640625
ucb_b0,46.0,0.0,1.0,0.0,-34.95229069888592
ucb_b0,48.0,0.0,1.0,0.0,-24.530253410339355
ucb_b0,51.0,0.0,1.0,0.0,-21.63047981262207
ucb_b0,52.0,0.0,1.0,0.0,-4.8845720291137695
ucb_b0,53.0,0.0,1.0,0.0,-112.7018454670906
ucb_b0,55.0,0.0,1.0,0.0,-49.46523743867874
ucb_b0,56.0,0.0,1.0,0.0,-3.28031325340271
ucb_b0,57.0,0.0,1.0,0.0,-8.715757369995117
ucb_b0,59.0,0.0,1.0,0.0,-22.46689932793379
ucb_b0,60.0,0.0,1.0,0.0,-98.12915062904358
ucb_b0,61.0,0.0,1.0,0.0,-22.708347976207733
ucb_b0,62.0,0.0,1.0,0.0,-113.75160174071789
ucb_b0,63.0,0.0,1.0,0.0,-4.883396148681641
ucb_b0,71.0,0.0,1.0,0.0,-16.125696420669556
ucb_b0,75.0,0.0,1.0,0.0,-18.519739657640457
ucb_b0,79.0,0.0,1.0,0.0,-70.1310443431139
ucb_b0,80.0,0.0,1.0,0.0,-4.931239604949951
ucb_b0,82.0,0.0,1.0,0.0,-4.892995834350586
ucb_b0,83.0,0.0,1.0,0.0,-70.13512206077576
ucb_b0,85.0,0.0,1.0,0.0,-4.994101047515869
ucb_b0,86.0,0.0,1.0,0.0,-0.0025005398128996603
ucb_b0,91.0,0.0,1.0,0.0,-5.811766624450684
ucb_b0,93.0,0.0,1.0,0.0,-5.806093692779541
ucb_b0,100.0,0.0,1.0,0.0,-32.214848801493645
ucb_b0,103.0,0.0,1.0,0.0,-14.843531984835863
ucb_b0,104.0,0.0,1.0,0.0,-40.7545468211174
ucb_b0,105.0,0.0,1.0,0.0,-52.85474328696728
ucb_b0,107.0,0.0,1.0,0.0,-39.09252358973026
ucb_b0,112.0,0.0,1.0,0.0,-5.902377266436815
ucb_lcb_n,1.0,0.0,1.0,0.0,-11.040889263153076
ucb_lcb_n,15.0,0.0,1.0,0.0,-49.65420866012573
ucb_lcb_n,19.0,0.0,1.0,0.0,-92.38786804676056
ucb_lcb_n,20.0,0.0,1.0,0.0,-9.21034049987793
ucb_lcb_n,22.0,0.0,1.0,0.0,-13.570878267288208
ucb_lcb_n,24.0,0.0,1.0,0.0,-40.835106521844864
ucb_lcb_n,27.0,0.0,1.0,0.0,-10.848552584648132
ucb_lcb_n,30.0,0.0,1.0,0.0,-15.554214475676417
ucb_lcb_n,32.0,0.0,1.0,0.0,-4.995649814605713
ucb_lcb_n,46.0,0.0,1.0,0.0,-35.047293109419115
ucb_lcb_n,48.0,0.0,1.0,0.0,-19.248515248298645
ucb_lcb_n,51.0,0.0,1.0,0.0,-20.587079763412476
ucb_lcb_n,52.0,0.0,1.0,0.0,-4.881731986999512
ucb_lcb_n,53.0,0.0,1.0,0.0,-123.38044956326485
ucb_lcb_n,55.0,0.0,1.0,0.0,-42.84299482405186
ucb_lcb_n,56.0,0.0,1.0,0.0,-2.606433153152466
ucb_lcb_n,57.0,0.0,1.0,0.0,-7.096499919891357
ucb_lcb_n,59.0,0.0,1.0,0.0,-21.305680010467768
ucb_lcb_n,60.0,0.0,1.0,0.0,-65.94102412462234
ucb_lcb_n,61.0,0.0,1.0,0.0,-27.202671110630035
ucb_lcb_n,62.0,0.0,1.0,0.0,-79.59196596592665
ucb_lcb_n,63.0,0.0,1.0,0.0,-4.931209087371826
ucb_lcb_n,71.0,0.0,1.0,0.0,-16.218385100364685
ucb_lcb_n,75.0,0.0,1.0,0.0,-18.417989641427994
ucb_lcb_n,79.0,0.0,1.0,0.0,-67.68677178677171
ucb_lcb_n,80.0,0.0,1.0,0.0,-4.805501461029053
ucb_lcb_n,82.0,0.0,1.0,0.0,-4.868828773498535
ucb_lcb_n,83.0,0.0,1.0,0.0,-43.980698734521866
ucb_lcb_n,85.0,0.0,1.0,0.0,-5.142643928527832
ucb_lcb_n,86.0,0.0,1.0,0.0,-0.0025005398128996603
ucb_lcb_n,91.0,0.0,1.0,0.0,-5.582237720489502
ucb_lcb_n,93.0,0.0,1.0,0.0,-5.719912528991699
ucb_lcb_n,100.0,0.0,1.0,0.0,-31.37923464179039
ucb_lcb_n,103.0,0.0,1.0,0.0,-13.8360511995852
ucb_lcb_n,104.0,0.0,1.0,0.0,-44.08533579483628
ucb_lcb_n,105.0,0.0,1.0,0.0,-151.23443865776062
ucb_lcb_n,107.0,0.0,1.0,0.0,-39.24581366032362
ucb_lcb_n,112.0,0.0,1.0,0.0,-4.890220925852191
random,1.0,0.0,1.0,0.0,-9.591581344604492
random,15.0,0.0,1.0,0.0,-71.93686008453369
random,19.0,0.0,1.0,0.0,-119.89476680755615
random,20.0,0.0,1.0,0.0,-4.795790672302246
random,22.0,0.0,1.0,0.0,-14.387372016906738
random,24.0,0.0,1.0,0.0,-71.93686008453369
random,27.0,0.0,1.0,0.0,-9.591581344604492
random,30.0,0.0,1.0,0.0,-119.89476680755615
random,32.0,0.0,1.0,0.0,-4.795790672302246
random,46.0,0.0,1.0,0.0,-119.89476680755615
random,48.0,0.0,1.0,0.0,-38.36632537841797
random,51.0,0.0,1.0,0.0,-23.97895336151123
random,52.0,0.0,1.0,0.0,-4.795790672302246
random,53.0,0.0,1.0,0.0,-119.89476680755615
random,55.0,0.0,1.0,0.0,-119.89476680755615
random,56.0,0.0,1.0,0.0,-4.795790672302246
random,57.0,0.0,1.0,0.0,-9.591581344604492
random,59.0,0.0,1.0,0.0,-119.89476680755615
random,60.0,0.0,1.0,0.0,-119.89476680755615
random,61.0,0.0,1.0,0.0,-47.95790672302246
random,62.0,0.0,1.0,0.0,-119.89476680755615
random,63.0,0.0,1.0,0.0,-4.795790672302246
random,71.0,0.0,1.0,0.0,-14.387372016906738
random,75.0,0.0,1.0,0.0,-119.89476680755615
random,79.0,0.0,1.0,0.0,-119.89476680755615
random,80.0,0.0,1.0,0.0,-4.795790672302246
random,82.0,0.0,1.0,0.0,-4.795790672302246
random,83.0,0.0,1.0,0.0,-86.32423210144043
random,85.0,0.0,1.0,0.0,-4.795790672302246
random,86.0,0.0,1.0,0.0,-119.89476680755615
random,91.0,0.0,1.0,0.0,-4.795790672302246
random,93.0,0.0,1.0,0.0,-4.795790672302246
random,100.0,0.0,1.0,0.0,-119.89476680755615
random,103.0,0.0,1.0,0.0,-119.89476680755615
random,104.0,0.0,1.0,0.0,-119.89476680755615
random,105.0,0.0,1.0,0.0,-119.89476680755615
random,107.0,0.0,1.0,0.0,-119.89476680755615
random,112.0,0.0,1.0,0.0,-119.89476680755615
pos,1.0,0.0,1.0,1.0,-83.94726657867432
pos,15.0,0.0,1.0,1.0,-5.225645542144775
pos,19.0,0.0,1.0,1.0,-43.38240122795105
pos,20.0,0.0,1.0,1.0,-8.303775787353516
pos,22.0,0.0,1.0,1.0,-8.61262321472168
pos,24.0,0.0,1.0,1.0,-0.07433711853809655
pos,27.0,0.0,1.0,1.0,-77.49726498126984
pos,30.0,0.0,1.0,1.0,-5.082773208618164
pos,32.0,0.0,1.0,1.0,-5.303068161010742
pos,46.0,0.0,1.0,1.0,-7.989346027374268
pos,48.0,0.0,1.0,1.0,-77.00512075424194
pos,51.0,0.0,1.0,1.0,-11.425971984863281
pos,52.0,0.0,1.0,1.0,-27.06596565246582
pos,53.0,0.0,1.0,1.0,-38.2681679725647
pos,55.0,0.0,1.0,1.0,-100.16915440559387
pos,56.0,0.0,1.0,1.0,-7.556146621704102
pos,57.0,0.0,1.0,1.0,-78.87565445899963
pos,59.0,0.0,1.0,1.0,-63.053086280822754
pos,60.0,0.0,1.0,1.0,-86.47946691513062
pos,61.0,0.0,1.0,1.0,0.0
pos,62.0,0.0,1.0,1.0,-3.2584011554718018
pos,63.0,0.0,1.0,1.0,-9.950760841369629
pos,71.0,0.0,1.0,1.0,-4.990294933319092
pos,75.0,0.0,1.0,1.0,-4.673374176025391
pos,79.0,0.0,1.0,1.0,-88.870525598526
pos,80.0,0.0,1.0,1.0,-88.82607126235962
pos,82.0,0.0,1.0,1.0,-5.228411674499512
pos,83.0,0.0,1.0,1.0,-23.14124822616577
pos,85.0,0.0,1.0,1.0,-17.006802082061768
pos,86.0,0.0,1.0,1.0,-46.50122570991516
pos,91.0,0.0,1.0,1.0,-101.62618851661682
pos,93.0,0.0,1.0,1.0,-79.54147982597351
pos,100.0,0.0,1.0,1.0,-70.48425936698914
pos,103.0,0.0,1.0,1.0,-87.33797979354858
pos,104.0,0.0,1.0,1.0,-95.3759605884552
pos,105.0,0.0,1.0,1.0,-32.03140139579773
pos,107.0,0.0,1.0,1.0,-104.63702511787415
pos,112.0,0.0,1.0,1.0,-42.69752740859985
ucb_lcb,1.0,0.0,1.0,1.0,-70.7436454296112
ucb_lcb,15.0,0.0,1.0,1.0,-7.711369514465332
ucb_lcb,19.0,0.0,1.0,1.0,-42.46274423599243
ucb_lcb,20.0,0.0,1.0,1.0,-9.21034049987793
ucb_lcb,22.0,0.0,1.0,1.0,-6.8598151206970215
ucb_lcb,24.0,0.0,1.0,1.0,-0.3417395278811455
ucb_lcb,27.0,0.0,1.0,1.0,-96.94018366942328
ucb_lcb,30.0,0.0,1.0,1.0,-5.169778823852539
ucb_lcb,32.0,0.0,1.0,1.0,-5.082973957061768
ucb_lcb,46.0,0.0,1.0,1.0,-5.351685523986816
ucb_lcb,48.0,0.0,1.0,1.0,-73.86711862869561
ucb_lcb,51.0,0.0,1.0,1.0,-9.393736839294434
ucb_lcb,52.0,0.0,1.0,1.0,-22.12925100326538
ucb_lcb,53.0,0.0,1.0,1.0,-31.46060061454773
ucb_lcb,55.0,0.0,1.0,1.0,-52.65714752674103
ucb_lcb,56.0,0.0,1.0,1.0,-6.700161933898926
ucb_lcb,57.0,0.0,1.0,1.0,-89.06625866889954
ucb_lcb,59.0,0.0,1.0,1.0,-10.518383517861366
ucb_lcb,60.0,0.0,1.0,1.0,-89.54698836803436
ucb_lcb,61.0,0.0,1.0,1.0,0.0
ucb_lcb,62.0,0.0,1.0,1.0,-2.968496799468994
ucb_lcb,63.0,0.0,1.0,1.0,-9.177584648132324
ucb_lcb,71.0,0.0,1.0,1.0,-9.21034049987793
ucb_lcb,75.0,0.0,1.0,1.0,-3.393709421157837
ucb_lcb,79.0,0.0,1.0,1.0,-20.58936781436205
ucb_lcb,80.0,0.0,1.0,1.0,-144.9332251548767
ucb_lcb,82.0,0.0,1.0,1.0,-5.316328525543213
ucb_lcb,83.0,0.0,1.0,1.0,-25.76277494430542
ucb_lcb,85.0,0.0,1.0,1.0,-14.218568801879883
ucb_lcb,86.0,0.0,1.0,1.0,-0.0025005398128996603
ucb_lcb,91.0,0.0,1.0,1.0,-66.94095492362976
ucb_lcb,93.0,0.0,1.0,1.0,-31.294585732743144
ucb_lcb,100.0,0.0,1.0,1.0,-31.463102340698242
ucb_lcb,103.0,0.0,1.0,1.0,-26.297894537448883
ucb_lcb,104.0,0.0,1.0,1.0,-65.49111270532012
ucb_lcb,105.0,0.0,1.0,1.0,-37.62786865234375
ucb_lcb,107.0,0.0,1.0,1.0,-26.419227331876755
ucb_lcb,112.0,0.0,1.0,1.0,-4.998500403715298
ucb_b0,1.0,0.0,1.0,1.0,-37.15770065784454
ucb_b0,15.0,0.0,1.0,1.0,-5.2167510986328125
ucb_b0,19.0,0.0,1.0,1.0,-54.05412530899048
ucb_b0,20.0,0.0,1.0,1.0,-9.21034049987793
ucb_b0,22.0,0.0,1.0,1.0,-6.082607746124268
ucb_b0,24.0,0.0,1.0,1.0,-0.6647256202995777
ucb_b0,27.0,0.0,1.0,1.0,-89.25659662494581
ucb_b0,30.0,0.0,1.0,1.0,-5.413358211517334
ucb_b0,32.0,0.0,1.0,1.0,-5.163206577301025
ucb_b0,46.0,0.0,1.0,1.0,-5.495474815368652
ucb_b0,48.0,0.0,1.0,1.0,-64.87911999225616
ucb_b0,51.0,0.0,1.0,1.0,-9.082710266113281
ucb_b0,52.0,0.0,1.0,1.0,-25.84488296508789
ucb_b0,53.0,0.0,1.0,1.0,-35.429335832595825
ucb_b0,55.0,0.0,1.0,1.0,-56.42711126804352
ucb_b0,56.0,0.0,1.0,1.0,-5.835449695587158
ucb_b0,57.0,0.0,1.0,1.0,-105.2524735480547
ucb_b0,59.0,0.0,1.0,1.0,-12.62970919907093
ucb_b0,60.0,0.0,1.0,1.0,-92.32786476612091
ucb_b0,61.0,0.0,1.0,1.0,0.0
ucb_b0,62.0,0.0,1.0,1.0,-4.229270935058594
ucb_b0,63.0,0.0,1.0,1.0,-9.099608898162842
ucb_b0,71.0,0.0,1.0,1.0,-9.21034049987793
ucb_b0,75.0,0.0,1.0,1.0,-3.3899264335632324
ucb_b0,79.0,0.0,1.0,1.0,-20.366441272199154
ucb_b0,80.0,0.0,1.0,1.0,-99.25381302833557
ucb_b0,82.0,0.0,1.0,1.0,-4.8895344734191895
ucb_b0,83.0,0.0,1.0,1.0,-25.851020574569702
ucb_b0,85.0,0.0,1.0,1.0,-14.956093788146973
ucb_b0,86.0,0.0,1.0,1.0,-0.26052228920161724
ucb_b0,91.0,0.0,1.0,1.0,-33.68228882551193
ucb_b0,93.0,0.0,1.0,1.0,-29.31581168808043
ucb_b0,100.0,0.0,1.0,1.0,-31.008912920951843
ucb_b0,103.0,0.0,1.0,1.0,-30.76996338367462
ucb_b0,104.0,0.0,1.0,1.0,-64.93281777575612
ucb_b0,105.0,0.0,1.0,1.0,-37.90000283718109
ucb_b0,107.0,0.0,1.0,1.0,-29.07255071401596
ucb_b0,112.0,0.0,1.0,1.0,-5.876127488911152
ucb_lcb_n,1.0,0.0,1.0,1.0,-33.896171271800995
ucb_lcb_n,15.0,0.0,1.0,1.0,-5.378105163574219
ucb_lcb_n,19.0,0.0,1.0,1.0,-37.36226689815521
ucb_lcb_n,20.0,0.0,1.0,1.0,-9.21034049987793
ucb_lcb_n,22.0,0.0,1.0,1.0,-6.6023945808410645
ucb_lcb_n,24.0,0.0,1.0,1.0,-0.633606780320406
ucb_lcb_n,27.0,0.0,1.0,1.0,-87.90826497841044
ucb_lcb_n,30.0,0.0,1.0,1.0,-5.3181867599487305
ucb_lcb_n,32.0,0.0,1.0,1.0,-5.342435359954834
ucb_lcb_n,46.0,0.0,1.0,1.0,-5.479175090789795
ucb_lcb_n,48.0,0.0,1.0,1.0,-50.789326161146164
ucb_lcb_n,51.0,0.0,1.0,1.0,-9.33750581741333
ucb_lcb_n,52.0,0.0,1.0,1.0,-26.582951545715332
ucb_lcb_n,53.0,0.0,1.0,1.0,-30.71905481815338
ucb_lcb_n,55.0,0.0,1.0,1.0,-44.36243350803852
ucb_lcb_n,56.0,0.0,1.0,1.0,-6.017199993133545
ucb_lcb_n,57.0,0.0,1.0,1.0,-84.07932572012942
ucb_lcb_n,59.0,0.0,1.0,1.0,-11.254503786563873
ucb_lcb_n,60.0,0.0,1.0,1.0,-61.7790537327528
ucb_lcb_n,61.0,0.0,1.0,1.0,0.0
ucb_lcb_n,62.0,0.0,1.0,1.0,-3.457287549972534
ucb_lcb_n,63.0,0.0,1.0,1.0,-8.921221256256104
ucb_lcb_n,71.0,0.0,1.0,1.0,-9.21034049987793
ucb_lcb_n,75.0,0.0,1.0,1.0,-3.45200252532959
ucb_lcb_n,79.0,0.0,1.0,1.0,-16.152274448424578
ucb_lcb_n,80.0,0.0,1.0,1.0,-109.48418736457825
ucb_lcb_n,82.0,0.0,1.0,1.0,-4.884799003601074
ucb_lcb_n,83.0,0.0,1.0,1.0,-17.99111133813858
ucb_lcb_n,85.0,0.0,1.0,1.0,-15.243990898132324
ucb_lcb_n,86.0,0.0,1.0,1.0,-0.0025005398128996603
ucb_lcb_n,91.0,0.0,1.0,1.0,-33.254701256752014
ucb_lcb_n,93.0,0.0,1.0,1.0,-29.46978935226798
ucb_lcb_n,100.0,0.0,1.0,1.0,-48.89242887496948
ucb_lcb_n,103.0,0.0,1.0,1.0,-42.74116814136505
ucb_lcb_n,104.0,0.0,1.0,1.0,-60.751024359837174
ucb_lcb_n,105.0,0.0,1.0,1.0,-20.564484357833862
ucb_lcb_n,107.0,0.0,1.0,1.0,-29.85438820719719
ucb_lcb_n,112.0,0.0,1.0,1.0,-5.098591498564929
random,1.0,0.0,1.0,1.0,-119.89476680755615
random,15.0,0.0,1.0,1.0,-4.795790672302246
random,19.0,0.0,1.0,1.0,-62.3452787399292
random,20.0,0.0,1.0,1.0,-4.795790672302246
random,22.0,0.0,1.0,1.0,-4.795790672302246
random,24.0,0.0,1.0,1.0,-119.89476680755615
random,27.0,0.0,1.0,1.0,-119.89476680755615
random,30.0,0.0,1.0,1.0,-4.795790672302246
random,32.0,0.0,1.0,1.0,-4.795790672302246
random,46.0,0.0,1.0,1.0,-4.795790672302246
random,48.0,0.0,1.0,1.0,-119.89476680755615
random,51.0,0.0,1.0,1.0,-9.591581344604492
random,52.0,0.0,1.0,1.0,-23.97895336151123
random,53.0,0.0,1.0,1.0,-43.162116050720215
random,55.0,0.0,1.0,1.0,-119.89476680755615
random,56.0,0.0,1.0,1.0,-4.795790672302246
random,57.0,0.0,1.0,1.0,-91.12002277374268
random,59.0,0.0,1.0,1.0,-119.89476680755615
random,60.0,0.0,1.0,1.0,-119.89476680755615
random,61.0,0.0,1.0,1.0,0.0
random,62.0,0.0,1.0,1.0,-4.795790672302246
random,63.0,0.0,1.0,1.0,-9.591581344604492
random,71.0,0.0,1.0,1.0,-4.795790672302246
random,75.0,0.0,1.0,1.0,-4.795790672302246
random,79.0,0.0,1.0,1.0,-119.89476680755615
random,80.0,0.0,1.0,1.0,-119.89476680755615
random,82.0,0.0,1.0,1.0,-4.795790672302246
random,83.0,0.0,1.0,1.0,-38.36632537841797
random,85.0,0.0,1.0,1.0,-14.387372016906738
random,86.0,0.0,1.0,1.0,-119.89476680755615
random,91.0,0.0,1.0,1.0,-119.89476680755615
random,93.0,0.0,1.0,1.0,-119.89476680755615
random,100.0,0.0,1.0,1.0,-119.89476680755615
random,103.0,0.0,1.0,1.0,-119.89476680755615
random,104.0,0.0,1.0,1.0,-119.89476680755615
random,105.0,0.0,1.0,1.0,-57.54948806762695
random,107.0,0.0,1.0,1.0,-119.89476680755615
random,112.0,0.0,1.0,1.0,-119.89476680755615
pos,1.0,0.0,1.0,2.0,-4.966794967651367
pos,15.0,0.0,1.0,2.0,-75.9567699432373
pos,19.0,0.0,1.0,2.0,-97.82984900474548
pos,20.0,0.0,1.0,2.0,-19.050740480422974
pos,22.0,0.0,1.0,2.0,-88.96928858757019
pos,24.0,0.0,1.0,2.0,-0.1045282338745892
pos,27.0,0.0,1.0,2.0,-72.58568906784058
pos,30.0,0.0,1.0,2.0,-10.20504093170166
pos,32.0,0.0,1.0,2.0,-5.211950302124023
pos,46.0,0.0,1.0,2.0,-14.423477411270142
pos,48.0,0.0,1.0,2.0,-9.02798843383789
pos,51.0,0.0,1.0,2.0,-41.24898624420166
pos,52.0,0.0,1.0,2.0,-5.662399768829346
pos,53.0,0.0,1.0,2.0,-26.17344641685486
pos,55.0,0.0,1.0,2.0,-106.88632392883301
pos,56.0,0.0,1.0,2.0,-10.046080827713013
pos,57.0,0.0,1.0,2.0,-20.14787197113037
pos,59.0,0.0,1.0,2.0,-6.565199851989746
pos,60.0,0.0,1.0,2.0,-5.4510650634765625
pos,61.0,0.0,1.0,2.0,-58.729583874344826
pos,62.0,0.0,1.0,2.0,-10.45630431175232
pos,63.0,0.0,1.0,2.0,-22.306188344955444
pos,71.0,0.0,1.0,2.0,-80.20360064506531
pos,75.0,0.0,1.0,2.0,-4.643560409545898
pos,79.0,0.0,1.0,2.0,-39.356284379959106
pos,80.0,0.0,1.0,2.0,-4.95059871673584
pos,82.0,0.0,1.0,2.0,-95.25645565986633
pos,83.0,0.0,1.0,2.0,-86.70037651062012
pos,85.0,0.0,1.0,2.0,-5.031863212585449
pos,86.0,0.0,1.0,2.0,-54.21582055091858
pos,91.0,0.0,1.0,2.0,-6.179975986480713
pos,93.0,0.0,1.0,2.0,-72.362637758255
pos,100.0,0.0,1.0,2.0,-6.253115173429251
pos,103.0,0.0,1.0,2.0,-79.41779232025146
pos,104.0,0.0,1.0,2.0,-100.72291779518127
pos,105.0,0.0,1.0,2.0,-82.66294884681702
pos,107.0,0.0,1.0,2.0,-15.164864301681519
pos,112.0,0.0,1.0,2.0,-5.73572301864624
ucb_lcb,1.0,0.0,1.0,2.0,-4.9467644691467285
ucb_lcb,15.0,0.0,1.0,2.0,-72.96685075759888
ucb_lcb,19.0,0.0,1.0,2.0,-93.2808165550232
ucb_lcb,20.0,0.0,1.0,2.0,-18.562437841668725
ucb_lcb,22.0,0.0,1.0,2.0,-35.37777030467987
ucb_lcb,24.0,0.0,1.0,2.0,-0.30542611330747604
ucb_lcb,27.0,0.0,1.0,2.0,-29.808927357196808
ucb_lcb,30.0,0.0,1.0,2.0,-9.923347473144531
ucb_lcb,32.0,0.0,1.0,2.0,-5.0140156745910645
ucb_lcb,46.0,0.0,1.0,2.0,-18.74466872215271
ucb_lcb,48.0,0.0,1.0,2.0,-8.52090311050415
ucb_lcb,51.0,0.0,1.0,2.0,-43.810182094573975
ucb_lcb,52.0,0.0,1.0,2.0,-4.814376354217529
ucb_lcb,53.0,0.0,1.0,2.0,-32.73122572898865
ucb_lcb,55.0,0.0,1.0,2.0,-58.5484060049057
ucb_lcb,56.0,0.0,1.0,2.0,-9.32633376121521
ucb_lcb,57.0,0.0,1.0,2.0,-16.028918027877808
ucb_lcb,59.0,0.0,1.0,2.0,-5.3307929039001465
ucb_lcb,60.0,0.0,1.0,2.0,-5.588683128356934
ucb_lcb,61.0,0.0,1.0,2.0,-34.03598976135254
ucb_lcb,62.0,0.0,1.0,2.0,-9.983202695846558
ucb_lcb,63.0,0.0,1.0,2.0,-19.140418529510498
ucb_lcb,71.0,0.0,1.0,2.0,-68.5651183128357
ucb_lcb,75.0,0.0,1.0,2.0,-3.381603240966797
ucb_lcb,79.0,0.0,1.0,2.0,-43.510159730911255
ucb_lcb,80.0,0.0,1.0,2.0,-5.323238849639893
ucb_lcb,82.0,0.0,1.0,2.0,-107.19921636581421
ucb_lcb,83.0,0.0,1.0,2.0,-25.592844396829605
ucb_lcb,85.0,0.0,1.0,2.0,-4.459945201873779
ucb_lcb,86.0,0.0,1.0,2.0,-0.0025005398128996603
ucb_lcb,91.0,0.0,1.0,2.0,-5.195233345031738
ucb_lcb,93.0,0.0,1.0,2.0,-17.376877158880234
ucb_lcb,100.0,0.0,1.0,2.0,-5.158184766769409
ucb_lcb,103.0,0.0,1.0,2.0,-31.298305794596672
ucb_lcb,104.0,0.0,1.0,2.0,-23.460964262485504
ucb_lcb,105.0,0.0,1.0,2.0,-77.37102007865906
ucb_lcb,107.0,0.0,1.0,2.0,-13.000559091567993
ucb_lcb,112.0,0.0,1.0,2.0,-4.969300270080566
ucb_b0,1.0,0.0,1.0,2.0,-5.262365818023682
ucb_b0,15.0,0.0,1.0,2.0,-81.49924063682556
ucb_b0,19.0,0.0,1.0,2.0,-118.75270402431488
ucb_b0,20.0,0.0,1.0,2.0,-14.21715372800827
ucb_b0,22.0,0.0,1.0,2.0,-38.013173937797546
ucb_b0,24.0,0.0,1.0,2.0,-0.43188239075243473
ucb_b0,27.0,0.0,1.0,2.0,-29.348091959953308
ucb_b0,30.0,0.0,1.0,2.0,-10.272995948791504
ucb_b0,32.0,0.0,1.0,2.0,-5.030198097229004
ucb_b0,46.0,0.0,1.0,2.0,-18.519815921783447
ucb_b0,48.0,0.0,1.0,2.0,-9.120603799819946
ucb_b0,51.0,0.0,1.0,2.0,-43.543219327926636
ucb_b0,52.0,0.0,1.0,2.0,-5.0061354637146
ucb_b0,53.0,0.0,1.0,2.0,-36.05938935279846
ucb_b0,55.0,0.0,1.0,2.0,-61.439359188079834
ucb_b0,56.0,0.0,1.0,2.0,-8.745816707611084
ucb_b0,57.0,0.0,1.0,2.0,-18.20104742050171
ucb_b0,59.0,0.0,1.0,2.0,-5.917260646820068
ucb_b0,60.0,0.0,1.0,2.0,-4.888516426086426
ucb_b0,61.0,0.0,1.0,2.0,-34.29008913040161
ucb_b0,62.0,0.0,1.0,2.0,-12.829717636108398
ucb_b0,63.0,0.0,1.0,2.0,-19.59274196624756
ucb_b0,71.0,0.0,1.0,2.0,-21.30872267484665
ucb_b0,75.0,0.0,1.0,2.0,-3.372363567352295
ucb_b0,79.0,0.0,1.0,2.0,-43.441410303115845
ucb_b0,80.0,0.0,1.0,2.0,-4.866952896118164
ucb_b0,82.0,0.0,1.0,2.0,-113.55869519710541
ucb_b0,83.0,0.0,1.0,2.0,-21.75135913491249
ucb_b0,85.0,0.0,1.0,2.0,-4.462070465087891
ucb_b0,86.0,0.0,1.0,2.0,-0.006027425741194747
ucb_b0,91.0,0.0,1.0,2.0,-5.378810405731201
ucb_b0,93.0,0.0,1.0,2.0,-17.482368402183056
ucb_b0,100.0,0.0,1.0,2.0,-4.344614505767822
ucb_b0,103.0,0.0,1.0,2.0,-34.50890217721462
ucb_b0,104.0,0.0,1.0,2.0,-22.932128220796585
ucb_b0,105.0,0.0,1.0,2.0,-74.45509779453278
ucb_b0,107.0,0.0,1.0,2.0,-11.954891443252563
ucb_b0,112.0,0.0,1.0,2.0,-5.100555419921875
ucb_lcb_n,1.0,0.0,1.0,2.0,-5.182486057281494
ucb_lcb_n,15.0,0.0,1.0,2.0,-115.06744539737701
ucb_lcb_n,19.0,0.0,1.0,2.0,-96.72059360399726
ucb_lcb_n,20.0,0.0,1.0,2.0,-12.42489269375801
ucb_lcb_n,22.0,0.0,1.0,2.0,-31.183433866128325
ucb_lcb_n,24.0,0.0,1.0,2.0,-0.47673241049051285
ucb_lcb_n,27.0,0.0,1.0,2.0,-32.14782404899597
ucb_lcb_n,30.0,0.0,1.0,2.0,-10.106465339660645
ucb_lcb_n,32.0,0.0,1.0,2.0,-5.062454700469971
ucb_lcb_n,46.0,0.0,1.0,2.0,-17.79524314403534
ucb_lcb_n,48.0,0.0,1.0,2.0,-9.544105291366577
ucb_lcb_n,51.0,0.0,1.0,2.0,-38.805153489112854
ucb_lcb_n,52.0,0.0,1.0,2.0,-4.91654109954834
ucb_lcb_n,53.0,0.0,1.0,2.0,-22.50148892402649
ucb_lcb_n,55.0,0.0,1.0,2.0,-51.34083975851536
ucb_lcb_n,56.0,0.0,1.0,2.0,-8.05802869796753
ucb_lcb_n,57.0,0.0,1.0,2.0,-17.428335666656494
ucb_lcb_n,59.0,0.0,1.0,2.0,-5.393327713012695
ucb_lcb_n,60.0,0.0,1.0,2.0,-4.901604652404785
ucb_lcb_n,61.0,0.0,1.0,2.0,-34.508090138435364
ucb_lcb_n,62.0,0.0,1.0,2.0,-10.83935022354126
ucb_lcb_n,63.0,0.0,1.0,2.0,-19.52088189125061
ucb_lcb_n,71.0,0.0,1.0,2.0,-55.29383158683777
ucb_lcb_n,75.0,0.0,1.0,2.0,-3.4394822120666504
ucb_lcb_n,79.0,0.0,1.0,2.0,-28.446605324745178
ucb_lcb_n,80.0,0.0,1.0,2.0,-4.864556312561035
ucb_lcb_n,82.0,0.0,1.0,2.0,-86.28975874185562
ucb_lcb_n,83.0,0.0,1.0,2.0,-19.644380789250135
ucb_lcb_n,85.0,0.0,1.0,2.0,-4.654918670654297
ucb_lcb_n,86.0,0.0,1.0,2.0,-0.0025005398128996603
ucb_lcb_n,91.0,0.0,1.0,2.0,-5.223546028137207
ucb_lcb_n,93.0,0.0,1.0,2.0,-17.70753351971507
ucb_lcb_n,100.0,0.0,1.0,2.0,-3.5042725801467896
ucb_lcb_n,103.0,0.0,1.0,2.0,-29.013215094804764
ucb_lcb_n,104.0,0.0,1.0,2.0,-20.295441061258316
ucb_lcb_n,105.0,0.0,1.0,2.0,-58.648643493652344
ucb_lcb_n,107.0,0.0,1.0,2.0,-11.787051677703857
ucb_lcb_n,112.0,0.0,1.0,2.0,-4.923300743103027
random,1.0,0.0,1.0,2.0,-4.795790672302246
random,15.0,0.0,1.0,2.0,-119.89476680755615
random,19.0,0.0,1.0,2.0,-119.89476680755615
random,20.0,0.0,1.0,2.0,-38.36632537841797
random,22.0,0.0,1.0,2.0,-119.89476680755615
random,24.0,0.0,1.0,2.0,-119.89476680755615
random,27.0,0.0,1.0,2.0,-119.89476680755615
random,30.0,0.0,1.0,2.0,-9.591581344604492
random,32.0,0.0,1.0,2.0,-4.795790672302246
random,46.0,0.0,1.0,2.0,-19.183162689208984
random,48.0,0.0,1.0,2.0,-9.591581344604492
random,51.0,0.0,1.0,2.0,-43.162116050720215
random,52.0,0.0,1.0,2.0,-4.795790672302246
random,53.0,0.0,1.0,2.0,-47.95790672302246
random,55.0,0.0,1.0,2.0,-119.89476680755615
random,56.0,0.0,1.0,2.0,-9.591581344604492
random,57.0,0.0,1.0,2.0,-19.183162689208984
random,59.0,0.0,1.0,2.0,-4.795790672302246
random,60.0,0.0,1.0,2.0,-4.795790672302246
random,61.0,0.0,1.0,2.0,-119.89476680755615
random,62.0,0.0,1.0,2.0,-14.387372016906738
random,63.0,0.0,1.0,2.0,-19.183162689208984
random,71.0,0.0,1.0,2.0,-119.89476680755615
random,75.0,0.0,1.0,2.0,-4.795790672302246
random,79.0,0.0,1.0,2.0,-57.54948806762695
random,80.0,0.0,1.0,2.0,-4.795790672302246
random,82.0,0.0,1.0,2.0,-119.89476680755615
random,83.0,0.0,1.0,2.0,-119.89476680755615
random,85.0,0.0,1.0,2.0,-4.795790672302246
random,86.0,0.0,1.0,2.0,-119.89476680755615
random,91.0,0.0,1.0,2.0,-4.795790672302246
random,93.0,0.0,1.0,2.0,-119.89476680755615
random,100.0,0.0,1.0,2.0,-9.591581344604492
random,103.0,0.0,1.0,2.0,-119.89476680755615
random,104.0,0.0,1.0,2.0,-119.89476680755615
random,105.0,0.0,1.0,2.0,-119.89476680755615
random,107.0,0.0,1.0,2.0,-14.387372016906738
random,112.0,0.0,1.0,2.0,-4.795790672302246
pos,1.0,0.0,1.0,3.0,-10.039674282073975
pos,15.0,0.0,1.0,3.0,-82.88228964805603
pos,19.0,0.0,1.0,3.0,-92.02922534942627
pos,20.0,0.0,1.0,3.0,-42.08011817932129
pos,22.0,0.0,1.0,3.0,-93.87681484222412
pos,24.0,0.0,1.0,3.0,-0.06198460143059492
pos,27.0,0.0,1.0,3.0,-81.32069897651672
pos,30.0,0.0,1.0,3.0,-73.40279769897461
pos,32.0,0.0,1.0,3.0,-5.390808582305908
pos,46.0,0.0,1.0,3.0,-6.966703176498413
pos,48.0,0.0,1.0,3.0,-14.583480596542358
pos,51.0,0.0,1.0,3.0,-6.883146286010742
pos,52.0,0.0,1.0,3.0,-5.723805904388428
pos,53.0,0.0,1.0,3.0,-76.09788155555725
pos,55.0,0.0,1.0,3.0,-6.28037691116333
pos,56.0,0.0,1.0,3.0,-16.526684045791626
pos,57.0,0.0,1.0,3.0,-23.98905634880066
pos,59.0,0.0,1.0,3.0,-13.772233486175537
pos,60.0,0.0,1.0,3.0,-81.45812439918518
pos,61.0,0.0,1.0,3.0,-68.53564310073853
pos,62.0,0.0,1.0,3.0,-7.077271223068237
pos,63.0,0.0,1.0,3.0,-28.696770906448364
pos,71.0,0.0,1.0,3.0,-80.91800832748413
pos,75.0,0.0,1.0,3.0,-98.15150356292725
pos,79.0,0.0,1.0,3.0,-91.44070196151733
pos,80.0,0.0,1.0,3.0,-86.41098618507385
pos,82.0,0.0,1.0,3.0,-3.254518985748291
pos,83.0,0.0,1.0,3.0,-85.7168538570404
pos,85.0,0.0,1.0,3.0,-5.036904811859131
pos,86.0,0.0,1.0,3.0,-48.43418323993683
pos,91.0,0.0,1.0,3.0,-6.109455108642578
pos,93.0,0.0,1.0,3.0,-77.00741410255432
pos,100.0,0.0,1.0,3.0,-68.76018679141998
pos,103.0,0.0,1.0,3.0,-79.94117641448975
pos,104.0,0.0,1.0,3.0,-104.86995124816895
pos,105.0,0.0,1.0,3.0,-81.00765872001648
pos,107.0,0.0,1.0,3.0,-13.63717794418335
pos,112.0,0.0,1.0,3.0,-5.7294840812683105
ucb_lcb,1.0,0.0,1.0,3.0,-9.77499771118164
ucb_lcb,15.0,0.0,1.0,3.0,-153.99060355052643
ucb_lcb,19.0,0.0,1.0,3.0,-83.61386251449585
ucb_lcb,20.0,0.0,1.0,3.0,-11.785110585391521
ucb_lcb,22.0,0.0,1.0,3.0,-39.46918919682503
ucb_lcb,24.0,0.0,1.0,3.0,-0.42161000706255436
ucb_lcb,27.0,0.0,1.0,3.0,-45.90123111754656
ucb_lcb,30.0,0.0,1.0,3.0,-14.69526332616806
ucb_lcb,32.0,0.0,1.0,3.0,-5.118966102600098
ucb_lcb,46.0,0.0,1.0,3.0,-9.210404634475708
ucb_lcb,48.0,0.0,1.0,3.0,-13.399739742279053
ucb_lcb,51.0,0.0,1.0,3.0,-4.841361999511719
ucb_lcb,52.0,0.0,1.0,3.0,-4.849921226501465
ucb_lcb,53.0,0.0,1.0,3.0,-86.1239001750946
ucb_lcb,55.0,0.0,1.0,3.0,-4.806036949157715
ucb_lcb,56.0,0.0,1.0,3.0,-20.838725566864014
ucb_lcb,57.0,0.0,1.0,3.0,-25.421579122543335
ucb_lcb,59.0,0.0,1.0,3.0,-9.74922800064087
ucb_lcb,60.0,0.0,1.0,3.0,-88.05649769306183
ucb_lcb,61.0,0.0,1.0,3.0,-43.11762320995331
ucb_lcb,62.0,0.0,1.0,3.0,-8.478885412216187
ucb_lcb,63.0,0.0,1.0,3.0,-26.1875901222229
ucb_lcb,71.0,0.0,1.0,3.0,-42.84237575531006
ucb_lcb,75.0,0.0,1.0,3.0,-45.03617839515209
ucb_lcb,79.0,0.0,1.0,3.0,-35.84411787614226
ucb_lcb,80.0,0.0,1.0,3.0,-181.35732147376984
ucb_lcb,82.0,0.0,1.0,3.0,-3.541273355484009
ucb_lcb,83.0,0.0,1.0,3.0,-55.363032177090645
ucb_lcb,85.0,0.0,1.0,3.0,-4.464114189147949
ucb_lcb,86.0,0.0,1.0,3.0,-0.0025005398128996603
ucb_lcb,91.0,0.0,1.0,3.0,-5.020731449127197
ucb_lcb,93.0,0.0,1.0,3.0,-20.90374868363142
ucb_lcb,100.0,0.0,1.0,3.0,-26.896007692441344
ucb_lcb,103.0,0.0,1.0,3.0,-22.264372915029526
ucb_lcb,104.0,0.0,1.0,3.0,-55.159536585211754
ucb_lcb,105.0,0.0,1.0,3.0,-197.13642537593842
ucb_lcb,107.0,0.0,1.0,3.0,-12.950606107711792
ucb_lcb,112.0,0.0,1.0,3.0,-4.850137233734131
ucb_b0,1.0,0.0,1.0,3.0,-10.446886539459229
ucb_b0,15.0,0.0,1.0,3.0,-74.34211868047714
ucb_b0,19.0,0.0,1.0,3.0,-95.68989539146423
ucb_b0,20.0,0.0,1.0,3.0,-8.241882033646107
ucb_b0,22.0,0.0,1.0,3.0,-40.86852543056011
ucb_b0,24.0,0.0,1.0,3.0,-0.8515069428831339
ucb_b0,27.0,0.0,1.0,3.0,-46.08393719419837
ucb_b0,30.0,0.0,1.0,3.0,-11.804016590118408
ucb_b0,32.0,0.0,1.0,3.0,-5.320364952087402
ucb_b0,46.0,0.0,1.0,3.0,-9.398536682128906
ucb_b0,48.0,0.0,1.0,3.0,-13.904094219207764
ucb_b0,51.0,0.0,1.0,3.0,-4.927837371826172
ucb_b0,52.0,0.0,1.0,3.0,-5.127712249755859
ucb_b0,53.0,0.0,1.0,3.0,-88.21862596273422
ucb_b0,55.0,0.0,1.0,3.0,-4.637088298797607
ucb_b0,56.0,0.0,1.0,3.0,-19.836345911026
ucb_b0,57.0,0.0,1.0,3.0,-29.658249378204346
ucb_b0,59.0,0.0,1.0,3.0,-10.77012825012207
ucb_b0,60.0,0.0,1.0,3.0,-96.97767210006714
ucb_b0,61.0,0.0,1.0,3.0,-43.44973450899124
ucb_b0,62.0,0.0,1.0,3.0,-9.055258750915527
ucb_b0,63.0,0.0,1.0,3.0,-26.473741054534912
ucb_b0,71.0,0.0,1.0,3.0,-30.246295124292374
ucb_b0,75.0,0.0,1.0,3.0,-43.76806948333979
ucb_b0,79.0,0.0,1.0,3.0,-30.063377000391483
ucb_b0,80.0,0.0,1.0,3.0,-140.8114948272705
ucb_b0,82.0,0.0,1.0,3.0,-4.375307559967041
ucb_b0,83.0,0.0,1.0,3.0,-55.37986921519041
ucb_b0,85.0,0.0,1.0,3.0,-4.426399230957031
ucb_b0,86.0,0.0,1.0,3.0,-0.08237739582546055
ucb_b0,91.0,0.0,1.0,3.0,-5.259182929992676
ucb_b0,93.0,0.0,1.0,3.0,-19.51312293112278
ucb_b0,100.0,0.0,1.0,3.0,-35.15729000419378
ucb_b0,103.0,0.0,1.0,3.0,-25.00194677710533
ucb_b0,104.0,0.0,1.0,3.0,-55.08726219832897
ucb_b0,105.0,0.0,1.0,3.0,-124.45221057534218
ucb_b0,107.0,0.0,1.0,3.0,-13.546177625656128
ucb_b0,112.0,0.0,1.0,3.0,-4.957141876220703
ucb_lcb_n,1.0,0.0,1.0,3.0,-10.23952865600586
ucb_lcb_n,15.0,0.0,1.0,3.0,-101.95914906053804
ucb_lcb_n,19.0,0.0,1.0,3.0,-55.77983586024493
ucb_lcb_n,20.0,0.0,1.0,3.0,-10.634092699736357
ucb_lcb_n,22.0,0.0,1.0,3.0,-36.883467845618725
ucb_lcb_n,24.0,0.0,1.0,3.0,-0.8018167205154896
ucb_lcb_n,27.0,0.0,1.0,3.0,-45.363893846049905
ucb_lcb_n,30.0,0.0,1.0,3.0,-14.11326016485691
ucb_lcb_n,32.0,0.0,1.0,3.0,-5.655615329742432
ucb_lcb_n,46.0,0.0,1.0,3.0,-8.48173975944519
ucb_lcb_n,48.0,0.0,1.0,3.0,-10.474784970283508
ucb_lcb_n,51.0,0.0,1.0,3.0,-4.892341136932373
ucb_lcb_n,52.0,0.0,1.0,3.0,-4.888150691986084
ucb_lcb_n,53.0,0.0,1.0,3.0,-60.59609156847
ucb_lcb_n,55.0,0.0,1.0,3.0,-4.831191062927246
ucb_lcb_n,56.0,0.0,1.0,3.0,-15.784729957580566
ucb_lcb_n,57.0,0.0,1.0,3.0,-24.733537197113037
ucb_lcb_n,59.0,0.0,1.0,3.0,-10.000845432281494
ucb_lcb_n,60.0,0.0,1.0,3.0,-96.70106498664245
ucb_lcb_n,61.0,0.0,1.0,3.0,-43.8477977514267
ucb_lcb_n,62.0,0.0,1.0,3.0,-8.427934169769287
ucb_lcb_n,63.0,0.0,1.0,3.0,-29.143237113952637
ucb_lcb_n,71.0,0.0,1.0,3.0,-47.66766715049744
ucb_lcb_n,75.0,0.0,1.0,3.0,-43.86886694282293
ucb_lcb_n,79.0,0.0,1.0,3.0,-34.28981300373562
ucb_lcb_n,80.0,0.0,1.0,3.0,-160.2990944944322
ucb_lcb_n,82.0,0.0,1.0,3.0,-3.92374587059021
ucb_lcb_n,83.0,0.0,1.0,3.0,-38.514013620093465
ucb_lcb_n,85.0,0.0,1.0,3.0,-4.798360824584961
ucb_lcb_n,86.0,0.0,1.0,3.0,-0.0025005398128996603
ucb_lcb_n,91.0,0.0,1.0,3.0,-5.11794900894165
ucb_lcb_n,93.0,0.0,1.0,3.0,-18.698415085673332
ucb_lcb_n,100.0,0.0,1.0,3.0,-26.71586272865534
ucb_lcb_n,103.0,0.0,1.0,3.0,-23.755676954984665
ucb_lcb_n,104.0,0.0,1.0,3.0,-39.37332873046398
ucb_lcb_n,105.0,0.0,1.0,3.0,-153.91804305650294
ucb_lcb_n,107.0,0.0,1.0,3.0,-13.453026533126831
ucb_lcb_n,112.0,0.0,1.0,3.0,-4.860867023468018
random,1.0,0.0,1.0,3.0,-9.591581344604492
random,15.0,0.0,1.0,3.0,-119.89476680755615
random,19.0,0.0,1.0,3.0,-119.89476680755615
random,20.0,0.0,1.0,3.0,-119.89476680755615
random,22.0,0.0,1.0,3.0,-119.89476680755615
random,24.0,0.0,1.0,3.0,-119.89476680755615
random,27.0,0.0,1.0,3.0,-119.89476680755615
random,30.0,0.0,1.0,3.0,-119.89476680755615
random,32.0,0.0,1.0,3.0,-4.795790672302246
random,46.0,0.0,1.0,3.0,-14.387372016906738
random,48.0,0.0,1.0,3.0,-23.97895336151123
random,51.0,0.0,1.0,3.0,-4.795790672302246
random,52.0,0.0,1.0,3.0,-4.795790672302246
random,53.0,0.0,1.0,3.0,-119.89476680755615
random,55.0,0.0,1.0,3.0,-4.795790672302246
random,56.0,0.0,1.0,3.0,-28.774744033813477
random,57.0,0.0,1.0,3.0,-33.57053470611572
random,59.0,0.0,1.0,3.0,-9.591581344604492
random,60.0,0.0,1.0,3.0,-119.89476680755615
random,61.0,0.0,1.0,3.0,-119.89476680755615
random,62.0,0.0,1.0,3.0,-9.591581344604492
random,63.0,0.0,1.0,3.0,-28.774744033813477
random,71.0,0.0,1.0,3.0,-119.89476680755615
random,75.0,0.0,1.0,3.0,-119.89476680755615
random,79.0,0.0,1.0,3.0,-119.89476680755615
random,80.0,0.0,1.0,3.0,-119.89476680755615
random,82.0,0.0,1.0,3.0,-4.795790672302246
random,83.0,0.0,1.0,3.0,-119.89476680755615
random,85.0,0.0,1.0,3.0,-4.795790672302246
random,86.0,0.0,1.0,3.0,-119.89476680755615
random,91.0,0.0,1.0,3.0,-4.795790672302246
random,93.0,0.0,1.0,3.0,-119.89476680755615
random,100.0,0.0,1.0,3.0,-119.89476680755615
random,103.0,0.0,1.0,3.0,-119.89476680755615
random,104.0,0.0,1.0,3.0,-119.89476680755615
random,105.0,0.0,1.0,3.0,-119.89476680755615
random,107.0,0.0,1.0,3.0,-14.387372016906738
random,112.0,0.0,1.0,3.0,-4.795790672302246
pos,1.0,0.0,1.0,4.0,-4.964447021484375
pos,15.0,0.0,1.0,4.0,-50.80377233028412
pos,19.0,0.0,1.0,4.0,-44.57787346839905
pos,20.0,0.0,1.0,4.0,-38.88940620422363
pos,22.0,0.0,1.0,4.0,-11.318792581558228
pos,24.0,0.0,1.0,4.0,-0.038137906696647406
pos,27.0,0.0,1.0,4.0,-71.55772709846497
pos,30.0,0.0,1.0,4.0,-76.18483901023865
pos,32.0,0.0,1.0,4.0,-15.550126552581787
pos,46.0,0.0,1.0,4.0,-32.115171909332275
pos,48.0,0.0,1.0,4.0,-36.075772285461426
pos,51.0,0.0,1.0,4.0,-86.26431322097778
pos,52.0,0.0,1.0,4.0,-5.734028339385986
pos,53.0,0.0,1.0,4.0,-46.01357889175415
pos,55.0,0.0,1.0,4.0,-5.465343475341797
pos,56.0,0.0,1.0,4.0,-6.199977159500122
pos,57.0,0.0,1.0,4.0,-45.484614849090576
pos,59.0,0.0,1.0,4.0,-6.500127792358398
pos,60.0,0.0,1.0,4.0,-90.13680362701416
pos,61.0,0.0,1.0,4.0,-3.8310787677764893
pos,62.0,0.0,1.0,4.0,-3.664426565170288
pos,63.0,0.0,1.0,4.0,-5.867192268371582
pos,71.0,0.0,1.0,4.0,-82.74264645576477
pos,75.0,0.0,1.0,4.0,-29.15745496749878
pos,79.0,0.0,1.0,4.0,-43.21827435493469
pos,80.0,0.0,1.0,4.0,-4.978413105010986
pos,82.0,0.0,1.0,4.0,-96.70070385932922
pos,83.0,0.0,1.0,4.0,-87.17725563049316
pos,85.0,0.0,1.0,4.0,-5.343502044677734
pos,86.0,0.0,1.0,4.0,-49.05561172962189
pos,91.0,0.0,1.0,4.0,-5.921411514282227
pos,93.0,0.0,1.0,4.0,-10.322352886199951
pos,100.0,0.0,1.0,4.0,-59.51011383533478
pos,103.0,0.0,1.0,4.0,-90.8677875995636
pos,104.0,0.0,1.0,4.0,-34.23265242576599
pos,105.0,0.0,1.0,4.0,-75.42058885097504
pos,107.0,0.0,1.0,4.0,-9.35316801071167
pos,112.0,0.0,1.0,4.0,-5.737165927886963
ucb_lcb,1.0,0.0,1.0,4.0,-4.8915557861328125
ucb_lcb,15.0,0.0,1.0,4.0,-55.44699537754059
ucb_lcb,19.0,0.0,1.0,4.0,-37.01915752887726
ucb_lcb,20.0,0.0,1.0,4.0,-1.023759812116623
ucb_lcb,22.0,0.0,1.0,4.0,-10.927656173706055
ucb_lcb,24.0,0.0,1.0,4.0,-0.6419350542128086
ucb_lcb,27.0,0.0,1.0,4.0,-32.93421399593353
ucb_lcb,30.0,0.0,1.0,4.0,-14.510647353716195
ucb_lcb,32.0,0.0,1.0,4.0,-21.272438526153564
ucb_lcb,46.0,0.0,1.0,4.0,-31.539294958114624
ucb_lcb,48.0,0.0,1.0,4.0,-24.289180159568787
ucb_lcb,51.0,0.0,1.0,4.0,-80.98330748081207
ucb_lcb,52.0,0.0,1.0,4.0,-4.746972560882568
ucb_lcb,53.0,0.0,1.0,4.0,-52.733153104782104
ucb_lcb,55.0,0.0,1.0,4.0,-4.589510917663574
ucb_lcb,56.0,0.0,1.0,4.0,-7.951024055480957
ucb_lcb,57.0,0.0,1.0,4.0,-49.069066286087036
ucb_lcb,59.0,0.0,1.0,4.0,-4.835906982421875
ucb_lcb,60.0,0.0,1.0,4.0,-96.40372133255005
ucb_lcb,61.0,0.0,1.0,4.0,-2.2289438247680664
ucb_lcb,62.0,0.0,1.0,4.0,-4.250148773193359
ucb_lcb,63.0,0.0,1.0,4.0,-4.863645076751709
ucb_lcb,71.0,0.0,1.0,4.0,-59.80926967348205
ucb_lcb,75.0,0.0,1.0,4.0,-26.264166355133057
ucb_lcb,79.0,0.0,1.0,4.0,-39.16876518726349
ucb_lcb,80.0,0.0,1.0,4.0,-5.489524841308594
ucb_lcb,82.0,0.0,1.0,4.0,-80.69547688961029
ucb_lcb,83.0,0.0,1.0,4.0,-64.25790897011757
ucb_lcb,85.0,0.0,1.0,4.0,-4.86883544921875
ucb_lcb,86.0,0.0,1.0,4.0,-0.0025005398128996603
ucb_lcb,91.0,0.0,1.0,4.0,-5.148491382598877
ucb_lcb,93.0,0.0,1.0,4.0,-10.102366924285889
ucb_lcb,100.0,0.0,1.0,4.0,-16.302137196063995
ucb_lcb,103.0,0.0,1.0,4.0,-16.902143037179485
ucb_lcb,104.0,0.0,1.0,4.0,-35.436651945114136
ucb_lcb,105.0,0.0,1.0,4.0,-72.50233125686646
ucb_lcb,107.0,0.0,1.0,4.0,-8.368131637573242
ucb_lcb,112.0,0.0,1.0,4.0,-4.897539138793945
ucb_b0,1.0,0.0,1.0,4.0,-5.189489841461182
ucb_b0,15.0,0.0,1.0,4.0,-56.89753460884094
ucb_b0,19.0,0.0,1.0,4.0,-46.309810161590576
ucb_b0,20.0,0.0,1.0,4.0,-1.3673294968903065
ucb_b0,22.0,0.0,1.0,4.0,-12.120238780975342
ucb_b0,24.0,0.0,1.0,4.0,-2.215986154973507
ucb_b0,27.0,0.0,1.0,4.0,-27.59612685441971
ucb_b0,30.0,0.0,1.0,4.0,-13.943128358572721
ucb_b0,32.0,0.0,1.0,4.0,-17.43688201904297
ucb_b0,46.0,0.0,1.0,4.0,-17.979606866836548
ucb_b0,48.0,0.0,1.0,4.0,-28.40920615196228
ucb_b0,51.0,0.0,1.0,4.0,-74.41808497905731
ucb_b0,52.0,0.0,1.0,4.0,-4.961184024810791
ucb_b0,53.0,0.0,1.0,4.0,-59.50458264350891
ucb_b0,55.0,0.0,1.0,4.0,-4.3711347579956055
ucb_b0,56.0,0.0,1.0,4.0,-7.910345554351807
ucb_b0,57.0,0.0,1.0,4.0,-59.26577138900757
ucb_b0,59.0,0.0,1.0,4.0,-5.222737789154053
ucb_b0,60.0,0.0,1.0,4.0,-101.65013289451599
ucb_b0,61.0,0.0,1.0,4.0,-2.4605231285095215
ucb_b0,62.0,0.0,1.0,4.0,-4.43382453918457
ucb_b0,63.0,0.0,1.0,4.0,-4.979189872741699
ucb_b0,71.0,0.0,1.0,4.0,-45.46036205487326
ucb_b0,75.0,0.0,1.0,4.0,-26.077301263809204
ucb_b0,79.0,0.0,1.0,4.0,-39.16750943660736
ucb_b0,80.0,0.0,1.0,4.0,-4.918989181518555
ucb_b0,82.0,0.0,1.0,4.0,-82.79880917072296
ucb_b0,83.0,0.0,1.0,4.0,-63.887725464999676
ucb_b0,85.0,0.0,1.0,4.0,-5.01792049407959
ucb_b0,86.0,0.0,1.0,4.0,-0.06393095012754202
ucb_b0,91.0,0.0,1.0,4.0,-5.397209644317627
ucb_b0,93.0,0.0,1.0,4.0,-10.142967224121094
ucb_b0,100.0,0.0,1.0,4.0,-17.33101388812065
ucb_b0,103.0,0.0,1.0,4.0,-17.35683254338801
ucb_b0,104.0,0.0,1.0,4.0,-34.61339211463928
ucb_b0,105.0,0.0,1.0,4.0,-62.1469544172287
ucb_b0,107.0,0.0,1.0,4.0,-9.07644271850586
ucb_b0,112.0,0.0,1.0,4.0,-5.225008487701416
ucb_lcb_n,1.0,0.0,1.0,4.0,-5.1417460441589355
ucb_lcb_n,15.0,0.0,1.0,4.0,-48.49512529373169
ucb_lcb_n,19.0,0.0,1.0,4.0,-39.75836992263794
ucb_lcb_n,20.0,0.0,1.0,4.0,-1.1529253013432026
ucb_lcb_n,22.0,0.0,1.0,4.0,-9.757902145385742
ucb_lcb_n,24.0,0.0,1.0,4.0,-2.3475321829319
ucb_lcb_n,27.0,0.0,1.0,4.0,-26.66420316696167
ucb_lcb_n,30.0,0.0,1.0,4.0,-14.521332925651222
ucb_lcb_n,32.0,0.0,1.0,4.0,-16.389283895492554
ucb_lcb_n,46.0,0.0,1.0,4.0,-30.592934131622314
ucb_lcb_n,48.0,0.0,1.0,4.0,-20.110480189323425
ucb_lcb_n,51.0,0.0,1.0,4.0,-96.84929865598679
ucb_lcb_n,52.0,0.0,1.0,4.0,-4.864547252655029
ucb_lcb_n,53.0,0.0,1.0,4.0,-44.41435933113098
ucb_lcb_n,55.0,0.0,1.0,4.0,-4.230895519256592
ucb_lcb_n,56.0,0.0,1.0,4.0,-7.688655853271484
ucb_lcb_n,57.0,0.0,1.0,4.0,-44.47421371936798
ucb_lcb_n,59.0,0.0,1.0,4.0,-4.905649185180664
ucb_lcb_n,60.0,0.0,1.0,4.0,-70.58009251952171
ucb_lcb_n,61.0,0.0,1.0,4.0,-2.2698187828063965
ucb_lcb_n,62.0,0.0,1.0,4.0,-4.555929183959961
ucb_lcb_n,63.0,0.0,1.0,4.0,-4.997845649719238
ucb_lcb_n,71.0,0.0,1.0,4.0,-111.9976190701127
ucb_lcb_n,75.0,0.0,1.0,4.0,-25.88403630256653
ucb_lcb_n,79.0,0.0,1.0,4.0,-33.671771347522736
ucb_lcb_n,80.0,0.0,1.0,4.0,-4.926295757293701
ucb_lcb_n,82.0,0.0,1.0,4.0,-102.29039603844285
ucb_lcb_n,83.0,0.0,1.0,4.0,-54.785650060512125
ucb_lcb_n,85.0,0.0,1.0,4.0,-5.047261714935303
ucb_lcb_n,86.0,0.0,1.0,4.0,-0.0025005398128996603
ucb_lcb_n,91.0,0.0,1.0,4.0,-5.252779483795166
ucb_lcb_n,93.0,0.0,1.0,4.0,-9.699297428131104
ucb_lcb_n,100.0,0.0,1.0,4.0,-18.32726316154003
ucb_lcb_n,103.0,0.0,1.0,4.0,-14.459330589626916
ucb_lcb_n,104.0,0.0,1.0,4.0,-25.128308475017548
ucb_lcb_n,105.0,0.0,1.0,4.0,-43.68807554244995
ucb_lcb_n,107.0,0.0,1.0,4.0,-8.997785568237305
ucb_lcb_n,112.0,0.0,1.0,4.0,-4.891058444976807
random,1.0,0.0,1.0,4.0,-4.795790672302246
random,15.0,0.0,1.0,4.0,-71.93686008453369
random,19.0,0.0,1.0,4.0,-52.75369739532471
random,20.0,0.0,1.0,4.0,-119.89476680755615
random,22.0,0.0,1.0,4.0,-19.183162689208984
random,24.0,0.0,1.0,4.0,-119.89476680755615
random,27.0,0.0,1.0,4.0,-119.89476680755615
random,30.0,0.0,1.0,4.0,-119.89476680755615
random,32.0,0.0,1.0,4.0,-19.183162689208984
random,46.0,0.0,1.0,4.0,-52.75369739532471
random,48.0,0.0,1.0,4.0,-52.75369739532471
random,51.0,0.0,1.0,4.0,-119.89476680755615
random,52.0,0.0,1.0,4.0,-4.795790672302246
random,53.0,0.0,1.0,4.0,-71.93686008453369
random,55.0,0.0,1.0,4.0,-4.795790672302246
random,56.0,0.0,1.0,4.0,-9.591581344604492
random,57.0,0.0,1.0,4.0,-67.14106941223145
random,59.0,0.0,1.0,4.0,-4.795790672302246
random,60.0,0.0,1.0,4.0,-119.89476680755615
random,61.0,0.0,1.0,4.0,-4.795790672302246
random,62.0,0.0,1.0,4.0,-4.795790672302246
random,63.0,0.0,1.0,4.0,-4.795790672302246
random,71.0,0.0,1.0,4.0,-119.89476680755615
random,75.0,0.0,1.0,4.0,-28.774744033813477
random,79.0,0.0,1.0,4.0,-62.3452787399292
random,80.0,0.0,1.0,4.0,-4.795790672302246
random,82.0,0.0,1.0,4.0,-119.89476680755615
random,83.0,0.0,1.0,4.0,-119.89476680755615
random,85.0,0.0,1.0,4.0,-4.795790672302246
random,86.0,0.0,1.0,4.0,-119.89476680755615
random,91.0,0.0,1.0,4.0,-4.795790672302246
random,93.0,0.0,1.0,4.0,-9.591581344604492
random,100.0,0.0,1.0,4.0,-119.89476680755615
random,103.0,0.0,1.0,4.0,-119.89476680755615
random,104.0,0.0,1.0,4.0,-43.162116050720215
random,105.0,0.0,1.0,4.0,-119.89476680755615
random,107.0,0.0,1.0,4.0,-9.591581344604492
random,112.0,0.0,1.0,4.0,-4.795790672302246
pos,8.0,1.0,0.0,0.0,-75.75631833076477
pos,9.0,1.0,0.0,0.0,-5.102790832519531
pos,10.0,1.0,0.0,0.0,-94.59185719490051
pos,13.0,1.0,0.0,0.0,-6.09998083114624
pos,14.0,1.0,0.0,0.0,-110.70623064041138
pos,16.0,1.0,0.0,0.0,-30.155392289161682
pos,18.0,1.0,0.0,0.0,-5.392634391784668
pos,26.0,1.0,0.0,0.0,-5.148936748504639
pos,29.0,1.0,0.0,0.0,-95.03737902641296
pos,33.0,1.0,0.0,0.0,-43.695032835006714
pos,34.0,1.0,0.0,0.0,-48.38012361526489
pos,35.0,1.0,0.0,0.0,-6.432080268859863
pos,36.0,1.0,0.0,0.0,-98.48481893539429
pos,38.0,1.0,0.0,0.0,-2.747732162475586
pos,40.0,1.0,0.0,0.0,-7.4297990798950195
pos,41.0,1.0,0.0,0.0,-101.55789017677307
pos,42.0,1.0,0.0,0.0,-13.321593761444092
pos,43.0,1.0,0.0,0.0,-6.012111663818359
pos,44.0,1.0,0.0,0.0,-104.86360454559326
pos,47.0,1.0,0.0,0.0,-66.65327137708664
pos,54.0,1.0,0.0,0.0,-5.367778778076172
pos,58.0,1.0,0.0,0.0,-27.157747745513916
pos,67.0,1.0,0.0,0.0,-4.987476825714111
pos,69.0,1.0,0.0,0.0,-4.906362056732178
pos,72.0,1.0,0.0,0.0,-95.92565822601318
pos,74.0,1.0,0.0,0.0,-84.35806918144226
pos,76.0,1.0,0.0,0.0,-5.2976155281066895
pos,78.0,1.0,0.0,0.0,-21.577570915222168
pos,81.0,1.0,0.0,0.0,-9.25858211517334
pos,90.0,1.0,0.0,0.0,-5.6577301025390625
pos,92.0,1.0,0.0,0.0,-95.37178373336792
pos,94.0,1.0,0.0,0.0,-17.149076461791992
pos,95.0,1.0,0.0,0.0,-14.4176926612854
pos,96.0,1.0,0.0,0.0,-51.3673357963562
pos,102.0,1.0,0.0,0.0,-7.8322248458862305
pos,106.0,1.0,0.0,0.0,-6.791512489318848
pos,113.0,1.0,0.0,0.0,-99.14378023147583
ucb_lcb,8.0,1.0,0.0,0.0,-20.95874869369436
ucb_lcb,9.0,1.0,0.0,0.0,-5.038798809051514
ucb_lcb,10.0,1.0,0.0,0.0,-23.72978413850069
ucb_lcb,13.0,1.0,0.0,0.0,-4.796652317047119
ucb_lcb,14.0,1.0,0.0,0.0,-182.86423289775848
ucb_lcb,16.0,1.0,0.0,0.0,-5.114412887953222
ucb_lcb,18.0,1.0,0.0,0.0,-5.803720951080322
ucb_lcb,26.0,1.0,0.0,0.0,-4.860763072967529
ucb_lcb,29.0,1.0,0.0,0.0,-91.26188933849335
ucb_lcb,33.0,1.0,0.0,0.0,-41.22602605819702
ucb_lcb,34.0,1.0,0.0,0.0,-0.0025005398128996603
ucb_lcb,35.0,1.0,0.0,0.0,-4.8411455154418945
ucb_lcb,36.0,1.0,0.0,0.0,-26.311828400939703
ucb_lcb,38.0,1.0,0.0,0.0,-2.3771376609802246
ucb_lcb,40.0,1.0,0.0,0.0,-4.804407596588135
ucb_lcb,41.0,1.0,0.0,0.0,-45.40088851749897
ucb_lcb,42.0,1.0,0.0,0.0,-17.567514419555664
ucb_lcb,43.0,1.0,0.0,0.0,-4.816690444946289
ucb_lcb,44.0,1.0,0.0,0.0,-7.458615370094776
ucb_lcb,47.0,1.0,0.0,0.0,-28.995399355888367
ucb_lcb,54.0,1.0,0.0,0.0,-4.830280303955078
ucb_lcb,58.0,1.0,0.0,0.0,-23.613476276397705
ucb_lcb,67.0,1.0,0.0,0.0,-4.808727741241455
ucb_lcb,69.0,1.0,0.0,0.0,-5.350715637207031
ucb_lcb,72.0,1.0,0.0,0.0,-66.03032998740673
ucb_lcb,74.0,1.0,0.0,0.0,-93.5623654127121
ucb_lcb,76.0,1.0,0.0,0.0,-7.388026714324951
ucb_lcb,78.0,1.0,0.0,0.0,-21.58418869972229
ucb_lcb,81.0,1.0,0.0,0.0,-9.429083585739136
ucb_lcb,90.0,1.0,0.0,0.0,-4.823223114013672
ucb_lcb,92.0,1.0,0.0,0.0,-52.33912966400385
ucb_lcb,94.0,1.0,0.0,0.0,-20.18194341659546
ucb_lcb,95.0,1.0,0.0,0.0,-11.991652011871338
ucb_lcb,96.0,1.0,0.0,0.0,-48.624237060546875
ucb_lcb,102.0,1.0,0.0,0.0,-5.193716526031494
ucb_lcb,106.0,1.0,0.0,0.0,-4.820830345153809
ucb_lcb,113.0,1.0,0.0,0.0,-21.35489273071289
ucb_b0,8.0,1.0,0.0,0.0,-20.355325054610148
ucb_b0,9.0,1.0,0.0,0.0,-5.590139389038086
ucb_b0,10.0,1.0,0.0,0.0,-25.935946956276894
ucb_b0,13.0,1.0,0.0,0.0,-4.940613746643066
ucb_b0,14.0,1.0,0.0,0.0,-45.15075469017029
ucb_b0,16.0,1.0,0.0,0.0,-8.516574203968048
ucb_b0,18.0,1.0,0.0,0.0,-6.188539028167725
ucb_b0,26.0,1.0,0.0,0.0,-5.140524864196777
ucb_b0,29.0,1.0,0.0,0.0,-105.68586480617523
ucb_b0,33.0,1.0,0.0,0.0,-42.72611594200134
ucb_b0,34.0,1.0,0.0,0.0,-0.06475673499517143
ucb_b0,35.0,1.0,0.0,0.0,-4.976487159729004
ucb_b0,36.0,1.0,0.0,0.0,-27.418196991086006
ucb_b0,38.0,1.0,0.0,0.0,-3.1799373626708984
ucb_b0,40.0,1.0,0.0,0.0,-4.898426532745361
ucb_b0,41.0,1.0,0.0,0.0,-46.16045933961868
ucb_b0,42.0,1.0,0.0,0.0,-17.72856044769287
ucb_b0,43.0,1.0,0.0,0.0,-4.948633193969727
ucb_b0,44.0,1.0,0.0,0.0,-12.913130164146423
ucb_b0,47.0,1.0,0.0,0.0,-35.78650110960007
ucb_b0,54.0,1.0,0.0,0.0,-4.96334981918335
ucb_b0,58.0,1.0,0.0,0.0,-23.63973069190979
ucb_b0,67.0,1.0,0.0,0.0,-4.946538925170898
ucb_b0,69.0,1.0,0.0,0.0,-4.894213676452637
ucb_b0,72.0,1.0,0.0,0.0,-102.30014824867249
ucb_b0,74.0,1.0,0.0,0.0,-121.12544584274292
ucb_b0,76.0,1.0,0.0,0.0,-9.21034049987793
ucb_b0,78.0,1.0,0.0,0.0,-23.54348921775818
ucb_b0,81.0,1.0,0.0,0.0,-8.475560188293457
ucb_b0,90.0,1.0,0.0,0.0,-4.79186487197876
ucb_b0,92.0,1.0,0.0,0.0,-52.366207644343376
ucb_b0,94.0,1.0,0.0,0.0,-18.598898887634277
ucb_b0,95.0,1.0,0.0,0.0,-12.356952667236328
ucb_b0,96.0,1.0,0.0,0.0,-52.43488001823425
ucb_b0,102.0,1.0,0.0,0.0,-4.880891799926758
ucb_b0,106.0,1.0,0.0,0.0,-4.913752555847168
ucb_b0,113.0,1.0,0.0,0.0,-18.04176366329193
ucb_lcb_n,8.0,1.0,0.0,0.0,-19.72952866787091
ucb_lcb_n,9.0,1.0,0.0,0.0,-4.970694541931152
ucb_lcb_n,10.0,1.0,0.0,0.0,-81.86639094352722
ucb_lcb_n,13.0,1.0,0.0,0.0,-4.902143478393555
ucb_lcb_n,14.0,1.0,0.0,0.0,-174.74973320960999
ucb_lcb_n,16.0,1.0,0.0,0.0,-5.2689671609550714
ucb_lcb_n,18.0,1.0,0.0,0.0,-6.169885158538818
ucb_lcb_n,26.0,1.0,0.0,0.0,-5.361216068267822
ucb_lcb_n,29.0,1.0,0.0,0.0,-100.76963578164577
ucb_lcb_n,33.0,1.0,0.0,0.0,-34.9256432056427
ucb_lcb_n,34.0,1.0,0.0,0.0,-0.0025005398128996603
ucb_lcb_n,35.0,1.0,0.0,0.0,-4.928065776824951
ucb_lcb_n,36.0,1.0,0.0,0.0,-27.508745223283768
ucb_lcb_n,38.0,1.0,0.0,0.0,-2.141568660736084
ucb_lcb_n,40.0,1.0,0.0,0.0,-4.8659138679504395
ucb_lcb_n,41.0,1.0,0.0,0.0,-43.09978603199124
ucb_lcb_n,42.0,1.0,0.0,0.0,-19.105896949768066
ucb_lcb_n,43.0,1.0,0.0,0.0,-4.880455493927002
ucb_lcb_n,44.0,1.0,0.0,0.0,-7.530376349575818
ucb_lcb_n,47.0,1.0,0.0,0.0,-35.007601886987686
ucb_lcb_n,54.0,1.0,0.0,0.0,-4.986821174621582
ucb_lcb_n,58.0,1.0,0.0,0.0,-20.596635818481445
ucb_lcb_n,67.0,1.0,0.0,0.0,-4.916029930114746
ucb_lcb_n,69.0,1.0,0.0,0.0,-5.0958123207092285
ucb_lcb_n,72.0,1.0,0.0,0.0,-64.92266734689474
ucb_lcb_n,74.0,1.0,0.0,0.0,-116.43029761314392
ucb_lcb_n,76.0,1.0,0.0,0.0,-7.129210948944092
ucb_lcb_n,78.0,1.0,0.0,0.0,-14.06261032819748
ucb_lcb_n,81.0,1.0,0.0,0.0,-7.809836149215698
ucb_lcb_n,90.0,1.0,0.0,0.0,-5.059821605682373
ucb_lcb_n,92.0,1.0,0.0,0.0,-50.093297842890024
ucb_lcb_n,94.0,1.0,0.0,0.0,-23.135117530822754
ucb_lcb_n,95.0,1.0,0.0,0.0,-11.88914442062378
ucb_lcb_n,96.0,1.0,0.0,0.0,-47.87404602766037
ucb_lcb_n,102.0,1.0,0.0,0.0,-4.862056732177734
ucb_lcb_n,106.0,1.0,0.0,0.0,-5.027951240539551
ucb_lcb_n,113.0,1.0,0.0,0.0,-19.719841077923775
random,8.0,1.0,0.0,0.0,-119.89476680755615
random,9.0,1.0,0.0,0.0,-4.795790672302246
random,10.0,1.0,0.0,0.0,-119.89476680755615
random,13.0,1.0,0.0,0.0,-4.795790672302246
random,14.0,1.0,0.0,0.0,-119.89476680755615
random,16.0,1.0,0.0,0.0,-119.89476680755615
random,18.0,1.0,0.0,0.0,-4.795790672302246
random,26.0,1.0,0.0,0.0,-4.795790672302246
random,29.0,1.0,0.0,0.0,-119.89476680755615
random,33.0,1.0,0.0,0.0,-52.75369739532471
random,34.0,1.0,0.0,0.0,-119.89476680755615
random,35.0,1.0,0.0,0.0,-4.795790672302246
random,36.0,1.0,0.0,0.0,-119.89476680755615
random,38.0,1.0,0.0,0.0,-4.795790672302246
random,40.0,1.0,0.0,0.0,-4.795790672302246
random,41.0,1.0,0.0,0.0,-119.89476680755615
random,42.0,1.0,0.0,0.0,-19.183162689208984
random,43.0,1.0,0.0,0.0,-4.795790672302246
random,44.0,1.0,0.0,0.0,-119.89476680755615
random,47.0,1.0,0.0,0.0,-119.89476680755615
random,54.0,1.0,0.0,0.0,-4.795790672302246
random,58.0,1.0,0.0,0.0,-33.57053470611572
random,67.0,1.0,0.0,0.0,-4.795790672302246
random,69.0,1.0,0.0,0.0,-4.795790672302246
random,72.0,1.0,0.0,0.0,-119.89476680755615
random,74.0,1.0,0.0,0.0,-119.89476680755615
random,76.0,1.0,0.0,0.0,-4.795790672302246
random,78.0,1.0,0.0,0.0,-33.57053470611572
random,81.0,1.0,0.0,0.0,-9.591581344604492
random,90.0,1.0,0.0,0.0,-4.795790672302246
random,92.0,1.0,0.0,0.0,-119.89476680755615
random,94.0,1.0,0.0,0.0,-14.387372016906738
random,95.0,1.0,0.0,0.0,-9.591581344604492
random,96.0,1.0,0.0,0.0,-67.14106941223145
random,102.0,1.0,0.0,0.0,-4.795790672302246
random,106.0,1.0,0.0,0.0,-4.795790672302246
random,113.0,1.0,0.0,0.0,-119.89476680755615
pos,8.0,1.0,0.0,1.0,-73.20339965820312
pos,9.0,1.0,0.0,1.0,-5.057870388031006
pos,10.0,1.0,0.0,1.0,-6.168246746063232
pos,13.0,1.0,0.0,1.0,-6.053294658660889
pos,14.0,1.0,0.0,1.0,-8.072903633117676
pos,16.0,1.0,0.0,1.0,-8.227856636047363
pos,18.0,1.0,0.0,1.0,-86.07699680328369
pos,26.0,1.0,0.0,1.0,-10.172430992126465
pos,29.0,1.0,0.0,1.0,-90.48196363449097
pos,33.0,1.0,0.0,1.0,-1.8873119354248047
pos,34.0,1.0,0.0,1.0,-54.976003646850586
pos,35.0,1.0,0.0,1.0,-6.21461820602417
pos,36.0,1.0,0.0,1.0,-102.56780242919922
pos,38.0,1.0,0.0,1.0,-41.8846709728241
pos,40.0,1.0,0.0,1.0,-7.47417688369751
pos,41.0,1.0,0.0,1.0,-7.005929946899414
pos,42.0,1.0,0.0,1.0,-11.99022102355957
pos,43.0,1.0,0.0,1.0,-86.66346836090088
pos,44.0,1.0,0.0,1.0,-9.21034049987793
pos,47.0,1.0,0.0,1.0,-66.04840564727783
pos,54.0,1.0,0.0,1.0,-13.38912320137024
pos,58.0,1.0,0.0,1.0,-7.630795240402222
pos,67.0,1.0,0.0,1.0,-92.92364597320557
pos,69.0,1.0,0.0,1.0,-96.89128136634827
pos,72.0,1.0,0.0,1.0,-69.0497555732727
pos,74.0,1.0,0.0,1.0,-9.526565551757812
pos,76.0,1.0,0.0,1.0,-5.465554714202881
pos,78.0,1.0,0.0,1.0,-18.768562078475952
pos,81.0,1.0,0.0,1.0,-9.57258939743042
pos,90.0,1.0,0.0,1.0,-9.583919525146484
pos,92.0,1.0,0.0,1.0,-10.549452543258667
pos,94.0,1.0,0.0,1.0,-75.46527743339539
pos,95.0,1.0,0.0,1.0,-33.46067696809769
pos,96.0,1.0,0.0,1.0,-92.97967410087585
pos,102.0,1.0,0.0,1.0,-105.35660648345947
pos,106.0,1.0,0.0,1.0,-6.100271224975586
pos,113.0,1.0,0.0,1.0,-97.63161587715149
ucb_lcb,8.0,1.0,0.0,1.0,-25.410613061860204
ucb_lcb,9.0,1.0,0.0,1.0,-4.821569919586182
ucb_lcb,10.0,1.0,0.0,1.0,-5.523744106292725
ucb_lcb,13.0,1.0,0.0,1.0,-4.786481857299805
ucb_lcb,14.0,1.0,0.0,1.0,-4.825226306915283
ucb_lcb,16.0,1.0,0.0,1.0,-4.8065385818481445
ucb_lcb,18.0,1.0,0.0,1.0,-23.659758254885674
ucb_lcb,26.0,1.0,0.0,1.0,-9.584765434265137
ucb_lcb,29.0,1.0,0.0,1.0,-80.41820466518402
ucb_lcb,33.0,1.0,0.0,1.0,-3.1052136421203613
ucb_lcb,34.0,1.0,0.0,1.0,-0.0025005398128996603
ucb_lcb,35.0,1.0,0.0,1.0,-4.777554035186768
ucb_lcb,36.0,1.0,0.0,1.0,-31.42636762186885
ucb_lcb,38.0,1.0,0.0,1.0,-57.55259084701538
ucb_lcb,40.0,1.0,0.0,1.0,-4.819499969482422
ucb_lcb,41.0,1.0,0.0,1.0,-5.5900492668151855
ucb_lcb,42.0,1.0,0.0,1.0,-11.909607648849487
ucb_lcb,43.0,1.0,0.0,1.0,-96.85656625032425
ucb_lcb,44.0,1.0,0.0,1.0,-5.0255513191223145
ucb_lcb,47.0,1.0,0.0,1.0,-30.23886775970459
ucb_lcb,54.0,1.0,0.0,1.0,-13.217487812042236
ucb_lcb,58.0,1.0,0.0,1.0,-9.897513151168823
ucb_lcb,67.0,1.0,0.0,1.0,-92.33287121728063
ucb_lcb,69.0,1.0,0.0,1.0,-89.11377775669098
ucb_lcb,72.0,1.0,0.0,1.0,-51.0801187902689
ucb_lcb,74.0,1.0,0.0,1.0,-10.409568786621094
ucb_lcb,76.0,1.0,0.0,1.0,-8.18749713897705
ucb_lcb,78.0,1.0,0.0,1.0,-13.855802565813065
ucb_lcb,81.0,1.0,0.0,1.0,-7.507312536239624
ucb_lcb,90.0,1.0,0.0,1.0,-13.317302703857422
ucb_lcb,92.0,1.0,0.0,1.0,-13.39394211769104
ucb_lcb,94.0,1.0,0.0,1.0,-14.961694474746764
ucb_lcb,95.0,1.0,0.0,1.0,-105.23884868621826
ucb_lcb,96.0,1.0,0.0,1.0,-76.57266736030579
ucb_lcb,102.0,1.0,0.0,1.0,-71.67451526969671
ucb_lcb,106.0,1.0,0.0,1.0,-4.776673316955566
ucb_lcb,113.0,1.0,0.0,1.0,-17.698740299791098
ucb_b0,8.0,1.0,0.0,1.0,-25.06027901172638
ucb_b0,9.0,1.0,0.0,1.0,-4.967093467712402
ucb_b0,10.0,1.0,0.0,1.0,-5.79529333114624
ucb_b0,13.0,1.0,0.0,1.0,-4.995588302612305
ucb_b0,14.0,1.0,0.0,1.0,-5.018093109130859
ucb_b0,16.0,1.0,0.0,1.0,-4.899381160736084
ucb_b0,18.0,1.0,0.0,1.0,-22.596496917307377
ucb_b0,26.0,1.0,0.0,1.0,-9.967358112335205
ucb_b0,29.0,1.0,0.0,1.0,-107.7764675617218
ucb_b0,33.0,1.0,0.0,1.0,-3.635607957839966
ucb_b0,34.0,1.0,0.0,1.0,-0.0025005398128996603
ucb_b0,35.0,1.0,0.0,1.0,-4.968624114990234
ucb_b0,36.0,1.0,0.0,1.0,-32.51481717079878
ucb_b0,38.0,1.0,0.0,1.0,-55.86068773269653
ucb_b0,40.0,1.0,0.0,1.0,-5.005197525024414
ucb_b0,41.0,1.0,0.0,1.0,-5.802518844604492
ucb_b0,42.0,1.0,0.0,1.0,-12.181139945983887
ucb_b0,43.0,1.0,0.0,1.0,-96.90764153003693
ucb_b0,44.0,1.0,0.0,1.0,-5.347834587097168
ucb_b0,47.0,1.0,0.0,1.0,-33.313543915748596
ucb_b0,54.0,1.0,0.0,1.0,-12.70622444152832
ucb_b0,58.0,1.0,0.0,1.0,-10.434463024139404
ucb_b0,67.0,1.0,0.0,1.0,-94.08587163686752
ucb_b0,69.0,1.0,0.0,1.0,-100.31011456251144
ucb_b0,72.0,1.0,0.0,1.0,-77.85576820373535
ucb_b0,74.0,1.0,0.0,1.0,-9.88658618927002
ucb_b0,76.0,1.0,0.0,1.0,-9.21034049987793
ucb_b0,78.0,1.0,0.0,1.0,-20.188918828964233
ucb_b0,81.0,1.0,0.0,1.0,-8.514766216278076
ucb_b0,90.0,1.0,0.0,1.0,-14.28055191040039
ucb_b0,92.0,1.0,0.0,1.0,-12.868102073669434
ucb_b0,94.0,1.0,0.0,1.0,-11.809468060731888
ucb_b0,95.0,1.0,0.0,1.0,-49.85113286972046
ucb_b0,96.0,1.0,0.0,1.0,-82.21509951353073
ucb_b0,102.0,1.0,0.0,1.0,-95.47847330570221
ucb_b0,106.0,1.0,0.0,1.0,-4.712680816650391
ucb_b0,113.0,1.0,0.0,1.0,-17.734290044754744
ucb_lcb_n,8.0,1.0,0.0,1.0,-23.978945158421993
ucb_lcb_n,9.0,1.0,0.0,1.0,-4.849727153778076
ucb_lcb_n,10.0,1.0,0.0,1.0,-5.794351577758789
ucb_lcb_n,13.0,1.0,0.0,1.0,-4.897852420806885
ucb_lcb_n,14.0,1.0,0.0,1.0,-5.101851940155029
ucb_lcb_n,16.0,1.0,0.0,1.0,-4.8139142990112305
ucb_lcb_n,18.0,1.0,0.0,1.0,-22.07643136009574
ucb_lcb_n,26.0,1.0,0.0,1.0,-10.045898914337158
ucb_lcb_n,29.0,1.0,0.0,1.0,-61.512515261769295
ucb_lcb_n,33.0,1.0,0.0,1.0,-2.7461447715759277
ucb_lcb_n,34.0,1.0,0.0,1.0,-0.0025005398128996603
ucb_lcb_n,35.0,1.0,0.0,1.0,-4.902535438537598
ucb_lcb_n,36.0,1.0,0.0,1.0,-31.548238821327686
ucb_lcb_n,38.0,1.0,0.0,1.0,-38.979167103767395
ucb_lcb_n,40.0,1.0,0.0,1.0,-4.933007717132568
ucb_lcb_n,41.0,1.0,0.0,1.0,-5.904511451721191
ucb_lcb_n,42.0,1.0,0.0,1.0,-11.775613903999329
ucb_lcb_n,43.0,1.0,0.0,1.0,-85.67601436376572
ucb_lcb_n,44.0,1.0,0.0,1.0,-5.068212509155273
ucb_lcb_n,47.0,1.0,0.0,1.0,-36.58888125419617
ucb_lcb_n,54.0,1.0,0.0,1.0,-13.270439386367798
ucb_lcb_n,58.0,1.0,0.0,1.0,-8.840985774993896
ucb_lcb_n,67.0,1.0,0.0,1.0,-80.11750640906394
ucb_lcb_n,69.0,1.0,0.0,1.0,-53.14097098575439
ucb_lcb_n,72.0,1.0,0.0,1.0,-51.386943727731705
ucb_lcb_n,74.0,1.0,0.0,1.0,-9.50949239730835
ucb_lcb_n,76.0,1.0,0.0,1.0,-8.257718086242676
ucb_lcb_n,78.0,1.0,0.0,1.0,-14.63205885887146
ucb_lcb_n,81.0,1.0,0.0,1.0,-8.84425973892212
ucb_lcb_n,90.0,1.0,0.0,1.0,-11.374279975891113
ucb_lcb_n,92.0,1.0,0.0,1.0,-9.522865056991577
ucb_lcb_n,94.0,1.0,0.0,1.0,-12.488454609643668
ucb_lcb_n,95.0,1.0,0.0,1.0,-84.70950770378113
ucb_lcb_n,96.0,1.0,0.0,1.0,-51.253366057324456
ucb_lcb_n,102.0,1.0,0.0,1.0,-66.78781451284885
ucb_lcb_n,106.0,1.0,0.0,1.0,-4.827235221862793
ucb_lcb_n,113.0,1.0,0.0,1.0,-17.82821189239621
random,8.0,1.0,0.0,1.0,-119.89476680755615
random,9.0,1.0,0.0,1.0,-4.795790672302246
random,10.0,1.0,0.0,1.0,-4.795790672302246
random,13.0,1.0,0.0,1.0,-4.795790672302246
random,14.0,1.0,0.0,1.0,-4.795790672302246
random,16.0,1.0,0.0,1.0,-4.795790672302246
random,18.0,1.0,0.0,1.0,-119.89476680755615
random,26.0,1.0,0.0,1.0,-9.591581344604492
random,29.0,1.0,0.0,1.0,-119.89476680755615
random,33.0,1.0,0.0,1.0,-4.795790672302246
random,34.0,1.0,0.0,1.0,-119.89476680755615
random,35.0,1.0,0.0,1.0,-4.795790672302246
random,36.0,1.0,0.0,1.0,-119.89476680755615
random,38.0,1.0,0.0,1.0,-67.14106941223145
random,40.0,1.0,0.0,1.0,-4.795790672302246
random,41.0,1.0,0.0,1.0,-4.795790672302246
random,42.0,1.0,0.0,1.0,-19.183162689208984
random,43.0,1.0,0.0,1.0,-119.89476680755615
random,44.0,1.0,0.0,1.0,-4.795790672302246
random,47.0,1.0,0.0,1.0,-119.89476680755615
random,54.0,1.0,0.0,1.0,-14.387372016906738
random,58.0,1.0,0.0,1.0,-14.387372016906738
random,67.0,1.0,0.0,1.0,-119.89476680755615
random,69.0,1.0,0.0,1.0,-119.89476680755615
random,72.0,1.0,0.0,1.0,-91.12002277374268
random,74.0,1.0,0.0,1.0,-9.591581344604492
random,76.0,1.0,0.0,1.0,-4.795790672302246
random,78.0,1.0,0.0,1.0,-23.97895336151123
random,81.0,1.0,0.0,1.0,-9.591581344604492
random,90.0,1.0,0.0,1.0,-14.387372016906738
random,92.0,1.0,0.0,1.0,-19.183162689208984
random,94.0,1.0,0.0,1.0,-119.89476680755615
random,95.0,1.0,0.0,1.0,-57.54948806762695
random,96.0,1.0,0.0,1.0,-119.89476680755615
random,102.0,1.0,0.0,1.0,-119.89476680755615
random,106.0,1.0,0.0,1.0,-4.795790672302246
random,113.0,1.0,0.0,1.0,-119.89476680755615
pos,8.0,1.0,0.0,2.0,-5.023057460784912
pos,9.0,1.0,0.0,2.0,-5.055731773376465
pos,10.0,1.0,0.0,2.0,-99.20150947570801
pos,13.0,1.0,0.0,2.0,-6.142131328582764
pos,14.0,1.0,0.0,2.0,-96.18897581100464
pos,16.0,1.0,0.0,2.0,-17.443148612976074
pos,18.0,1.0,0.0,2.0,-87.79205656051636
pos,26.0,1.0,0.0,2.0,-5.055499076843262
pos,29.0,1.0,0.0,2.0,-96.16293048858643
pos,33.0,1.0,0.0,2.0,-89.40615713596344
pos,34.0,1.0,0.0,2.0,-49.74980866909027
pos,35.0,1.0,0.0,2.0,-6.256875038146973
pos,36.0,1.0,0.0,2.0,-105.41453909873962
pos,38.0,1.0,0.0,2.0,-7.518064022064209
pos,40.0,1.0,0.0,2.0,-7.546939849853516
pos,41.0,1.0,0.0,2.0,-13.09087347984314
pos,42.0,1.0,0.0,2.0,-96.38626289367676
pos,43.0,1.0,0.0,2.0,-82.77969574928284
pos,44.0,1.0,0.0,2.0,-9.21034049987793
pos,47.0,1.0,0.0,2.0,-29.311755061149597
pos,54.0,1.0,0.0,2.0,-5.355721473693848
pos,58.0,1.0,0.0,2.0,-96.8706259727478
pos,67.0,1.0,0.0,2.0,-4.752749443054199
pos,69.0,1.0,0.0,2.0,-98.88480615615845
pos,72.0,1.0,0.0,2.0,-5.084237575531006
pos,74.0,1.0,0.0,2.0,-14.10980486869812
pos,76.0,1.0,0.0,2.0,-56.60798454284668
pos,78.0,1.0,0.0,2.0,-5.541168212890625
pos,81.0,1.0,0.0,2.0,-9.87996530532837
pos,90.0,1.0,0.0,2.0,-89.69152760505676
pos,92.0,1.0,0.0,2.0,-50.42827892303467
pos,94.0,1.0,0.0,2.0,-5.0573506355285645
pos,95.0,1.0,0.0,2.0,-14.405283451080322
pos,96.0,1.0,0.0,2.0,-91.74985265731812
pos,102.0,1.0,0.0,2.0,-7.807494640350342
pos,106.0,1.0,0.0,2.0,-97.88995695114136
pos,113.0,1.0,0.0,2.0,-10.446852684020996
ucb_lcb,8.0,1.0,0.0,2.0,-9.21034049987793
ucb_lcb,9.0,1.0,0.0,2.0,-4.831893444061279
ucb_lcb,10.0,1.0,0.0,2.0,-63.67621833086014
ucb_lcb,13.0,1.0,0.0,2.0,-4.783112525939941
ucb_lcb,14.0,1.0,0.0,2.0,-32.42665480143478
ucb_lcb,16.0,1.0,0.0,2.0,-11.973158836364746
ucb_lcb,18.0,1.0,0.0,2.0,-15.540429588407278
ucb_lcb,26.0,1.0,0.0,2.0,-4.812599182128906
ucb_lcb,29.0,1.0,0.0,2.0,-66.65016651153564
ucb_lcb,33.0,1.0,0.0,2.0,-124.12721982117364
ucb_lcb,34.0,1.0,0.0,2.0,-0.0025005398128996603
ucb_lcb,35.0,1.0,0.0,2.0,-4.801379680633545
ucb_lcb,36.0,1.0,0.0,2.0,-20.200400978326797
ucb_lcb,38.0,1.0,0.0,2.0,-5.165252685546875
ucb_lcb,40.0,1.0,0.0,2.0,-4.843016624450684
ucb_lcb,41.0,1.0,0.0,2.0,-11.845158100128174
ucb_lcb,42.0,1.0,0.0,2.0,-202.6407709121704
ucb_lcb,43.0,1.0,0.0,2.0,-74.22141921520233
ucb_lcb,44.0,1.0,0.0,2.0,-4.954796314239502
ucb_lcb,47.0,1.0,0.0,2.0,-25.37773859500885
ucb_lcb,54.0,1.0,0.0,2.0,-4.865338325500488
ucb_lcb,58.0,1.0,0.0,2.0,-103.4454860164551
ucb_lcb,67.0,1.0,0.0,2.0,-4.767055988311768
ucb_lcb,69.0,1.0,0.0,2.0,-88.32659101486206
ucb_lcb,72.0,1.0,0.0,2.0,-4.863049507141113
ucb_lcb,74.0,1.0,0.0,2.0,-12.500666618347168
ucb_lcb,76.0,1.0,0.0,2.0,-230.25851249694824
ucb_lcb,78.0,1.0,0.0,2.0,-5.963866710662842
ucb_lcb,81.0,1.0,0.0,2.0,-10.461739778518677
ucb_lcb,90.0,1.0,0.0,2.0,-85.40016580472002
ucb_lcb,92.0,1.0,0.0,2.0,-56.76770317554474
ucb_lcb,94.0,1.0,0.0,2.0,-3.810549259185791
ucb_lcb,95.0,1.0,0.0,2.0,-11.562881469726562
ucb_lcb,96.0,1.0,0.0,2.0,-86.40533018112183
ucb_lcb,102.0,1.0,0.0,2.0,-4.847916603088379
ucb_lcb,106.0,1.0,0.0,2.0,-141.39940868131816
ucb_lcb,113.0,1.0,0.0,2.0,-11.218302726745605
ucb_b0,8.0,1.0,0.0,2.0,-9.21034049987793
ucb_b0,9.0,1.0,0.0,2.0,-4.99847412109375
ucb_b0,10.0,1.0,0.0,2.0,-41.24238979816437
ucb_b0,13.0,1.0,0.0,2.0,-4.939783096313477
ucb_b0,14.0,1.0,0.0,2.0,-21.643694780766964
ucb_b0,16.0,1.0,0.0,2.0,-14.252410411834717
ucb_b0,18.0,1.0,0.0,2.0,-16.62186948210001
ucb_b0,26.0,1.0,0.0,2.0,-5.010829925537109
ucb_b0,29.0,1.0,0.0,2.0,-67.669174015522
ucb_b0,33.0,1.0,0.0,2.0,-86.91734919324517
ucb_b0,34.0,1.0,0.0,2.0,-0.02769635181175545
ucb_b0,35.0,1.0,0.0,2.0,-4.894384384155273
ucb_b0,36.0,1.0,0.0,2.0,-20.464958041906357
ucb_b0,38.0,1.0,0.0,2.0,-5.247544288635254
ucb_b0,40.0,1.0,0.0,2.0,-5.006221294403076
ucb_b0,41.0,1.0,0.0,2.0,-11.752453565597534
ucb_b0,42.0,1.0,0.0,2.0,-199.19466972351074
ucb_b0,43.0,1.0,0.0,2.0,-56.65375792980194
ucb_b0,44.0,1.0,0.0,2.0,-5.2052717208862305
ucb_b0,47.0,1.0,0.0,2.0,-24.76718842983246
ucb_b0,54.0,1.0,0.0,2.0,-5.020198345184326
ucb_b0,58.0,1.0,0.0,2.0,-105.52084354497492
ucb_b0,67.0,1.0,0.0,2.0,-4.537957191467285
ucb_b0,69.0,1.0,0.0,2.0,-92.5975638628006
ucb_b0,72.0,1.0,0.0,2.0,-4.909055233001709
ucb_b0,74.0,1.0,0.0,2.0,-14.153475522994995
ucb_b0,76.0,1.0,0.0,2.0,-51.929980874061584
ucb_b0,78.0,1.0,0.0,2.0,-5.75206995010376
ucb_b0,81.0,1.0,0.0,2.0,-9.050857067108154
ucb_b0,90.0,1.0,0.0,2.0,-91.22520542144775
ucb_b0,92.0,1.0,0.0,2.0,-54.304553389549255
ucb_b0,94.0,1.0,0.0,2.0,-4.136674404144287
ucb_b0,95.0,1.0,0.0,2.0,-11.211652755737305
ucb_b0,96.0,1.0,0.0,2.0,-100.96691131591797
ucb_b0,102.0,1.0,0.0,2.0,-4.872054100036621
ucb_b0,106.0,1.0,0.0,2.0,-97.96162074804306
ucb_b0,113.0,1.0,0.0,2.0,-11.520421504974365
ucb_lcb_n,8.0,1.0,0.0,2.0,-9.21034049987793
ucb_lcb_n,9.0,1.0,0.0,2.0,-4.827300071716309
ucb_lcb_n,10.0,1.0,0.0,2.0,-39.58851134777069
ucb_lcb_n,13.0,1.0,0.0,2.0,-5.0799102783203125
ucb_lcb_n,14.0,1.0,0.0,2.0,-32.42495106226852
ucb_lcb_n,16.0,1.0,0.0,2.0,-11.290535926818848
ucb_lcb_n,18.0,1.0,0.0,2.0,-15.540607020258904
ucb_lcb_n,26.0,1.0,0.0,2.0,-5.073996543884277
ucb_lcb_n,29.0,1.0,0.0,2.0,-125.86372578144073
ucb_lcb_n,33.0,1.0,0.0,2.0,-121.28759044222534
ucb_lcb_n,34.0,1.0,0.0,2.0,-0.0025005398128996603
ucb_lcb_n,35.0,1.0,0.0,2.0,-4.924848556518555
ucb_lcb_n,36.0,1.0,0.0,2.0,-22.20981739461422
ucb_lcb_n,38.0,1.0,0.0,2.0,-5.534423351287842
ucb_lcb_n,40.0,1.0,0.0,2.0,-5.040164470672607
ucb_lcb_n,41.0,1.0,0.0,2.0,-10.664405584335327
ucb_lcb_n,42.0,1.0,0.0,2.0,-203.40800857543945
ucb_lcb_n,43.0,1.0,0.0,2.0,-133.72618889808655
ucb_lcb_n,44.0,1.0,0.0,2.0,-4.955563545227051
ucb_lcb_n,47.0,1.0,0.0,2.0,-27.738619446754456
ucb_lcb_n,54.0,1.0,0.0,2.0,-5.188507080078125
ucb_lcb_n,58.0,1.0,0.0,2.0,-91.94765676208772
ucb_lcb_n,67.0,1.0,0.0,2.0,-4.798777103424072
ucb_lcb_n,69.0,1.0,0.0,2.0,-58.73669112473726
ucb_lcb_n,72.0,1.0,0.0,2.0,-4.867689609527588
ucb_lcb_n,74.0,1.0,0.0,2.0,-13.432515382766724
ucb_lcb_n,76.0,1.0,0.0,2.0,-229.02385807037354
ucb_lcb_n,78.0,1.0,0.0,2.0,-6.279361724853516
ucb_lcb_n,81.0,1.0,0.0,2.0,-9.950960636138916
ucb_lcb_n,90.0,1.0,0.0,2.0,-98.35632085800171
ucb_lcb_n,92.0,1.0,0.0,2.0,-34.33542329072952
ucb_lcb_n,94.0,1.0,0.0,2.0,-4.49695348739624
ucb_lcb_n,95.0,1.0,0.0,2.0,-11.042295932769775
ucb_lcb_n,96.0,1.0,0.0,2.0,-77.12575591482891
ucb_lcb_n,102.0,1.0,0.0,2.0,-4.8479743003845215
ucb_lcb_n,106.0,1.0,0.0,2.0,-109.95351041853428
ucb_lcb_n,113.0,1.0,0.0,2.0,-11.591906547546387
random,8.0,1.0,0.0,2.0,-4.795790672302246
random,9.0,1.0,0.0,2.0,-4.795790672302246
random,10.0,1.0,0.0,2.0,-119.89476680755615
random,13.0,1.0,0.0,2.0,-4.795790672302246
random,14.0,1.0,0.0,2.0,-119.89476680755615
random,16.0,1.0,0.0,2.0,-9.591581344604492
random,18.0,1.0,0.0,2.0,-119.89476680755615
random,26.0,1.0,0.0,2.0,-4.795790672302246
random,29.0,1.0,0.0,2.0,-119.89476680755615
random,33.0,1.0,0.0,2.0,-119.89476680755615
random,34.0,1.0,0.0,2.0,-119.89476680755615
random,35.0,1.0,0.0,2.0,-4.795790672302246
random,36.0,1.0,0.0,2.0,-119.89476680755615
random,38.0,1.0,0.0,2.0,-4.795790672302246
random,40.0,1.0,0.0,2.0,-4.795790672302246
random,41.0,1.0,0.0,2.0,-14.387372016906738
random,42.0,1.0,0.0,2.0,-119.89476680755615
random,43.0,1.0,0.0,2.0,-119.89476680755615
random,44.0,1.0,0.0,2.0,-4.795790672302246
random,47.0,1.0,0.0,2.0,-33.57053470611572
random,54.0,1.0,0.0,2.0,-4.795790672302246
random,58.0,1.0,0.0,2.0,-119.89476680755615
random,67.0,1.0,0.0,2.0,-4.795790672302246
random,69.0,1.0,0.0,2.0,-119.89476680755615
random,72.0,1.0,0.0,2.0,-4.795790672302246
random,74.0,1.0,0.0,2.0,-19.183162689208984
random,76.0,1.0,0.0,2.0,-119.89476680755615
random,78.0,1.0,0.0,2.0,-4.795790672302246
random,81.0,1.0,0.0,2.0,-9.591581344604492
random,90.0,1.0,0.0,2.0,-119.89476680755615
random,92.0,1.0,0.0,2.0,-71.93686008453369
random,94.0,1.0,0.0,2.0,-4.795790672302246
random,95.0,1.0,0.0,2.0,-9.591581344604492
random,96.0,1.0,0.0,2.0,-119.89476680755615
random,102.0,1.0,0.0,2.0,-4.795790672302246
random,106.0,1.0,0.0,2.0,-119.89476680755615
random,113.0,1.0,0.0,2.0,-9.591581344604492
pos,8.0,1.0,0.0,3.0,-72.13244891166687
pos,9.0,1.0,0.0,3.0,-85.32173776626587
pos,10.0,1.0,0.0,3.0,-6.126615047454834
pos,13.0,1.0,0.0,3.0,-6.194561004638672
pos,14.0,1.0,0.0,3.0,-6.915209770202637
pos,16.0,1.0,0.0,3.0,-17.41095733642578
pos,18.0,1.0,0.0,3.0,-88.5947732925415
pos,26.0,1.0,0.0,3.0,-5.094265937805176
pos,29.0,1.0,0.0,3.0,-88.2503969669342
pos,33.0,1.0,0.0,3.0,-22.239491939544678
pos,34.0,1.0,0.0,3.0,-48.99790358543396
pos,35.0,1.0,0.0,3.0,-13.48536729812622
pos,36.0,1.0,0.0,3.0,-23.018529653549194
pos,38.0,1.0,0.0,3.0,-2.769214630126953
pos,40.0,1.0,0.0,3.0,-12.16825008392334
pos,41.0,1.0,0.0,3.0,-97.12231159210205
pos,42.0,1.0,0.0,3.0,-22.85496973991394
pos,43.0,1.0,0.0,3.0,-6.01430606842041
pos,44.0,1.0,0.0,3.0,-103.91007280349731
pos,47.0,1.0,0.0,3.0,-9.089237213134766
pos,54.0,1.0,0.0,3.0,-10.280893325805664
pos,58.0,1.0,0.0,3.0,-13.400367736816406
pos,67.0,1.0,0.0,3.0,-4.94484281539917
pos,69.0,1.0,0.0,3.0,-47.92229247093201
pos,72.0,1.0,0.0,3.0,-19.082496166229248
pos,74.0,1.0,0.0,3.0,-68.97535538673401
pos,76.0,1.0,0.0,3.0,-81.64877009391785
pos,78.0,1.0,0.0,3.0,-3.2261998653411865
pos,81.0,1.0,0.0,3.0,-74.47701787948608
pos,90.0,1.0,0.0,3.0,-14.068085670471191
pos,92.0,1.0,0.0,3.0,-97.81298971176147
pos,94.0,1.0,0.0,3.0,-24.96343755722046
pos,95.0,1.0,0.0,3.0,-6.758022785186768
pos,96.0,1.0,0.0,3.0,-87.27678179740906
pos,102.0,1.0,0.0,3.0,-21.888653993606567
pos,106.0,1.0,0.0,3.0,-6.302467346191406
pos,113.0,1.0,0.0,3.0,-6.268418788909912
ucb_lcb,8.0,1.0,0.0,3.0,-9.547606777399778
ucb_lcb,9.0,1.0,0.0,3.0,-62.725146532058716
ucb_lcb,10.0,1.0,0.0,3.0,-5.468503475189209
ucb_lcb,13.0,1.0,0.0,3.0,-4.850373268127441
ucb_lcb,14.0,1.0,0.0,3.0,-4.9889068603515625
ucb_lcb,16.0,1.0,0.0,3.0,-9.709409236907959
ucb_lcb,18.0,1.0,0.0,3.0,-20.226185403764248
ucb_lcb,26.0,1.0,0.0,3.0,-4.827428340911865
ucb_lcb,29.0,1.0,0.0,3.0,-59.89494752883911
ucb_lcb,33.0,1.0,0.0,3.0,-24.50203561782837
ucb_lcb,34.0,1.0,0.0,3.0,-0.0025005398128996603
ucb_lcb,35.0,1.0,0.0,3.0,-9.707979202270508
ucb_lcb,36.0,1.0,0.0,3.0,-24.637136936187744
ucb_lcb,38.0,1.0,0.0,3.0,-2.343708038330078
ucb_lcb,40.0,1.0,0.0,3.0,-9.534729957580566
ucb_lcb,41.0,1.0,0.0,3.0,-31.59402161836624
ucb_lcb,42.0,1.0,0.0,3.0,-31.332438707351685
ucb_lcb,43.0,1.0,0.0,3.0,-4.815692901611328
ucb_lcb,44.0,1.0,0.0,3.0,-10.89416105300188
ucb_lcb,47.0,1.0,0.0,3.0,-7.58538818359375
ucb_lcb,54.0,1.0,0.0,3.0,-9.564688682556152
ucb_lcb,58.0,1.0,0.0,3.0,-15.911484241485596
ucb_lcb,67.0,1.0,0.0,3.0,-4.797036170959473
ucb_lcb,69.0,1.0,0.0,3.0,-47.79198956489563
ucb_lcb,72.0,1.0,0.0,3.0,-20.17270827293396
ucb_lcb,74.0,1.0,0.0,3.0,-58.74406552314758
ucb_lcb,76.0,1.0,0.0,3.0,-22.816362768411636
ucb_lcb,78.0,1.0,0.0,3.0,-2.51910400390625
ucb_lcb,81.0,1.0,0.0,3.0,-98.80969524383545
ucb_lcb,90.0,1.0,0.0,3.0,-10.855008602142334
ucb_lcb,92.0,1.0,0.0,3.0,-39.101666785776615
ucb_lcb,94.0,1.0,0.0,3.0,-17.42990881204605
ucb_lcb,95.0,1.0,0.0,3.0,-5.466257095336914
ucb_lcb,96.0,1.0,0.0,3.0,-82.29466378688812
ucb_lcb,102.0,1.0,0.0,3.0,-18.102972507476807
ucb_lcb,106.0,1.0,0.0,3.0,-4.721340179443359
ucb_lcb,113.0,1.0,0.0,3.0,-5.201324462890625
ucb_b0,8.0,1.0,0.0,3.0,-9.526686482131481
ucb_b0,9.0,1.0,0.0,3.0,-40.17288559675217
ucb_b0,10.0,1.0,0.0,3.0,-5.644961833953857
ucb_b0,13.0,1.0,0.0,3.0,-4.951431751251221
ucb_b0,14.0,1.0,0.0,3.0,-5.247985363006592
ucb_b0,16.0,1.0,0.0,3.0,-10.58329725265503
ucb_b0,18.0,1.0,0.0,3.0,-20.239268846809864
ucb_b0,26.0,1.0,0.0,3.0,-5.060843467712402
ucb_b0,29.0,1.0,0.0,3.0,-63.520372450351715
ucb_b0,33.0,1.0,0.0,3.0,-26.148508071899414
ucb_b0,34.0,1.0,0.0,3.0,-0.06417343555949628
ucb_b0,35.0,1.0,0.0,3.0,-9.987102508544922
ucb_b0,36.0,1.0,0.0,3.0,-22.646347761154175
ucb_b0,38.0,1.0,0.0,3.0,-3.221341609954834
ucb_b0,40.0,1.0,0.0,3.0,-9.60607099533081
ucb_b0,41.0,1.0,0.0,3.0,-29.108818739652634
ucb_b0,42.0,1.0,0.0,3.0,-29.983595609664917
ucb_b0,43.0,1.0,0.0,3.0,-4.931231498718262
ucb_b0,44.0,1.0,0.0,3.0,-12.418718785047531
ucb_b0,47.0,1.0,0.0,3.0,-9.21034049987793
ucb_b0,54.0,1.0,0.0,3.0,-9.907023906707764
ucb_b0,58.0,1.0,0.0,3.0,-17.97254991531372
ucb_b0,67.0,1.0,0.0,3.0,-4.9010725021362305
ucb_b0,69.0,1.0,0.0,3.0,-50.45982074737549
ucb_b0,72.0,1.0,0.0,3.0,-21.881632328033447
ucb_b0,74.0,1.0,0.0,3.0,-68.09705567359924
ucb_b0,76.0,1.0,0.0,3.0,-19.71540070482297
ucb_b0,78.0,1.0,0.0,3.0,-3.2282474040985107
ucb_b0,81.0,1.0,0.0,3.0,-93.69035530090332
ucb_b0,90.0,1.0,0.0,3.0,-9.802845478057861
ucb_b0,92.0,1.0,0.0,3.0,-39.0474906116724
ucb_b0,94.0,1.0,0.0,3.0,-18.411559104919434
ucb_b0,95.0,1.0,0.0,3.0,-5.403794765472412
ucb_b0,96.0,1.0,0.0,3.0,-88.71743461489677
ucb_b0,102.0,1.0,0.0,3.0,-18.78235960006714
ucb_b0,106.0,1.0,0.0,3.0,-4.733427047729492
ucb_b0,113.0,1.0,0.0,3.0,-5.338320255279541
ucb_lcb_n,8.0,1.0,0.0,3.0,-9.925347659736872
ucb_lcb_n,9.0,1.0,0.0,3.0,-74.70435082912445
ucb_lcb_n,10.0,1.0,0.0,3.0,-5.696507930755615
ucb_lcb_n,13.0,1.0,0.0,3.0,-5.00981330871582
ucb_lcb_n,14.0,1.0,0.0,3.0,-5.282843589782715
ucb_lcb_n,16.0,1.0,0.0,3.0,-9.706443309783936
ucb_lcb_n,18.0,1.0,0.0,3.0,-20.849896043539047
ucb_lcb_n,26.0,1.0,0.0,3.0,-5.822007656097412
ucb_lcb_n,29.0,1.0,0.0,3.0,-78.89571619033813
ucb_lcb_n,33.0,1.0,0.0,3.0,-16.730189323425293
ucb_lcb_n,34.0,1.0,0.0,3.0,-0.0025005398128996603
ucb_lcb_n,35.0,1.0,0.0,3.0,-9.99581527709961
ucb_lcb_n,36.0,1.0,0.0,3.0,-21.787433862686157
ucb_lcb_n,38.0,1.0,0.0,3.0,-2.115387439727783
ucb_lcb_n,40.0,1.0,0.0,3.0,-9.608399391174316
ucb_lcb_n,41.0,1.0,0.0,3.0,-34.822894521057606
ucb_lcb_n,42.0,1.0,0.0,3.0,-31.47553277015686
ucb_lcb_n,43.0,1.0,0.0,3.0,-4.957796096801758
ucb_lcb_n,44.0,1.0,0.0,3.0,-11.17446161992848
ucb_lcb_n,47.0,1.0,0.0,3.0,-8.62498664855957
ucb_lcb_n,54.0,1.0,0.0,3.0,-9.952884674072266
ucb_lcb_n,58.0,1.0,0.0,3.0,-14.948744535446167
ucb_lcb_n,67.0,1.0,0.0,3.0,-4.867722511291504
ucb_lcb_n,69.0,1.0,0.0,3.0,-37.59706062078476
ucb_lcb_n,72.0,1.0,0.0,3.0,-18.73307156562805
ucb_lcb_n,74.0,1.0,0.0,3.0,-66.34426295757294
ucb_lcb_n,76.0,1.0,0.0,3.0,-21.53230718150735
ucb_lcb_n,78.0,1.0,0.0,3.0,-2.2057387828826904
ucb_lcb_n,81.0,1.0,0.0,3.0,-81.8307409286499
ucb_lcb_n,90.0,1.0,0.0,3.0,-9.551898956298828
ucb_lcb_n,92.0,1.0,0.0,3.0,-31.730521954596043
ucb_lcb_n,94.0,1.0,0.0,3.0,-17.1939679980278
ucb_lcb_n,95.0,1.0,0.0,3.0,-5.274490833282471
ucb_lcb_n,96.0,1.0,0.0,3.0,-53.69416165538132
ucb_lcb_n,102.0,1.0,0.0,3.0,-17.90813636779785
ucb_lcb_n,106.0,1.0,0.0,3.0,-4.850783348083496
ucb_lcb_n,113.0,1.0,0.0,3.0,-5.294698715209961
random,8.0,1.0,0.0,3.0,-119.89476680755615
random,9.0,1.0,0.0,3.0,-119.89476680755615
random,10.0,1.0,0.0,3.0,-4.795790672302246
random,13.0,1.0,0.0,3.0,-4.795790672302246
random,14.0,1.0,0.0,3.0,-4.795790672302246
random,16.0,1.0,0.0,3.0,-9.591581344604492
random,18.0,1.0,0.0,3.0,-119.89476680755615
random,26.0,1.0,0.0,3.0,-4.795790672302246
random,29.0,1.0,0.0,3.0,-119.89476680755615
random,33.0,1.0,0.0,3.0,-38.36632537841797
random,34.0,1.0,0.0,3.0,-119.89476680755615
random,35.0,1.0,0.0,3.0,-9.591581344604492
random,36.0,1.0,0.0,3.0,-23.97895336151123
random,38.0,1.0,0.0,3.0,-4.795790672302246
random,40.0,1.0,0.0,3.0,-9.591581344604492
random,41.0,1.0,0.0,3.0,-119.89476680755615
random,42.0,1.0,0.0,3.0,-33.57053470611572
random,43.0,1.0,0.0,3.0,-4.795790672302246
random,44.0,1.0,0.0,3.0,-119.89476680755615
random,47.0,1.0,0.0,3.0,-4.795790672302246
random,54.0,1.0,0.0,3.0,-9.591581344604492
random,58.0,1.0,0.0,3.0,-23.97895336151123
random,67.0,1.0,0.0,3.0,-4.795790672302246
random,69.0,1.0,0.0,3.0,-57.54948806762695
random,72.0,1.0,0.0,3.0,-23.97895336151123
random,74.0,1.0,0.0,3.0,-105.50739479064941
random,76.0,1.0,0.0,3.0,-119.89476680755615
random,78.0,1.0,0.0,3.0,-4.795790672302246
random,81.0,1.0,0.0,3.0,-119.89476680755615
random,90.0,1.0,0.0,3.0,-9.591581344604492
random,92.0,1.0,0.0,3.0,-119.89476680755615
random,94.0,1.0,0.0,3.0,-23.97895336151123
random,95.0,1.0,0.0,3.0,-4.795790672302246
random,96.0,1.0,0.0,3.0,-119.89476680755615
random,102.0,1.0,0.0,3.0,-19.183162689208984
random,106.0,1.0,0.0,3.0,-4.795790672302246
random,113.0,1.0,0.0,3.0,-4.795790672302246
pos,8.0,1.0,0.0,4.0,-68.31555342674255
pos,9.0,1.0,0.0,4.0,-5.081652641296387
pos,10.0,1.0,0.0,4.0,-20.054187774658203
pos,13.0,1.0,0.0,4.0,-6.500620365142822
pos,14.0,1.0,0.0,4.0,-8.190299987792969
pos,16.0,1.0,0.0,4.0,-75.17537081241608
pos,18.0,1.0,0.0,4.0,-90.64822626113892
pos,26.0,1.0,0.0,4.0,-93.64273190498352
pos,29.0,1.0,0.0,4.0,-104.66752433776855
pos,33.0,1.0,0.0,4.0,-28.506507635116577
pos,34.0,1.0,0.0,4.0,-35.60122525691986
pos,35.0,1.0,0.0,4.0,-6.353146553039551
pos,36.0,1.0,0.0,4.0,-97.95614409446716
pos,38.0,1.0,0.0,4.0,-8.093094825744629
pos,40.0,1.0,0.0,4.0,-7.567473411560059
pos,41.0,1.0,0.0,4.0,-6.542965888977051
pos,42.0,1.0,0.0,4.0,-79.50898122787476
pos,43.0,1.0,0.0,4.0,-12.81070852279663
pos,44.0,1.0,0.0,4.0,-9.21034049987793
pos,47.0,1.0,0.0,4.0,-71.61374807357788
pos,54.0,1.0,0.0,4.0,-5.490630626678467
pos,58.0,1.0,0.0,4.0,-20.86931610107422
pos,67.0,1.0,0.0,4.0,-91.27228379249573
pos,69.0,1.0,0.0,4.0,-4.936458587646484
pos,72.0,1.0,0.0,4.0,-9.964389324188232
pos,74.0,1.0,0.0,4.0,-71.711252450943
pos,76.0,1.0,0.0,4.0,-5.417361259460449
pos,78.0,1.0,0.0,4.0,-5.423299312591553
pos,81.0,1.0,0.0,4.0,-24.339643955230713
pos,90.0,1.0,0.0,4.0,-110.78877639770508
pos,92.0,1.0,0.0,4.0,-97.16679120063782
pos,94.0,1.0,0.0,4.0,-88.04272437095642
pos,95.0,1.0,0.0,4.0,-6.753504276275635
pos,96.0,1.0,0.0,4.0,-5.295231819152832
pos,102.0,1.0,0.0,4.0,-90.83638739585876
pos,106.0,1.0,0.0,4.0,-5.802255153656006
pos,113.0,1.0,0.0,4.0,-99.29879140853882
ucb_lcb,8.0,1.0,0.0,4.0,-135.0448362827301
ucb_lcb,9.0,1.0,0.0,4.0,-4.921947956085205
ucb_lcb,10.0,1.0,0.0,4.0,-18.69961667060852
ucb_lcb,13.0,1.0,0.0,4.0,-4.944416522979736
ucb_lcb,14.0,1.0,0.0,4.0,-4.878119945526123
ucb_lcb,16.0,1.0,0.0,4.0,-26.396919190883636
ucb_lcb,18.0,1.0,0.0,4.0,-14.599115908145905
ucb_lcb,26.0,1.0,0.0,4.0,-72.74664497375488
ucb_lcb,29.0,1.0,0.0,4.0,-75.57662045955658
ucb_lcb,33.0,1.0,0.0,4.0,-25.298858165740967
ucb_lcb,34.0,1.0,0.0,4.0,-0.0025005398128996603
ucb_lcb,35.0,1.0,0.0,4.0,-4.835949420928955
ucb_lcb,36.0,1.0,0.0,4.0,-19.25292406976223
ucb_lcb,38.0,1.0,0.0,4.0,-6.3512983322143555
ucb_lcb,40.0,1.0,0.0,4.0,-4.8222455978393555
ucb_lcb,41.0,1.0,0.0,4.0,-5.035696506500244
ucb_lcb,42.0,1.0,0.0,4.0,-68.89141368865967
ucb_lcb,43.0,1.0,0.0,4.0,-9.68662977218628
ucb_lcb,44.0,1.0,0.0,4.0,-4.8430609703063965
ucb_lcb,47.0,1.0,0.0,4.0,-34.269418738782406
ucb_lcb,54.0,1.0,0.0,4.0,-4.914093494415283
ucb_lcb,58.0,1.0,0.0,4.0,-22.589675903320312
ucb_lcb,67.0,1.0,0.0,4.0,-42.96666580438614
ucb_lcb,69.0,1.0,0.0,4.0,-5.505188941955566
ucb_lcb,72.0,1.0,0.0,4.0,-9.871602058410645
ucb_lcb,74.0,1.0,0.0,4.0,-54.19147288799286
ucb_lcb,76.0,1.0,0.0,4.0,-7.971957683563232
ucb_lcb,78.0,1.0,0.0,4.0,-7.05552864074707
ucb_lcb,81.0,1.0,0.0,4.0,-25.098083972930908
ucb_lcb,90.0,1.0,0.0,4.0,-96.81042897701263
ucb_lcb,92.0,1.0,0.0,4.0,-24.285812988877296
ucb_lcb,94.0,1.0,0.0,4.0,-144.14276957511902
ucb_lcb,95.0,1.0,0.0,4.0,-5.647979736328125
ucb_lcb,96.0,1.0,0.0,4.0,-5.646364450454712
ucb_lcb,102.0,1.0,0.0,4.0,-60.0805190615356
ucb_lcb,106.0,1.0,0.0,4.0,-4.653182506561279
ucb_lcb,113.0,1.0,0.0,4.0,-20.11231618374586
ucb_b0,8.0,1.0,0.0,4.0,-45.753639578819275
ucb_b0,9.0,1.0,0.0,4.0,-5.26030969619751
ucb_b0,10.0,1.0,0.0,4.0,-20.729033946990967
ucb_b0,13.0,1.0,0.0,4.0,-5.054802417755127
ucb_b0,14.0,1.0,0.0,4.0,-5.1587066650390625
ucb_b0,16.0,1.0,0.0,4.0,-26.275859221816063
ucb_b0,18.0,1.0,0.0,4.0,-15.729707010090351
ucb_b0,26.0,1.0,0.0,4.0,-54.92722111940384
ucb_b0,29.0,1.0,0.0,4.0,-79.16730922460556
ucb_b0,33.0,1.0,0.0,4.0,-28.188604831695557
ucb_b0,34.0,1.0,0.0,4.0,-0.47934382781386375
ucb_b0,35.0,1.0,0.0,4.0,-4.966666221618652
ucb_b0,36.0,1.0,0.0,4.0,-20.14024841785431
ucb_b0,38.0,1.0,0.0,4.0,-5.749708652496338
ucb_b0,40.0,1.0,0.0,4.0,-4.919787406921387
ucb_b0,41.0,1.0,0.0,4.0,-5.180777549743652
ucb_b0,42.0,1.0,0.0,4.0,-59.06977689266205
ucb_b0,43.0,1.0,0.0,4.0,-10.074706077575684
ucb_b0,44.0,1.0,0.0,4.0,-5.018058776855469
ucb_b0,47.0,1.0,0.0,4.0,-38.69507457315922
ucb_b0,54.0,1.0,0.0,4.0,-5.047214031219482
ucb_b0,58.0,1.0,0.0,4.0,-23.3383948802948
ucb_b0,67.0,1.0,0.0,4.0,-49.75857186317444
ucb_b0,69.0,1.0,0.0,4.0,-4.937410831451416
ucb_b0,72.0,1.0,0.0,4.0,-9.500607967376709
ucb_b0,74.0,1.0,0.0,4.0,-60.264556884765625
ucb_b0,76.0,1.0,0.0,4.0,-9.21034049987793
ucb_b0,78.0,1.0,0.0,4.0,-6.054859638214111
ucb_b0,81.0,1.0,0.0,4.0,-27.027626514434814
ucb_b0,90.0,1.0,0.0,4.0,-110.6887686252594
ucb_b0,92.0,1.0,0.0,4.0,-24.61119446158409
ucb_b0,94.0,1.0,0.0,4.0,-62.91706657409668
ucb_b0,95.0,1.0,0.0,4.0,-5.8316826820373535
ucb_b0,96.0,1.0,0.0,4.0,-7.8186280727386475
ucb_b0,102.0,1.0,0.0,4.0,-82.71969163417816
ucb_b0,106.0,1.0,0.0,4.0,-4.523138999938965
ucb_b0,113.0,1.0,0.0,4.0,-20.077867694199085
ucb_lcb_n,8.0,1.0,0.0,4.0,-180.75870943069458
ucb_lcb_n,9.0,1.0,0.0,4.0,-5.033584117889404
ucb_lcb_n,10.0,1.0,0.0,4.0,-19.37202548980713
ucb_lcb_n,13.0,1.0,0.0,4.0,-4.793615341186523
ucb_lcb_n,14.0,1.0,0.0,4.0,-8.081214904785156
ucb_lcb_n,16.0,1.0,0.0,4.0,-111.18601131439209
ucb_lcb_n,18.0,1.0,0.0,4.0,-55.264718723025
ucb_lcb_n,26.0,1.0,0.0,4.0,-95.42095899581909
ucb_lcb_n,29.0,1.0,0.0,4.0,-120.75419116020203
ucb_lcb_n,33.0,1.0,0.0,4.0,-36.55558109283447
ucb_lcb_n,34.0,1.0,0.0,4.0,-230.25851249694824
ucb_lcb_n,35.0,1.0,0.0,4.0,-4.984773635864258
ucb_lcb_n,36.0,1.0,0.0,4.0,-60.44393049180508
ucb_lcb_n,38.0,1.0,0.0,4.0,-4.800901889801025
ucb_lcb_n,40.0,1.0,0.0,4.0,-5.095167636871338
ucb_lcb_n,41.0,1.0,0.0,4.0,-5.05191707611084
ucb_lcb_n,42.0,1.0,0.0,4.0,-51.543164014816284
ucb_lcb_n,43.0,1.0,0.0,4.0,-11.377910137176514
ucb_lcb_n,44.0,1.0,0.0,4.0,-4.882324695587158
ucb_lcb_n,47.0,1.0,0.0,4.0,-101.45692838309333
ucb_lcb_n,54.0,1.0,0.0,4.0,-9.21034049987793
ucb_lcb_n,58.0,1.0,0.0,4.0,-25.987908363342285
ucb_lcb_n,67.0,1.0,0.0,4.0,-110.39479327201843
ucb_lcb_n,69.0,1.0,0.0,4.0,-9.21034049987793
ucb_lcb_n,72.0,1.0,0.0,4.0,-9.583707809448242
ucb_lcb_n,74.0,1.0,0.0,4.0,-185.26746582984924
ucb_lcb_n,76.0,1.0,0.0,4.0,-8.984423637390137
ucb_lcb_n,78.0,1.0,0.0,4.0,-9.21034049987793
ucb_lcb_n,81.0,1.0,0.0,4.0,-34.30151557922363
ucb_lcb_n,90.0,1.0,0.0,4.0,-207.2808792591095
ucb_lcb_n,92.0,1.0,0.0,4.0,-48.65240522776003
ucb_lcb_n,94.0,1.0,0.0,4.0,-98.47728952765465
ucb_lcb_n,95.0,1.0,0.0,4.0,-9.21034049987793
ucb_lcb_n,96.0,1.0,0.0,4.0,-5.3572187423706055
ucb_lcb_n,102.0,1.0,0.0,4.0,-87.27649545669556
ucb_lcb_n,106.0,1.0,0.0,4.0,-4.794076442718506
ucb_lcb_n,113.0,1.0,0.0,4.0,-46.06020617519971
random,8.0,1.0,0.0,4.0,-119.89476680755615
random,9.0,1.0,0.0,4.0,-4.795790672302246
random,10.0,1.0,0.0,4.0,-19.183162689208984
random,13.0,1.0,0.0,4.0,-4.795790672302246
random,14.0,1.0,0.0,4.0,-4.795790672302246
random,16.0,1.0,0.0,4.0,-119.89476680755615
random,18.0,1.0,0.0,4.0,-119.89476680755615
random,26.0,1.0,0.0,4.0,-119.89476680755615
random,29.0,1.0,0.0,4.0,-119.89476680755615
random,33.0,1.0,0.0,4.0,-38.36632537841797
random,34.0,1.0,0.0,4.0,-119.89476680755615
random,35.0,1.0,0.0,4.0,-4.795790672302246
random,36.0,1.0,0.0,4.0,-119.89476680755615
random,38.0,1.0,0.0,4.0,-4.795790672302246
random,40.0,1.0,0.0,4.0,-4.795790672302246
random,41.0,1.0,0.0,4.0,-4.795790672302246
random,42.0,1.0,0.0,4.0,-119.89476680755615
random,43.0,1.0,0.0,4.0,-9.591581344604492
random,44.0,1.0,0.0,4.0,-4.795790672302246
random,47.0,1.0,0.0,4.0,-119.89476680755615
random,54.0,1.0,0.0,4.0,-4.795790672302246
random,58.0,1.0,0.0,4.0,-28.774744033813477
random,67.0,1.0,0.0,4.0,-119.89476680755615
random,69.0,1.0,0.0,4.0,-4.795790672302246
random,72.0,1.0,0.0,4.0,-9.591581344604492
random,74.0,1.0,0.0,4.0,-119.89476680755615
random,76.0,1.0,0.0,4.0,-4.795790672302246
random,78.0,1.0,0.0,4.0,-4.795790672302246
random,81.0,1.0,0.0,4.0,-38.36632537841797
random,90.0,1.0,0.0,4.0,-119.89476680755615
random,92.0,1.0,0.0,4.0,-119.89476680755615
random,94.0,1.0,0.0,4.0,-119.89476680755615
random,95.0,1.0,0.0,4.0,-4.795790672302246
random,96.0,1.0,0.0,4.0,-9.591581344604492
random,102.0,1.0,0.0,4.0,-91.12002277374268
random,106.0,1.0,0.0,4.0,-4.795790672302246
random,113.0,1.0,0.0,4.0,-119.89476680755615
pos,8.0,1.0,1.0,0.0,-19.381454467773438
pos,9.0,1.0,1.0,0.0,-5.075222969055176
pos,10.0,1.0,1.0,0.0,-59.836754322052
pos,13.0,1.0,1.0,0.0,-30.194551944732666
pos,14.0,1.0,1.0,0.0,-8.669676780700684
pos,16.0,1.0,1.0,0.0,-25.844924926757812
pos,18.0,1.0,1.0,0.0,-86.95663619041443
pos,26.0,1.0,1.0,0.0,-87.39085841178894
pos,29.0,1.0,1.0,0.0,-91.44488263130188
pos,33.0,1.0,1.0,0.0,-94.6350588798523
pos,34.0,1.0,1.0,0.0,-48.01888036727905
pos,35.0,1.0,1.0,0.0,-9.21034049987793
pos,36.0,1.0,1.0,0.0,-100.6252977848053
pos,38.0,1.0,1.0,0.0,-71.75044417381287
pos,40.0,1.0,1.0,0.0,-101.64429926872253
pos,41.0,1.0,1.0,0.0,-90.61280465126038
pos,42.0,1.0,1.0,0.0,-16.305331707000732
pos,43.0,1.0,1.0,0.0,-73.99099922180176
pos,44.0,1.0,1.0,0.0,-7.463832378387451
pos,47.0,1.0,1.0,0.0,-7.843137741088867
pos,54.0,1.0,1.0,0.0,-9.513883829116821
pos,58.0,1.0,1.0,0.0,-69.4997992515564
pos,67.0,1.0,1.0,0.0,-4.99758243560791
pos,69.0,1.0,1.0,0.0,-89.44109201431274
pos,72.0,1.0,1.0,0.0,-4.985343933105469
pos,74.0,1.0,1.0,0.0,-65.22154951095581
pos,76.0,1.0,1.0,0.0,-5.457120418548584
pos,78.0,1.0,1.0,0.0,-53.154889822006226
pos,81.0,1.0,1.0,0.0,-12.594797372817993
pos,90.0,1.0,1.0,0.0,-7.067322731018066
pos,92.0,1.0,1.0,0.0,-6.308241367340088
pos,94.0,1.0,1.0,0.0,-61.856592535972595
pos,95.0,1.0,1.0,0.0,-0.003596505004679784
pos,96.0,1.0,1.0,0.0,-48.7594153881073
pos,102.0,1.0,1.0,0.0,-7.488008975982666
pos,106.0,1.0,1.0,0.0,-4.426662445068359
pos,113.0,1.0,1.0,0.0,-6.0984883308410645
ucb_lcb,8.0,1.0,1.0,0.0,-29.4059419631958
ucb_lcb,9.0,1.0,1.0,0.0,-4.8766961097717285
ucb_lcb,10.0,1.0,1.0,0.0,-0.0025005398128996603
ucb_lcb,13.0,1.0,1.0,0.0,-52.44043779373169
ucb_lcb,14.0,1.0,1.0,0.0,-4.915832042694092
ucb_lcb,16.0,1.0,1.0,0.0,-15.168609142303467
ucb_lcb,18.0,1.0,1.0,0.0,-13.825570415705442
ucb_lcb,26.0,1.0,1.0,0.0,-30.766561349853873
ucb_lcb,29.0,1.0,1.0,0.0,-73.93735761940479
ucb_lcb,33.0,1.0,1.0,0.0,-57.52894715964794
ucb_lcb,34.0,1.0,1.0,0.0,-0.0025005398128996603
ucb_lcb,35.0,1.0,1.0,0.0,-9.21034049987793
ucb_lcb,36.0,1.0,1.0,0.0,-31.027106449007988
ucb_lcb,38.0,1.0,1.0,0.0,-81.2383928745985
ucb_lcb,40.0,1.0,1.0,0.0,-33.14070945978165
ucb_lcb,41.0,1.0,1.0,0.0,-32.91881484165788
ucb_lcb,42.0,1.0,1.0,0.0,-25.220556497573853
ucb_lcb,43.0,1.0,1.0,0.0,-69.31456351280212
ucb_lcb,44.0,1.0,1.0,0.0,-4.848357200622559
ucb_lcb,47.0,1.0,1.0,0.0,-6.680209636688232
ucb_lcb,54.0,1.0,1.0,0.0,-8.195214748382568
ucb_lcb,58.0,1.0,1.0,0.0,-25.820815294981003
ucb_lcb,67.0,1.0,1.0,0.0,-4.869022846221924
ucb_lcb,69.0,1.0,1.0,0.0,-83.76249957084656
ucb_lcb,72.0,1.0,1.0,0.0,-5.2355055809021
ucb_lcb,74.0,1.0,1.0,0.0,-47.38559401035309
ucb_lcb,76.0,1.0,1.0,0.0,-9.21034049987793
ucb_lcb,78.0,1.0,1.0,0.0,-20.02951491996646
ucb_lcb,81.0,1.0,1.0,0.0,-12.019532680511475
ucb_lcb,90.0,1.0,1.0,0.0,-4.822854995727539
ucb_lcb,92.0,1.0,1.0,0.0,-7.407337665557861
ucb_lcb,94.0,1.0,1.0,0.0,-42.28063768148422
ucb_lcb,95.0,1.0,1.0,0.0,-0.0025005398128996603
ucb_lcb,96.0,1.0,1.0,0.0,-54.60310435295105
ucb_lcb,102.0,1.0,1.0,0.0,-4.890331745147705
ucb_lcb,106.0,1.0,1.0,0.0,-3.7293148040771484
ucb_lcb,113.0,1.0,1.0,0.0,-5.341032028198242
ucb_b0,8.0,1.0,1.0,0.0,-18.77203607559204
ucb_b0,9.0,1.0,1.0,0.0,-5.064225196838379
ucb_b0,10.0,1.0,1.0,0.0,-0.021568915341049433
ucb_b0,13.0,1.0,1.0,0.0,-44.48408615589142
ucb_b0,14.0,1.0,1.0,0.0,-5.189032554626465
ucb_b0,16.0,1.0,1.0,0.0,-16.472527980804443
ucb_b0,18.0,1.0,1.0,0.0,-16.588254064321518
ucb_b0,26.0,1.0,1.0,0.0,-26.592774845659733
ucb_b0,29.0,1.0,1.0,0.0,-75.59041441231966
ucb_b0,33.0,1.0,1.0,0.0,-57.30493149161339
ucb_b0,34.0,1.0,1.0,0.0,-0.036793426726944745
ucb_b0,35.0,1.0,1.0,0.0,-6.782272815704346
ucb_b0,36.0,1.0,1.0,0.0,-29.635405242443085
ucb_b0,38.0,1.0,1.0,0.0,-84.43661120533943
ucb_b0,40.0,1.0,1.0,0.0,-32.578226149082184
ucb_b0,41.0,1.0,1.0,0.0,-32.796775594353676
ucb_b0,42.0,1.0,1.0,0.0,-25.676220417022705
ucb_b0,43.0,1.0,1.0,0.0,-40.758871495723724
ucb_b0,44.0,1.0,1.0,0.0,-4.941152095794678
ucb_b0,47.0,1.0,1.0,0.0,-5.895761966705322
ucb_b0,54.0,1.0,1.0,0.0,-9.113539695739746
ucb_b0,58.0,1.0,1.0,0.0,-35.11035597324371
ucb_b0,67.0,1.0,1.0,0.0,-5.573464870452881
ucb_b0,69.0,1.0,1.0,0.0,-98.21755689382553
ucb_b0,72.0,1.0,1.0,0.0,-4.939851760864258
ucb_b0,74.0,1.0,1.0,0.0,-50.043337285518646
ucb_b0,76.0,1.0,1.0,0.0,-9.21034049987793
ucb_b0,78.0,1.0,1.0,0.0,-18.957409158349037
ucb_b0,81.0,1.0,1.0,0.0,-13.272408485412598
ucb_b0,90.0,1.0,1.0,0.0,-4.903535842895508
ucb_b0,92.0,1.0,1.0,0.0,-7.0903143882751465
ucb_b0,94.0,1.0,1.0,0.0,-44.320130705833435
ucb_b0,95.0,1.0,1.0,0.0,-0.2911279471591115
ucb_b0,96.0,1.0,1.0,0.0,-56.50202131271362
ucb_b0,102.0,1.0,1.0,0.0,-4.993253231048584
ucb_b0,106.0,1.0,1.0,0.0,-4.30274772644043
ucb_b0,113.0,1.0,1.0,0.0,-5.542486190795898
ucb_lcb_n,8.0,1.0,1.0,0.0,-18.41701889038086
ucb_lcb_n,9.0,1.0,1.0,0.0,-4.939944267272949
ucb_lcb_n,10.0,1.0,1.0,0.0,-0.0025005398128996603
ucb_lcb_n,13.0,1.0,1.0,0.0,-51.40683460235596
ucb_lcb_n,14.0,1.0,1.0,0.0,-4.973639011383057
ucb_lcb_n,16.0,1.0,1.0,0.0,-15.569822311401367
ucb_lcb_n,18.0,1.0,1.0,0.0,-16.32758302986622
ucb_lcb_n,26.0,1.0,1.0,0.0,-23.929078809916973
ucb_lcb_n,29.0,1.0,1.0,0.0,-56.926597483921796
ucb_lcb_n,33.0,1.0,1.0,0.0,-36.867779567837715
ucb_lcb_n,34.0,1.0,1.0,0.0,-0.0025005398128996603
ucb_lcb_n,35.0,1.0,1.0,0.0,-5.761904716491699
ucb_lcb_n,36.0,1.0,1.0,0.0,-40.85253793001175
ucb_lcb_n,38.0,1.0,1.0,0.0,-86.35703330487013
ucb_lcb_n,40.0,1.0,1.0,0.0,-34.10072338581085
ucb_lcb_n,41.0,1.0,1.0,0.0,-26.289259796962142
ucb_lcb_n,42.0,1.0,1.0,0.0,-28.343247652053833
ucb_lcb_n,43.0,1.0,1.0,0.0,-38.42476299405098
ucb_lcb_n,44.0,1.0,1.0,0.0,-4.919304370880127
ucb_lcb_n,47.0,1.0,1.0,0.0,-9.109723091125488
ucb_lcb_n,54.0,1.0,1.0,0.0,-8.94160532951355
ucb_lcb_n,58.0,1.0,1.0,0.0,-25.5160374045372
ucb_lcb_n,67.0,1.0,1.0,0.0,-5.562258720397949
ucb_lcb_n,69.0,1.0,1.0,0.0,-95.77459180355072
ucb_lcb_n,72.0,1.0,1.0,0.0,-4.948387145996094
ucb_lcb_n,74.0,1.0,1.0,0.0,-49.43186193704605
ucb_lcb_n,76.0,1.0,1.0,0.0,-9.21034049987793
ucb_lcb_n,78.0,1.0,1.0,0.0,-19.28863199055195
ucb_lcb_n,81.0,1.0,1.0,0.0,-12.944519996643066
ucb_lcb_n,90.0,1.0,1.0,0.0,-4.9011101722717285
ucb_lcb_n,92.0,1.0,1.0,0.0,-9.21034049987793
ucb_lcb_n,94.0,1.0,1.0,0.0,-44.29140168428421
ucb_lcb_n,95.0,1.0,1.0,0.0,-0.011625907791312784
ucb_lcb_n,96.0,1.0,1.0,0.0,-31.141232073307037
ucb_lcb_n,102.0,1.0,1.0,0.0,-4.97633695602417
ucb_lcb_n,106.0,1.0,1.0,0.0,-4.0238728523254395
ucb_lcb_n,113.0,1.0,1.0,0.0,-5.446359157562256
random,8.0,1.0,1.0,0.0,-19.183162689208984
random,9.0,1.0,1.0,0.0,-4.795790672302246
random,10.0,1.0,1.0,0.0,-119.89476680755615
random,13.0,1.0,1.0,0.0,-43.162116050720215
random,14.0,1.0,1.0,0.0,-4.795790672302246
random,16.0,1.0,1.0,0.0,-14.387372016906738
random,18.0,1.0,1.0,0.0,-119.89476680755615
random,26.0,1.0,1.0,0.0,-119.89476680755615
random,29.0,1.0,1.0,0.0,-119.89476680755615
random,33.0,1.0,1.0,0.0,-119.89476680755615
random,34.0,1.0,1.0,0.0,-119.89476680755615
random,35.0,1.0,1.0,0.0,-4.795790672302246
random,36.0,1.0,1.0,0.0,-119.89476680755615
random,38.0,1.0,1.0,0.0,-119.89476680755615
random,40.0,1.0,1.0,0.0,-119.89476680755615
random,41.0,1.0,1.0,0.0,-119.89476680755615
random,42.0,1.0,1.0,0.0,-23.97895336151123
random,43.0,1.0,1.0,0.0,-119.89476680755615
random,44.0,1.0,1.0,0.0,-4.795790672302246
random,47.0,1.0,1.0,0.0,-4.795790672302246
random,54.0,1.0,1.0,0.0,-9.591581344604492
random,58.0,1.0,1.0,0.0,-119.89476680755615
random,67.0,1.0,1.0,0.0,-4.795790672302246
random,69.0,1.0,1.0,0.0,-119.89476680755615
random,72.0,1.0,1.0,0.0,-4.795790672302246
random,74.0,1.0,1.0,0.0,-119.89476680755615
random,76.0,1.0,1.0,0.0,-4.795790672302246
random,78.0,1.0,1.0,0.0,-119.89476680755615
random,81.0,1.0,1.0,0.0,-14.387372016906738
random,90.0,1.0,1.0,0.0,-4.795790672302246
random,92.0,1.0,1.0,0.0,-4.795790672302246
random,94.0,1.0,1.0,0.0,-100.71160411834717
random,95.0,1.0,1.0,0.0,-119.89476680755615
random,96.0,1.0,1.0,0.0,-71.93686008453369
random,102.0,1.0,1.0,0.0,-4.795790672302246
random,106.0,1.0,1.0,0.0,-4.795790672302246
random,113.0,1.0,1.0,0.0,-4.795790672302246
pos,8.0,1.0,1.0,1.0,-75.71220064163208
pos,9.0,1.0,1.0,1.0,-85.7958517074585
pos,10.0,1.0,1.0,1.0,-56.64539813995361
pos,13.0,1.0,1.0,1.0,-17.013029098510742
pos,14.0,1.0,1.0,1.0,-8.92155933380127
pos,16.0,1.0,1.0,1.0,-17.032466888427734
pos,18.0,1.0,1.0,1.0,-5.456091403961182
pos,26.0,1.0,1.0,1.0,-5.080865859985352
pos,29.0,1.0,1.0,1.0,-92.16751098632812
pos,33.0,1.0,1.0,1.0,-34.30215668678284
pos,34.0,1.0,1.0,1.0,-40.38758897781372
pos,35.0,1.0,1.0,1.0,-9.21034049987793
pos,36.0,1.0,1.0,1.0,-5.7635722160339355
pos,38.0,1.0,1.0,1.0,-61.18122720718384
pos,40.0,1.0,1.0,1.0,-103.50382423400879
pos,41.0,1.0,1.0,1.0,-87.9720242023468
pos,42.0,1.0,1.0,1.0,-72.22017645835876
pos,43.0,1.0,1.0,1.0,-5.870327472686768
pos,44.0,1.0,1.0,1.0,-7.312872409820557
pos,47.0,1.0,1.0,1.0,-7.070065021514893
pos,54.0,1.0,1.0,1.0,-5.400867938995361
pos,58.0,1.0,1.0,1.0,-90.37731266021729
pos,67.0,1.0,1.0,1.0,-92.32471108436584
pos,69.0,1.0,1.0,1.0,-91.69085121154785
pos,72.0,1.0,1.0,1.0,-100.76186633110046
pos,74.0,1.0,1.0,1.0,-65.37077331542969
pos,76.0,1.0,1.0,1.0,-5.706861972808838
pos,78.0,1.0,1.0,1.0,-3.8007335662841797
pos,81.0,1.0,1.0,1.0,-20.739933252334595
pos,90.0,1.0,1.0,1.0,-14.18195390701294
pos,92.0,1.0,1.0,1.0,-99.47118854522705
pos,94.0,1.0,1.0,1.0,-29.566428661346436
pos,95.0,1.0,1.0,1.0,-0.0025005398128996603
pos,96.0,1.0,1.0,1.0,-89.61583280563354
pos,102.0,1.0,1.0,1.0,-15.620826244354248
pos,106.0,1.0,1.0,1.0,-7.055397033691406
pos,113.0,1.0,1.0,1.0,-105.54929065704346
ucb_lcb,8.0,1.0,1.0,1.0,-14.445767298340797
ucb_lcb,9.0,1.0,1.0,1.0,-62.113121032714844
ucb_lcb,10.0,1.0,1.0,1.0,-0.0025005398128996603
ucb_lcb,13.0,1.0,1.0,1.0,-14.930826663970947
ucb_lcb,14.0,1.0,1.0,1.0,-4.868122100830078
ucb_lcb,16.0,1.0,1.0,1.0,-9.614832878112793
ucb_lcb,18.0,1.0,1.0,1.0,-6.239461421966553
ucb_lcb,26.0,1.0,1.0,1.0,-5.1527886390686035
ucb_lcb,29.0,1.0,1.0,1.0,-66.54955312609673
ucb_lcb,33.0,1.0,1.0,1.0,-33.93368339538574
ucb_lcb,34.0,1.0,1.0,1.0,-0.0025005398128996603
ucb_lcb,35.0,1.0,1.0,1.0,-9.21034049987793
ucb_lcb,36.0,1.0,1.0,1.0,-4.935037136077881
ucb_lcb,38.0,1.0,1.0,1.0,-35.38175809383392
ucb_lcb,40.0,1.0,1.0,1.0,-15.97918794490397
ucb_lcb,41.0,1.0,1.0,1.0,-25.030210934579372
ucb_lcb,42.0,1.0,1.0,1.0,-45.39129436016083
ucb_lcb,43.0,1.0,1.0,1.0,-4.828853130340576
ucb_lcb,44.0,1.0,1.0,1.0,-4.856616020202637
ucb_lcb,47.0,1.0,1.0,1.0,-6.965170383453369
ucb_lcb,54.0,1.0,1.0,1.0,-4.969822883605957
ucb_lcb,58.0,1.0,1.0,1.0,-26.966726828250103
ucb_lcb,67.0,1.0,1.0,1.0,-30.63943500816822
ucb_lcb,69.0,1.0,1.0,1.0,-73.02373659610748
ucb_lcb,72.0,1.0,1.0,1.0,-114.87227324396372
ucb_lcb,74.0,1.0,1.0,1.0,-34.46549254655838
ucb_lcb,76.0,1.0,1.0,1.0,-9.21034049987793
ucb_lcb,78.0,1.0,1.0,1.0,-3.207082748413086
ucb_lcb,81.0,1.0,1.0,1.0,-25.083205223083496
ucb_lcb,90.0,1.0,1.0,1.0,-9.726584911346436
ucb_lcb,92.0,1.0,1.0,1.0,-8.717245574109256
ucb_lcb,94.0,1.0,1.0,1.0,-16.500791668891907
ucb_lcb,95.0,1.0,1.0,1.0,-0.0025005398128996603
ucb_lcb,96.0,1.0,1.0,1.0,-83.29110784828663
ucb_lcb,102.0,1.0,1.0,1.0,-15.190968036651611
ucb_lcb,106.0,1.0,1.0,1.0,-5.642672538757324
ucb_lcb,113.0,1.0,1.0,1.0,-5.489975610747933
ucb_b0,8.0,1.0,1.0,1.0,-16.145709320902824
ucb_b0,9.0,1.0,1.0,1.0,-44.86440646648407
ucb_b0,10.0,1.0,1.0,1.0,-0.007063091499730945
ucb_b0,13.0,1.0,1.0,1.0,-16.42426824569702
ucb_b0,14.0,1.0,1.0,1.0,-5.001354217529297
ucb_b0,16.0,1.0,1.0,1.0,-9.789382934570312
ucb_b0,18.0,1.0,1.0,1.0,-6.554872512817383
ucb_b0,26.0,1.0,1.0,1.0,-5.691286087036133
ucb_b0,29.0,1.0,1.0,1.0,-66.82197713851929
ucb_b0,33.0,1.0,1.0,1.0,-34.295443296432495
ucb_b0,34.0,1.0,1.0,1.0,-0.050170143600553274
ucb_b0,35.0,1.0,1.0,1.0,-9.21034049987793
ucb_b0,36.0,1.0,1.0,1.0,-5.300625324249268
ucb_b0,38.0,1.0,1.0,1.0,-27.263087272644043
ucb_b0,40.0,1.0,1.0,1.0,-16.295688094571233
ucb_b0,41.0,1.0,1.0,1.0,-25.035286039114
ucb_b0,42.0,1.0,1.0,1.0,-36.10835158824921
ucb_b0,43.0,1.0,1.0,1.0,-4.875364303588867
ucb_b0,44.0,1.0,1.0,1.0,-5.014343738555908
ucb_b0,47.0,1.0,1.0,1.0,-6.154149532318115
ucb_b0,54.0,1.0,1.0,1.0,-5.31179141998291
ucb_b0,58.0,1.0,1.0,1.0,-68.9715901017189
ucb_b0,67.0,1.0,1.0,1.0,-24.324014216661453
ucb_b0,69.0,1.0,1.0,1.0,-133.28548431396484
ucb_b0,72.0,1.0,1.0,1.0,-98.06644397974014
ucb_b0,74.0,1.0,1.0,1.0,-33.66539704799652
ucb_b0,76.0,1.0,1.0,1.0,-9.21034049987793
ucb_b0,78.0,1.0,1.0,1.0,-3.4809045791625977
ucb_b0,81.0,1.0,1.0,1.0,-28.437107801437378
ucb_b0,90.0,1.0,1.0,1.0,-9.82694959640503
ucb_b0,92.0,1.0,1.0,1.0,-10.696553088724613
ucb_b0,94.0,1.0,1.0,1.0,-19.392898499965668
ucb_b0,95.0,1.0,1.0,1.0,-0.004130290835746564
ucb_b0,96.0,1.0,1.0,1.0,-82.32033070921898
ucb_b0,102.0,1.0,1.0,1.0,-14.210051536560059
ucb_b0,106.0,1.0,1.0,1.0,-4.920765399932861
ucb_b0,113.0,1.0,1.0,1.0,-5.960340132936835
ucb_lcb_n,8.0,1.0,1.0,1.0,-16.767838701605797
ucb_lcb_n,9.0,1.0,1.0,1.0,-35.552252650260925
ucb_lcb_n,10.0,1.0,1.0,1.0,-0.0025005398128996603
ucb_lcb_n,13.0,1.0,1.0,1.0,-16.883619785308838
ucb_lcb_n,14.0,1.0,1.0,1.0,-4.97733736038208
ucb_lcb_n,16.0,1.0,1.0,1.0,-9.722908020019531
ucb_lcb_n,18.0,1.0,1.0,1.0,-6.858585357666016
ucb_lcb_n,26.0,1.0,1.0,1.0,-6.076847076416016
ucb_lcb_n,29.0,1.0,1.0,1.0,-49.51512132585049
ucb_lcb_n,33.0,1.0,1.0,1.0,-34.79747438430786
ucb_lcb_n,34.0,1.0,1.0,1.0,-0.003711857323651202
ucb_lcb_n,35.0,1.0,1.0,1.0,-8.276579856872559
ucb_lcb_n,36.0,1.0,1.0,1.0,-5.330431938171387
ucb_lcb_n,38.0,1.0,1.0,1.0,-26.450262308120728
ucb_lcb_n,40.0,1.0,1.0,1.0,-16.554211020469666
ucb_lcb_n,41.0,1.0,1.0,1.0,-29.86855199187994
ucb_lcb_n,42.0,1.0,1.0,1.0,-50.035659313201904
ucb_lcb_n,43.0,1.0,1.0,1.0,-4.851604461669922
ucb_lcb_n,44.0,1.0,1.0,1.0,-4.946591377258301
ucb_lcb_n,47.0,1.0,1.0,1.0,-9.196059226989746
ucb_lcb_n,54.0,1.0,1.0,1.0,-5.228531837463379
ucb_lcb_n,58.0,1.0,1.0,1.0,-24.918496757672983
ucb_lcb_n,67.0,1.0,1.0,1.0,-32.77446587011218
ucb_lcb_n,69.0,1.0,1.0,1.0,-71.71042558550835
ucb_lcb_n,72.0,1.0,1.0,1.0,-90.30329158343375
ucb_lcb_n,74.0,1.0,1.0,1.0,-34.06973898410797
ucb_lcb_n,76.0,1.0,1.0,1.0,-9.21034049987793
ucb_lcb_n,78.0,1.0,1.0,1.0,-2.9878458976745605
ucb_lcb_n,81.0,1.0,1.0,1.0,-26.708598613739014
ucb_lcb_n,90.0,1.0,1.0,1.0,-10.028382778167725
ucb_lcb_n,92.0,1.0,1.0,1.0,-7.385190579218033
ucb_lcb_n,94.0,1.0,1.0,1.0,-16.109806299209595
ucb_lcb_n,95.0,1.0,1.0,1.0,-0.002571119097410701
ucb_lcb_n,96.0,1.0,1.0,1.0,-40.44379261508584
ucb_lcb_n,102.0,1.0,1.0,1.0,-13.778838157653809
ucb_lcb_n,106.0,1.0,1.0,1.0,-4.979536056518555
ucb_lcb_n,113.0,1.0,1.0,1.0,-5.643932090140879
random,8.0,1.0,1.0,1.0,-119.89476680755615
random,9.0,1.0,1.0,1.0,-119.89476680755615
random,10.0,1.0,1.0,1.0,-119.89476680755615
random,13.0,1.0,1.0,1.0,-14.387372016906738
random,14.0,1.0,1.0,1.0,-4.795790672302246
random,16.0,1.0,1.0,1.0,-9.591581344604492
random,18.0,1.0,1.0,1.0,-4.795790672302246
random,26.0,1.0,1.0,1.0,-4.795790672302246
random,29.0,1.0,1.0,1.0,-119.89476680755615
random,33.0,1.0,1.0,1.0,-43.162116050720215
random,34.0,1.0,1.0,1.0,-119.89476680755615
random,35.0,1.0,1.0,1.0,-4.795790672302246
random,36.0,1.0,1.0,1.0,-4.795790672302246
random,38.0,1.0,1.0,1.0,-119.89476680755615
random,40.0,1.0,1.0,1.0,-119.89476680755615
random,41.0,1.0,1.0,1.0,-119.89476680755615
random,42.0,1.0,1.0,1.0,-119.89476680755615
random,43.0,1.0,1.0,1.0,-4.795790672302246
random,44.0,1.0,1.0,1.0,-4.795790672302246
random,47.0,1.0,1.0,1.0,-4.795790672302246
random,54.0,1.0,1.0,1.0,-4.795790672302246
random,58.0,1.0,1.0,1.0,-119.89476680755615
random,67.0,1.0,1.0,1.0,-119.89476680755615
random,69.0,1.0,1.0,1.0,-119.89476680755615
random,72.0,1.0,1.0,1.0,-119.89476680755615
random,74.0,1.0,1.0,1.0,-119.89476680755615
random,76.0,1.0,1.0,1.0,-4.795790672302246
random,78.0,1.0,1.0,1.0,-4.795790672302246
random,81.0,1.0,1.0,1.0,-33.57053470611572
random,90.0,1.0,1.0,1.0,-9.591581344604492
random,92.0,1.0,1.0,1.0,-119.89476680755615
random,94.0,1.0,1.0,1.0,-38.36632537841797
random,95.0,1.0,1.0,1.0,-119.89476680755615
random,96.0,1.0,1.0,1.0,-119.89476680755615
random,102.0,1.0,1.0,1.0,-14.387372016906738
random,106.0,1.0,1.0,1.0,-4.795790672302246
random,113.0,1.0,1.0,1.0,-119.89476680755615
pos,8.0,1.0,1.0,2.0,-76.06608486175537
pos,9.0,1.0,1.0,2.0,-5.08061408996582
pos,10.0,1.0,1.0,2.0,-55.28155589103699
pos,13.0,1.0,1.0,2.0,-87.00628137588501
pos,14.0,1.0,1.0,2.0,-8.765054702758789
pos,16.0,1.0,1.0,2.0,-60.79410004615784
pos,18.0,1.0,1.0,2.0,-5.14621114730835
pos,26.0,1.0,1.0,2.0,-86.88265562057495
pos,29.0,1.0,1.0,2.0,-99.38868927955627
pos,33.0,1.0,1.0,2.0,-92.73528480529785
pos,34.0,1.0,1.0,2.0,-47.78004968166351
pos,35.0,1.0,1.0,2.0,-9.21034049987793
pos,36.0,1.0,1.0,2.0,-6.074569225311279
pos,38.0,1.0,1.0,2.0,-19.172468185424805
pos,40.0,1.0,1.0,2.0,-11.955754280090332
pos,41.0,1.0,1.0,2.0,-87.43007147312164
pos,42.0,1.0,1.0,2.0,-17.03264284133911
pos,43.0,1.0,1.0,2.0,-6.192702770233154
pos,44.0,1.0,1.0,2.0,-7.378883361816406
pos,47.0,1.0,1.0,2.0,-75.02224850654602
pos,54.0,1.0,1.0,2.0,-102.5686411857605
pos,58.0,1.0,1.0,2.0,-81.79931688308716
pos,67.0,1.0,1.0,2.0,-10.210747718811035
pos,69.0,1.0,1.0,2.0,-12.74411916732788
pos,72.0,1.0,1.0,2.0,-11.207704305648804
pos,74.0,1.0,1.0,2.0,-71.92267942428589
pos,76.0,1.0,1.0,2.0,-59.23656463623047
pos,78.0,1.0,1.0,2.0,-48.503705859184265
pos,81.0,1.0,1.0,2.0,-5.916234493255615
pos,90.0,1.0,1.0,2.0,-103.37534761428833
pos,92.0,1.0,1.0,2.0,-90.09151339530945
pos,94.0,1.0,1.0,2.0,-71.30424857139587
pos,95.0,1.0,1.0,2.0,-9.21034049987793
pos,96.0,1.0,1.0,2.0,-42.1752142906189
pos,102.0,1.0,1.0,2.0,-7.275472640991211
pos,106.0,1.0,1.0,2.0,-100.41722011566162
pos,113.0,1.0,1.0,2.0,-6.06342887878418
ucb_lcb,8.0,1.0,1.0,2.0,-18.254264945164323
ucb_lcb,9.0,1.0,1.0,2.0,-4.9413557052612305
ucb_lcb,10.0,1.0,1.0,2.0,-0.0025005398128996603
ucb_lcb,13.0,1.0,1.0,2.0,-74.83001005649567
ucb_lcb,14.0,1.0,1.0,2.0,-4.911304950714111
ucb_lcb,16.0,1.0,1.0,2.0,-106.23141574859619
ucb_lcb,18.0,1.0,1.0,2.0,-5.058917999267578
ucb_lcb,26.0,1.0,1.0,2.0,-15.923948764801025
ucb_lcb,29.0,1.0,1.0,2.0,-59.99228248000145
ucb_lcb,33.0,1.0,1.0,2.0,-56.58334740996361
ucb_lcb,34.0,1.0,1.0,2.0,-0.0025005398128996603
ucb_lcb,35.0,1.0,1.0,2.0,-9.21034049987793
ucb_lcb,36.0,1.0,1.0,2.0,-5.5503106117248535
ucb_lcb,38.0,1.0,1.0,2.0,-16.451295971870422
ucb_lcb,40.0,1.0,1.0,2.0,-12.379301071166992
ucb_lcb,41.0,1.0,1.0,2.0,-26.1796136200428
ucb_lcb,42.0,1.0,1.0,2.0,-19.57787847518921
ucb_lcb,43.0,1.0,1.0,2.0,-4.834041118621826
ucb_lcb,44.0,1.0,1.0,2.0,-4.911365985870361
ucb_lcb,47.0,1.0,1.0,2.0,-52.6213064789772
ucb_lcb,54.0,1.0,1.0,2.0,-56.017094016075134
ucb_lcb,58.0,1.0,1.0,2.0,-29.392582081258297
ucb_lcb,67.0,1.0,1.0,2.0,-9.91877031326294
ucb_lcb,69.0,1.0,1.0,2.0,-10.669737339019775
ucb_lcb,72.0,1.0,1.0,2.0,-11.19433307647705
ucb_lcb,74.0,1.0,1.0,2.0,-46.70059084892273
ucb_lcb,76.0,1.0,1.0,2.0,-7.5242322981357574
ucb_lcb,78.0,1.0,1.0,2.0,-5.74419042468071
ucb_lcb,81.0,1.0,1.0,2.0,-5.218960285186768
ucb_lcb,90.0,1.0,1.0,2.0,-133.0608148574829
ucb_lcb,92.0,1.0,1.0,2.0,-20.171115899458528
ucb_lcb,94.0,1.0,1.0,2.0,-20.711280808514857
ucb_lcb,95.0,1.0,1.0,2.0,-9.21034049987793
ucb_lcb,96.0,1.0,1.0,2.0,-61.08053994178772
ucb_lcb,102.0,1.0,1.0,2.0,-4.940109729766846
ucb_lcb,106.0,1.0,1.0,2.0,-155.36839053966105
ucb_lcb,113.0,1.0,1.0,2.0,-5.134015083312988
ucb_b0,8.0,1.0,1.0,2.0,-19.964704431593418
ucb_b0,9.0,1.0,1.0,2.0,-5.139743804931641
ucb_b0,10.0,1.0,1.0,2.0,-0.29760581254959106
ucb_b0,13.0,1.0,1.0,2.0,-50.03985643386841
ucb_b0,14.0,1.0,1.0,2.0,-5.017062187194824
ucb_b0,16.0,1.0,1.0,2.0,-54.356560945510864
ucb_b0,18.0,1.0,1.0,2.0,-5.388656139373779
ucb_b0,26.0,1.0,1.0,2.0,-55.758218467235565
ucb_b0,29.0,1.0,1.0,2.0,-60.111193023622036
ucb_b0,33.0,1.0,1.0,2.0,-55.983282029628754
ucb_b0,34.0,1.0,1.0,2.0,-0.0271801674971357
ucb_b0,35.0,1.0,1.0,2.0,-9.21034049987793
ucb_b0,36.0,1.0,1.0,2.0,-6.293165683746338
ucb_b0,38.0,1.0,1.0,2.0,-14.545515537261963
ucb_b0,40.0,1.0,1.0,2.0,-12.515466690063477
ucb_b0,41.0,1.0,1.0,2.0,-25.848289277404547
ucb_b0,42.0,1.0,1.0,2.0,-22.40584635734558
ucb_b0,43.0,1.0,1.0,2.0,-4.8768181800842285
ucb_b0,44.0,1.0,1.0,2.0,-5.034259796142578
ucb_b0,47.0,1.0,1.0,2.0,-67.20899391174316
ucb_b0,54.0,1.0,1.0,2.0,-35.866069972515106
ucb_b0,58.0,1.0,1.0,2.0,-36.969795882701874
ucb_b0,67.0,1.0,1.0,2.0,-11.562319278717041
ucb_b0,69.0,1.0,1.0,2.0,-12.999008655548096
ucb_b0,72.0,1.0,1.0,2.0,-12.482318878173828
ucb_b0,74.0,1.0,1.0,2.0,-47.03835475444794
ucb_b0,76.0,1.0,1.0,2.0,-50.3447687625885
ucb_b0,78.0,1.0,1.0,2.0,-6.605306506156921
ucb_b0,81.0,1.0,1.0,2.0,-4.907369613647461
ucb_b0,90.0,1.0,1.0,2.0,-115.07637155056
ucb_b0,92.0,1.0,1.0,2.0,-21.62111508846283
ucb_b0,94.0,1.0,1.0,2.0,-4.634021251637023
ucb_b0,95.0,1.0,1.0,2.0,-9.21034049987793
ucb_b0,96.0,1.0,1.0,2.0,-47.8649787902832
ucb_b0,102.0,1.0,1.0,2.0,-5.044680595397949
ucb_b0,106.0,1.0,1.0,2.0,-152.66773030161858
ucb_b0,113.0,1.0,1.0,2.0,-5.28568696975708
ucb_lcb_n,8.0,1.0,1.0,2.0,-19.069322004914284
ucb_lcb_n,9.0,1.0,1.0,2.0,-5.034639835357666
ucb_lcb_n,10.0,1.0,1.0,2.0,-0.01478650514036417
ucb_lcb_n,13.0,1.0,1.0,2.0,-115.02159643173218
ucb_lcb_n,14.0,1.0,1.0,2.0,-4.916661262512207
ucb_lcb_n,16.0,1.0,1.0,2.0,-76.61471271514893
ucb_lcb_n,18.0,1.0,1.0,2.0,-5.4062395095825195
ucb_lcb_n,26.0,1.0,1.0,2.0,-36.762552976608276
ucb_lcb_n,29.0,1.0,1.0,2.0,-57.400163784623146
ucb_lcb_n,33.0,1.0,1.0,2.0,-29.67534475494176
ucb_lcb_n,34.0,1.0,1.0,2.0,-0.004781167110195383
ucb_lcb_n,35.0,1.0,1.0,2.0,-9.21034049987793
ucb_lcb_n,36.0,1.0,1.0,2.0,-6.6234660148620605
ucb_lcb_n,38.0,1.0,1.0,2.0,-24.190977096557617
ucb_lcb_n,40.0,1.0,1.0,2.0,-12.292996406555176
ucb_lcb_n,41.0,1.0,1.0,2.0,-20.760552475694567
ucb_lcb_n,42.0,1.0,1.0,2.0,-21.250810146331787
ucb_lcb_n,43.0,1.0,1.0,2.0,-4.855709552764893
ucb_lcb_n,44.0,1.0,1.0,2.0,-5.056253910064697
ucb_lcb_n,47.0,1.0,1.0,2.0,-62.25724245607853
ucb_lcb_n,54.0,1.0,1.0,2.0,-34.929509341716766
ucb_lcb_n,58.0,1.0,1.0,2.0,-30.818242728710175
ucb_lcb_n,67.0,1.0,1.0,2.0,-12.41893482208252
ucb_lcb_n,69.0,1.0,1.0,2.0,-14.309912204742432
ucb_lcb_n,72.0,1.0,1.0,2.0,-11.28934931755066
ucb_lcb_n,74.0,1.0,1.0,2.0,-47.43545264005661
ucb_lcb_n,76.0,1.0,1.0,2.0,-13.941328883171082
ucb_lcb_n,78.0,1.0,1.0,2.0,-5.614218439906836
ucb_lcb_n,81.0,1.0,1.0,2.0,-4.893672466278076
ucb_lcb_n,90.0,1.0,1.0,2.0,-116.56748557090759
ucb_lcb_n,92.0,1.0,1.0,2.0,-12.887146848712291
ucb_lcb_n,94.0,1.0,1.0,2.0,-19.498746380872035
ucb_lcb_n,95.0,1.0,1.0,2.0,-9.21034049987793
ucb_lcb_n,96.0,1.0,1.0,2.0,-24.907045006752014
ucb_lcb_n,102.0,1.0,1.0,2.0,-5.01315450668335
ucb_lcb_n,106.0,1.0,1.0,2.0,-146.23560290504247
ucb_lcb_n,113.0,1.0,1.0,2.0,-5.2135772705078125
random,8.0,1.0,1.0,2.0,-119.89476680755615
random,9.0,1.0,1.0,2.0,-4.795790672302246
random,10.0,1.0,1.0,2.0,-119.89476680755615
random,13.0,1.0,1.0,2.0,-119.89476680755615
random,14.0,1.0,1.0,2.0,-4.795790672302246
random,16.0,1.0,1.0,2.0,-119.89476680755615
random,18.0,1.0,1.0,2.0,-4.795790672302246
random,26.0,1.0,1.0,2.0,-119.89476680755615
random,29.0,1.0,1.0,2.0,-119.89476680755615
random,33.0,1.0,1.0,2.0,-119.89476680755615
random,34.0,1.0,1.0,2.0,-119.89476680755615
random,35.0,1.0,1.0,2.0,-4.795790672302246
random,36.0,1.0,1.0,2.0,-4.795790672302246
random,38.0,1.0,1.0,2.0,-19.183162689208984
random,40.0,1.0,1.0,2.0,-9.591581344604492
random,41.0,1.0,1.0,2.0,-119.89476680755615
random,42.0,1.0,1.0,2.0,-28.774744033813477
random,43.0,1.0,1.0,2.0,-4.795790672302246
random,44.0,1.0,1.0,2.0,-4.795790672302246
random,47.0,1.0,1.0,2.0,-119.89476680755615
random,54.0,1.0,1.0,2.0,-119.89476680755615
random,58.0,1.0,1.0,2.0,-119.89476680755615
random,67.0,1.0,1.0,2.0,-9.591581344604492
random,69.0,1.0,1.0,2.0,-14.387372016906738
random,72.0,1.0,1.0,2.0,-14.387372016906738
random,74.0,1.0,1.0,2.0,-119.89476680755615
random,76.0,1.0,1.0,2.0,-119.89476680755615
random,78.0,1.0,1.0,2.0,-119.89476680755615
random,81.0,1.0,1.0,2.0,-4.795790672302246
random,90.0,1.0,1.0,2.0,-119.89476680755615
random,92.0,1.0,1.0,2.0,-119.89476680755615
random,94.0,1.0,1.0,2.0,-119.89476680755615
random,95.0,1.0,1.0,2.0,-4.795790672302246
random,96.0,1.0,1.0,2.0,-62.3452787399292
random,102.0,1.0,1.0,2.0,-4.795790672302246
random,106.0,1.0,1.0,2.0,-119.89476680755615
random,113.0,1.0,1.0,2.0,-4.795790672302246
pos,8.0,1.0,1.0,3.0,-4.993298053741455
pos,9.0,1.0,1.0,3.0,-5.064496994018555
pos,10.0,1.0,1.0,3.0,-60.68822121620178
pos,13.0,1.0,1.0,3.0,-12.962574481964111
pos,14.0,1.0,1.0,3.0,-105.52852392196655
pos,16.0,1.0,1.0,3.0,-7.741001605987549
pos,18.0,1.0,1.0,3.0,-84.38696336746216
pos,26.0,1.0,1.0,3.0,-5.26899528503418
pos,29.0,1.0,1.0,3.0,-31.035749435424805
pos,33.0,1.0,1.0,3.0,-36.83258676528931
pos,34.0,1.0,1.0,3.0,-50.29999566078186
pos,35.0,1.0,1.0,3.0,-16.684445679187775
pos,36.0,1.0,1.0,3.0,-4.292333126068115
pos,38.0,1.0,1.0,3.0,-9.21034049987793
pos,40.0,1.0,1.0,3.0,-73.56828331947327
pos,41.0,1.0,1.0,3.0,-90.89959001541138
pos,42.0,1.0,1.0,3.0,-99.70482468605042
pos,43.0,1.0,1.0,3.0,-6.226294994354248
pos,44.0,1.0,1.0,3.0,-15.519864082336426
pos,47.0,1.0,1.0,3.0,-51.24959373474121
pos,54.0,1.0,1.0,3.0,-94.3001606464386
pos,58.0,1.0,1.0,3.0,-12.118923425674438
pos,67.0,1.0,1.0,3.0,-4.940989017486572
pos,69.0,1.0,1.0,3.0,-89.82025480270386
pos,72.0,1.0,1.0,3.0,-13.762840509414673
pos,74.0,1.0,1.0,3.0,-68.78620457649231
pos,76.0,1.0,1.0,3.0,-76.69643807411194
pos,78.0,1.0,1.0,3.0,-49.49235820770264
pos,81.0,1.0,1.0,3.0,-10.396781921386719
pos,90.0,1.0,1.0,3.0,-6.072639465332031
pos,92.0,1.0,1.0,3.0,-105.67513418197632
pos,94.0,1.0,1.0,3.0,-58.52015018463135
pos,95.0,1.0,1.0,3.0,-0.011609752749791369
pos,96.0,1.0,1.0,3.0,-97.1721248626709
pos,102.0,1.0,1.0,3.0,-7.535741329193115
pos,106.0,1.0,1.0,3.0,-6.905497670173645
pos,113.0,1.0,1.0,3.0,-6.474881649017334
ucb_lcb,8.0,1.0,1.0,3.0,-5.763540267944336
ucb_lcb,9.0,1.0,1.0,3.0,-4.842019081115723
ucb_lcb,10.0,1.0,1.0,3.0,-0.0025005398128996603
ucb_lcb,13.0,1.0,1.0,3.0,-9.675607681274414
ucb_lcb,14.0,1.0,1.0,3.0,-72.64720845222473
ucb_lcb,16.0,1.0,1.0,3.0,-4.8012776374816895
ucb_lcb,18.0,1.0,1.0,3.0,-23.937921106815338
ucb_lcb,26.0,1.0,1.0,3.0,-6.607697010040283
ucb_lcb,29.0,1.0,1.0,3.0,-27.67372155189514
ucb_lcb,33.0,1.0,1.0,3.0,-38.590378522872925
ucb_lcb,34.0,1.0,1.0,3.0,-0.0025005398128996603
ucb_lcb,35.0,1.0,1.0,3.0,-147.51302242279053
ucb_lcb,36.0,1.0,1.0,3.0,-4.158814430236816
ucb_lcb,38.0,1.0,1.0,3.0,-9.21034049987793
ucb_lcb,40.0,1.0,1.0,3.0,-153.45597958564758
ucb_lcb,41.0,1.0,1.0,3.0,-44.83063976466656
ucb_lcb,42.0,1.0,1.0,3.0,-209.53377532958984
ucb_lcb,43.0,1.0,1.0,3.0,-4.847813129425049
ucb_lcb,44.0,1.0,1.0,3.0,-9.876354694366455
ucb_lcb,47.0,1.0,1.0,3.0,-37.96296028792858
ucb_lcb,54.0,1.0,1.0,3.0,-34.07416792586446
ucb_lcb,58.0,1.0,1.0,3.0,-16.809860229492188
ucb_lcb,67.0,1.0,1.0,3.0,-4.794963359832764
ucb_lcb,69.0,1.0,1.0,3.0,-66.78165888786316
ucb_lcb,72.0,1.0,1.0,3.0,-13.832823991775513
ucb_lcb,74.0,1.0,1.0,3.0,-44.26551830768585
ucb_lcb,76.0,1.0,1.0,3.0,-20.44479627162218
ucb_lcb,78.0,1.0,1.0,3.0,-6.493571650236845
ucb_lcb,81.0,1.0,1.0,3.0,-9.209278583526611
ucb_lcb,90.0,1.0,1.0,3.0,-4.844339370727539
ucb_lcb,92.0,1.0,1.0,3.0,-31.682403625920415
ucb_lcb,94.0,1.0,1.0,3.0,-35.985280849039555
ucb_lcb,95.0,1.0,1.0,3.0,-0.0025005398128996603
ucb_lcb,96.0,1.0,1.0,3.0,-70.08973929286003
ucb_lcb,102.0,1.0,1.0,3.0,-4.843550682067871
ucb_lcb,106.0,1.0,1.0,3.0,-9.810925245285034
ucb_lcb,113.0,1.0,1.0,3.0,-5.714702129364014
ucb_b0,8.0,1.0,1.0,3.0,-6.313687801361084
ucb_b0,9.0,1.0,1.0,3.0,-4.987545967102051
ucb_b0,10.0,1.0,1.0,3.0,-0.004036101592646446
ucb_b0,13.0,1.0,1.0,3.0,-11.984878540039062
ucb_b0,14.0,1.0,1.0,3.0,-42.68711030483246
ucb_b0,16.0,1.0,1.0,3.0,-4.832033157348633
ucb_b0,18.0,1.0,1.0,3.0,-19.0333391726017
ucb_b0,26.0,1.0,1.0,3.0,-7.377294063568115
ucb_b0,29.0,1.0,1.0,3.0,-28.428117990493774
ucb_b0,33.0,1.0,1.0,3.0,-38.931923151016235
ucb_b0,34.0,1.0,1.0,3.0,-0.004387769193272106
ucb_b0,35.0,1.0,1.0,3.0,-70.85541152954102
ucb_b0,36.0,1.0,1.0,3.0,-4.171934604644775
ucb_b0,38.0,1.0,1.0,3.0,-8.678805351257324
ucb_b0,40.0,1.0,1.0,3.0,-47.53094923496246
ucb_b0,41.0,1.0,1.0,3.0,-98.94398379325867
ucb_b0,42.0,1.0,1.0,3.0,-212.66811728477478
ucb_b0,43.0,1.0,1.0,3.0,-4.908502101898193
ucb_b0,44.0,1.0,1.0,3.0,-10.310929298400879
ucb_b0,47.0,1.0,1.0,3.0,-58.050726771354675
ucb_b0,54.0,1.0,1.0,3.0,-32.37356126308441
ucb_b0,58.0,1.0,1.0,3.0,-14.218614101409912
ucb_b0,67.0,1.0,1.0,3.0,-5.105324745178223
ucb_b0,69.0,1.0,1.0,3.0,-89.68975389003754
ucb_b0,72.0,1.0,1.0,3.0,-13.864481925964355
ucb_b0,74.0,1.0,1.0,3.0,-44.86397534608841
ucb_b0,76.0,1.0,1.0,3.0,-24.58309607207775
ucb_b0,78.0,1.0,1.0,3.0,-6.482754647731781
ucb_b0,81.0,1.0,1.0,3.0,-9.418443202972412
ucb_b0,90.0,1.0,1.0,3.0,-4.6619720458984375
ucb_b0,92.0,1.0,1.0,3.0,-34.60987915471196
ucb_b0,94.0,1.0,1.0,3.0,-38.32344301044941
ucb_b0,95.0,1.0,1.0,3.0,-0.005767245849710889
ucb_b0,96.0,1.0,1.0,3.0,-65.79332663118839
ucb_b0,102.0,1.0,1.0,3.0,-4.930871486663818
ucb_b0,106.0,1.0,1.0,3.0,-12.125446557998657
ucb_b0,113.0,1.0,1.0,3.0,-5.94258451461792
ucb_lcb_n,8.0,1.0,1.0,3.0,-6.56960916519165
ucb_lcb_n,9.0,1.0,1.0,3.0,-4.8914055824279785
ucb_lcb_n,10.0,1.0,1.0,3.0,-0.0025005398128996603
ucb_lcb_n,13.0,1.0,1.0,3.0,-11.328763008117676
ucb_lcb_n,14.0,1.0,1.0,3.0,-22.803165018558502
ucb_lcb_n,16.0,1.0,1.0,3.0,-4.811694622039795
ucb_lcb_n,18.0,1.0,1.0,3.0,-23.893935084342957
ucb_lcb_n,26.0,1.0,1.0,3.0,-8.639396667480469
ucb_lcb_n,29.0,1.0,1.0,3.0,-23.42143476009369
ucb_lcb_n,33.0,1.0,1.0,3.0,-25.391157567501068
ucb_lcb_n,34.0,1.0,1.0,3.0,-0.0025005398128996603
ucb_lcb_n,35.0,1.0,1.0,3.0,-101.07750082015991
ucb_lcb_n,36.0,1.0,1.0,3.0,-4.208641529083252
ucb_lcb_n,38.0,1.0,1.0,3.0,-8.392897605895996
ucb_lcb_n,40.0,1.0,1.0,3.0,-135.89756727218628
ucb_lcb_n,41.0,1.0,1.0,3.0,-36.30485936999321
ucb_lcb_n,42.0,1.0,1.0,3.0,-210.2300193309784
ucb_lcb_n,43.0,1.0,1.0,3.0,-4.872997283935547
ucb_lcb_n,44.0,1.0,1.0,3.0,-10.197339534759521
ucb_lcb_n,47.0,1.0,1.0,3.0,-35.89535801112652
ucb_lcb_n,54.0,1.0,1.0,3.0,-32.11998512595892
ucb_lcb_n,58.0,1.0,1.0,3.0,-18.545514345169067
ucb_lcb_n,67.0,1.0,1.0,3.0,-5.172006607055664
ucb_lcb_n,69.0,1.0,1.0,3.0,-77.38191992044449
ucb_lcb_n,72.0,1.0,1.0,3.0,-13.475210428237915
ucb_lcb_n,74.0,1.0,1.0,3.0,-44.2778382897377
ucb_lcb_n,76.0,1.0,1.0,3.0,-30.215226102620363
ucb_lcb_n,78.0,1.0,1.0,3.0,-6.067785635590553
ucb_lcb_n,81.0,1.0,1.0,3.0,-9.228065490722656
ucb_lcb_n,90.0,1.0,1.0,3.0,-4.951813697814941
ucb_lcb_n,92.0,1.0,1.0,3.0,-31.373150028288364
ucb_lcb_n,94.0,1.0,1.0,3.0,-32.994866877794266
ucb_lcb_n,95.0,1.0,1.0,3.0,-0.0025005398128996603
ucb_lcb_n,96.0,1.0,1.0,3.0,-58.535064086318016
ucb_lcb_n,102.0,1.0,1.0,3.0,-4.911293983459473
ucb_lcb_n,106.0,1.0,1.0,3.0,-10.677361011505127
ucb_lcb_n,113.0,1.0,1.0,3.0,-5.815781593322754
random,8.0,1.0,1.0,3.0,-4.795790672302246
random,9.0,1.0,1.0,3.0,-4.795790672302246
random,10.0,1.0,1.0,3.0,-119.89476680755615
random,13.0,1.0,1.0,3.0,-9.591581344604492
random,14.0,1.0,1.0,3.0,-119.89476680755615
random,16.0,1.0,1.0,3.0,-4.795790672302246
random,18.0,1.0,1.0,3.0,-119.89476680755615
random,26.0,1.0,1.0,3.0,-4.795790672302246
random,29.0,1.0,1.0,3.0,-38.36632537841797
random,33.0,1.0,1.0,3.0,-57.54948806762695
random,34.0,1.0,1.0,3.0,-119.89476680755615
random,35.0,1.0,1.0,3.0,-119.89476680755615
random,36.0,1.0,1.0,3.0,-4.795790672302246
random,38.0,1.0,1.0,3.0,-4.795790672302246
random,40.0,1.0,1.0,3.0,-119.89476680755615
random,41.0,1.0,1.0,3.0,-119.89476680755615
random,42.0,1.0,1.0,3.0,-119.89476680755615
random,43.0,1.0,1.0,3.0,-4.795790672302246
random,44.0,1.0,1.0,3.0,-9.591581344604492
random,47.0,1.0,1.0,3.0,-76.73265075683594
random,54.0,1.0,1.0,3.0,-119.89476680755615
random,58.0,1.0,1.0,3.0,-19.183162689208984
random,67.0,1.0,1.0,3.0,-4.795790672302246
random,69.0,1.0,1.0,3.0,-119.89476680755615
random,72.0,1.0,1.0,3.0,-14.387372016906738
random,74.0,1.0,1.0,3.0,-119.89476680755615
random,76.0,1.0,1.0,3.0,-119.89476680755615
random,78.0,1.0,1.0,3.0,-119.89476680755615
random,81.0,1.0,1.0,3.0,-9.591581344604492
random,90.0,1.0,1.0,3.0,-4.795790672302246
random,92.0,1.0,1.0,3.0,-119.89476680755615
random,94.0,1.0,1.0,3.0,-100.71160411834717
random,95.0,1.0,1.0,3.0,-119.89476680755615
random,96.0,1.0,1.0,3.0,-119.89476680755615
random,102.0,1.0,1.0,3.0,-4.795790672302246
random,106.0,1.0,1.0,3.0,-14.387372016906738
random,113.0,1.0,1.0,3.0,-4.795790672302246
pos,8.0,1.0,1.0,4.0,-74.4677665233612
pos,9.0,1.0,1.0,4.0,-5.0795793533325195
pos,10.0,1.0,1.0,4.0,-65.19771265983582
pos,13.0,1.0,1.0,4.0,-73.41977500915527
pos,14.0,1.0,1.0,4.0,-8.969029426574707
pos,16.0,1.0,1.0,4.0,-35.68589782714844
pos,18.0,1.0,1.0,4.0,-5.202207088470459
pos,26.0,1.0,1.0,4.0,-5.107039928436279
pos,29.0,1.0,1.0,4.0,-31.77507519721985
pos,33.0,1.0,1.0,4.0,-85.54936730861664
pos,34.0,1.0,1.0,4.0,-47.303343415260315
pos,35.0,1.0,1.0,4.0,-69.94643950462341
pos,36.0,1.0,1.0,4.0,-109.63633418083191
pos,38.0,1.0,1.0,4.0,-7.656880468130112
pos,40.0,1.0,1.0,4.0,-97.30337762832642
pos,41.0,1.0,1.0,4.0,-11.24308466911316
pos,42.0,1.0,1.0,4.0,-5.189156770706177
pos,43.0,1.0,1.0,4.0,-13.22870683670044
pos,44.0,1.0,1.0,4.0,-11.081239461898804
pos,47.0,1.0,1.0,4.0,-8.4091295003891
pos,54.0,1.0,1.0,4.0,-5.4217424392700195
pos,58.0,1.0,1.0,4.0,-81.52351570129395
pos,67.0,1.0,1.0,4.0,-91.69496273994446
pos,69.0,1.0,1.0,4.0,-91.40935683250427
pos,72.0,1.0,1.0,4.0,-5.052496910095215
pos,74.0,1.0,1.0,4.0,-75.66895627975464
pos,76.0,1.0,1.0,4.0,-83.17973256111145
pos,78.0,1.0,1.0,4.0,-39.782410740852356
pos,81.0,1.0,1.0,4.0,-85.19347357749939
pos,90.0,1.0,1.0,4.0,-4.302312850952148
pos,92.0,1.0,1.0,4.0,-86.9077661037445
pos,94.0,1.0,1.0,4.0,-74.39165711402893
pos,95.0,1.0,1.0,4.0,-0.005082468647742644
pos,96.0,1.0,1.0,4.0,-106.69103574752808
pos,102.0,1.0,1.0,4.0,-7.6048808097839355
pos,106.0,1.0,1.0,4.0,-17.104226112365723
pos,113.0,1.0,1.0,4.0,-105.93849062919617
ucb_lcb,8.0,1.0,1.0,4.0,-16.02622300386429
ucb_lcb,9.0,1.0,1.0,4.0,-4.892782688140869
ucb_lcb,10.0,1.0,1.0,4.0,-0.0025005398128996603
ucb_lcb,13.0,1.0,1.0,4.0,-14.606089055538177
ucb_lcb,14.0,1.0,1.0,4.0,-4.8935418128967285
ucb_lcb,16.0,1.0,1.0,4.0,-19.7549147605896
ucb_lcb,18.0,1.0,1.0,4.0,-5.126845359802246
ucb_lcb,26.0,1.0,1.0,4.0,-5.319436550140381
ucb_lcb,29.0,1.0,1.0,4.0,-32.22011041641235
ucb_lcb,33.0,1.0,1.0,4.0,-49.405153930187225
ucb_lcb,34.0,1.0,1.0,4.0,-0.0025005398128996603
ucb_lcb,35.0,1.0,1.0,4.0,-96.36420941352844
ucb_lcb,36.0,1.0,1.0,4.0,-33.454339660704136
ucb_lcb,38.0,1.0,1.0,4.0,-95.5539562702179
ucb_lcb,40.0,1.0,1.0,4.0,-24.515071472153068
ucb_lcb,41.0,1.0,1.0,4.0,-9.360171556472778
ucb_lcb,42.0,1.0,1.0,4.0,-5.454404354095459
ucb_lcb,43.0,1.0,1.0,4.0,-9.786816596984863
ucb_lcb,44.0,1.0,1.0,4.0,-8.322248697280884
ucb_lcb,47.0,1.0,1.0,4.0,-6.140028715133667
ucb_lcb,54.0,1.0,1.0,4.0,-4.933669090270996
ucb_lcb,58.0,1.0,1.0,4.0,-43.3603501021862
ucb_lcb,67.0,1.0,1.0,4.0,-27.244440867565572
ucb_lcb,69.0,1.0,1.0,4.0,-84.34225559234619
ucb_lcb,72.0,1.0,1.0,4.0,-5.3917646408081055
ucb_lcb,74.0,1.0,1.0,4.0,-50.18479686975479
ucb_lcb,76.0,1.0,1.0,4.0,-31.665374845266342
ucb_lcb,78.0,1.0,1.0,4.0,-2.472467716783285
ucb_lcb,81.0,1.0,1.0,4.0,-207.07315803573874
ucb_lcb,90.0,1.0,1.0,4.0,-4.827200412750244
ucb_lcb,92.0,1.0,1.0,4.0,-36.3856969284825
ucb_lcb,94.0,1.0,1.0,4.0,-31.392512162652565
ucb_lcb,95.0,1.0,1.0,4.0,-0.0025005398128996603
ucb_lcb,96.0,1.0,1.0,4.0,-66.48484206199646
ucb_lcb,102.0,1.0,1.0,4.0,-4.903472900390625
ucb_lcb,106.0,1.0,1.0,4.0,-19.19626784324646
ucb_lcb,113.0,1.0,1.0,4.0,-30.53968784213066
ucb_b0,8.0,1.0,1.0,4.0,-18.07745373249054
ucb_b0,9.0,1.0,1.0,4.0,-5.091183185577393
ucb_b0,10.0,1.0,1.0,4.0,-0.0030210658005671576
ucb_b0,13.0,1.0,1.0,4.0,-20.351090490818024
ucb_b0,14.0,1.0,1.0,4.0,-5.11495304107666
ucb_b0,16.0,1.0,1.0,4.0,-21.32111644744873
ucb_b0,18.0,1.0,1.0,4.0,-5.5106048583984375
ucb_b0,26.0,1.0,1.0,4.0,-5.860172271728516
ucb_b0,29.0,1.0,1.0,4.0,-32.71909999847412
ucb_b0,33.0,1.0,1.0,4.0,-49.52552564442158
ucb_b0,34.0,1.0,1.0,4.0,-0.04597416543401778
ucb_b0,35.0,1.0,1.0,4.0,-73.35555452108383
ucb_b0,36.0,1.0,1.0,4.0,-37.26197223365307
ucb_b0,38.0,1.0,1.0,4.0,-35.54253876209259
ucb_b0,40.0,1.0,1.0,4.0,-24.88123577274382
ucb_b0,41.0,1.0,1.0,4.0,-9.2397780418396
ucb_b0,42.0,1.0,1.0,4.0,-6.342691898345947
ucb_b0,43.0,1.0,1.0,4.0,-9.965911388397217
ucb_b0,44.0,1.0,1.0,4.0,-8.027932167053223
ucb_b0,47.0,1.0,1.0,4.0,-8.227394342422485
ucb_b0,54.0,1.0,1.0,4.0,-5.244968891143799
ucb_b0,58.0,1.0,1.0,4.0,-62.13589280843735
ucb_b0,67.0,1.0,1.0,4.0,-33.56972171366215
ucb_b0,69.0,1.0,1.0,4.0,-90.54216766357422
ucb_b0,72.0,1.0,1.0,4.0,-5.02559232711792
ucb_b0,74.0,1.0,1.0,4.0,-49.229073852300644
ucb_b0,76.0,1.0,1.0,4.0,-30.831463672220707
ucb_b0,78.0,1.0,1.0,4.0,-1.5812681131064892
ucb_b0,81.0,1.0,1.0,4.0,-136.41847524046898
ucb_b0,90.0,1.0,1.0,4.0,-4.616601467132568
ucb_b0,92.0,1.0,1.0,4.0,-34.56874528899789
ucb_b0,94.0,1.0,1.0,4.0,-34.567457259399816
ucb_b0,95.0,1.0,1.0,4.0,-0.10406486736610532
ucb_b0,96.0,1.0,1.0,4.0,-63.80711829662323
ucb_b0,102.0,1.0,1.0,4.0,-5.016411781311035
ucb_b0,106.0,1.0,1.0,4.0,-21.314228773117065
ucb_b0,113.0,1.0,1.0,4.0,-27.386033941060305
ucb_lcb_n,8.0,1.0,1.0,4.0,-16.941586583852768
ucb_lcb_n,9.0,1.0,1.0,4.0,-4.9695258140563965
ucb_lcb_n,10.0,1.0,1.0,4.0,-0.0025005398128996603
ucb_lcb_n,13.0,1.0,1.0,4.0,-14.601194828748703
ucb_lcb_n,14.0,1.0,1.0,4.0,-4.975600242614746
ucb_lcb_n,16.0,1.0,1.0,4.0,-20.406321048736572
ucb_lcb_n,18.0,1.0,1.0,4.0,-5.581605434417725
ucb_lcb_n,26.0,1.0,1.0,4.0,-6.3498711585998535
ucb_lcb_n,29.0,1.0,1.0,4.0,-27.275592923164368
ucb_lcb_n,33.0,1.0,1.0,4.0,-37.65472894906998
ucb_lcb_n,34.0,1.0,1.0,4.0,-0.002501255141396541
ucb_lcb_n,35.0,1.0,1.0,4.0,-86.73785328865051
ucb_lcb_n,36.0,1.0,1.0,4.0,-33.76939135044813
ucb_lcb_n,38.0,1.0,1.0,4.0,-66.4595799446106
ucb_lcb_n,40.0,1.0,1.0,4.0,-25.041065528988838
ucb_lcb_n,41.0,1.0,1.0,4.0,-9.172022104263306
ucb_lcb_n,42.0,1.0,1.0,4.0,-5.868998289108276
ucb_lcb_n,43.0,1.0,1.0,4.0,-9.866956233978271
ucb_lcb_n,44.0,1.0,1.0,4.0,-7.434888601303101
ucb_lcb_n,47.0,1.0,1.0,4.0,-4.7376158237457275
ucb_lcb_n,54.0,1.0,1.0,4.0,-5.165665149688721
ucb_lcb_n,58.0,1.0,1.0,4.0,-68.15410833060741
ucb_lcb_n,67.0,1.0,1.0,4.0,-21.341737162321806
ucb_lcb_n,69.0,1.0,1.0,4.0,-96.86528217792511
ucb_lcb_n,72.0,1.0,1.0,4.0,-5.059717655181885
ucb_lcb_n,74.0,1.0,1.0,4.0,-50.6242992579937
ucb_lcb_n,76.0,1.0,1.0,4.0,-40.177029103040695
ucb_lcb_n,78.0,1.0,1.0,4.0,-2.773990970104933
ucb_lcb_n,81.0,1.0,1.0,4.0,-147.06729099154472
ucb_lcb_n,90.0,1.0,1.0,4.0,-4.767719268798828
ucb_lcb_n,92.0,1.0,1.0,4.0,-19.475592260889243
ucb_lcb_n,94.0,1.0,1.0,4.0,-35.22372468325193
ucb_lcb_n,95.0,1.0,1.0,4.0,-0.0070222954818746075
ucb_lcb_n,96.0,1.0,1.0,4.0,-43.529108572751284
ucb_lcb_n,102.0,1.0,1.0,4.0,-5.023598670959473
ucb_lcb_n,106.0,1.0,1.0,4.0,-19.512529373168945
ucb_lcb_n,113.0,1.0,1.0,4.0,-27.892315790057182
random,8.0,1.0,1.0,4.0,-119.89476680755615
random,9.0,1.0,1.0,4.0,-4.795790672302246
random,10.0,1.0,1.0,4.0,-119.89476680755615
random,13.0,1.0,1.0,4.0,-119.89476680755615
random,14.0,1.0,1.0,4.0,-4.795790672302246
random,16.0,1.0,1.0,4.0,-19.183162689208984
random,18.0,1.0,1.0,4.0,-4.795790672302246
random,26.0,1.0,1.0,4.0,-4.795790672302246
random,29.0,1.0,1.0,4.0,-47.95790672302246
random,33.0,1.0,1.0,4.0,-119.89476680755615
random,34.0,1.0,1.0,4.0,-119.89476680755615
random,35.0,1.0,1.0,4.0,-119.89476680755615
random,36.0,1.0,1.0,4.0,-119.89476680755615
random,38.0,1.0,1.0,4.0,-119.89476680755615
random,40.0,1.0,1.0,4.0,-119.89476680755615
random,41.0,1.0,1.0,4.0,-9.591581344604492
random,42.0,1.0,1.0,4.0,-9.591581344604492
random,43.0,1.0,1.0,4.0,-9.591581344604492
random,44.0,1.0,1.0,4.0,-9.591581344604492
random,47.0,1.0,1.0,4.0,-14.387372016906738
random,54.0,1.0,1.0,4.0,-4.795790672302246
random,58.0,1.0,1.0,4.0,-119.89476680755615
random,67.0,1.0,1.0,4.0,-119.89476680755615
random,69.0,1.0,1.0,4.0,-119.89476680755615
random,72.0,1.0,1.0,4.0,-4.795790672302246
random,74.0,1.0,1.0,4.0,-119.89476680755615
random,76.0,1.0,1.0,4.0,-119.89476680755615
random,78.0,1.0,1.0,4.0,-119.89476680755615
random,81.0,1.0,1.0,4.0,-119.89476680755615
random,90.0,1.0,1.0,4.0,-4.795790672302246
random,92.0,1.0,1.0,4.0,-119.89476680755615
random,94.0,1.0,1.0,4.0,-119.89476680755615
random,95.0,1.0,1.0,4.0,-119.89476680755615
random,96.0,1.0,1.0,4.0,-119.89476680755615
random,102.0,1.0,1.0,4.0,-4.795790672302246
random,106.0,1.0,1.0,4.0,-23.97895336151123
random,113.0,1.0,1.0,4.0,-119.89476680755615
