"","X","x","y","z","cond","tp","trial","row","block","ID","krakenFound"
"1",0,4,9,51,0,0,1,1,1,1,0
"2",1,9,5,44.2892866727543,0,0,2,2,1,1,1
"3",2,NA,NA,NA,0,0,3,3,1,1,1
"4",3,NA,NA,NA,0,0,4,4,1,1,0
"5",4,NA,NA,NA,0,0,5,5,1,1,1
"6",5,NA,NA,NA,0,0,6,6,1,1,1
"7",6,NA,NA,NA,0,0,7,7,1,1,0
"8",7,NA,NA,NA,0,0,8,8,1,1,0
"9",8,NA,NA,NA,0,0,9,9,1,1,0
"10",9,NA,NA,NA,0,0,10,10,1,1,0
"11",10,NA,NA,NA,0,0,11,11,1,1,0
"12",11,NA,NA,NA,0,0,12,12,1,1,0
"13",12,NA,NA,NA,0,0,13,13,1,1,1
"14",13,NA,NA,NA,0,0,14,14,1,1,0
"15",14,NA,NA,NA,0,0,15,15,1,1,1
"16",15,NA,NA,NA,0,0,16,16,1,1,0
"17",16,NA,NA,NA,0,0,17,17,1,1,0
"18",17,NA,NA,NA,0,0,18,18,1,1,0
"19",18,NA,NA,NA,0,0,19,19,1,1,0
"20",19,NA,NA,NA,0,0,20,20,1,1,0
"21",20,NA,NA,NA,0,0,21,21,1,1,0
"22",21,NA,NA,NA,0,0,22,22,1,1,0
"23",22,NA,NA,NA,0,0,23,23,1,1,0
"24",23,NA,NA,NA,0,0,24,24,1,1,0
"25",24,NA,NA,NA,0,0,25,25,1,1,0
"26",25,NA,NA,NA,0,0,26,26,1,1,0
"27",26,4,8,52,0,0,1,27,2,1,0
"28",27,8,10,42.0582872495542,0,0,2,28,2,1,1
"29",28,NA,NA,NA,0,0,3,29,2,1,1
"30",29,NA,NA,NA,0,0,4,30,2,1,0
"31",30,NA,NA,NA,0,0,5,31,2,1,0
"32",31,NA,NA,NA,0,0,6,32,2,1,0
"33",32,NA,NA,NA,0,0,7,33,2,1,0
"34",33,NA,NA,NA,0,0,8,34,2,1,0
"35",34,NA,NA,NA,0,0,9,35,2,1,0
"36",35,NA,NA,NA,0,0,10,36,2,1,1
"37",36,NA,NA,NA,0,0,11,37,2,1,0
"38",37,NA,NA,NA,0,0,12,38,2,1,0
"39",38,NA,NA,NA,0,0,13,39,2,1,0
"40",39,NA,NA,NA,0,0,14,40,2,1,0
"41",40,NA,NA,NA,0,0,15,41,2,1,0
"42",41,NA,NA,NA,0,0,16,42,2,1,0
"43",42,NA,NA,NA,0,0,17,43,2,1,1
"44",43,NA,NA,NA,0,0,18,44,2,1,0
"45",44,NA,NA,NA,0,0,19,45,2,1,1
"46",45,NA,NA,NA,0,0,20,46,2,1,0
"47",46,NA,NA,NA,0,0,21,47,2,1,0
"48",47,NA,NA,NA,0,0,22,48,2,1,0
"49",48,NA,NA,NA,0,0,23,49,2,1,0
"50",49,NA,NA,NA,0,0,24,50,2,1,0
"51",50,NA,NA,NA,0,0,25,51,2,1,1
"52",51,NA,NA,NA,0,0,26,52,2,1,0
"53",52,4,7,55,0,0,1,53,3,1,0
"54",53,5,3,66.723132752888,0,0,2,54,3,1,0
"55",54,7,1,41.8504743519897,0,0,3,55,3,1,1
"56",55,NA,NA,NA,0,0,4,56,3,1,1
"57",56,NA,NA,NA,0,0,5,57,3,1,1
"58",57,NA,NA,NA,0,0,6,58,3,1,1
"59",58,NA,NA,NA,0,0,7,59,3,1,1
"60",59,NA,NA,NA,0,0,8,60,3,1,0
"61",60,NA,NA,NA,0,0,9,61,3,1,1
"62",61,NA,NA,NA,0,0,10,62,3,1,0
"63",62,NA,NA,NA,0,0,11,63,3,1,0
"64",63,NA,NA,NA,0,0,12,64,3,1,0
"65",64,NA,NA,NA,0,0,13,65,3,1,0
"66",65,NA,NA,NA,0,0,14,66,3,1,0
"67",66,NA,NA,NA,0,0,15,67,3,1,0
"68",67,NA,NA,NA,0,0,16,68,3,1,0
"69",68,NA,NA,NA,0,0,17,69,3,1,0
"70",69,NA,NA,NA,0,0,18,70,3,1,0
"71",70,NA,NA,NA,0,0,19,71,3,1,0
"72",71,NA,NA,NA,0,0,20,72,3,1,0
"73",72,NA,NA,NA,0,0,21,73,3,1,0
"74",73,NA,NA,NA,0,0,22,74,3,1,1
"75",74,NA,NA,NA,0,0,23,75,3,1,1
"76",75,NA,NA,NA,0,0,24,76,3,1,0
"77",76,NA,NA,NA,0,0,25,77,3,1,1
"78",77,NA,NA,NA,0,0,26,78,3,1,0
"79",78,3,9,53,0,0,1,79,4,1,0
"80",79,2,10,45.7152984681512,0,0,2,80,4,1,1
"81",80,NA,NA,NA,0,0,3,81,4,1,0
"82",81,NA,NA,NA,0,0,4,82,4,1,1
"83",82,NA,NA,NA,0,0,5,83,4,1,1
"84",83,NA,NA,NA,0,0,6,84,4,1,1
"85",84,NA,NA,NA,0,0,7,85,4,1,1
"86",85,NA,NA,NA,0,0,8,86,4,1,1
"87",86,NA,NA,NA,0,0,9,87,4,1,1
"88",87,NA,NA,NA,0,0,10,88,4,1,1
"89",88,NA,NA,NA,0,0,11,89,4,1,1
"90",89,NA,NA,NA,0,0,12,90,4,1,1
"91",90,NA,NA,NA,0,0,13,91,4,1,0
"92",91,NA,NA,NA,0,0,14,92,4,1,1
"93",92,NA,NA,NA,0,0,15,93,4,1,1
"94",93,NA,NA,NA,0,0,16,94,4,1,1
"95",94,NA,NA,NA,0,0,17,95,4,1,1
"96",95,NA,NA,NA,0,0,18,96,4,1,1
"97",96,NA,NA,NA,0,0,19,97,4,1,0
"98",97,NA,NA,NA,0,0,20,98,4,1,1
"99",98,NA,NA,NA,0,0,21,99,4,1,0
"100",99,NA,NA,NA,0,0,22,100,4,1,1
"101",100,NA,NA,NA,0,0,23,101,4,1,1
"102",101,NA,NA,NA,0,0,24,102,4,1,0
"103",102,NA,NA,NA,0,0,25,103,4,1,0
"104",103,NA,NA,NA,0,0,26,104,4,1,0
"105",104,7,3,52,0,0,1,105,5,1,0
"106",105,6,8,49.4958417343294,0,0,2,106,5,1,0
"107",106,6,9,51.2189460481909,0,0,3,107,5,1,0
"108",107,4,7,68.2194093529701,0,0,4,108,5,1,0
"109",108,10,4,40.5746959753567,0,0,5,109,5,1,1
"110",109,NA,NA,NA,0,0,6,110,5,1,0
"111",110,NA,NA,NA,0,0,7,111,5,1,0
"112",111,NA,NA,NA,0,0,8,112,5,1,0
"113",112,NA,NA,NA,0,0,9,113,5,1,0
"114",113,NA,NA,NA,0,0,10,114,5,1,0
"115",114,NA,NA,NA,0,0,11,115,5,1,1
"116",115,NA,NA,NA,0,0,12,116,5,1,0
"117",116,NA,NA,NA,0,0,13,117,5,1,0
"118",117,NA,NA,NA,0,0,14,118,5,1,0
"119",118,NA,NA,NA,0,0,15,119,5,1,0
"120",119,NA,NA,NA,0,0,16,120,5,1,0
"121",120,NA,NA,NA,0,0,17,121,5,1,0
"122",121,NA,NA,NA,0,0,18,122,5,1,0
"123",122,NA,NA,NA,0,0,19,123,5,1,0
"124",123,NA,NA,NA,0,0,20,124,5,1,0
"125",124,NA,NA,NA,0,0,21,125,5,1,0
"126",125,NA,NA,NA,0,0,22,126,5,1,0
"127",126,NA,NA,NA,0,0,23,127,5,1,0
"128",127,NA,NA,NA,0,0,24,128,5,1,0
"129",128,NA,NA,NA,0,0,25,129,5,1,0
"130",129,NA,NA,NA,0,0,26,130,5,1,0
"131",130,2,2,53,0,0,1,131,1,15,0
"132",131,2,9,66.2305183752997,0,0,2,132,1,15,0
"133",132,1,9,72.7579481069814,0,0,3,133,1,15,0
"134",133,0,8,91.0901825300325,0,0,4,134,1,15,0
"135",134,1,8,103.804008321822,0,0,5,135,1,15,0
"136",135,1,7,119.685835508686,0,0,6,136,1,15,0
"137",136,0,7,103.806109925121,0,0,7,137,1,15,0
"138",137,2,7,103.809486194857,0,0,8,138,1,15,0
"139",138,1,6,103.856658720533,0,0,9,139,1,15,0
"140",139,2,6,91.1561227698045,0,0,10,140,1,15,0
"141",140,2,8,91.0903703789222,0,0,11,141,1,15,0
"142",141,0,6,91.1172141460544,0,0,12,142,1,15,0
"143",142,1,7,119.685835508686,0,0,13,143,1,15,0
"144",143,1,7,119.685835508686,0,0,14,144,1,15,0
"145",144,1,7,119.685835508686,0,0,15,145,1,15,0
"146",145,1,7,119.685835508686,0,0,16,146,1,15,0
"147",146,1,7,119.685835508686,0,0,17,147,1,15,0
"148",147,1,7,119.685835508686,0,0,18,148,1,15,0
"149",148,1,7,119.685835508686,0,0,19,149,1,15,0
"150",149,1,7,119.685835508686,0,0,20,150,1,15,0
"151",150,1,7,119.685835508686,0,0,21,151,1,15,0
"152",151,1,7,119.685835508686,0,0,22,152,1,15,0
"153",152,1,7,119.685835508686,0,0,23,153,1,15,0
"154",153,1,7,119.685835508686,0,0,24,154,1,15,0
"155",154,1,7,119.685835508686,0,0,25,155,1,15,0
"156",155,1,7,119.685835508686,0,0,26,156,1,15,0
"157",156,6,6,54,0,0,1,157,2,15,0
"158",157,5,6,52.6664215640624,0,0,2,158,2,15,0
"159",158,6,5,47.7527976901822,0,0,3,159,2,15,0
"160",159,6,7,58.2755679521502,0,0,4,160,2,15,0
"161",160,8,9,43.0814684252711,0,0,5,161,2,15,1
"162",161,NA,NA,NA,0,0,6,162,2,15,0
"163",162,NA,NA,NA,0,0,7,163,2,15,0
"164",163,NA,NA,NA,0,0,8,164,2,15,0
"165",164,NA,NA,NA,0,0,9,165,2,15,0
"166",165,NA,NA,NA,0,0,10,166,2,15,0
"167",166,NA,NA,NA,0,0,11,167,2,15,0
"168",167,NA,NA,NA,0,0,12,168,2,15,0
"169",168,NA,NA,NA,0,0,13,169,2,15,0
"170",169,NA,NA,NA,0,0,14,170,2,15,0
"171",170,NA,NA,NA,0,0,15,171,2,15,0
"172",171,NA,NA,NA,0,0,16,172,2,15,0
"173",172,NA,NA,NA,0,0,17,173,2,15,0
"174",173,NA,NA,NA,0,0,18,174,2,15,0
"175",174,NA,NA,NA,0,0,19,175,2,15,0
"176",175,NA,NA,NA,0,0,20,176,2,15,0
"177",176,NA,NA,NA,0,0,21,177,2,15,0
"178",177,NA,NA,NA,0,0,22,178,2,15,0
"179",178,NA,NA,NA,0,0,23,179,2,15,0
"180",179,NA,NA,NA,0,0,24,180,2,15,0
"181",180,NA,NA,NA,0,0,25,181,2,15,0
"182",181,NA,NA,NA,0,0,26,182,2,15,0
"183",182,6,8,53,0,0,1,183,3,15,0
"184",183,5,8,52.2023346825309,0,0,2,184,3,15,0
"185",184,9,9,40.8935828600235,0,0,3,185,3,15,1
"186",185,NA,NA,NA,0,0,4,186,3,15,0
"187",186,NA,NA,NA,0,0,5,187,3,15,0
"188",187,NA,NA,NA,0,0,6,188,3,15,0
"189",188,NA,NA,NA,0,0,7,189,3,15,1
"190",189,NA,NA,NA,0,0,8,190,3,15,0
"191",190,NA,NA,NA,0,0,9,191,3,15,0
"192",191,NA,NA,NA,0,0,10,192,3,15,0
"193",192,NA,NA,NA,0,0,11,193,3,15,0
"194",193,NA,NA,NA,0,0,12,194,3,15,0
"195",194,NA,NA,NA,0,0,13,195,3,15,0
"196",195,NA,NA,NA,0,0,14,196,3,15,0
"197",196,NA,NA,NA,0,0,15,197,3,15,0
"198",197,NA,NA,NA,0,0,16,198,3,15,0
"199",198,NA,NA,NA,0,0,17,199,3,15,0
"200",199,NA,NA,NA,0,0,18,200,3,15,0
"201",200,NA,NA,NA,0,0,19,201,3,15,0
"202",201,NA,NA,NA,0,0,20,202,3,15,0
"203",202,NA,NA,NA,0,0,21,203,3,15,0
"204",203,NA,NA,NA,0,0,22,204,3,15,0
"205",204,NA,NA,NA,0,0,23,205,3,15,0
"206",205,NA,NA,NA,0,0,24,206,3,15,0
"207",206,NA,NA,NA,0,0,25,207,3,15,0
"208",207,NA,NA,NA,0,0,26,208,3,15,0
"209",208,1,7,62,0,0,1,209,4,15,0
"210",209,1,7,62.1950830671822,0,0,2,210,4,15,0
"211",210,1,6,57.7724331727383,0,0,3,211,4,15,0
"212",211,3,5,50.0555296672465,0,0,4,212,4,15,0
"213",212,2,7,67.9947757341506,0,0,5,213,4,15,0
"214",213,3,6,59.5854974337311,0,0,6,214,4,15,0
"215",214,3,7,64.4593263189505,0,0,7,215,4,15,0
"216",215,2,6,62.4164640166022,0,0,8,216,4,15,0
"217",216,2,8,62.4164640166022,0,0,9,217,4,15,0
"218",217,3,8,59.5854974337311,0,0,10,218,4,15,0
"219",218,0,8,49.1148086007066,0,0,11,219,4,15,0
"220",219,2,9,51.5089963743017,0,0,12,220,4,15,0
"221",220,4,6,57.8054707969235,0,0,13,221,4,15,0
"222",221,4,7,62.2363420667803,0,0,14,222,4,15,0
"223",222,5,8,69.4036785744752,0,0,15,223,4,15,0
"224",223,6,8,92.0603228354384,0,0,16,224,4,15,0
"225",224,7,8,104.310348306917,0,0,17,225,4,15,0
"226",225,7,7,120.313905748197,0,0,18,226,4,15,0
"227",226,6,7,105.0154752929,0,0,19,227,4,15,0
"228",227,7,6,104.310348306917,0,0,20,228,4,15,0
"229",228,8,7,104.233935089325,0,0,21,229,4,15,0
"230",229,8,8,91.4345143625533,0,0,22,230,4,15,0
"231",230,6,6,92.0603228354384,0,0,23,231,4,15,0
"232",231,8,6,91.4345143625533,0,0,24,232,4,15,0
"233",232,7,7,120.313905748197,0,0,25,233,4,15,0
"234",233,7,7,120.313905748197,0,0,26,234,4,15,0
"235",234,2,10,51,0,0,1,235,5,15,0
"236",235,0,10,51.5695045085653,0,0,2,236,5,15,0
"237",236,1,10,54.4565619644111,0,0,3,237,5,15,0
"238",237,5,9,49.3193046006323,0,0,4,238,5,15,0
"239",238,2,10,51.6350174839078,0,0,5,239,5,15,0
"240",239,0,7,45.9614046665713,0,0,6,240,5,15,1
"241",240,NA,NA,NA,0,0,7,241,5,15,0
"242",241,NA,NA,NA,0,0,8,242,5,15,0
"243",242,NA,NA,NA,0,0,9,243,5,15,0
"244",243,NA,NA,NA,0,0,10,244,5,15,0
"245",244,NA,NA,NA,0,0,11,245,5,15,0
"246",245,NA,NA,NA,0,0,12,246,5,15,0
"247",246,NA,NA,NA,0,0,13,247,5,15,0
"248",247,NA,NA,NA,0,0,14,248,5,15,0
"249",248,NA,NA,NA,0,0,15,249,5,15,0
"250",249,NA,NA,NA,0,0,16,250,5,15,0
"251",250,NA,NA,NA,0,0,17,251,5,15,0
"252",251,NA,NA,NA,0,0,18,252,5,15,0
"253",252,NA,NA,NA,0,0,19,253,5,15,0
"254",253,NA,NA,NA,0,0,20,254,5,15,0
"255",254,NA,NA,NA,0,0,21,255,5,15,0
"256",255,NA,NA,NA,0,0,22,256,5,15,0
"257",256,NA,NA,NA,0,0,23,257,5,15,0
"258",257,NA,NA,NA,0,0,24,258,5,15,0
"259",258,NA,NA,NA,0,0,25,259,5,15,0
"260",259,NA,NA,NA,0,0,26,260,5,15,0
"261",260,0,9,54,0,0,1,261,1,19,0
"262",261,0,9,54.4512787136123,0,0,2,262,1,19,0
"263",262,8,10,40.9543310433281,0,0,3,263,1,19,1
"264",263,NA,NA,NA,0,0,4,264,1,19,1
"265",264,NA,NA,NA,0,0,5,265,1,19,0
"266",265,NA,NA,NA,0,0,6,266,1,19,0
"267",266,NA,NA,NA,0,0,7,267,1,19,0
"268",267,NA,NA,NA,0,0,8,268,1,19,0
"269",268,NA,NA,NA,0,0,9,269,1,19,0
"270",269,NA,NA,NA,0,0,10,270,1,19,0
"271",270,NA,NA,NA,0,0,11,271,1,19,0
"272",271,NA,NA,NA,0,0,12,272,1,19,0
"273",272,NA,NA,NA,0,0,13,273,1,19,0
"274",273,NA,NA,NA,0,0,14,274,1,19,0
"275",274,NA,NA,NA,0,0,15,275,1,19,0
"276",275,NA,NA,NA,0,0,16,276,1,19,0
"277",276,NA,NA,NA,0,0,17,277,1,19,0
"278",277,NA,NA,NA,0,0,18,278,1,19,0
"279",278,NA,NA,NA,0,0,19,279,1,19,0
"280",279,NA,NA,NA,0,0,20,280,1,19,0
"281",280,NA,NA,NA,0,0,21,281,1,19,0
"282",281,NA,NA,NA,0,0,22,282,1,19,0
"283",282,NA,NA,NA,0,0,23,283,1,19,0
"284",283,NA,NA,NA,0,0,24,284,1,19,0
"285",284,NA,NA,NA,0,0,25,285,1,19,0
"286",285,NA,NA,NA,0,0,26,286,1,19,0
"287",286,3,3,55,0,0,1,287,2,19,0
"288",287,3,3,55.5135090999876,0,0,2,288,2,19,0
"289",288,4,5,47.6717340345566,0,0,3,289,2,19,0
"290",289,3,5,47.8111887228864,0,0,4,290,2,19,0
"291",290,2,3,59.331030923842,0,0,5,291,2,19,0
"292",291,10,6,40.9299875677213,0,0,6,292,2,19,1
"293",292,NA,NA,NA,0,0,7,293,2,19,1
"294",293,NA,NA,NA,0,0,8,294,2,19,0
"295",294,NA,NA,NA,0,0,9,295,2,19,0
"296",295,NA,NA,NA,0,0,10,296,2,19,1
"297",296,NA,NA,NA,0,0,11,297,2,19,0
"298",297,NA,NA,NA,0,0,12,298,2,19,0
"299",298,NA,NA,NA,0,0,13,299,2,19,0
"300",299,NA,NA,NA,0,0,14,300,2,19,0
"301",300,NA,NA,NA,0,0,15,301,2,19,0
"302",301,NA,NA,NA,0,0,16,302,2,19,0
"303",302,NA,NA,NA,0,0,17,303,2,19,0
"304",303,NA,NA,NA,0,0,18,304,2,19,0
"305",304,NA,NA,NA,0,0,19,305,2,19,0
"306",305,NA,NA,NA,0,0,20,306,2,19,0
"307",306,NA,NA,NA,0,0,21,307,2,19,0
"308",307,NA,NA,NA,0,0,22,308,2,19,0
"309",308,NA,NA,NA,0,0,23,309,2,19,0
"310",309,NA,NA,NA,0,0,24,310,2,19,0
"311",310,NA,NA,NA,0,0,25,311,2,19,0
"312",311,NA,NA,NA,0,0,26,312,2,19,0
"313",312,9,3,53,0,0,1,313,3,19,0
"314",313,4,9,40.0000428347414,0,0,2,314,3,19,1
"315",314,NA,NA,NA,0,0,3,315,3,19,1
"316",315,NA,NA,NA,0,0,4,316,3,19,0
"317",316,NA,NA,NA,0,0,5,317,3,19,1
"318",317,NA,NA,NA,0,0,6,318,3,19,0
"319",318,NA,NA,NA,0,0,7,319,3,19,0
"320",319,NA,NA,NA,0,0,8,320,3,19,1
"321",320,NA,NA,NA,0,0,9,321,3,19,1
"322",321,NA,NA,NA,0,0,10,322,3,19,1
"323",322,NA,NA,NA,0,0,11,323,3,19,0
"324",323,NA,NA,NA,0,0,12,324,3,19,0
"325",324,NA,NA,NA,0,0,13,325,3,19,1
"326",325,NA,NA,NA,0,0,14,326,3,19,0
"327",326,NA,NA,NA,0,0,15,327,3,19,0
"328",327,NA,NA,NA,0,0,16,328,3,19,0
"329",328,NA,NA,NA,0,0,17,329,3,19,0
"330",329,NA,NA,NA,0,0,18,330,3,19,0
"331",330,NA,NA,NA,0,0,19,331,3,19,0
"332",331,NA,NA,NA,0,0,20,332,3,19,0
"333",332,NA,NA,NA,0,0,21,333,3,19,0
"334",333,NA,NA,NA,0,0,22,334,3,19,0
"335",334,NA,NA,NA,0,0,23,335,3,19,0
"336",335,NA,NA,NA,0,0,24,336,3,19,0
"337",336,NA,NA,NA,0,0,25,337,3,19,0
"338",337,NA,NA,NA,0,0,26,338,3,19,0
"339",338,8,0,49,0,0,1,339,4,19,0
"340",339,0,0,40.0003166170973,0,0,2,340,4,19,1
"341",340,NA,NA,NA,0,0,3,341,4,19,1
"342",341,NA,NA,NA,0,0,4,342,4,19,0
"343",342,NA,NA,NA,0,0,5,343,4,19,1
"344",343,NA,NA,NA,0,0,6,344,4,19,1
"345",344,NA,NA,NA,0,0,7,345,4,19,0
"346",345,NA,NA,NA,0,0,8,346,4,19,0
"347",346,NA,NA,NA,0,0,9,347,4,19,0
"348",347,NA,NA,NA,0,0,10,348,4,19,0
"349",348,NA,NA,NA,0,0,11,349,4,19,0
"350",349,NA,NA,NA,0,0,12,350,4,19,0
"351",350,NA,NA,NA,0,0,13,351,4,19,0
"352",351,NA,NA,NA,0,0,14,352,4,19,0
"353",352,NA,NA,NA,0,0,15,353,4,19,0
"354",353,NA,NA,NA,0,0,16,354,4,19,0
"355",354,NA,NA,NA,0,0,17,355,4,19,0
"356",355,NA,NA,NA,0,0,18,356,4,19,1
"357",356,NA,NA,NA,0,0,19,357,4,19,1
"358",357,NA,NA,NA,0,0,20,358,4,19,0
"359",358,NA,NA,NA,0,0,21,359,4,19,0
"360",359,NA,NA,NA,0,0,22,360,4,19,0
"361",360,NA,NA,NA,0,0,23,361,4,19,0
"362",361,NA,NA,NA,0,0,24,362,4,19,0
"363",362,NA,NA,NA,0,0,25,363,4,19,0
"364",363,NA,NA,NA,0,0,26,364,4,19,0
"365",364,2,2,55,0,0,1,365,5,19,0
"366",365,7,5,48.4819568337818,0,0,2,366,5,19,0
"367",366,5,9,40.000199376132,0,0,3,367,5,19,1
"368",367,NA,NA,NA,0,0,4,368,5,19,0
"369",368,NA,NA,NA,0,0,5,369,5,19,1
"370",369,NA,NA,NA,0,0,6,370,5,19,0
"371",370,NA,NA,NA,0,0,7,371,5,19,1
"372",371,NA,NA,NA,0,0,8,372,5,19,0
"373",372,NA,NA,NA,0,0,9,373,5,19,0
"374",373,NA,NA,NA,0,0,10,374,5,19,0
"375",374,NA,NA,NA,0,0,11,375,5,19,0
"376",375,NA,NA,NA,0,0,12,376,5,19,0
"377",376,NA,NA,NA,0,0,13,377,5,19,0
"378",377,NA,NA,NA,0,0,14,378,5,19,0
"379",378,NA,NA,NA,0,0,15,379,5,19,0
"380",379,NA,NA,NA,0,0,16,380,5,19,0
"381",380,NA,NA,NA,0,0,17,381,5,19,0
"382",381,NA,NA,NA,0,0,18,382,5,19,0
"383",382,NA,NA,NA,0,0,19,383,5,19,0
"384",383,NA,NA,NA,0,0,20,384,5,19,0
"385",384,NA,NA,NA,0,0,21,385,5,19,0
"386",385,NA,NA,NA,0,0,22,386,5,19,0
"387",386,NA,NA,NA,0,0,23,387,5,19,0
"388",387,NA,NA,NA,0,0,24,388,5,19,0
"389",388,NA,NA,NA,0,0,25,389,5,19,0
"390",389,NA,NA,NA,0,0,26,390,5,19,0
"391",390,2,8,52,0,0,1,391,1,20,0
"392",391,4,6,67.502107438147,0,0,2,392,1,20,0
"393",392,7,3,41.7874790036959,0,0,3,393,1,20,1
"394",393,NA,NA,NA,0,0,4,394,1,20,1
"395",394,NA,NA,NA,0,0,5,395,1,20,0
"396",395,NA,NA,NA,0,0,6,396,1,20,0
"397",396,NA,NA,NA,0,0,7,397,1,20,1
"398",397,NA,NA,NA,0,0,8,398,1,20,0
"399",398,NA,NA,NA,0,0,9,399,1,20,0
"400",399,NA,NA,NA,0,0,10,400,1,20,0
"401",400,NA,NA,NA,0,0,11,401,1,20,0
"402",401,NA,NA,NA,0,0,12,402,1,20,0
"403",402,NA,NA,NA,0,0,13,403,1,20,1
"404",403,NA,NA,NA,0,0,14,404,1,20,0
"405",404,NA,NA,NA,0,0,15,405,1,20,0
"406",405,NA,NA,NA,0,0,16,406,1,20,0
"407",406,NA,NA,NA,0,0,17,407,1,20,0
"408",407,NA,NA,NA,0,0,18,408,1,20,0
"409",408,NA,NA,NA,0,0,19,409,1,20,0
"410",409,NA,NA,NA,0,0,20,410,1,20,0
"411",410,NA,NA,NA,0,0,21,411,1,20,0
"412",411,NA,NA,NA,0,0,22,412,1,20,0
"413",412,NA,NA,NA,0,0,23,413,1,20,0
"414",413,NA,NA,NA,0,0,24,414,1,20,0
"415",414,NA,NA,NA,0,0,25,415,1,20,0
"416",415,NA,NA,NA,0,0,26,416,1,20,0
"417",416,7,4,55,0,0,1,417,2,20,0
"418",417,2,9,93.1149392675414,0,0,2,418,2,20,0
"419",418,10,9,40.0014741662445,0,0,3,419,2,20,1
"420",419,NA,NA,NA,0,0,4,420,2,20,1
"421",420,NA,NA,NA,0,0,5,421,2,20,0
"422",421,NA,NA,NA,0,0,6,422,2,20,0
"423",422,NA,NA,NA,0,0,7,423,2,20,0
"424",423,NA,NA,NA,0,0,8,424,2,20,0
"425",424,NA,NA,NA,0,0,9,425,2,20,0
"426",425,NA,NA,NA,0,0,10,426,2,20,0
"427",426,NA,NA,NA,0,0,11,427,2,20,0
"428",427,NA,NA,NA,0,0,12,428,2,20,0
"429",428,NA,NA,NA,0,0,13,429,2,20,0
"430",429,NA,NA,NA,0,0,14,430,2,20,0
"431",430,NA,NA,NA,0,0,15,431,2,20,0
"432",431,NA,NA,NA,0,0,16,432,2,20,0
"433",432,NA,NA,NA,0,0,17,433,2,20,1
"434",433,NA,NA,NA,0,0,18,434,2,20,1
"435",434,NA,NA,NA,0,0,19,435,2,20,0
"436",435,NA,NA,NA,0,0,20,436,2,20,0
"437",436,NA,NA,NA,0,0,21,437,2,20,0
"438",437,NA,NA,NA,0,0,22,438,2,20,0
"439",438,NA,NA,NA,0,0,23,439,2,20,0
"440",439,NA,NA,NA,0,0,24,440,2,20,0
"441",440,NA,NA,NA,0,0,25,441,2,20,0
"442",441,NA,NA,NA,0,0,26,442,2,20,0
"443",442,6,8,54,0,0,1,443,3,20,0
"444",443,6,8,54.6082809878472,0,0,2,444,3,20,0
"445",444,6,0,40.0095217092775,0,0,3,445,3,20,1
"446",445,NA,NA,NA,0,0,4,446,3,20,0
"447",446,NA,NA,NA,0,0,5,447,3,20,0
"448",447,NA,NA,NA,0,0,6,448,3,20,0
"449",448,NA,NA,NA,0,0,7,449,3,20,1
"450",449,NA,NA,NA,0,0,8,450,3,20,0
"451",450,NA,NA,NA,0,0,9,451,3,20,0
"452",451,NA,NA,NA,0,0,10,452,3,20,0
"453",452,NA,NA,NA,0,0,11,453,3,20,0
"454",453,NA,NA,NA,0,0,12,454,3,20,0
"455",454,NA,NA,NA,0,0,13,455,3,20,0
"456",455,NA,NA,NA,0,0,14,456,3,20,0
"457",456,NA,NA,NA,0,0,15,457,3,20,0
"458",457,NA,NA,NA,0,0,16,458,3,20,0
"459",458,NA,NA,NA,0,0,17,459,3,20,0
"460",459,NA,NA,NA,0,0,18,460,3,20,0
"461",460,NA,NA,NA,0,0,19,461,3,20,0
"462",461,NA,NA,NA,0,0,20,462,3,20,0
"463",462,NA,NA,NA,0,0,21,463,3,20,0
"464",463,NA,NA,NA,0,0,22,464,3,20,0
"465",464,NA,NA,NA,0,0,23,465,3,20,0
"466",465,NA,NA,NA,0,0,24,466,3,20,0
"467",466,NA,NA,NA,0,0,25,467,3,20,0
"468",467,NA,NA,NA,0,0,26,468,3,20,0
"469",468,1,10,54,0,0,1,469,4,20,0
"470",469,2,2,40.0665611344325,0,0,2,470,4,20,1
"471",470,NA,NA,NA,0,0,3,471,4,20,1
"472",471,NA,NA,NA,0,0,4,472,4,20,1
"473",472,NA,NA,NA,0,0,5,473,4,20,0
"474",473,NA,NA,NA,0,0,6,474,4,20,0
"475",474,NA,NA,NA,0,0,7,475,4,20,1
"476",475,NA,NA,NA,0,0,8,476,4,20,0
"477",476,NA,NA,NA,0,0,9,477,4,20,1
"478",477,NA,NA,NA,0,0,10,478,4,20,1
"479",478,NA,NA,NA,0,0,11,479,4,20,1
"480",479,NA,NA,NA,0,0,12,480,4,20,0
"481",480,NA,NA,NA,0,0,13,481,4,20,1
"482",481,NA,NA,NA,0,0,14,482,4,20,1
"483",482,NA,NA,NA,0,0,15,483,4,20,0
"484",483,NA,NA,NA,0,0,16,484,4,20,0
"485",484,NA,NA,NA,0,0,17,485,4,20,1
"486",485,NA,NA,NA,0,0,18,486,4,20,1
"487",486,NA,NA,NA,0,0,19,487,4,20,1
"488",487,NA,NA,NA,0,0,20,488,4,20,1
"489",488,NA,NA,NA,0,0,21,489,4,20,0
"490",489,NA,NA,NA,0,0,22,490,4,20,1
"491",490,NA,NA,NA,0,0,23,491,4,20,0
"492",491,NA,NA,NA,0,0,24,492,4,20,1
"493",492,NA,NA,NA,0,0,25,493,4,20,0
"494",493,NA,NA,NA,0,0,26,494,4,20,0
"495",494,5,9,55,0,0,1,495,5,20,0
"496",495,8,6,66.9764948301556,0,0,2,496,5,20,0
"497",496,4,9,57.6126824817105,0,0,3,497,5,20,0
"498",497,8,7,92.6161881006706,0,0,4,498,5,20,0
"499",498,2,3,40.0024000147318,0,0,5,499,5,20,1
"500",499,NA,NA,NA,0,0,6,500,5,20,0
"501",500,NA,NA,NA,0,0,7,501,5,20,0
"502",501,NA,NA,NA,0,0,8,502,5,20,0
"503",502,NA,NA,NA,0,0,9,503,5,20,0
"504",503,NA,NA,NA,0,0,10,504,5,20,0
"505",504,NA,NA,NA,0,0,11,505,5,20,0
"506",505,NA,NA,NA,0,0,12,506,5,20,0
"507",506,NA,NA,NA,0,0,13,507,5,20,0
"508",507,NA,NA,NA,0,0,14,508,5,20,0
"509",508,NA,NA,NA,0,0,15,509,5,20,0
"510",509,NA,NA,NA,0,0,16,510,5,20,0
"511",510,NA,NA,NA,0,0,17,511,5,20,0
"512",511,NA,NA,NA,0,0,18,512,5,20,0
"513",512,NA,NA,NA,0,0,19,513,5,20,0
"514",513,NA,NA,NA,0,0,20,514,5,20,0
"515",514,NA,NA,NA,0,0,21,515,5,20,0
"516",515,NA,NA,NA,0,0,22,516,5,20,0
"517",516,NA,NA,NA,0,0,23,517,5,20,0
"518",517,NA,NA,NA,0,0,24,518,5,20,0
"519",518,NA,NA,NA,0,0,25,519,5,20,0
"520",519,NA,NA,NA,0,0,26,520,5,20,0
"521",520,6,4,60,0,0,1,521,1,22,0
"522",521,5,3,59.8612900205776,0,0,2,522,1,22,0
"523",522,5,2,55.8096787064886,0,0,3,523,1,22,0
"524",523,5,6,56.6709990566046,0,0,4,524,1,22,0
"525",524,6,7,49.6809268322299,0,0,5,525,1,22,0
"526",525,5,1,48.111729773489,0,0,6,526,1,22,0
"527",526,5,5,52.7200868860306,0,0,7,527,1,22,0
"528",527,2,8,106.334957934289,0,0,8,528,1,22,0
"529",528,1,7,67.272718842238,0,0,9,529,1,22,0
"530",529,2,9,93.1149392675414,0,0,10,530,1,22,0
"531",530,2,8,106.334957934289,0,0,11,531,1,22,0
"532",531,4,8,106.371396922211,0,0,12,532,1,22,0
"533",532,3,8,122.851830295717,0,0,13,533,1,22,0
"534",533,3,8,122.851830295717,0,0,14,534,1,22,0
"535",534,3,8,122.851830295717,0,0,15,535,1,22,0
"536",535,3,8,122.851830295717,0,0,16,536,1,22,0
"537",536,3,8,122.851830295717,0,0,17,537,1,22,0
"538",537,3,8,122.851830295717,0,0,18,538,1,22,0
"539",538,2,9,93.1149392675414,0,0,19,539,1,22,0
"540",539,3,8,122.851830295717,0,0,20,540,1,22,0
"541",540,3,8,122.851830295717,0,0,21,541,1,22,0
"542",541,3,8,122.851830295717,0,0,22,542,1,22,0
"543",542,3,9,106.333355589114,0,0,23,543,1,22,0
"544",543,3,8,122.851830295717,0,0,24,544,1,22,0
"545",544,3,8,122.851830295717,0,0,25,545,1,22,0
"546",545,3,9,106.333355589114,0,0,26,546,1,22,0
"547",546,7,6,50,0,0,1,547,2,22,0
"548",547,10,10,40.0620863833341,0,0,2,548,2,22,1
"549",548,NA,NA,NA,0,0,3,549,2,22,0
"550",549,NA,NA,NA,0,0,4,550,2,22,1
"551",550,NA,NA,NA,0,0,5,551,2,22,1
"552",551,NA,NA,NA,0,0,6,552,2,22,1
"553",552,NA,NA,NA,0,0,7,553,2,22,0
"554",553,NA,NA,NA,0,0,8,554,2,22,1
"555",554,NA,NA,NA,0,0,9,555,2,22,0
"556",555,NA,NA,NA,0,0,10,556,2,22,0
"557",556,NA,NA,NA,0,0,11,557,2,22,1
"558",557,NA,NA,NA,0,0,12,558,2,22,1
"559",558,NA,NA,NA,0,0,13,559,2,22,0
"560",559,NA,NA,NA,0,0,14,560,2,22,1
"561",560,NA,NA,NA,0,0,15,561,2,22,1
"562",561,NA,NA,NA,0,0,16,562,2,22,0
"563",562,NA,NA,NA,0,0,17,563,2,22,0
"564",563,NA,NA,NA,0,0,18,564,2,22,0
"565",564,NA,NA,NA,0,0,19,565,2,22,0
"566",565,NA,NA,NA,0,0,20,566,2,22,0
"567",566,NA,NA,NA,0,0,21,567,2,22,0
"568",567,NA,NA,NA,0,0,22,568,2,22,0
"569",568,NA,NA,NA,0,0,23,569,2,22,0
"570",569,NA,NA,NA,0,0,24,570,2,22,0
"571",570,NA,NA,NA,0,0,25,571,2,22,0
"572",571,NA,NA,NA,0,0,26,572,2,22,0
"573",572,5,7,59,0,0,1,573,3,22,0
"574",573,3,1,104.77370126046,0,0,2,574,3,22,0
"575",574,3,2,120.895682077843,0,0,3,575,3,22,0
"576",575,3,1,104.77370126046,0,0,4,576,3,22,0
"577",576,2,1,91.866637398429,0,0,5,577,3,22,0
"578",577,3,2,120.895682077843,0,0,6,578,3,22,0
"579",578,3,2,120.895682077843,0,0,7,579,3,22,0
"580",579,3,1,104.77370126046,0,0,8,580,3,22,0
"581",580,2,2,104.774618048096,0,0,9,581,3,22,0
"582",581,4,1,91.8669391984901,0,0,10,582,3,22,0
"583",582,3,2,120.895682077843,0,0,11,583,3,22,0
"584",583,4,3,91.9418010674701,0,0,12,584,3,22,0
"585",584,3,2,120.895682077843,0,0,13,585,3,22,0
"586",585,3,2,120.895682077843,0,0,14,586,3,22,0
"587",586,3,1,104.77370126046,0,0,15,587,3,22,0
"588",587,3,1,104.77370126046,0,0,16,588,3,22,0
"589",588,3,2,120.895682077843,0,0,17,589,3,22,0
"590",589,4,2,104.780042399626,0,0,18,590,3,22,0
"591",590,3,2,120.895682077843,0,0,19,591,3,22,0
"592",591,3,2,120.895682077843,0,0,20,592,3,22,0
"593",592,3,2,120.895682077843,0,0,21,593,3,22,0
"594",593,3,2,120.895682077843,0,0,22,594,3,22,0
"595",594,3,2,120.895682077843,0,0,23,595,3,22,0
"596",595,3,2,120.895682077843,0,0,24,596,3,22,0
"597",596,3,2,120.895682077843,0,0,25,597,3,22,0
"598",597,4,2,104.780042399626,0,0,26,598,3,22,0
"599",598,4,0,52,0,0,1,599,4,22,0
"600",599,4,1,56.117055112528,0,0,2,600,4,22,0
"601",600,7,8,66.9302831247425,0,0,3,601,4,22,0
"602",601,6,3,57.6437751227693,0,0,4,602,4,22,0
"603",602,6,6,121.868316061554,0,0,5,603,4,22,0
"604",603,6,6,121.868316061554,0,0,6,604,4,22,0
"605",604,6,7,105.510896574014,0,0,7,605,4,22,0
"606",605,6,6,121.868316061554,0,0,8,606,4,22,0
"607",606,6,6,121.868316061554,0,0,9,607,4,22,0
"608",607,6,6,121.868316061554,0,0,10,608,4,22,0
"609",608,6,7,105.510896574014,0,0,11,609,4,22,0
"610",609,6,6,121.868316061554,0,0,12,610,4,22,0
"611",610,6,6,121.868316061554,0,0,13,611,4,22,0
"612",611,6,6,121.868316061554,0,0,14,612,4,22,0
"613",612,6,6,121.868316061554,0,0,15,613,4,22,0
"614",613,7,5,92.6871969576271,0,0,16,614,4,22,0
"615",614,6,5,105.962211260892,0,0,17,615,4,22,0
"616",615,6,6,121.868316061554,0,0,18,616,4,22,0
"617",616,6,7,105.510896574014,0,0,19,617,4,22,0
"618",617,6,6,121.868316061554,0,0,20,618,4,22,0
"619",618,6,6,121.868316061554,0,0,21,619,4,22,0
"620",619,6,5,105.962211260892,0,0,22,620,4,22,0
"621",620,6,6,121.868316061554,0,0,23,621,4,22,0
"622",621,6,6,121.868316061554,0,0,24,622,4,22,0
"623",622,6,6,121.868316061554,0,0,25,623,4,22,0
"624",623,6,7,105.510896574014,0,0,26,624,4,22,0
"625",624,7,3,52,0,0,1,625,5,22,0
"626",625,8,3,46.622918356368,0,0,2,626,5,22,0
"627",626,10,6,40.236470080784,0,0,3,627,5,22,1
"628",627,NA,NA,NA,0,0,4,628,5,22,1
"629",628,NA,NA,NA,0,0,5,629,5,22,0
"630",629,NA,NA,NA,0,0,6,630,5,22,0
"631",630,NA,NA,NA,0,0,7,631,5,22,0
"632",631,NA,NA,NA,0,0,8,632,5,22,0
"633",632,NA,NA,NA,0,0,9,633,5,22,0
"634",633,NA,NA,NA,0,0,10,634,5,22,0
"635",634,NA,NA,NA,0,0,11,635,5,22,1
"636",635,NA,NA,NA,0,0,12,636,5,22,0
"637",636,NA,NA,NA,0,0,13,637,5,22,0
"638",637,NA,NA,NA,0,0,14,638,5,22,0
"639",638,NA,NA,NA,0,0,15,639,5,22,0
"640",639,NA,NA,NA,0,0,16,640,5,22,0
"641",640,NA,NA,NA,0,0,17,641,5,22,0
"642",641,NA,NA,NA,0,0,18,642,5,22,0
"643",642,NA,NA,NA,0,0,19,643,5,22,0
"644",643,NA,NA,NA,0,0,20,644,5,22,0
"645",644,NA,NA,NA,0,0,21,645,5,22,0
"646",645,NA,NA,NA,0,0,22,646,5,22,0
"647",646,NA,NA,NA,0,0,23,647,5,22,0
"648",647,NA,NA,NA,0,0,24,648,5,22,0
"649",648,NA,NA,NA,0,0,25,649,5,22,0
"650",649,NA,NA,NA,0,0,26,650,5,22,0
"651",650,7,2,55,0,0,1,651,1,24,0
"652",651,3,8,122.851830295717,0,0,2,652,1,24,0
"653",652,3,8,122.851830295717,0,0,3,653,1,24,0
"654",653,3,8,122.851830295717,0,0,4,654,1,24,0
"655",654,3,8,122.851830295717,0,0,5,655,1,24,0
"656",655,3,8,122.851830295717,0,0,6,656,1,24,0
"657",656,3,8,122.851830295717,0,0,7,657,1,24,0
"658",657,3,8,122.851830295717,0,0,8,658,1,24,0
"659",658,3,8,122.851830295717,0,0,9,659,1,24,0
"660",659,3,8,122.851830295717,0,0,10,660,1,24,0
"661",660,3,8,122.851830295717,0,0,11,661,1,24,0
"662",661,3,8,122.851830295717,0,0,12,662,1,24,0
"663",662,3,8,122.851830295717,0,0,13,663,1,24,0
"664",663,3,8,122.851830295717,0,0,14,664,1,24,0
"665",664,3,8,122.851830295717,0,0,15,665,1,24,0
"666",665,3,7,106.427490641229,0,0,16,666,1,24,0
"667",666,3,8,122.851830295717,0,0,17,667,1,24,0
"668",667,3,8,122.851830295717,0,0,18,668,1,24,0
"669",668,3,8,122.851830295717,0,0,19,669,1,24,0
"670",669,3,8,122.851830295717,0,0,20,670,1,24,0
"671",670,3,8,122.851830295717,0,0,21,671,1,24,0
"672",671,3,8,122.851830295717,0,0,22,672,1,24,0
"673",672,3,8,122.851830295717,0,0,23,673,1,24,0
"674",673,3,8,122.851830295717,0,0,24,674,1,24,0
"675",674,3,8,122.851830295717,0,0,25,675,1,24,0
"676",675,3,8,122.851830295717,0,0,26,676,1,24,0
"677",676,3,10,51,0,0,1,677,2,24,0
"678",677,10,0,40.0000435824405,0,0,2,678,2,24,1
"679",678,NA,NA,NA,0,0,3,679,2,24,1
"680",679,NA,NA,NA,0,0,4,680,2,24,1
"681",680,NA,NA,NA,0,0,5,681,2,24,1
"682",681,NA,NA,NA,0,0,6,682,2,24,1
"683",682,NA,NA,NA,0,0,7,683,2,24,0
"684",683,NA,NA,NA,0,0,8,684,2,24,0
"685",684,NA,NA,NA,0,0,9,685,2,24,0
"686",685,NA,NA,NA,0,0,10,686,2,24,0
"687",686,NA,NA,NA,0,0,11,687,2,24,0
"688",687,NA,NA,NA,0,0,12,688,2,24,0
"689",688,NA,NA,NA,0,0,13,689,2,24,0
"690",689,NA,NA,NA,0,0,14,690,2,24,0
"691",690,NA,NA,NA,0,0,15,691,2,24,1
"692",691,NA,NA,NA,0,0,16,692,2,24,1
"693",692,NA,NA,NA,0,0,17,693,2,24,0
"694",693,NA,NA,NA,0,0,18,694,2,24,0
"695",694,NA,NA,NA,0,0,19,695,2,24,0
"696",695,NA,NA,NA,0,0,20,696,2,24,0
"697",696,NA,NA,NA,0,0,21,697,2,24,0
"698",697,NA,NA,NA,0,0,22,698,2,24,0
"699",698,NA,NA,NA,0,0,23,699,2,24,0
"700",699,NA,NA,NA,0,0,24,700,2,24,0
"701",700,NA,NA,NA,0,0,25,701,2,24,0
"702",701,NA,NA,NA,0,0,26,702,2,24,0
"703",702,4,1,56,0,0,1,703,3,24,0
"704",703,3,2,46.8887251652148,0,0,2,704,3,24,0
"705",704,7,1,48.4612580462736,0,0,3,705,3,24,0
"706",705,2,6,42.3472897692866,0,0,4,706,3,24,1
"707",706,NA,NA,NA,0,0,5,707,3,24,1
"708",707,NA,NA,NA,0,0,6,708,3,24,0
"709",708,NA,NA,NA,0,0,7,709,3,24,0
"710",709,NA,NA,NA,0,0,8,710,3,24,0
"711",710,NA,NA,NA,0,0,9,711,3,24,0
"712",711,NA,NA,NA,0,0,10,712,3,24,0
"713",712,NA,NA,NA,0,0,11,713,3,24,0
"714",713,NA,NA,NA,0,0,12,714,3,24,0
"715",714,NA,NA,NA,0,0,13,715,3,24,0
"716",715,NA,NA,NA,0,0,14,716,3,24,0
"717",716,NA,NA,NA,0,0,15,717,3,24,0
"718",717,NA,NA,NA,0,0,16,718,3,24,0
"719",718,NA,NA,NA,0,0,17,719,3,24,0
"720",719,NA,NA,NA,0,0,18,720,3,24,0
"721",720,NA,NA,NA,0,0,19,721,3,24,0
"722",721,NA,NA,NA,0,0,20,722,3,24,0
"723",722,NA,NA,NA,0,0,21,723,3,24,0
"724",723,NA,NA,NA,0,0,22,724,3,24,0
"725",724,NA,NA,NA,0,0,23,725,3,24,0
"726",725,NA,NA,NA,0,0,24,726,3,24,0
"727",726,NA,NA,NA,0,0,25,727,3,24,0
"728",727,NA,NA,NA,0,0,26,728,3,24,0
"729",728,5,7,59,0,0,1,729,4,24,0
"730",729,5,7,59.5870759596529,0,0,2,730,4,24,0
"731",730,5,5,47.7894349094305,0,0,3,731,4,24,0
"732",731,4,6,49.8499211497315,0,0,4,732,4,24,0
"733",732,4,8,59.4802406649498,0,0,5,733,4,24,0
"734",733,4,6,49.8499211497315,0,0,6,734,4,24,0
"735",734,3,3,104.812136625557,0,0,7,735,4,24,0
"736",735,3,3,104.812136625557,0,0,8,736,4,24,0
"737",736,3,3,104.812136625557,0,0,9,737,4,24,0
"738",737,3,3,104.812136625557,0,0,10,738,4,24,0
"739",738,3,3,104.812136625557,0,0,11,739,4,24,0
"740",739,3,3,104.812136625557,0,0,12,740,4,24,0
"741",740,3,3,104.812136625557,0,0,13,741,4,24,0
"742",741,3,3,104.812136625557,0,0,14,742,4,24,0
"743",742,3,3,104.812136625557,0,0,15,743,4,24,0
"744",743,3,3,104.812136625557,0,0,16,744,4,24,0
"745",744,3,3,104.812136625557,0,0,17,745,4,24,0
"746",745,3,3,104.812136625557,0,0,18,746,4,24,0
"747",746,3,3,104.812136625557,0,0,19,747,4,24,0
"748",747,3,3,104.812136625557,0,0,20,748,4,24,0
"749",748,3,3,104.812136625557,0,0,21,749,4,24,0
"750",749,3,3,104.812136625557,0,0,22,750,4,24,0
"751",750,3,3,104.812136625557,0,0,23,751,4,24,0
"752",751,3,3,104.812136625557,0,0,24,752,4,24,0
"753",752,3,3,104.812136625557,0,0,25,753,4,24,0
"754",753,3,3,104.812136625557,0,0,26,754,4,24,0
"755",754,5,7,54,0,0,1,755,5,24,0
"756",755,7,0,40.0010691957806,0,0,2,756,5,24,1
"757",756,NA,NA,NA,0,0,3,757,5,24,0
"758",757,NA,NA,NA,0,0,4,758,5,24,0
"759",758,NA,NA,NA,0,0,5,759,5,24,0
"760",759,NA,NA,NA,0,0,6,760,5,24,0
"761",760,NA,NA,NA,0,0,7,761,5,24,0
"762",761,NA,NA,NA,0,0,8,762,5,24,0
"763",762,NA,NA,NA,0,0,9,763,5,24,0
"764",763,NA,NA,NA,0,0,10,764,5,24,0
"765",764,NA,NA,NA,0,0,11,765,5,24,0
"766",765,NA,NA,NA,0,0,12,766,5,24,0
"767",766,NA,NA,NA,0,0,13,767,5,24,0
"768",767,NA,NA,NA,0,0,14,768,5,24,0
"769",768,NA,NA,NA,0,0,15,769,5,24,0
"770",769,NA,NA,NA,0,0,16,770,5,24,0
"771",770,NA,NA,NA,0,0,17,771,5,24,0
"772",771,NA,NA,NA,0,0,18,772,5,24,0
"773",772,NA,NA,NA,0,0,19,773,5,24,0
"774",773,NA,NA,NA,0,0,20,774,5,24,0
"775",774,NA,NA,NA,0,0,21,775,5,24,0
"776",775,NA,NA,NA,0,0,22,776,5,24,1
"777",776,NA,NA,NA,0,0,23,777,5,24,0
"778",777,NA,NA,NA,0,0,24,778,5,24,0
"779",778,NA,NA,NA,0,0,25,779,5,24,0
"780",779,NA,NA,NA,0,0,26,780,5,24,0
"781",780,1,3,55,0,0,1,781,1,27,0
"782",781,1,3,55.4732604364245,0,0,2,782,1,27,0
"783",782,1,4,52.3978158585524,0,0,3,783,1,27,0
"784",783,2,3,59.331030923842,0,0,4,784,1,27,0
"785",784,2,3,59.331030923842,0,0,5,785,1,27,0
"786",785,2,3,59.331030923842,0,0,6,786,1,27,0
"787",786,2,4,55.5366955298451,0,0,7,787,1,27,0
"788",787,2,2,55.4728357621481,0,0,8,788,1,27,0
"789",788,2,3,59.331030923842,0,0,9,789,1,27,0
"790",789,2,2,55.4728357621481,0,0,10,790,1,27,0
"791",790,2,3,59.331030923842,0,0,11,791,1,27,0
"792",791,3,3,55.5135090999876,0,0,12,792,1,27,0
"793",792,2,3,59.331030923842,0,0,13,793,1,27,0
"794",793,3,4,52.6952154915274,0,0,14,794,1,27,0
"795",794,2,3,59.331030923842,0,0,15,795,1,27,0
"796",795,1,2,52.3891733788038,0,0,16,796,1,27,0
"797",796,2,3,59.331030923842,0,0,17,797,1,27,0
"798",797,2,3,59.331030923842,0,0,18,798,1,27,0
"799",798,2,3,59.331030923842,0,0,19,799,1,27,0
"800",799,2,3,59.331030923842,0,0,20,800,1,27,0
"801",800,1,3,55.4732604364245,0,0,21,801,1,27,0
"802",801,2,3,59.331030923842,0,0,22,802,1,27,0
"803",802,2,3,59.331030923842,0,0,23,803,1,27,0
"804",803,2,3,59.331030923842,0,0,24,804,1,27,0
"805",804,2,3,59.331030923842,0,0,25,805,1,27,0
"806",805,2,3,59.331030923842,0,0,26,806,1,27,0
"807",806,8,4,52,0,0,1,807,2,27,0
"808",807,7,3,43.5382339629775,0,0,2,808,2,27,1
"809",808,NA,NA,NA,0,0,3,809,2,27,0
"810",809,NA,NA,NA,0,0,4,810,2,27,0
"811",810,NA,NA,NA,0,0,5,811,2,27,0
"812",811,NA,NA,NA,0,0,6,812,2,27,0
"813",812,NA,NA,NA,0,0,7,813,2,27,0
"814",813,NA,NA,NA,0,0,8,814,2,27,0
"815",814,NA,NA,NA,0,0,9,815,2,27,0
"816",815,NA,NA,NA,0,0,10,816,2,27,0
"817",816,NA,NA,NA,0,0,11,817,2,27,0
"818",817,NA,NA,NA,0,0,12,818,2,27,0
"819",818,NA,NA,NA,0,0,13,819,2,27,0
"820",819,NA,NA,NA,0,0,14,820,2,27,0
"821",820,NA,NA,NA,0,0,15,821,2,27,0
"822",821,NA,NA,NA,0,0,16,822,2,27,0
"823",822,NA,NA,NA,0,0,17,823,2,27,0
"824",823,NA,NA,NA,0,0,18,824,2,27,0
"825",824,NA,NA,NA,0,0,19,825,2,27,0
"826",825,NA,NA,NA,0,0,20,826,2,27,0
"827",826,NA,NA,NA,0,0,21,827,2,27,0
"828",827,NA,NA,NA,0,0,22,828,2,27,0
"829",828,NA,NA,NA,0,0,23,829,2,27,0
"830",829,NA,NA,NA,0,0,24,830,2,27,0
"831",830,NA,NA,NA,0,0,25,831,2,27,0
"832",831,NA,NA,NA,0,0,26,832,2,27,0
"833",832,8,6,53,0,0,1,833,3,27,0
"834",833,8,6,53.4323222135967,0,0,2,834,3,27,0
"835",834,2,4,40.330604915301,0,0,3,835,3,27,1
"836",835,NA,NA,NA,0,0,4,836,3,27,0
"837",836,NA,NA,NA,0,0,5,837,3,27,0
"838",837,NA,NA,NA,0,0,6,838,3,27,0
"839",838,NA,NA,NA,0,0,7,839,3,27,0
"840",839,NA,NA,NA,0,0,8,840,3,27,0
"841",840,NA,NA,NA,0,0,9,841,3,27,0
"842",841,NA,NA,NA,0,0,10,842,3,27,0
"843",842,NA,NA,NA,0,0,11,843,3,27,0
"844",843,NA,NA,NA,0,0,12,844,3,27,0
"845",844,NA,NA,NA,0,0,13,845,3,27,0
"846",845,NA,NA,NA,0,0,14,846,3,27,0
"847",846,NA,NA,NA,0,0,15,847,3,27,0
"848",847,NA,NA,NA,0,0,16,848,3,27,0
"849",848,NA,NA,NA,0,0,17,849,3,27,0
"850",849,NA,NA,NA,0,0,18,850,3,27,0
"851",850,NA,NA,NA,0,0,19,851,3,27,0
"852",851,NA,NA,NA,0,0,20,852,3,27,0
"853",852,NA,NA,NA,0,0,21,853,3,27,0
"854",853,NA,NA,NA,0,0,22,854,3,27,0
"855",854,NA,NA,NA,0,0,23,855,3,27,0
"856",855,NA,NA,NA,0,0,24,856,3,27,0
"857",856,NA,NA,NA,0,0,25,857,3,27,0
"858",857,NA,NA,NA,0,0,26,858,3,27,0
"859",858,2,5,57,0,0,1,859,4,27,0
"860",859,2,5,57.009664919666,0,0,2,860,4,27,0
"861",860,2,6,61.230859336854,0,0,3,861,4,27,0
"862",861,3,6,57.2234148017901,0,0,4,862,4,27,0
"863",862,2,6,61.230859336854,0,0,5,863,4,27,0
"864",863,2,6,61.230859336854,0,0,6,864,4,27,0
"865",864,2,7,56.9943662421435,0,0,7,865,4,27,0
"866",865,2,6,61.230859336854,0,0,8,866,4,27,0
"867",866,1,6,56.9848433800353,0,0,9,867,4,27,0
"868",867,2,6,61.230859336854,0,0,10,868,4,27,0
"869",868,2,6,61.230859336854,0,0,11,869,4,27,0
"870",869,9,5,102.011122146129,0,0,12,870,4,27,0
"871",870,9,5,102.011122146129,0,0,13,871,4,27,0
"872",871,9,5,102.011122146129,0,0,14,872,4,27,0
"873",872,9,5,102.011122146129,0,0,15,873,4,27,0
"874",873,9,5,102.011122146129,0,0,16,874,4,27,0
"875",874,9,5,102.011122146129,0,0,17,875,4,27,0
"876",875,9,5,102.011122146129,0,0,18,876,4,27,0
"877",876,9,5,102.011122146129,0,0,19,877,4,27,0
"878",877,9,5,102.011122146129,0,0,20,878,4,27,0
"879",878,9,5,102.011122146129,0,0,21,879,4,27,0
"880",879,9,5,102.011122146129,0,0,22,880,4,27,0
"881",880,9,5,102.011122146129,0,0,23,881,4,27,0
"882",881,9,5,102.011122146129,0,0,24,882,4,27,0
"883",882,9,5,102.011122146129,0,0,25,883,4,27,0
"884",883,9,5,102.011122146129,0,0,26,884,4,27,0
"885",884,8,5,56,0,0,1,885,5,27,0
"886",885,8,5,56.37888587015,0,0,2,886,5,27,0
"887",886,8,6,60.4432347252706,0,0,3,887,5,27,0
"888",887,7,6,56.5903756676098,0,0,4,888,5,27,0
"889",888,8,7,56.3637489532147,0,0,5,889,5,27,0
"890",889,8,6,60.4432347252706,0,0,6,890,5,27,0
"891",890,8,5,56.37888587015,0,0,7,891,5,27,0
"892",891,8,7,56.3637489532147,0,0,8,892,5,27,0
"893",892,8,6,60.4432347252706,0,0,9,893,5,27,0
"894",893,9,7,53.0951921251685,0,0,10,894,5,27,0
"895",894,8,6,60.4432347252706,0,0,11,895,5,27,0
"896",895,8,6,60.4432347252706,0,0,12,896,5,27,0
"897",896,8,6,60.4432347252706,0,0,13,897,5,27,0
"898",897,8,6,60.4432347252706,0,0,14,898,5,27,0
"899",898,8,6,60.4432347252706,0,0,15,899,5,27,0
"900",899,7,6,56.5903756676098,0,0,16,900,5,27,0
"901",900,8,6,60.4432347252706,0,0,17,901,5,27,0
"902",901,7,7,53.2163836644303,0,0,18,902,5,27,0
"903",902,9,6,56.3543267811017,0,0,19,903,5,27,0
"904",903,8,6,60.4432347252706,0,0,20,904,5,27,0
"905",904,8,6,60.4432347252706,0,0,21,905,5,27,0
"906",905,8,6,60.4432347252706,0,0,22,906,5,27,0
"907",906,8,6,60.4432347252706,0,0,23,907,5,27,0
"908",907,8,6,60.4432347252706,0,0,24,908,5,27,0
"909",908,5,3,44.6372203742665,0,0,25,909,5,27,1
"910",909,NA,NA,NA,0,0,26,910,5,27,0
"911",910,3,0,52,0,0,1,911,1,30,0
"912",911,6,1,66.3042600560719,0,0,2,912,1,30,0
"913",912,6,1,66.3042600560719,0,0,3,913,1,30,0
"914",913,6,1,66.3042600560719,0,0,4,914,1,30,0
"915",914,6,1,66.3042600560719,0,0,5,915,1,30,0
"916",915,6,1,66.3042600560719,0,0,6,916,1,30,0
"917",916,6,1,66.3042600560719,0,0,7,917,1,30,0
"918",917,6,1,66.3042600560719,0,0,8,918,1,30,0
"919",918,6,1,66.3042600560719,0,0,9,919,1,30,0
"920",919,6,1,66.3042600560719,0,0,10,920,1,30,0
"921",920,6,1,66.3042600560719,0,0,11,921,1,30,0
"922",921,6,1,66.3042600560719,0,0,12,922,1,30,0
"923",922,6,1,66.3042600560719,0,0,13,923,1,30,0
"924",923,6,1,66.3042600560719,0,0,14,924,1,30,0
"925",924,6,1,66.3042600560719,0,0,15,925,1,30,0
"926",925,6,1,66.3042600560719,0,0,16,926,1,30,0
"927",926,6,1,66.3042600560719,0,0,17,927,1,30,0
"928",927,6,1,66.3042600560719,0,0,18,928,1,30,0
"929",928,6,1,66.3042600560719,0,0,19,929,1,30,0
"930",929,6,1,66.3042600560719,0,0,20,930,1,30,0
"931",930,6,1,66.3042600560719,0,0,21,931,1,30,0
"932",931,6,1,66.3042600560719,0,0,22,932,1,30,0
"933",932,6,1,66.3042600560719,0,0,23,933,1,30,0
"934",933,6,1,66.3042600560719,0,0,24,934,1,30,0
"935",934,6,1,66.3042600560719,0,0,25,935,1,30,0
"936",935,6,1,66.3042600560719,0,0,26,936,1,30,0
"937",936,6,9,55,0,0,1,937,2,30,0
"938",937,7,9,47.9539803870913,0,0,2,938,2,30,0
"939",938,6,9,55.1377992203185,0,0,3,939,2,30,0
"940",939,3,1,40.0417706112974,0,0,4,940,2,30,1
"941",940,NA,NA,NA,0,0,5,941,2,30,0
"942",941,NA,NA,NA,0,0,6,942,2,30,1
"943",942,NA,NA,NA,0,0,7,943,2,30,0
"944",943,NA,NA,NA,0,0,8,944,2,30,0
"945",944,NA,NA,NA,0,0,9,945,2,30,0
"946",945,NA,NA,NA,0,0,10,946,2,30,0
"947",946,NA,NA,NA,0,0,11,947,2,30,0
"948",947,NA,NA,NA,0,0,12,948,2,30,0
"949",948,NA,NA,NA,0,0,13,949,2,30,0
"950",949,NA,NA,NA,0,0,14,950,2,30,0
"951",950,NA,NA,NA,0,0,15,951,2,30,0
"952",951,NA,NA,NA,0,0,16,952,2,30,0
"953",952,NA,NA,NA,0,0,17,953,2,30,0
"954",953,NA,NA,NA,0,0,18,954,2,30,0
"955",954,NA,NA,NA,0,0,19,955,2,30,0
"956",955,NA,NA,NA,0,0,20,956,2,30,0
"957",956,NA,NA,NA,0,0,21,957,2,30,0
"958",957,NA,NA,NA,0,0,22,958,2,30,0
"959",958,NA,NA,NA,0,0,23,959,2,30,0
"960",959,NA,NA,NA,0,0,24,960,2,30,0
"961",960,NA,NA,NA,0,0,25,961,2,30,0
"962",961,NA,NA,NA,0,0,26,962,2,30,0
"963",962,1,6,57,0,0,1,963,3,30,0
"964",963,1,6,57.7724331727383,0,0,2,964,3,30,0
"965",964,1,6,57.7724331727383,0,0,3,965,3,30,0
"966",965,1,6,57.7724331727383,0,0,4,966,3,30,0
"967",966,4,7,62.2363420667803,0,0,5,967,3,30,0
"968",967,4,7,62.2363420667803,0,0,6,968,3,30,0
"969",968,1,6,57.7724331727383,0,0,7,969,3,30,0
"970",969,1,5,49.1246714377466,0,0,8,970,3,30,0
"971",970,5,8,69.4036785744752,0,0,9,971,3,30,0
"972",971,4,7,62.2363420667803,0,0,10,972,3,30,0
"973",972,5,8,69.4036785744752,0,0,11,973,3,30,0
"974",973,5,8,69.4036785744752,0,0,12,974,3,30,0
"975",974,5,8,69.4036785744752,0,0,13,975,3,30,0
"976",975,5,8,69.4036785744752,0,0,14,976,3,30,0
"977",976,5,8,69.4036785744752,0,0,15,977,3,30,0
"978",977,5,8,69.4036785744752,0,0,16,978,3,30,0
"979",978,5,8,69.4036785744752,0,0,17,979,3,30,0
"980",979,5,8,69.4036785744752,0,0,18,980,3,30,0
"981",980,5,8,69.4036785744752,0,0,19,981,3,30,0
"982",981,5,8,69.4036785744752,0,0,20,982,3,30,0
"983",982,5,8,69.4036785744752,0,0,21,983,3,30,0
"984",983,5,8,69.4036785744752,0,0,22,984,3,30,0
"985",984,4,8,57.8054707969235,0,0,23,985,3,30,0
"986",985,5,7,76.7207507322223,0,0,24,986,3,30,0
"987",986,5,7,76.7207507322223,0,0,25,987,3,30,0
"988",987,5,8,69.4036785744752,0,0,26,988,3,30,0
"989",988,2,7,51,0,0,1,989,4,30,0
"990",989,0,4,40.0921100504968,0,0,2,990,4,30,1
"991",990,NA,NA,NA,0,0,3,991,4,30,0
"992",991,NA,NA,NA,0,0,4,992,4,30,0
"993",992,NA,NA,NA,0,0,5,993,4,30,0
"994",993,NA,NA,NA,0,0,6,994,4,30,0
"995",994,NA,NA,NA,0,0,7,995,4,30,0
"996",995,NA,NA,NA,0,0,8,996,4,30,0
"997",996,NA,NA,NA,0,0,9,997,4,30,0
"998",997,NA,NA,NA,0,0,10,998,4,30,0
"999",998,NA,NA,NA,0,0,11,999,4,30,0
"1000",999,NA,NA,NA,0,0,12,1000,4,30,0
"1001",1000,NA,NA,NA,0,0,13,1001,4,30,0
"1002",1001,NA,NA,NA,0,0,14,1002,4,30,0
"1003",1002,NA,NA,NA,0,0,15,1003,4,30,0
"1004",1003,NA,NA,NA,0,0,16,1004,4,30,0
"1005",1004,NA,NA,NA,0,0,17,1005,4,30,0
"1006",1005,NA,NA,NA,0,0,18,1006,4,30,0
"1007",1006,NA,NA,NA,0,0,19,1007,4,30,0
"1008",1007,NA,NA,NA,0,0,20,1008,4,30,0
"1009",1008,NA,NA,NA,0,0,21,1009,4,30,0
"1010",1009,NA,NA,NA,0,0,22,1010,4,30,0
"1011",1010,NA,NA,NA,0,0,23,1011,4,30,0
"1012",1011,NA,NA,NA,0,0,24,1012,4,30,0
"1013",1012,NA,NA,NA,0,0,25,1013,4,30,0
"1014",1013,NA,NA,NA,0,0,26,1014,4,30,0
"1015",1014,1,6,56,0,0,1,1015,5,30,0
"1016",1015,2,7,56.9943662421435,0,0,2,1016,5,30,0
"1017",1016,2,7,56.9943662421435,0,0,3,1017,5,30,0
"1018",1017,2,7,56.9943662421435,0,0,4,1018,5,30,0
"1019",1018,2,7,56.9943662421435,0,0,5,1019,5,30,0
"1020",1019,2,7,56.9943662421435,0,0,6,1020,5,30,0
"1021",1020,2,7,56.9943662421435,0,0,7,1021,5,30,0
"1022",1021,2,8,48.7232309940468,0,0,8,1022,5,30,0
"1023",1022,2,7,56.9943662421435,0,0,9,1023,5,30,0
"1024",1023,2,7,56.9943662421435,0,0,10,1024,5,30,0
"1025",1024,10,2,44.3087251586636,0,0,11,1025,5,30,1
"1026",1025,NA,NA,NA,0,0,12,1026,5,30,0
"1027",1026,NA,NA,NA,0,0,13,1027,5,30,1
"1028",1027,NA,NA,NA,0,0,14,1028,5,30,0
"1029",1028,NA,NA,NA,0,0,15,1029,5,30,0
"1030",1029,NA,NA,NA,0,0,16,1030,5,30,1
"1031",1030,NA,NA,NA,0,0,17,1031,5,30,1
"1032",1031,NA,NA,NA,0,0,18,1032,5,30,0
"1033",1032,NA,NA,NA,0,0,19,1033,5,30,0
"1034",1033,NA,NA,NA,0,0,20,1034,5,30,0
"1035",1034,NA,NA,NA,0,0,21,1035,5,30,0
"1036",1035,NA,NA,NA,0,0,22,1036,5,30,0
"1037",1036,NA,NA,NA,0,0,23,1037,5,30,0
"1038",1037,NA,NA,NA,0,0,24,1038,5,30,0
"1039",1038,NA,NA,NA,0,0,25,1039,5,30,0
"1040",1039,NA,NA,NA,0,0,26,1040,5,30,0
"1041",1040,2,3,53,0,0,1,1041,1,32,0
"1042",1041,1,3,46.894363716278,0,0,2,1042,1,32,0
"1043",1042,8,0,40.0546088282178,0,0,3,1043,1,32,1
"1044",1043,NA,NA,NA,0,0,4,1044,1,32,0
"1045",1044,NA,NA,NA,0,0,5,1045,1,32,1
"1046",1045,NA,NA,NA,0,0,6,1046,1,32,0
"1047",1046,NA,NA,NA,0,0,7,1047,1,32,0
"1048",1047,NA,NA,NA,0,0,8,1048,1,32,0
"1049",1048,NA,NA,NA,0,0,9,1049,1,32,0
"1050",1049,NA,NA,NA,0,0,10,1050,1,32,0
"1051",1050,NA,NA,NA,0,0,11,1051,1,32,0
"1052",1051,NA,NA,NA,0,0,12,1052,1,32,0
"1053",1052,NA,NA,NA,0,0,13,1053,1,32,0
"1054",1053,NA,NA,NA,0,0,14,1054,1,32,0
"1055",1054,NA,NA,NA,0,0,15,1055,1,32,0
"1056",1055,NA,NA,NA,0,0,16,1056,1,32,0
"1057",1056,NA,NA,NA,0,0,17,1057,1,32,0
"1058",1057,NA,NA,NA,0,0,18,1058,1,32,0
"1059",1058,NA,NA,NA,0,0,19,1059,1,32,0
"1060",1059,NA,NA,NA,0,0,20,1060,1,32,0
"1061",1060,NA,NA,NA,0,0,21,1061,1,32,0
"1062",1061,NA,NA,NA,0,0,22,1062,1,32,0
"1063",1062,NA,NA,NA,0,0,23,1063,1,32,0
"1064",1063,NA,NA,NA,0,0,24,1064,1,32,0
"1065",1064,NA,NA,NA,0,0,25,1065,1,32,0
"1066",1065,NA,NA,NA,0,0,26,1066,1,32,0
"1067",1066,3,5,53,0,0,1,1067,2,32,0
"1068",1067,3,5,53.8988576709668,0,0,2,1068,2,32,0
"1069",1068,2,5,57.009664919666,0,0,3,1069,2,32,0
"1070",1069,4,9,41.2432769474744,0,0,4,1070,2,32,1
"1071",1070,NA,NA,NA,0,0,5,1071,2,32,0
"1072",1071,NA,NA,NA,0,0,6,1072,2,32,0
"1073",1072,NA,NA,NA,0,0,7,1073,2,32,0
"1074",1073,NA,NA,NA,0,0,8,1074,2,32,0
"1075",1074,NA,NA,NA,0,0,9,1075,2,32,0
"1076",1075,NA,NA,NA,0,0,10,1076,2,32,0
"1077",1076,NA,NA,NA,0,0,11,1077,2,32,0
"1078",1077,NA,NA,NA,0,0,12,1078,2,32,0
"1079",1078,NA,NA,NA,0,0,13,1079,2,32,0
"1080",1079,NA,NA,NA,0,0,14,1080,2,32,1
"1081",1080,NA,NA,NA,0,0,15,1081,2,32,0
"1082",1081,NA,NA,NA,0,0,16,1082,2,32,0
"1083",1082,NA,NA,NA,0,0,17,1083,2,32,0
"1084",1083,NA,NA,NA,0,0,18,1084,2,32,1
"1085",1084,NA,NA,NA,0,0,19,1085,2,32,0
"1086",1085,NA,NA,NA,0,0,20,1086,2,32,0
"1087",1086,NA,NA,NA,0,0,21,1087,2,32,0
"1088",1087,NA,NA,NA,0,0,22,1088,2,32,0
"1089",1088,NA,NA,NA,0,0,23,1089,2,32,0
"1090",1089,NA,NA,NA,0,0,24,1090,2,32,0
"1091",1090,NA,NA,NA,0,0,25,1091,2,32,0
"1092",1091,NA,NA,NA,0,0,26,1092,2,32,0
"1093",1092,6,0,52,0,0,1,1093,3,32,0
"1094",1093,0,9,40.0037140612663,0,0,2,1094,3,32,1
"1095",1094,NA,NA,NA,0,0,3,1095,3,32,0
"1096",1095,NA,NA,NA,0,0,4,1096,3,32,1
"1097",1096,NA,NA,NA,0,0,5,1097,3,32,0
"1098",1097,NA,NA,NA,0,0,6,1098,3,32,0
"1099",1098,NA,NA,NA,0,0,7,1099,3,32,1
"1100",1099,NA,NA,NA,0,0,8,1100,3,32,0
"1101",1100,NA,NA,NA,0,0,9,1101,3,32,0
"1102",1101,NA,NA,NA,0,0,10,1102,3,32,0
"1103",1102,NA,NA,NA,0,0,11,1103,3,32,0
"1104",1103,NA,NA,NA,0,0,12,1104,3,32,0
"1105",1104,NA,NA,NA,0,0,13,1105,3,32,0
"1106",1105,NA,NA,NA,0,0,14,1106,3,32,0
"1107",1106,NA,NA,NA,0,0,15,1107,3,32,0
"1108",1107,NA,NA,NA,0,0,16,1108,3,32,0
"1109",1108,NA,NA,NA,0,0,17,1109,3,32,0
"1110",1109,NA,NA,NA,0,0,18,1110,3,32,0
"1111",1110,NA,NA,NA,0,0,19,1111,3,32,0
"1112",1111,NA,NA,NA,0,0,20,1112,3,32,0
"1113",1112,NA,NA,NA,0,0,21,1113,3,32,0
"1114",1113,NA,NA,NA,0,0,22,1114,3,32,0
"1115",1114,NA,NA,NA,0,0,23,1115,3,32,0
"1116",1115,NA,NA,NA,0,0,24,1116,3,32,0
"1117",1116,NA,NA,NA,0,0,25,1117,3,32,0
"1118",1117,NA,NA,NA,0,0,26,1118,3,32,0
"1119",1118,2,9,53,0,0,1,1119,4,32,0
"1120",1119,9,3,40.0217148297545,0,0,2,1120,4,32,1
"1121",1120,NA,NA,NA,0,0,3,1121,4,32,1
"1122",1121,NA,NA,NA,0,0,4,1122,4,32,1
"1123",1122,NA,NA,NA,0,0,5,1123,4,32,0
"1124",1123,NA,NA,NA,0,0,6,1124,4,32,0
"1125",1124,NA,NA,NA,0,0,7,1125,4,32,0
"1126",1125,NA,NA,NA,0,0,8,1126,4,32,0
"1127",1126,NA,NA,NA,0,0,9,1127,4,32,0
"1128",1127,NA,NA,NA,0,0,10,1128,4,32,1
"1129",1128,NA,NA,NA,0,0,11,1129,4,32,0
"1130",1129,NA,NA,NA,0,0,12,1130,4,32,0
"1131",1130,NA,NA,NA,0,0,13,1131,4,32,0
"1132",1131,NA,NA,NA,0,0,14,1132,4,32,0
"1133",1132,NA,NA,NA,0,0,15,1133,4,32,0
"1134",1133,NA,NA,NA,0,0,16,1134,4,32,0
"1135",1134,NA,NA,NA,0,0,17,1135,4,32,0
"1136",1135,NA,NA,NA,0,0,18,1136,4,32,0
"1137",1136,NA,NA,NA,0,0,19,1137,4,32,0
"1138",1137,NA,NA,NA,0,0,20,1138,4,32,0
"1139",1138,NA,NA,NA,0,0,21,1139,4,32,0
"1140",1139,NA,NA,NA,0,0,22,1140,4,32,0
"1141",1140,NA,NA,NA,0,0,23,1141,4,32,0
"1142",1141,NA,NA,NA,0,0,24,1142,4,32,0
"1143",1142,NA,NA,NA,0,0,25,1143,4,32,0
"1144",1143,NA,NA,NA,0,0,26,1144,4,32,0
"1145",1144,9,4,55,0,0,1,1145,5,32,0
"1146",1145,10,5,55.3075691434935,0,0,2,1146,5,32,0
"1147",1146,5,7,104.343548695146,0,0,3,1147,5,32,0
"1148",1147,5,7,104.343548695146,0,0,4,1148,5,32,0
"1149",1148,5,7,104.343548695146,0,0,5,1149,5,32,0
"1150",1149,5,7,104.343548695146,0,0,6,1150,5,32,0
"1151",1150,5,7,104.343548695146,0,0,7,1151,5,32,0
"1152",1151,5,7,104.343548695146,0,0,8,1152,5,32,0
"1153",1152,5,7,104.343548695146,0,0,9,1153,5,32,0
"1154",1153,5,7,104.343548695146,0,0,10,1154,5,32,0
"1155",1154,5,7,104.343548695146,0,0,11,1155,5,32,0
"1156",1155,5,7,104.343548695146,0,0,12,1156,5,32,0
"1157",1156,5,7,104.343548695146,0,0,13,1157,5,32,0
"1158",1157,5,7,104.343548695146,0,0,14,1158,5,32,0
"1159",1158,5,7,104.343548695146,0,0,15,1159,5,32,0
"1160",1159,5,7,104.343548695146,0,0,16,1160,5,32,0
"1161",1160,5,7,104.343548695146,0,0,17,1161,5,32,0
"1162",1161,5,7,104.343548695146,0,0,18,1162,5,32,0
"1163",1162,5,7,104.343548695146,0,0,19,1163,5,32,0
"1164",1163,5,7,104.343548695146,0,0,20,1164,5,32,0
"1165",1164,5,7,104.343548695146,0,0,21,1165,5,32,0
"1166",1165,5,7,104.343548695146,0,0,22,1166,5,32,0
"1167",1166,5,7,104.343548695146,0,0,23,1167,5,32,0
"1168",1167,5,7,104.343548695146,0,0,24,1168,5,32,0
"1169",1168,5,7,104.343548695146,0,0,25,1169,5,32,0
"1170",1169,5,7,104.343548695146,0,0,26,1170,5,32,0
"1171",1170,4,9,51,0,0,1,1171,1,46,0
"1172",1171,4,9,51.9051284893932,0,0,2,1172,1,46,0
"1173",1172,4,9,51.9051284893932,0,0,3,1173,1,46,0
"1174",1173,4,9,51.9051284893932,0,0,4,1174,1,46,0
"1175",1174,4,8,54.9820145158932,0,0,5,1175,1,46,0
"1176",1175,4,8,54.9820145158932,0,0,6,1176,1,46,0
"1177",1176,4,8,54.9820145158932,0,0,7,1177,1,46,0
"1178",1177,5,7,46.4184250255564,0,0,8,1178,1,46,0
"1179",1178,4,8,54.9820145158932,0,0,9,1179,1,46,0
"1180",1179,4,8,54.9820145158932,0,0,10,1180,1,46,0
"1181",1180,4,8,54.9820145158932,0,0,11,1181,1,46,0
"1182",1181,4,8,54.9820145158932,0,0,12,1182,1,46,0
"1183",1182,3,8,58.7998697833986,0,0,13,1183,1,46,0
"1184",1183,3,8,58.7998697833986,0,0,14,1184,1,46,0
"1185",1184,3,8,58.7998697833986,0,0,15,1185,1,46,0
"1186",1185,3,8,58.7998697833986,0,0,16,1186,1,46,0
"1187",1186,3,8,58.7998697833986,0,0,17,1187,1,46,0
"1188",1187,3,8,58.7998697833986,0,0,18,1188,1,46,0
"1189",1188,3,8,58.7998697833986,0,0,19,1189,1,46,0
"1190",1189,3,8,58.7998697833986,0,0,20,1190,1,46,0
"1191",1190,3,8,58.7998697833986,0,0,21,1191,1,46,0
"1192",1191,3,8,58.7998697833986,0,0,22,1192,1,46,0
"1193",1192,3,8,58.7998697833986,0,0,23,1193,1,46,0
"1194",1193,3,8,58.7998697833986,0,0,24,1194,1,46,0
"1195",1194,3,8,58.7998697833986,0,0,25,1195,1,46,0
"1196",1195,3,8,58.7998697833986,0,0,26,1196,1,46,0
"1197",1196,4,5,57,0,0,1,1197,2,46,0
"1198",1197,4,5,57.2087487737599,0,0,2,1198,2,46,0
"1199",1198,5,5,54.0588113357141,0,0,3,1199,2,46,0
"1200",1199,4,5,57.2087487737599,0,0,4,1200,2,46,0
"1201",1200,4,5,57.2087487737599,0,0,5,1201,2,46,0
"1202",1201,4,5,57.2087487737599,0,0,6,1202,2,46,0
"1203",1202,4,5,57.2087487737599,0,0,7,1203,2,46,0
"1204",1203,4,5,57.2087487737599,0,0,8,1204,2,46,0
"1205",1204,4,5,57.2087487737599,0,0,9,1205,2,46,0
"1206",1205,4,5,57.2087487737599,0,0,10,1206,2,46,0
"1207",1206,4,5,57.2087487737599,0,0,11,1207,2,46,0
"1208",1207,4,5,57.2087487737599,0,0,12,1208,2,46,0
"1209",1208,4,5,57.2087487737599,0,0,13,1209,2,46,0
"1210",1209,4,5,57.2087487737599,0,0,14,1210,2,46,0
"1211",1210,4,5,57.2087487737599,0,0,15,1211,2,46,0
"1212",1211,4,6,48.8224569842213,0,0,16,1212,2,46,0
"1213",1212,4,4,61.5669147519555,0,0,17,1213,2,46,0
"1214",1213,4,4,61.5669147519555,0,0,18,1214,2,46,0
"1215",1214,4,4,61.5669147519555,0,0,19,1215,2,46,0
"1216",1215,4,4,61.5669147519555,0,0,20,1216,2,46,0
"1217",1216,4,4,61.5669147519555,0,0,21,1217,2,46,0
"1218",1217,5,4,58.1173347023035,0,0,22,1218,2,46,0
"1219",1218,4,4,61.5669147519555,0,0,23,1219,2,46,0
"1220",1219,5,3,55.5979665201421,0,0,24,1220,2,46,0
"1221",1220,4,4,61.5669147519555,0,0,25,1221,2,46,0
"1222",1221,4,3,57.4170507765896,0,0,26,1222,2,46,0
"1223",1222,4,1,53,0,0,1,1223,3,46,0
"1224",1223,4,1,53.4629275365827,0,0,2,1224,3,46,0
"1225",1224,3,1,56.7700257945888,0,0,3,1225,3,46,0
"1226",1225,3,1,56.7700257945888,0,0,4,1226,3,46,0
"1227",1226,2,1,53.4225490743735,0,0,5,1227,3,46,0
"1228",1227,2,1,53.4225490743735,0,0,6,1228,3,46,0
"1229",1228,3,1,56.7700257945888,0,0,7,1229,3,46,0
"1230",1229,3,1,56.7700257945888,0,0,8,1230,3,46,0
"1231",1230,3,1,56.7700257945888,0,0,9,1231,3,46,0
"1232",1231,3,1,56.7700257945888,0,0,10,1232,3,46,0
"1233",1232,3,1,56.7700257945888,0,0,11,1233,3,46,0
"1234",1233,3,1,56.7700257945888,0,0,12,1234,3,46,0
"1235",1234,3,1,56.7700257945888,0,0,13,1235,3,46,0
"1236",1235,3,1,56.7700257945888,0,0,14,1236,3,46,0
"1237",1236,3,1,56.7700257945888,0,0,15,1237,3,46,0
"1238",1237,4,1,53.4629275365827,0,0,16,1238,3,46,0
"1239",1238,3,1,56.7700257945888,0,0,17,1239,3,46,0
"1240",1239,3,1,56.7700257945888,0,0,18,1240,3,46,0
"1241",1240,3,1,56.7700257945888,0,0,19,1241,3,46,0
"1242",1241,3,1,56.7700257945888,0,0,20,1242,3,46,0
"1243",1242,3,1,56.7700257945888,0,0,21,1243,3,46,0
"1244",1243,3,1,56.7700257945888,0,0,22,1244,3,46,0
"1245",1244,4,1,53.4629275365827,0,0,23,1245,3,46,0
"1246",1245,3,1,56.7700257945888,0,0,24,1246,3,46,0
"1247",1246,3,0,48.6062752292269,0,0,25,1247,3,46,0
"1248",1247,3,3,57.0683845170413,0,0,26,1248,3,46,0
"1249",1248,6,10,52,0,0,1,1249,4,46,0
"1250",1249,6,10,52.0308198783537,0,0,2,1250,4,46,0
"1251",1250,5,10,55.0145510666704,0,0,3,1251,4,46,0
"1252",1251,5,10,55.0145510666704,0,0,4,1252,4,46,0
"1253",1252,5,10,55.0145510666704,0,0,5,1253,4,46,0
"1254",1253,5,10,55.0145510666704,0,0,6,1254,4,46,0
"1255",1254,5,10,55.0145510666704,0,0,7,1255,4,46,0
"1256",1255,5,10,55.0145510666704,0,0,8,1256,4,46,0
"1257",1256,5,10,55.0145510666704,0,0,9,1257,4,46,0
"1258",1257,5,10,55.0145510666704,0,0,10,1258,4,46,0
"1259",1258,5,10,55.0145510666704,0,0,11,1259,4,46,0
"1260",1259,5,10,55.0145510666704,0,0,12,1260,4,46,0
"1261",1260,5,10,55.0145510666704,0,0,13,1261,4,46,0
"1262",1261,4,10,52.0205755788556,0,0,14,1262,4,46,0
"1263",1262,5,10,55.0145510666704,0,0,15,1263,4,46,0
"1264",1263,5,10,55.0145510666704,0,0,16,1264,4,46,0
"1265",1264,5,9,58.7881445554827,0,0,17,1265,4,46,0
"1266",1265,5,9,58.7881445554827,0,0,18,1266,4,46,0
"1267",1266,5,8,55.3195343683106,0,0,19,1267,4,46,0
"1268",1267,5,9,58.7881445554827,0,0,20,1268,4,46,0
"1269",1268,5,9,58.7881445554827,0,0,21,1269,4,46,0
"1270",1269,5,9,58.7881445554827,0,0,22,1270,4,46,0
"1271",1270,5,9,58.7881445554827,0,0,23,1271,4,46,0
"1272",1271,5,9,58.7881445554827,0,0,24,1272,4,46,0
"1273",1272,5,9,58.7881445554827,0,0,25,1273,4,46,0
"1274",1273,5,9,58.7881445554827,0,0,26,1274,4,46,0
"1275",1274,5,3,52,0,0,1,1275,5,46,0
"1276",1275,5,3,52.9108289489955,0,0,2,1276,5,46,0
"1277",1276,5,7,56.093820951903,0,0,3,1277,5,46,0
"1278",1277,5,7,56.093820951903,0,0,4,1278,5,46,0
"1279",1278,5,5,53.8662431642796,0,0,5,1279,5,46,0
"1280",1279,5,7,56.093820951903,0,0,6,1280,5,46,0
"1281",1280,5,5,53.8662431642796,0,0,7,1281,5,46,0
"1282",1281,5,7,56.093820951903,0,0,8,1282,5,46,0
"1283",1282,5,4,56.2403332645488,0,0,9,1283,5,46,0
"1284",1283,5,7,56.093820951903,0,0,10,1284,5,46,0
"1285",1284,5,7,56.093820951903,0,0,11,1285,5,46,0
"1286",1285,5,4,56.2403332645488,0,0,12,1286,5,46,0
"1287",1286,5,7,56.093820951903,0,0,13,1287,5,46,0
"1288",1287,5,4,56.2403332645488,0,0,14,1288,5,46,0
"1289",1288,5,4,56.2403332645488,0,0,15,1289,5,46,0
"1290",1289,5,4,56.2403332645488,0,0,16,1290,5,46,0
"1291",1290,5,7,56.093820951903,0,0,17,1291,5,46,0
"1292",1291,5,7,56.093820951903,0,0,18,1292,5,46,0
"1293",1292,5,4,56.2403332645488,0,0,19,1293,5,46,0
"1294",1293,5,7,56.093820951903,0,0,20,1294,5,46,0
"1295",1294,5,7,56.093820951903,0,0,21,1295,5,46,0
"1296",1295,5,5,53.8662431642796,0,0,22,1296,5,46,0
"1297",1296,6,7,47.3029912479008,0,0,23,1297,5,46,0
"1298",1297,4,7,68.2194093529701,0,0,24,1298,5,46,0
"1299",1298,3,7,74.2123667641675,0,0,25,1299,5,46,0
"1300",1299,3,7,74.2123667641675,0,0,26,1300,5,46,0
"1301",1300,6,4,60,0,0,1,1301,1,48,0
"1302",1301,6,4,60.0498805575611,0,0,2,1302,1,48,0
"1303",1302,6,3,64.6826693539916,0,0,3,1303,1,48,0
"1304",1303,5,3,59.8612900205776,0,0,4,1304,1,48,0
"1305",1304,6,3,64.6826693539916,0,0,5,1305,1,48,0
"1306",1305,7,3,59.738779899663,0,0,6,1306,1,48,0
"1307",1306,5,4,56.7710838783843,0,0,7,1307,1,48,0
"1308",1307,6,3,64.6826693539916,0,0,8,1308,1,48,0
"1309",1308,6,5,51.6467788307602,0,0,9,1309,1,48,0
"1310",1309,4,4,50.0059077014246,0,0,10,1310,1,48,0
"1311",1310,6,2,59.7333927165308,0,0,11,1311,1,48,0
"1312",1311,7,5,48.431342857398,0,0,12,1312,1,48,0
"1313",1312,5,2,55.8096787064886,0,0,13,1313,1,48,0
"1314",1313,6,4,60.0498805575611,0,0,14,1314,1,48,0
"1315",1314,4,3,50.3859658668302,0,0,15,1315,1,48,0
"1316",1315,7,4,55.8658497222592,0,0,16,1316,1,48,0
"1317",1316,7,2,55.7990479728925,0,0,17,1317,1,48,0
"1318",1317,7,4,55.8658497222592,0,0,18,1318,1,48,0
"1319",1318,6,3,64.6826693539916,0,0,19,1319,1,48,0
"1320",1319,4,5,53.1414666600821,0,0,20,1320,1,48,0
"1321",1320,6,3,64.6826693539916,0,0,21,1321,1,48,0
"1322",1321,6,4,60.0498805575611,0,0,22,1322,1,48,0
"1323",1322,5,5,52.7200868860306,0,0,23,1323,1,48,0
"1324",1323,4,2,48.1333461208774,0,0,24,1324,1,48,0
"1325",1324,6,3,64.6826693539916,0,0,25,1325,1,48,0
"1326",1325,6,4,60.0498805575611,0,0,26,1326,1,48,0
"1327",1326,3,1,55,0,0,1,1327,2,48,0
"1328",1327,3,1,55.512390437257,0,0,2,1328,2,48,0
"1329",1328,3,2,52.5298978041246,0,0,3,1329,2,48,0
"1330",1329,7,8,40.0210208248458,0,0,4,1330,2,48,1
"1331",1330,NA,NA,NA,0,0,5,1331,2,48,0
"1332",1331,NA,NA,NA,0,0,6,1332,2,48,0
"1333",1332,NA,NA,NA,0,0,7,1333,2,48,0
"1334",1333,NA,NA,NA,0,0,8,1334,2,48,0
"1335",1334,NA,NA,NA,0,0,9,1335,2,48,0
"1336",1335,NA,NA,NA,0,0,10,1336,2,48,0
"1337",1336,NA,NA,NA,0,0,11,1337,2,48,0
"1338",1337,NA,NA,NA,0,0,12,1338,2,48,0
"1339",1338,NA,NA,NA,0,0,13,1339,2,48,0
"1340",1339,NA,NA,NA,0,0,14,1340,2,48,0
"1341",1340,NA,NA,NA,0,0,15,1341,2,48,0
"1342",1341,NA,NA,NA,0,0,16,1342,2,48,1
"1343",1342,NA,NA,NA,0,0,17,1343,2,48,0
"1344",1343,NA,NA,NA,0,0,18,1344,2,48,0
"1345",1344,NA,NA,NA,0,0,19,1345,2,48,0
"1346",1345,NA,NA,NA,0,0,20,1346,2,48,0
"1347",1346,NA,NA,NA,0,0,21,1347,2,48,1
"1348",1347,NA,NA,NA,0,0,22,1348,2,48,0
"1349",1348,NA,NA,NA,0,0,23,1349,2,48,0
"1350",1349,NA,NA,NA,0,0,24,1350,2,48,0
"1351",1350,NA,NA,NA,0,0,25,1351,2,48,1
"1352",1351,NA,NA,NA,0,0,26,1352,2,48,1
"1353",1352,3,10,51,0,0,1,1353,3,48,0
"1354",1353,3,10,51.1419331714814,0,0,2,1354,3,48,0
"1355",1354,2,10,45.7152984681512,0,0,3,1355,3,48,1
"1356",1355,NA,NA,NA,0,0,4,1356,3,48,0
"1357",1356,NA,NA,NA,0,0,5,1357,3,48,0
"1358",1357,NA,NA,NA,0,0,6,1358,3,48,0
"1359",1358,NA,NA,NA,0,0,7,1359,3,48,0
"1360",1359,NA,NA,NA,0,0,8,1360,3,48,0
"1361",1360,NA,NA,NA,0,0,9,1361,3,48,0
"1362",1361,NA,NA,NA,0,0,10,1362,3,48,0
"1363",1362,NA,NA,NA,0,0,11,1363,3,48,0
"1364",1363,NA,NA,NA,0,0,12,1364,3,48,0
"1365",1364,NA,NA,NA,0,0,13,1365,3,48,0
"1366",1365,NA,NA,NA,0,0,14,1366,3,48,0
"1367",1366,NA,NA,NA,0,0,15,1367,3,48,0
"1368",1367,NA,NA,NA,0,0,16,1368,3,48,0
"1369",1368,NA,NA,NA,0,0,17,1369,3,48,0
"1370",1369,NA,NA,NA,0,0,18,1370,3,48,0
"1371",1370,NA,NA,NA,0,0,19,1371,3,48,0
"1372",1371,NA,NA,NA,0,0,20,1372,3,48,0
"1373",1372,NA,NA,NA,0,0,21,1373,3,48,0
"1374",1373,NA,NA,NA,0,0,22,1374,3,48,0
"1375",1374,NA,NA,NA,0,0,23,1375,3,48,0
"1376",1375,NA,NA,NA,0,0,24,1376,3,48,0
"1377",1376,NA,NA,NA,0,0,25,1377,3,48,0
"1378",1377,NA,NA,NA,0,0,26,1378,3,48,0
"1379",1378,8,6,53,0,0,1,1379,4,48,0
"1380",1379,8,5,50.753658000521,0,0,2,1380,4,48,0
"1381",1380,8,7,50.7637477315743,0,0,3,1381,4,48,0
"1382",1381,8,6,53.4323222135967,0,0,4,1382,4,48,0
"1383",1382,9,5,45.5207672099619,0,0,5,1383,4,48,1
"1384",1383,NA,NA,NA,0,0,6,1384,4,48,0
"1385",1384,NA,NA,NA,0,0,7,1385,4,48,0
"1386",1385,NA,NA,NA,0,0,8,1386,4,48,0
"1387",1386,NA,NA,NA,0,0,9,1387,4,48,0
"1388",1387,NA,NA,NA,0,0,10,1388,4,48,0
"1389",1388,NA,NA,NA,0,0,11,1389,4,48,0
"1390",1389,NA,NA,NA,0,0,12,1390,4,48,1
"1391",1390,NA,NA,NA,0,0,13,1391,4,48,0
"1392",1391,NA,NA,NA,0,0,14,1392,4,48,1
"1393",1392,NA,NA,NA,0,0,15,1393,4,48,1
"1394",1393,NA,NA,NA,0,0,16,1394,4,48,1
"1395",1394,NA,NA,NA,0,0,17,1395,4,48,0
"1396",1395,NA,NA,NA,0,0,18,1396,4,48,0
"1397",1396,NA,NA,NA,0,0,19,1397,4,48,0
"1398",1397,NA,NA,NA,0,0,20,1398,4,48,0
"1399",1398,NA,NA,NA,0,0,21,1399,4,48,0
"1400",1399,NA,NA,NA,0,0,22,1400,4,48,0
"1401",1400,NA,NA,NA,0,0,23,1401,4,48,0
"1402",1401,NA,NA,NA,0,0,24,1402,4,48,0
"1403",1402,NA,NA,NA,0,0,25,1403,4,48,0
"1404",1403,NA,NA,NA,0,0,26,1404,4,48,0
"1405",1404,4,2,59,0,0,1,1405,5,48,0
"1406",1405,4,2,59.5781048356791,0,0,2,1406,5,48,0
"1407",1406,4,3,55.125434195726,0,0,3,1407,5,48,0
"1408",1407,4,1,56.5370323182295,0,0,4,1408,5,48,0
"1409",1408,5,2,58.1599168838521,0,0,5,1409,5,48,0
"1410",1409,5,1,58.6162902884744,0,0,6,1410,5,48,0
"1411",1410,6,0,68.8510344686227,0,0,7,1411,5,48,0
"1412",1411,5,0,52.8208995030774,0,0,8,1412,5,48,0
"1413",1412,7,0,94.0632807109986,0,0,9,1413,5,48,0
"1414",1413,7,0,94.0632807109986,0,0,10,1414,5,48,0
"1415",1414,7,0,94.0632807109986,0,0,11,1415,5,48,0
"1416",1415,7,0,94.0632807109986,0,0,12,1416,5,48,0
"1417",1416,7,0,94.0632807109986,0,0,13,1417,5,48,0
"1418",1417,7,0,94.0632807109986,0,0,14,1418,5,48,0
"1419",1418,7,0,94.0632807109986,0,0,15,1419,5,48,0
"1420",1419,7,0,94.0632807109986,0,0,16,1420,5,48,0
"1421",1420,7,0,94.0632807109986,0,0,17,1421,5,48,0
"1422",1421,7,0,94.0632807109986,0,0,18,1422,5,48,0
"1423",1422,7,0,94.0632807109986,0,0,19,1423,5,48,0
"1424",1423,7,0,94.0632807109986,0,0,20,1424,5,48,0
"1425",1424,7,0,94.0632807109986,0,0,21,1425,5,48,0
"1426",1425,7,0,94.0632807109986,0,0,22,1426,5,48,0
"1427",1426,7,0,94.0632807109986,0,0,23,1427,5,48,0
"1428",1427,7,0,94.0632807109986,0,0,24,1428,5,48,0
"1429",1428,7,0,94.0632807109986,0,0,25,1429,5,48,0
"1430",1429,7,0,94.0632807109986,0,0,26,1430,5,48,0
"1431",1430,5,8,52,0,0,1,1431,1,51,0
"1432",1431,2,0,40.000009578141,0,0,2,1432,1,51,1
"1433",1432,NA,NA,NA,0,0,3,1433,1,51,0
"1434",1433,NA,NA,NA,0,0,4,1434,1,51,0
"1435",1434,NA,NA,NA,0,0,5,1435,1,51,0
"1436",1435,NA,NA,NA,0,0,6,1436,1,51,0
"1437",1436,NA,NA,NA,0,0,7,1437,1,51,1
"1438",1437,NA,NA,NA,0,0,8,1438,1,51,0
"1439",1438,NA,NA,NA,0,0,9,1439,1,51,0
"1440",1439,NA,NA,NA,0,0,10,1440,1,51,0
"1441",1440,NA,NA,NA,0,0,11,1441,1,51,0
"1442",1441,NA,NA,NA,0,0,12,1442,1,51,0
"1443",1442,NA,NA,NA,0,0,13,1443,1,51,0
"1444",1443,NA,NA,NA,0,0,14,1444,1,51,0
"1445",1444,NA,NA,NA,0,0,15,1445,1,51,0
"1446",1445,NA,NA,NA,0,0,16,1446,1,51,0
"1447",1446,NA,NA,NA,0,0,17,1447,1,51,0
"1448",1447,NA,NA,NA,0,0,18,1448,1,51,0
"1449",1448,NA,NA,NA,0,0,19,1449,1,51,0
"1450",1449,NA,NA,NA,0,0,20,1450,1,51,0
"1451",1450,NA,NA,NA,0,0,21,1451,1,51,0
"1452",1451,NA,NA,NA,0,0,22,1452,1,51,0
"1453",1452,NA,NA,NA,0,0,23,1453,1,51,0
"1454",1453,NA,NA,NA,0,0,24,1454,1,51,0
"1455",1454,NA,NA,NA,0,0,25,1455,1,51,0
"1456",1455,NA,NA,NA,0,0,26,1456,1,51,0
"1457",1456,6,10,52,0,0,1,1457,2,51,0
"1458",1457,9,1,48.6507692833722,0,0,2,1458,2,51,0
"1459",1458,10,4,72.8184245129704,0,0,3,1459,2,51,0
"1460",1459,6,10,52.0308198783537,0,0,4,1460,2,51,0
"1461",1460,5,10,55.0145510666704,0,0,5,1461,2,51,0
"1462",1461,9,2,66.278725663771,0,0,6,1462,2,51,0
"1463",1462,10,3,66.2787399806023,0,0,7,1463,2,51,0
"1464",1463,3,5,40.4672640573454,0,0,8,1464,2,51,1
"1465",1464,NA,NA,NA,0,0,9,1465,2,51,0
"1466",1465,NA,NA,NA,0,0,10,1466,2,51,0
"1467",1466,NA,NA,NA,0,0,11,1467,2,51,0
"1468",1467,NA,NA,NA,0,0,12,1468,2,51,0
"1469",1468,NA,NA,NA,0,0,13,1469,2,51,0
"1470",1469,NA,NA,NA,0,0,14,1470,2,51,0
"1471",1470,NA,NA,NA,0,0,15,1471,2,51,0
"1472",1471,NA,NA,NA,0,0,16,1472,2,51,0
"1473",1472,NA,NA,NA,0,0,17,1473,2,51,0
"1474",1473,NA,NA,NA,0,0,18,1474,2,51,0
"1475",1474,NA,NA,NA,0,0,19,1475,2,51,0
"1476",1475,NA,NA,NA,0,0,20,1476,2,51,0
"1477",1476,NA,NA,NA,0,0,21,1477,2,51,0
"1478",1477,NA,NA,NA,0,0,22,1478,2,51,0
"1479",1478,NA,NA,NA,0,0,23,1479,2,51,0
"1480",1479,NA,NA,NA,0,0,24,1480,2,51,0
"1481",1480,NA,NA,NA,0,0,25,1481,2,51,0
"1482",1481,NA,NA,NA,0,0,26,1482,2,51,0
"1483",1482,7,7,53,0,0,1,1483,3,51,0
"1484",1483,2,2,50.3700302879809,0,0,2,1484,3,51,0
"1485",1484,3,0,40.2372205330687,0,0,3,1485,3,51,1
"1486",1485,NA,NA,NA,0,0,4,1486,3,51,0
"1487",1486,NA,NA,NA,0,0,5,1487,3,51,0
"1488",1487,NA,NA,NA,0,0,6,1488,3,51,0
"1489",1488,NA,NA,NA,0,0,7,1489,3,51,0
"1490",1489,NA,NA,NA,0,0,8,1490,3,51,0
"1491",1490,NA,NA,NA,0,0,9,1491,3,51,0
"1492",1491,NA,NA,NA,0,0,10,1492,3,51,0
"1493",1492,NA,NA,NA,0,0,11,1493,3,51,0
"1494",1493,NA,NA,NA,0,0,12,1494,3,51,1
"1495",1494,NA,NA,NA,0,0,13,1495,3,51,0
"1496",1495,NA,NA,NA,0,0,14,1496,3,51,0
"1497",1496,NA,NA,NA,0,0,15,1497,3,51,0
"1498",1497,NA,NA,NA,0,0,16,1498,3,51,0
"1499",1498,NA,NA,NA,0,0,17,1499,3,51,0
"1500",1499,NA,NA,NA,0,0,18,1500,3,51,1
"1501",1500,NA,NA,NA,0,0,19,1501,3,51,0
"1502",1501,NA,NA,NA,0,0,20,1502,3,51,0
"1503",1502,NA,NA,NA,0,0,21,1503,3,51,0
"1504",1503,NA,NA,NA,0,0,22,1504,3,51,0
"1505",1504,NA,NA,NA,0,0,23,1505,3,51,0
"1506",1505,NA,NA,NA,0,0,24,1506,3,51,0
"1507",1506,NA,NA,NA,0,0,25,1507,3,51,0
"1508",1507,NA,NA,NA,0,0,26,1508,3,51,0
"1509",1508,4,3,55,0,0,1,1509,4,51,0
"1510",1509,2,6,40.5045381683181,0,0,2,1510,4,51,1
"1511",1510,NA,NA,NA,0,0,3,1511,4,51,0
"1512",1511,NA,NA,NA,0,0,4,1512,4,51,1
"1513",1512,NA,NA,NA,0,0,5,1513,4,51,1
"1514",1513,NA,NA,NA,0,0,6,1514,4,51,1
"1515",1514,NA,NA,NA,0,0,7,1515,4,51,0
"1516",1515,NA,NA,NA,0,0,8,1516,4,51,0
"1517",1516,NA,NA,NA,0,0,9,1517,4,51,1
"1518",1517,NA,NA,NA,0,0,10,1518,4,51,1
"1519",1518,NA,NA,NA,0,0,11,1519,4,51,0
"1520",1519,NA,NA,NA,0,0,12,1520,4,51,0
"1521",1520,NA,NA,NA,0,0,13,1521,4,51,0
"1522",1521,NA,NA,NA,0,0,14,1522,4,51,0
"1523",1522,NA,NA,NA,0,0,15,1523,4,51,1
"1524",1523,NA,NA,NA,0,0,16,1524,4,51,0
"1525",1524,NA,NA,NA,0,0,17,1525,4,51,0
"1526",1525,NA,NA,NA,0,0,18,1526,4,51,1
"1527",1526,NA,NA,NA,0,0,19,1527,4,51,0
"1528",1527,NA,NA,NA,0,0,20,1528,4,51,0
"1529",1528,NA,NA,NA,0,0,21,1529,4,51,0
"1530",1529,NA,NA,NA,0,0,22,1530,4,51,0
"1531",1530,NA,NA,NA,0,0,23,1531,4,51,0
"1532",1531,NA,NA,NA,0,0,24,1532,4,51,1
"1533",1532,NA,NA,NA,0,0,25,1533,4,51,0
"1534",1533,NA,NA,NA,0,0,26,1534,4,51,0
"1535",1534,5,2,57,0,0,1,1535,5,51,0
"1536",1535,10,10,40.0667531193486,0,0,2,1536,5,51,1
"1537",1536,NA,NA,NA,0,0,3,1537,5,51,1
"1538",1537,NA,NA,NA,0,0,4,1538,5,51,0
"1539",1538,NA,NA,NA,0,0,5,1539,5,51,1
"1540",1539,NA,NA,NA,0,0,6,1540,5,51,0
"1541",1540,NA,NA,NA,0,0,7,1541,5,51,1
"1542",1541,NA,NA,NA,0,0,8,1542,5,51,0
"1543",1542,NA,NA,NA,0,0,9,1543,5,51,1
"1544",1543,NA,NA,NA,0,0,10,1544,5,51,0
"1545",1544,NA,NA,NA,0,0,11,1545,5,51,0
"1546",1545,NA,NA,NA,0,0,12,1546,5,51,0
"1547",1546,NA,NA,NA,0,0,13,1547,5,51,0
"1548",1547,NA,NA,NA,0,0,14,1548,5,51,0
"1549",1548,NA,NA,NA,0,0,15,1549,5,51,0
"1550",1549,NA,NA,NA,0,0,16,1550,5,51,0
"1551",1550,NA,NA,NA,0,0,17,1551,5,51,0
"1552",1551,NA,NA,NA,0,0,18,1552,5,51,0
"1553",1552,NA,NA,NA,0,0,19,1553,5,51,0
"1554",1553,NA,NA,NA,0,0,20,1554,5,51,0
"1555",1554,NA,NA,NA,0,0,21,1555,5,51,0
"1556",1555,NA,NA,NA,0,0,22,1556,5,51,0
"1557",1556,NA,NA,NA,0,0,23,1557,5,51,0
"1558",1557,NA,NA,NA,0,0,24,1558,5,51,0
"1559",1558,NA,NA,NA,0,0,25,1559,5,51,0
"1560",1559,NA,NA,NA,0,0,26,1560,5,51,0
"1561",1560,8,7,56,0,0,1,1561,1,52,0
"1562",1561,8,8,48.39948208637,0,0,2,1562,1,52,0
"1563",1562,5,1,40.3069045556805,0,0,3,1563,1,52,1
"1564",1563,NA,NA,NA,0,0,4,1564,1,52,0
"1565",1564,NA,NA,NA,0,0,5,1565,1,52,0
"1566",1565,NA,NA,NA,0,0,6,1566,1,52,0
"1567",1566,NA,NA,NA,0,0,7,1567,1,52,0
"1568",1567,NA,NA,NA,0,0,8,1568,1,52,1
"1569",1568,NA,NA,NA,0,0,9,1569,1,52,0
"1570",1569,NA,NA,NA,0,0,10,1570,1,52,1
"1571",1570,NA,NA,NA,0,0,11,1571,1,52,0
"1572",1571,NA,NA,NA,0,0,12,1572,1,52,0
"1573",1572,NA,NA,NA,0,0,13,1573,1,52,0
"1574",1573,NA,NA,NA,0,0,14,1574,1,52,1
"1575",1574,NA,NA,NA,0,0,15,1575,1,52,0
"1576",1575,NA,NA,NA,0,0,16,1576,1,52,0
"1577",1576,NA,NA,NA,0,0,17,1577,1,52,0
"1578",1577,NA,NA,NA,0,0,18,1578,1,52,0
"1579",1578,NA,NA,NA,0,0,19,1579,1,52,0
"1580",1579,NA,NA,NA,0,0,20,1580,1,52,0
"1581",1580,NA,NA,NA,0,0,21,1581,1,52,0
"1582",1581,NA,NA,NA,0,0,22,1582,1,52,0
"1583",1582,NA,NA,NA,0,0,23,1583,1,52,0
"1584",1583,NA,NA,NA,0,0,24,1584,1,52,0
"1585",1584,NA,NA,NA,0,0,25,1585,1,52,0
"1586",1585,NA,NA,NA,0,0,26,1586,1,52,0
"1587",1586,5,6,50,0,0,1,1587,2,52,0
"1588",1587,1,6,51.3221684930009,0,0,2,1588,2,52,0
"1589",1588,3,0,40.0000410875967,0,0,3,1589,2,52,1
"1590",1589,NA,NA,NA,0,0,4,1590,2,52,1
"1591",1590,NA,NA,NA,0,0,5,1591,2,52,0
"1592",1591,NA,NA,NA,0,0,6,1592,2,52,0
"1593",1592,NA,NA,NA,0,0,7,1593,2,52,0
"1594",1593,NA,NA,NA,0,0,8,1594,2,52,0
"1595",1594,NA,NA,NA,0,0,9,1595,2,52,0
"1596",1595,NA,NA,NA,0,0,10,1596,2,52,0
"1597",1596,NA,NA,NA,0,0,11,1597,2,52,0
"1598",1597,NA,NA,NA,0,0,12,1598,2,52,0
"1599",1598,NA,NA,NA,0,0,13,1599,2,52,0
"1600",1599,NA,NA,NA,0,0,14,1600,2,52,0
"1601",1600,NA,NA,NA,0,0,15,1601,2,52,0
"1602",1601,NA,NA,NA,0,0,16,1602,2,52,0
"1603",1602,NA,NA,NA,0,0,17,1603,2,52,0
"1604",1603,NA,NA,NA,0,0,18,1604,2,52,0
"1605",1604,NA,NA,NA,0,0,19,1605,2,52,0
"1606",1605,NA,NA,NA,0,0,20,1606,2,52,0
"1607",1606,NA,NA,NA,0,0,21,1607,2,52,0
"1608",1607,NA,NA,NA,0,0,22,1608,2,52,0
"1609",1608,NA,NA,NA,0,0,23,1609,2,52,0
"1610",1609,NA,NA,NA,0,0,24,1610,2,52,0
"1611",1610,NA,NA,NA,0,0,25,1611,2,52,0
"1612",1611,NA,NA,NA,0,0,26,1612,2,52,0
"1613",1612,8,5,50,0,0,1,1613,3,52,0
"1614",1613,5,1,40.0266608704633,0,0,2,1614,3,52,1
"1615",1614,NA,NA,NA,0,0,3,1615,3,52,0
"1616",1615,NA,NA,NA,0,0,4,1616,3,52,0
"1617",1616,NA,NA,NA,0,0,5,1617,3,52,1
"1618",1617,NA,NA,NA,0,0,6,1618,3,52,0
"1619",1618,NA,NA,NA,0,0,7,1619,3,52,0
"1620",1619,NA,NA,NA,0,0,8,1620,3,52,0
"1621",1620,NA,NA,NA,0,0,9,1621,3,52,0
"1622",1621,NA,NA,NA,0,0,10,1622,3,52,0
"1623",1622,NA,NA,NA,0,0,11,1623,3,52,0
"1624",1623,NA,NA,NA,0,0,12,1624,3,52,0
"1625",1624,NA,NA,NA,0,0,13,1625,3,52,0
"1626",1625,NA,NA,NA,0,0,14,1626,3,52,0
"1627",1626,NA,NA,NA,0,0,15,1627,3,52,0
"1628",1627,NA,NA,NA,0,0,16,1628,3,52,0
"1629",1628,NA,NA,NA,0,0,17,1629,3,52,0
"1630",1629,NA,NA,NA,0,0,18,1630,3,52,0
"1631",1630,NA,NA,NA,0,0,19,1631,3,52,0
"1632",1631,NA,NA,NA,0,0,20,1632,3,52,0
"1633",1632,NA,NA,NA,0,0,21,1633,3,52,0
"1634",1633,NA,NA,NA,0,0,22,1634,3,52,0
"1635",1634,NA,NA,NA,0,0,23,1635,3,52,0
"1636",1635,NA,NA,NA,0,0,24,1636,3,52,0
"1637",1636,NA,NA,NA,0,0,25,1637,3,52,0
"1638",1637,NA,NA,NA,0,0,26,1638,3,52,0
"1639",1638,4,1,56,0,0,1,1639,4,52,0
"1640",1639,9,10,40.3162574488413,0,0,2,1640,4,52,1
"1641",1640,NA,NA,NA,0,0,3,1641,4,52,1
"1642",1641,NA,NA,NA,0,0,4,1642,4,52,0
"1643",1642,NA,NA,NA,0,0,5,1643,4,52,0
"1644",1643,NA,NA,NA,0,0,6,1644,4,52,1
"1645",1644,NA,NA,NA,0,0,7,1645,4,52,1
"1646",1645,NA,NA,NA,0,0,8,1646,4,52,0
"1647",1646,NA,NA,NA,0,0,9,1647,4,52,0
"1648",1647,NA,NA,NA,0,0,10,1648,4,52,0
"1649",1648,NA,NA,NA,0,0,11,1649,4,52,0
"1650",1649,NA,NA,NA,0,0,12,1650,4,52,0
"1651",1650,NA,NA,NA,0,0,13,1651,4,52,0
"1652",1651,NA,NA,NA,0,0,14,1652,4,52,0
"1653",1652,NA,NA,NA,0,0,15,1653,4,52,0
"1654",1653,NA,NA,NA,0,0,16,1654,4,52,0
"1655",1654,NA,NA,NA,0,0,17,1655,4,52,0
"1656",1655,NA,NA,NA,0,0,18,1656,4,52,0
"1657",1656,NA,NA,NA,0,0,19,1657,4,52,0
"1658",1657,NA,NA,NA,0,0,20,1658,4,52,0
"1659",1658,NA,NA,NA,0,0,21,1659,4,52,0
"1660",1659,NA,NA,NA,0,0,22,1660,4,52,0
"1661",1660,NA,NA,NA,0,0,23,1661,4,52,0
"1662",1661,NA,NA,NA,0,0,24,1662,4,52,0
"1663",1662,NA,NA,NA,0,0,25,1663,4,52,0
"1664",1663,NA,NA,NA,0,0,26,1664,4,52,0
"1665",1664,8,8,56,0,0,1,1665,5,52,0
"1666",1665,9,8,58.4196006370846,0,0,2,1666,5,52,0
"1667",1666,9,9,54.7492631769039,0,0,3,1667,5,52,0
"1668",1667,4,0,40.0000527409829,0,0,4,1668,5,52,1
"1669",1668,NA,NA,NA,0,0,5,1669,5,52,0
"1670",1669,NA,NA,NA,0,0,6,1670,5,52,0
"1671",1670,NA,NA,NA,0,0,7,1671,5,52,0
"1672",1671,NA,NA,NA,0,0,8,1672,5,52,0
"1673",1672,NA,NA,NA,0,0,9,1673,5,52,0
"1674",1673,NA,NA,NA,0,0,10,1674,5,52,0
"1675",1674,NA,NA,NA,0,0,11,1675,5,52,1
"1676",1675,NA,NA,NA,0,0,12,1676,5,52,1
"1677",1676,NA,NA,NA,0,0,13,1677,5,52,0
"1678",1677,NA,NA,NA,0,0,14,1678,5,52,0
"1679",1678,NA,NA,NA,0,0,15,1679,5,52,1
"1680",1679,NA,NA,NA,0,0,16,1680,5,52,0
"1681",1680,NA,NA,NA,0,0,17,1681,5,52,0
"1682",1681,NA,NA,NA,0,0,18,1682,5,52,0
"1683",1682,NA,NA,NA,0,0,19,1683,5,52,0
"1684",1683,NA,NA,NA,0,0,20,1684,5,52,0
"1685",1684,NA,NA,NA,0,0,21,1685,5,52,0
"1686",1685,NA,NA,NA,0,0,22,1686,5,52,0
"1687",1686,NA,NA,NA,0,0,23,1687,5,52,0
"1688",1687,NA,NA,NA,0,0,24,1688,5,52,0
"1689",1688,NA,NA,NA,0,0,25,1689,5,52,0
"1690",1689,NA,NA,NA,0,0,26,1690,5,52,0
"1691",1690,2,7,53,0,0,1,1691,1,53,0
"1692",1691,4,9,45.6021636471808,0,0,2,1692,1,53,1
"1693",1692,NA,NA,NA,0,0,3,1693,1,53,1
"1694",1693,NA,NA,NA,0,0,4,1694,1,53,1
"1695",1694,NA,NA,NA,0,0,5,1695,1,53,0
"1696",1695,NA,NA,NA,0,0,6,1696,1,53,1
"1697",1696,NA,NA,NA,0,0,7,1697,1,53,0
"1698",1697,NA,NA,NA,0,0,8,1698,1,53,0
"1699",1698,NA,NA,NA,0,0,9,1699,1,53,0
"1700",1699,NA,NA,NA,0,0,10,1700,1,53,0
"1701",1700,NA,NA,NA,0,0,11,1701,1,53,0
"1702",1701,NA,NA,NA,0,0,12,1702,1,53,0
"1703",1702,NA,NA,NA,0,0,13,1703,1,53,0
"1704",1703,NA,NA,NA,0,0,14,1704,1,53,0
"1705",1704,NA,NA,NA,0,0,15,1705,1,53,0
"1706",1705,NA,NA,NA,0,0,16,1706,1,53,0
"1707",1706,NA,NA,NA,0,0,17,1707,1,53,0
"1708",1707,NA,NA,NA,0,0,18,1708,1,53,0
"1709",1708,NA,NA,NA,0,0,19,1709,1,53,0
"1710",1709,NA,NA,NA,0,0,20,1710,1,53,0
"1711",1710,NA,NA,NA,0,0,21,1711,1,53,0
"1712",1711,NA,NA,NA,0,0,22,1712,1,53,0
"1713",1712,NA,NA,NA,0,0,23,1713,1,53,0
"1714",1713,NA,NA,NA,0,0,24,1714,1,53,1
"1715",1714,NA,NA,NA,0,0,25,1715,1,53,0
"1716",1715,NA,NA,NA,0,0,26,1716,1,53,0
"1717",1716,3,3,57,0,0,1,1717,2,53,0
"1718",1717,7,2,94.4342540647534,0,0,2,1718,2,53,0
"1719",1718,7,2,94.4342540647534,0,0,3,1719,2,53,0
"1720",1719,7,2,94.4342540647534,0,0,4,1720,2,53,0
"1721",1720,7,2,94.4342540647534,0,0,5,1721,2,53,0
"1722",1721,7,2,94.4342540647534,0,0,6,1722,2,53,0
"1723",1722,7,2,94.4342540647534,0,0,7,1723,2,53,0
"1724",1723,7,2,94.4342540647534,0,0,8,1724,2,53,0
"1725",1724,7,2,94.4342540647534,0,0,9,1725,2,53,0
"1726",1725,7,2,94.4342540647534,0,0,10,1726,2,53,0
"1727",1726,7,2,94.4342540647534,0,0,11,1727,2,53,0
"1728",1727,7,2,94.4342540647534,0,0,12,1728,2,53,0
"1729",1728,7,2,94.4342540647534,0,0,13,1729,2,53,0
"1730",1729,7,2,94.4342540647534,0,0,14,1730,2,53,0
"1731",1730,7,2,94.4342540647534,0,0,15,1731,2,53,0
"1732",1731,7,2,94.4342540647534,0,0,16,1732,2,53,0
"1733",1732,7,2,94.4342540647534,0,0,17,1733,2,53,0
"1734",1733,7,2,94.4342540647534,0,0,18,1734,2,53,0
"1735",1734,7,2,94.4342540647534,0,0,19,1735,2,53,0
"1736",1735,7,2,94.4342540647534,0,0,20,1736,2,53,0
"1737",1736,7,2,94.4342540647534,0,0,21,1737,2,53,0
"1738",1737,7,2,94.4342540647534,0,0,22,1738,2,53,0
"1739",1738,7,2,94.4342540647534,0,0,23,1739,2,53,0
"1740",1739,7,2,94.4342540647534,0,0,24,1740,2,53,0
"1741",1740,7,2,94.4342540647534,0,0,25,1741,2,53,0
"1742",1741,7,2,94.4342540647534,0,0,26,1742,2,53,0
"1743",1742,2,4,53,0,0,1,1743,3,53,0
"1744",1743,7,4,40.0139595876205,0,0,2,1744,3,53,1
"1745",1744,NA,NA,NA,0,0,3,1745,3,53,0
"1746",1745,NA,NA,NA,0,0,4,1746,3,53,0
"1747",1746,NA,NA,NA,0,0,5,1747,3,53,0
"1748",1747,NA,NA,NA,0,0,6,1748,3,53,0
"1749",1748,NA,NA,NA,0,0,7,1749,3,53,1
"1750",1749,NA,NA,NA,0,0,8,1750,3,53,0
"1751",1750,NA,NA,NA,0,0,9,1751,3,53,0
"1752",1751,NA,NA,NA,0,0,10,1752,3,53,0
"1753",1752,NA,NA,NA,0,0,11,1753,3,53,0
"1754",1753,NA,NA,NA,0,0,12,1754,3,53,0
"1755",1754,NA,NA,NA,0,0,13,1755,3,53,0
"1756",1755,NA,NA,NA,0,0,14,1756,3,53,0
"1757",1756,NA,NA,NA,0,0,15,1757,3,53,0
"1758",1757,NA,NA,NA,0,0,16,1758,3,53,0
"1759",1758,NA,NA,NA,0,0,17,1759,3,53,0
"1760",1759,NA,NA,NA,0,0,18,1760,3,53,0
"1761",1760,NA,NA,NA,0,0,19,1761,3,53,0
"1762",1761,NA,NA,NA,0,0,20,1762,3,53,0
"1763",1762,NA,NA,NA,0,0,21,1763,3,53,0
"1764",1763,NA,NA,NA,0,0,22,1764,3,53,0
"1765",1764,NA,NA,NA,0,0,23,1765,3,53,0
"1766",1765,NA,NA,NA,0,0,24,1766,3,53,0
"1767",1766,NA,NA,NA,0,0,25,1767,3,53,0
"1768",1767,NA,NA,NA,0,0,26,1768,3,53,0
"1769",1768,2,7,56,0,0,1,1769,4,53,0
"1770",1769,3,6,57.2234148017901,0,0,2,1770,4,53,0
"1771",1770,2,6,61.230859336854,0,0,3,1771,4,53,0
"1772",1771,2,6,61.230859336854,0,0,4,1772,4,53,0
"1773",1772,2,7,56.9943662421435,0,0,5,1773,4,53,0
"1774",1773,2,6,61.230859336854,0,0,6,1774,4,53,0
"1775",1774,0,8,43.5847890368534,0,0,7,1775,4,53,1
"1776",1775,NA,NA,NA,0,0,8,1776,4,53,0
"1777",1776,NA,NA,NA,0,0,9,1777,4,53,0
"1778",1777,NA,NA,NA,0,0,10,1778,4,53,0
"1779",1778,NA,NA,NA,0,0,11,1779,4,53,0
"1780",1779,NA,NA,NA,0,0,12,1780,4,53,0
"1781",1780,NA,NA,NA,0,0,13,1781,4,53,0
"1782",1781,NA,NA,NA,0,0,14,1782,4,53,0
"1783",1782,NA,NA,NA,0,0,15,1783,4,53,0
"1784",1783,NA,NA,NA,0,0,16,1784,4,53,0
"1785",1784,NA,NA,NA,0,0,17,1785,4,53,0
"1786",1785,NA,NA,NA,0,0,18,1786,4,53,0
"1787",1786,NA,NA,NA,0,0,19,1787,4,53,0
"1788",1787,NA,NA,NA,0,0,20,1788,4,53,0
"1789",1788,NA,NA,NA,0,0,21,1789,4,53,0
"1790",1789,NA,NA,NA,0,0,22,1790,4,53,0
"1791",1790,NA,NA,NA,0,0,23,1791,4,53,0
"1792",1791,NA,NA,NA,0,0,24,1792,4,53,0
"1793",1792,NA,NA,NA,0,0,25,1793,4,53,0
"1794",1793,NA,NA,NA,0,0,26,1794,4,53,0
"1795",1794,3,1,53,0,0,1,1795,5,53,0
"1796",1795,4,2,45.6678358765451,0,0,2,1796,5,53,1
"1797",1796,NA,NA,NA,0,0,3,1797,5,53,0
"1798",1797,NA,NA,NA,0,0,4,1798,5,53,0
"1799",1798,NA,NA,NA,0,0,5,1799,5,53,0
"1800",1799,NA,NA,NA,0,0,6,1800,5,53,0
"1801",1800,NA,NA,NA,0,0,7,1801,5,53,0
"1802",1801,NA,NA,NA,0,0,8,1802,5,53,0
"1803",1802,NA,NA,NA,0,0,9,1803,5,53,0
"1804",1803,NA,NA,NA,0,0,10,1804,5,53,0
"1805",1804,NA,NA,NA,0,0,11,1805,5,53,0
"1806",1805,NA,NA,NA,0,0,12,1806,5,53,0
"1807",1806,NA,NA,NA,0,0,13,1807,5,53,0
"1808",1807,NA,NA,NA,0,0,14,1808,5,53,0
"1809",1808,NA,NA,NA,0,0,15,1809,5,53,0
"1810",1809,NA,NA,NA,0,0,16,1810,5,53,0
"1811",1810,NA,NA,NA,0,0,17,1811,5,53,0
"1812",1811,NA,NA,NA,0,0,18,1812,5,53,0
"1813",1812,NA,NA,NA,0,0,19,1813,5,53,0
"1814",1813,NA,NA,NA,0,0,20,1814,5,53,0
"1815",1814,NA,NA,NA,0,0,21,1815,5,53,0
"1816",1815,NA,NA,NA,0,0,22,1816,5,53,0
"1817",1816,NA,NA,NA,0,0,23,1817,5,53,0
"1818",1817,NA,NA,NA,0,0,24,1818,5,53,0
"1819",1818,NA,NA,NA,0,0,25,1819,5,53,0
"1820",1819,NA,NA,NA,0,0,26,1820,5,53,0
"1821",1820,4,9,51,0,0,1,1821,1,55,0
"1822",1821,0,0,44.4879739081182,0,0,2,1822,1,55,1
"1823",1822,NA,NA,NA,0,0,3,1823,1,55,1
"1824",1823,NA,NA,NA,0,0,4,1824,1,55,0
"1825",1824,NA,NA,NA,0,0,5,1825,1,55,1
"1826",1825,NA,NA,NA,0,0,6,1826,1,55,0
"1827",1826,NA,NA,NA,0,0,7,1827,1,55,1
"1828",1827,NA,NA,NA,0,0,8,1828,1,55,1
"1829",1828,NA,NA,NA,0,0,9,1829,1,55,0
"1830",1829,NA,NA,NA,0,0,10,1830,1,55,0
"1831",1830,NA,NA,NA,0,0,11,1831,1,55,0
"1832",1831,NA,NA,NA,0,0,12,1832,1,55,0
"1833",1832,NA,NA,NA,0,0,13,1833,1,55,0
"1834",1833,NA,NA,NA,0,0,14,1834,1,55,1
"1835",1834,NA,NA,NA,0,0,15,1835,1,55,0
"1836",1835,NA,NA,NA,0,0,16,1836,1,55,0
"1837",1836,NA,NA,NA,0,0,17,1837,1,55,0
"1838",1837,NA,NA,NA,0,0,18,1838,1,55,0
"1839",1838,NA,NA,NA,0,0,19,1839,1,55,0
"1840",1839,NA,NA,NA,0,0,20,1840,1,55,0
"1841",1840,NA,NA,NA,0,0,21,1841,1,55,0
"1842",1841,NA,NA,NA,0,0,22,1842,1,55,0
"1843",1842,NA,NA,NA,0,0,23,1843,1,55,0
"1844",1843,NA,NA,NA,0,0,24,1844,1,55,0
"1845",1844,NA,NA,NA,0,0,25,1845,1,55,0
"1846",1845,NA,NA,NA,0,0,26,1846,1,55,0
"1847",1846,3,8,55,0,0,1,1847,2,55,0
"1848",1847,7,5,41.8007180992769,0,0,2,1848,2,55,1
"1849",1848,NA,NA,NA,0,0,3,1849,2,55,0
"1850",1849,NA,NA,NA,0,0,4,1850,2,55,1
"1851",1850,NA,NA,NA,0,0,5,1851,2,55,0
"1852",1851,NA,NA,NA,0,0,6,1852,2,55,0
"1853",1852,NA,NA,NA,0,0,7,1853,2,55,0
"1854",1853,NA,NA,NA,0,0,8,1854,2,55,0
"1855",1854,NA,NA,NA,0,0,9,1855,2,55,0
"1856",1855,NA,NA,NA,0,0,10,1856,2,55,0
"1857",1856,NA,NA,NA,0,0,11,1857,2,55,0
"1858",1857,NA,NA,NA,0,0,12,1858,2,55,0
"1859",1858,NA,NA,NA,0,0,13,1859,2,55,0
"1860",1859,NA,NA,NA,0,0,14,1860,2,55,0
"1861",1860,NA,NA,NA,0,0,15,1861,2,55,0
"1862",1861,NA,NA,NA,0,0,16,1862,2,55,0
"1863",1862,NA,NA,NA,0,0,17,1863,2,55,0
"1864",1863,NA,NA,NA,0,0,18,1864,2,55,0
"1865",1864,NA,NA,NA,0,0,19,1865,2,55,0
"1866",1865,NA,NA,NA,0,0,20,1866,2,55,0
"1867",1866,NA,NA,NA,0,0,21,1867,2,55,0
"1868",1867,NA,NA,NA,0,0,22,1868,2,55,0
"1869",1868,NA,NA,NA,0,0,23,1869,2,55,0
"1870",1869,NA,NA,NA,0,0,24,1870,2,55,0
"1871",1870,NA,NA,NA,0,0,25,1871,2,55,0
"1872",1871,NA,NA,NA,0,0,26,1872,2,55,0
"1873",1872,8,6,53,0,0,1,1873,3,55,0
"1874",1873,9,4,42.8344405470687,0,0,2,1874,3,55,1
"1875",1874,NA,NA,NA,0,0,3,1875,3,55,1
"1876",1875,NA,NA,NA,0,0,4,1876,3,55,0
"1877",1876,NA,NA,NA,0,0,5,1877,3,55,1
"1878",1877,NA,NA,NA,0,0,6,1878,3,55,1
"1879",1878,NA,NA,NA,0,0,7,1879,3,55,1
"1880",1879,NA,NA,NA,0,0,8,1880,3,55,0
"1881",1880,NA,NA,NA,0,0,9,1881,3,55,0
"1882",1881,NA,NA,NA,0,0,10,1882,3,55,0
"1883",1882,NA,NA,NA,0,0,11,1883,3,55,0
"1884",1883,NA,NA,NA,0,0,12,1884,3,55,0
"1885",1884,NA,NA,NA,0,0,13,1885,3,55,0
"1886",1885,NA,NA,NA,0,0,14,1886,3,55,0
"1887",1886,NA,NA,NA,0,0,15,1887,3,55,0
"1888",1887,NA,NA,NA,0,0,16,1888,3,55,0
"1889",1888,NA,NA,NA,0,0,17,1889,3,55,0
"1890",1889,NA,NA,NA,0,0,18,1890,3,55,0
"1891",1890,NA,NA,NA,0,0,19,1891,3,55,0
"1892",1891,NA,NA,NA,0,0,20,1892,3,55,0
"1893",1892,NA,NA,NA,0,0,21,1893,3,55,0
"1894",1893,NA,NA,NA,0,0,22,1894,3,55,0
"1895",1894,NA,NA,NA,0,0,23,1895,3,55,0
"1896",1895,NA,NA,NA,0,0,24,1896,3,55,0
"1897",1896,NA,NA,NA,0,0,25,1897,3,55,0
"1898",1897,NA,NA,NA,0,0,26,1898,3,55,0
"1899",1898,2,9,54,0,0,1,1899,4,55,0
"1900",1899,3,10,46.2536522953666,0,0,2,1900,4,55,0
"1901",1900,9,4,44.5200737175196,0,0,3,1901,4,55,1
"1902",1901,NA,NA,NA,0,0,4,1902,4,55,1
"1903",1902,NA,NA,NA,0,0,5,1903,4,55,0
"1904",1903,NA,NA,NA,0,0,6,1904,4,55,0
"1905",1904,NA,NA,NA,0,0,7,1905,4,55,1
"1906",1905,NA,NA,NA,0,0,8,1906,4,55,0
"1907",1906,NA,NA,NA,0,0,9,1907,4,55,0
"1908",1907,NA,NA,NA,0,0,10,1908,4,55,0
"1909",1908,NA,NA,NA,0,0,11,1909,4,55,0
"1910",1909,NA,NA,NA,0,0,12,1910,4,55,0
"1911",1910,NA,NA,NA,0,0,13,1911,4,55,1
"1912",1911,NA,NA,NA,0,0,14,1912,4,55,0
"1913",1912,NA,NA,NA,0,0,15,1913,4,55,0
"1914",1913,NA,NA,NA,0,0,16,1914,4,55,0
"1915",1914,NA,NA,NA,0,0,17,1915,4,55,0
"1916",1915,NA,NA,NA,0,0,18,1916,4,55,0
"1917",1916,NA,NA,NA,0,0,19,1917,4,55,0
"1918",1917,NA,NA,NA,0,0,20,1918,4,55,0
"1919",1918,NA,NA,NA,0,0,21,1919,4,55,0
"1920",1919,NA,NA,NA,0,0,22,1920,4,55,0
"1921",1920,NA,NA,NA,0,0,23,1921,4,55,0
"1922",1921,NA,NA,NA,0,0,24,1922,4,55,0
"1923",1922,NA,NA,NA,0,0,25,1923,4,55,0
"1924",1923,NA,NA,NA,0,0,26,1924,4,55,0
"1925",1924,7,2,52,0,0,1,1925,5,55,0
"1926",1925,6,2,50.9287816732922,0,0,2,1926,5,55,0
"1927",1926,9,1,45.8280062300597,0,0,3,1927,5,55,1
"1928",1927,NA,NA,NA,0,0,4,1928,5,55,0
"1929",1928,NA,NA,NA,0,0,5,1929,5,55,0
"1930",1929,NA,NA,NA,0,0,6,1930,5,55,0
"1931",1930,NA,NA,NA,0,0,7,1931,5,55,0
"1932",1931,NA,NA,NA,0,0,8,1932,5,55,0
"1933",1932,NA,NA,NA,0,0,9,1933,5,55,0
"1934",1933,NA,NA,NA,0,0,10,1934,5,55,0
"1935",1934,NA,NA,NA,0,0,11,1935,5,55,0
"1936",1935,NA,NA,NA,0,0,12,1936,5,55,0
"1937",1936,NA,NA,NA,0,0,13,1937,5,55,0
"1938",1937,NA,NA,NA,0,0,14,1938,5,55,0
"1939",1938,NA,NA,NA,0,0,15,1939,5,55,0
"1940",1939,NA,NA,NA,0,0,16,1940,5,55,0
"1941",1940,NA,NA,NA,0,0,17,1941,5,55,0
"1942",1941,NA,NA,NA,0,0,18,1942,5,55,0
"1943",1942,NA,NA,NA,0,0,19,1943,5,55,0
"1944",1943,NA,NA,NA,0,0,20,1944,5,55,0
"1945",1944,NA,NA,NA,0,0,21,1945,5,55,0
"1946",1945,NA,NA,NA,0,0,22,1946,5,55,0
"1947",1946,NA,NA,NA,0,0,23,1947,5,55,0
"1948",1947,NA,NA,NA,0,0,24,1948,5,55,0
"1949",1948,NA,NA,NA,0,0,25,1949,5,55,0
"1950",1949,NA,NA,NA,0,0,26,1950,5,55,0
"1951",1950,4,2,57,0,0,1,1951,1,56,0
"1952",1951,3,7,41.8981290446388,0,0,2,1952,1,56,1
"1953",1952,NA,NA,NA,0,0,3,1953,1,56,0
"1954",1953,NA,NA,NA,0,0,4,1954,1,56,0
"1955",1954,NA,NA,NA,0,0,5,1955,1,56,1
"1956",1955,NA,NA,NA,0,0,6,1956,1,56,0
"1957",1956,NA,NA,NA,0,0,7,1957,1,56,0
"1958",1957,NA,NA,NA,0,0,8,1958,1,56,0
"1959",1958,NA,NA,NA,0,0,9,1959,1,56,0
"1960",1959,NA,NA,NA,0,0,10,1960,1,56,0
"1961",1960,NA,NA,NA,0,0,11,1961,1,56,1
"1962",1961,NA,NA,NA,0,0,12,1962,1,56,0
"1963",1962,NA,NA,NA,0,0,13,1963,1,56,0
"1964",1963,NA,NA,NA,0,0,14,1964,1,56,0
"1965",1964,NA,NA,NA,0,0,15,1965,1,56,0
"1966",1965,NA,NA,NA,0,0,16,1966,1,56,0
"1967",1966,NA,NA,NA,0,0,17,1967,1,56,0
"1968",1967,NA,NA,NA,0,0,18,1968,1,56,0
"1969",1968,NA,NA,NA,0,0,19,1969,1,56,0
"1970",1969,NA,NA,NA,0,0,20,1970,1,56,0
"1971",1970,NA,NA,NA,0,0,21,1971,1,56,0
"1972",1971,NA,NA,NA,0,0,22,1972,1,56,0
"1973",1972,NA,NA,NA,0,0,23,1973,1,56,0
"1974",1973,NA,NA,NA,0,0,24,1974,1,56,0
"1975",1974,NA,NA,NA,0,0,25,1975,1,56,0
"1976",1975,NA,NA,NA,0,0,26,1976,1,56,0
"1977",1976,7,3,59,0,0,1,1977,2,56,0
"1978",1977,8,2,48.1112015658286,0,0,2,1978,2,56,0
"1979",1978,7,3,59.738779899663,0,0,3,1979,2,56,0
"1980",1979,5,4,56.7710838783843,0,0,4,1980,2,56,0
"1981",1980,7,4,55.8658497222592,0,0,5,1981,2,56,0
"1982",1981,8,3,50.1307687920377,0,0,6,1982,2,56,0
"1983",1982,6,4,60.0498805575611,0,0,7,1983,2,56,0
"1984",1983,7,0,42.6701168880699,0,0,8,1984,2,56,1
"1985",1984,NA,NA,NA,0,0,9,1985,2,56,0
"1986",1985,NA,NA,NA,0,0,10,1986,2,56,0
"1987",1986,NA,NA,NA,0,0,11,1987,2,56,0
"1988",1987,NA,NA,NA,0,0,12,1988,2,56,0
"1989",1988,NA,NA,NA,0,0,13,1989,2,56,0
"1990",1989,NA,NA,NA,0,0,14,1990,2,56,0
"1991",1990,NA,NA,NA,0,0,15,1991,2,56,1
"1992",1991,NA,NA,NA,0,0,16,1992,2,56,0
"1993",1992,NA,NA,NA,0,0,17,1993,2,56,1
"1994",1993,NA,NA,NA,0,0,18,1994,2,56,1
"1995",1994,NA,NA,NA,0,0,19,1995,2,56,0
"1996",1995,NA,NA,NA,0,0,20,1996,2,56,0
"1997",1996,NA,NA,NA,0,0,21,1997,2,56,0
"1998",1997,NA,NA,NA,0,0,22,1998,2,56,0
"1999",1998,NA,NA,NA,0,0,23,1999,2,56,0
"2000",1999,NA,NA,NA,0,0,24,2000,2,56,0
"2001",2000,NA,NA,NA,0,0,25,2001,2,56,0
"2002",2001,NA,NA,NA,0,0,26,2002,2,56,0
"2003",2002,1,7,53,0,0,1,2003,3,56,0
"2004",2003,3,8,47.0227194077711,0,0,2,2004,3,56,0
"2005",2004,3,6,57.2234148017901,0,0,3,2005,3,56,0
"2006",2005,2,7,56.9943662421435,0,0,4,2006,3,56,0
"2007",2006,1,7,53.6000668329386,0,0,5,2007,3,56,0
"2008",2007,2,6,61.230859336854,0,0,6,2008,3,56,0
"2009",2008,1,6,56.9848433800353,0,0,7,2009,3,56,0
"2010",2009,0,8,43.5847890368534,0,0,8,2010,3,56,1
"2011",2010,NA,NA,NA,0,0,9,2011,3,56,0
"2012",2011,NA,NA,NA,0,0,10,2012,3,56,0
"2013",2012,NA,NA,NA,0,0,11,2013,3,56,0
"2014",2013,NA,NA,NA,0,0,12,2014,3,56,0
"2015",2014,NA,NA,NA,0,0,13,2015,3,56,0
"2016",2015,NA,NA,NA,0,0,14,2016,3,56,0
"2017",2016,NA,NA,NA,0,0,15,2017,3,56,0
"2018",2017,NA,NA,NA,0,0,16,2018,3,56,0
"2019",2018,NA,NA,NA,0,0,17,2019,3,56,0
"2020",2019,NA,NA,NA,0,0,18,2020,3,56,0
"2021",2020,NA,NA,NA,0,0,19,2021,3,56,0
"2022",2021,NA,NA,NA,0,0,20,2022,3,56,0
"2023",2022,NA,NA,NA,0,0,21,2023,3,56,0
"2024",2023,NA,NA,NA,0,0,22,2024,3,56,0
"2025",2024,NA,NA,NA,0,0,23,2025,3,56,0
"2026",2025,NA,NA,NA,0,0,24,2026,3,56,0
"2027",2026,NA,NA,NA,0,0,25,2027,3,56,0
"2028",2027,NA,NA,NA,0,0,26,2028,3,56,0
"2029",2028,3,3,55,0,0,1,2029,4,56,0
"2030",2029,3,4,52.6952154915274,0,0,2,2030,4,56,0
"2031",2030,2,3,59.331030923842,0,0,3,2031,4,56,0
"2032",2031,4,5,47.6717340345566,0,0,4,2032,4,56,0
"2033",2032,8,0,40.0008989075493,0,0,5,2033,4,56,1
"2034",2033,NA,NA,NA,0,0,6,2034,4,56,1
"2035",2034,NA,NA,NA,0,0,7,2035,4,56,0
"2036",2035,NA,NA,NA,0,0,8,2036,4,56,0
"2037",2036,NA,NA,NA,0,0,9,2037,4,56,0
"2038",2037,NA,NA,NA,0,0,10,2038,4,56,0
"2039",2038,NA,NA,NA,0,0,11,2039,4,56,0
"2040",2039,NA,NA,NA,0,0,12,2040,4,56,1
"2041",2040,NA,NA,NA,0,0,13,2041,4,56,0
"2042",2041,NA,NA,NA,0,0,14,2042,4,56,0
"2043",2042,NA,NA,NA,0,0,15,2043,4,56,0
"2044",2043,NA,NA,NA,0,0,16,2044,4,56,1
"2045",2044,NA,NA,NA,0,0,17,2045,4,56,0
"2046",2045,NA,NA,NA,0,0,18,2046,4,56,0
"2047",2046,NA,NA,NA,0,0,19,2047,4,56,1
"2048",2047,NA,NA,NA,0,0,20,2048,4,56,1
"2049",2048,NA,NA,NA,0,0,21,2049,4,56,0
"2050",2049,NA,NA,NA,0,0,22,2050,4,56,1
"2051",2050,NA,NA,NA,0,0,23,2051,4,56,0
"2052",2051,NA,NA,NA,0,0,24,2052,4,56,0
"2053",2052,NA,NA,NA,0,0,25,2053,4,56,0
"2054",2053,NA,NA,NA,0,0,26,2054,4,56,0
"2055",2054,2,8,55,0,0,1,2055,5,56,0
"2056",2055,2,8,55.1656531414362,0,0,2,2056,5,56,0
"2057",2056,3,8,58.7998697833986,0,0,3,2057,5,56,0
"2058",2057,3,1,66.5543027960633,0,0,4,2058,5,56,0
"2059",2058,2,0,50.9166677965042,0,0,5,2059,5,56,0
"2060",2059,3,0,48.741388651793,0,0,6,2060,5,56,0
"2061",2060,1,1,66.5540989060385,0,0,7,2061,5,56,0
"2062",2061,2,1,73.1621558647903,0,0,8,2062,5,56,0
"2063",2062,2,2,104.595502764928,0,0,9,2063,5,56,0
"2064",2063,2,3,120.721221338618,0,0,10,2064,5,56,0
"2065",2064,3,3,104.662233333701,0,0,11,2065,5,56,0
"2066",2065,3,2,91.7262680183861,0,0,12,2066,5,56,0
"2067",2066,1,3,104.620002153773,0,0,13,2067,5,56,0
"2068",2067,1,2,91.722603436065,0,0,14,2068,5,56,0
"2069",2068,2,3,120.721221338618,0,0,15,2069,5,56,0
"2070",2069,2,4,105.014826482329,0,0,16,2070,5,56,0
"2071",2070,1,4,91.9378914109949,0,0,17,2071,5,56,0
"2072",2071,3,4,92.2499399686077,0,0,18,2072,5,56,0
"2073",2072,2,3,120.721221338618,0,0,19,2073,5,56,0
"2074",2073,2,3,120.721221338618,0,0,20,2074,5,56,0
"2075",2074,4,3,73.2193022823947,0,0,21,2075,5,56,0
"2076",2075,2,3,120.721221338618,0,0,22,2076,5,56,0
"2077",2076,2,3,120.721221338618,0,0,23,2077,5,56,0
"2078",2077,2,3,120.721221338618,0,0,24,2078,5,56,0
"2079",2078,2,3,120.721221338618,0,0,25,2079,5,56,0
"2080",2079,2,5,75.1721236619588,0,0,26,2080,5,56,0
"2081",2080,3,7,64,0,0,1,2081,1,57,0
"2082",2081,3,7,64.4593263189505,0,0,2,2082,1,57,0
"2083",2082,2,7,67.9947757341506,0,0,3,2083,1,57,0
"2084",2083,1,7,62.1950830671822,0,0,4,2084,1,57,0
"2085",2084,2,8,62.4164640166022,0,0,5,2085,1,57,0
"2086",2085,3,8,59.5854974337311,0,0,6,2086,1,57,0
"2087",2086,10,8,48.6918756755474,0,0,7,2087,1,57,0
"2088",2087,2,6,62.4164640166022,0,0,8,2088,1,57,0
"2089",2088,1,8,57.7724331727383,0,0,9,2089,1,57,0
"2090",2089,1,6,57.7724331727383,0,0,10,2090,1,57,0
"2091",2090,3,9,50.0555296672465,0,0,11,2091,1,57,0
"2092",2091,3,6,59.5854974337311,0,0,12,2092,1,57,0
"2093",2092,2,4,43.7886809031267,0,0,13,2093,1,57,1
"2094",2093,NA,NA,NA,0,0,14,2094,1,57,1
"2095",2094,NA,NA,NA,0,0,15,2095,1,57,0
"2096",2095,NA,NA,NA,0,0,16,2096,1,57,0
"2097",2096,NA,NA,NA,0,0,17,2097,1,57,1
"2098",2097,NA,NA,NA,0,0,18,2098,1,57,0
"2099",2098,NA,NA,NA,0,0,19,2099,1,57,0
"2100",2099,NA,NA,NA,0,0,20,2100,1,57,0
"2101",2100,NA,NA,NA,0,0,21,2101,1,57,0
"2102",2101,NA,NA,NA,0,0,22,2102,1,57,0
"2103",2102,NA,NA,NA,0,0,23,2103,1,57,0
"2104",2103,NA,NA,NA,0,0,24,2104,1,57,0
"2105",2104,NA,NA,NA,0,0,25,2105,1,57,0
"2106",2105,NA,NA,NA,0,0,26,2106,1,57,0
"2107",2106,6,1,56,0,0,1,2107,2,57,0
"2108",2107,0,0,40.0618138174803,0,0,2,2108,2,57,1
"2109",2108,NA,NA,NA,0,0,3,2109,2,57,1
"2110",2109,NA,NA,NA,0,0,4,2110,2,57,0
"2111",2110,NA,NA,NA,0,0,5,2111,2,57,0
"2112",2111,NA,NA,NA,0,0,6,2112,2,57,1
"2113",2112,NA,NA,NA,0,0,7,2113,2,57,1
"2114",2113,NA,NA,NA,0,0,8,2114,2,57,0
"2115",2114,NA,NA,NA,0,0,9,2115,2,57,0
"2116",2115,NA,NA,NA,0,0,10,2116,2,57,0
"2117",2116,NA,NA,NA,0,0,11,2117,2,57,0
"2118",2117,NA,NA,NA,0,0,12,2118,2,57,0
"2119",2118,NA,NA,NA,0,0,13,2119,2,57,0
"2120",2119,NA,NA,NA,0,0,14,2120,2,57,0
"2121",2120,NA,NA,NA,0,0,15,2121,2,57,0
"2122",2121,NA,NA,NA,0,0,16,2122,2,57,0
"2123",2122,NA,NA,NA,0,0,17,2123,2,57,0
"2124",2123,NA,NA,NA,0,0,18,2124,2,57,0
"2125",2124,NA,NA,NA,0,0,19,2125,2,57,0
"2126",2125,NA,NA,NA,0,0,20,2126,2,57,0
"2127",2126,NA,NA,NA,0,0,21,2127,2,57,0
"2128",2127,NA,NA,NA,0,0,22,2128,2,57,0
"2129",2128,NA,NA,NA,0,0,23,2129,2,57,0
"2130",2129,NA,NA,NA,0,0,24,2130,2,57,0
"2131",2130,NA,NA,NA,0,0,25,2131,2,57,0
"2132",2131,NA,NA,NA,0,0,26,2132,2,57,0
"2133",2132,8,7,50,0,0,1,2133,3,57,0
"2134",2133,10,9,40.3072144544334,0,0,2,2134,3,57,1
"2135",2134,NA,NA,NA,0,0,3,2135,3,57,1
"2136",2135,NA,NA,NA,0,0,4,2136,3,57,0
"2137",2136,NA,NA,NA,0,0,5,2137,3,57,0
"2138",2137,NA,NA,NA,0,0,6,2138,3,57,1
"2139",2138,NA,NA,NA,0,0,7,2139,3,57,0
"2140",2139,NA,NA,NA,0,0,8,2140,3,57,0
"2141",2140,NA,NA,NA,0,0,9,2141,3,57,0
"2142",2141,NA,NA,NA,0,0,10,2142,3,57,0
"2143",2142,NA,NA,NA,0,0,11,2143,3,57,0
"2144",2143,NA,NA,NA,0,0,12,2144,3,57,0
"2145",2144,NA,NA,NA,0,0,13,2145,3,57,0
"2146",2145,NA,NA,NA,0,0,14,2146,3,57,0
"2147",2146,NA,NA,NA,0,0,15,2147,3,57,0
"2148",2147,NA,NA,NA,0,0,16,2148,3,57,0
"2149",2148,NA,NA,NA,0,0,17,2149,3,57,0
"2150",2149,NA,NA,NA,0,0,18,2150,3,57,0
"2151",2150,NA,NA,NA,0,0,19,2151,3,57,0
"2152",2151,NA,NA,NA,0,0,20,2152,3,57,0
"2153",2152,NA,NA,NA,0,0,21,2153,3,57,0
"2154",2153,NA,NA,NA,0,0,22,2154,3,57,0
"2155",2154,NA,NA,NA,0,0,23,2155,3,57,0
"2156",2155,NA,NA,NA,0,0,24,2156,3,57,0
"2157",2156,NA,NA,NA,0,0,25,2157,3,57,0
"2158",2157,NA,NA,NA,0,0,26,2158,3,57,0
"2159",2158,4,8,54,0,0,1,2159,4,57,0
"2160",2159,6,4,101.790391036261,0,0,2,2160,4,57,0
"2161",2160,7,4,89.435771815873,0,0,3,2161,4,57,0
"2162",2161,6,3,117.08734881339,0,0,4,2162,4,57,0
"2163",2162,7,3,101.721025136591,0,0,5,2163,4,57,0
"2164",2163,5,3,101.74834113397,0,0,6,2164,4,57,0
"2165",2164,5,4,89.6376112529101,0,0,7,2165,4,57,0
"2166",2165,6,2,101.719823960074,0,0,8,2166,4,57,0
"2167",2166,7,2,89.4208770757728,0,0,9,2167,4,57,0
"2168",2167,5,2,89.4232474031294,0,0,10,2168,4,57,0
"2169",2168,6,3,117.08734881339,0,0,11,2169,4,57,0
"2170",2169,6,3,117.08734881339,0,0,12,2170,4,57,0
"2171",2170,6,3,117.08734881339,0,0,13,2171,4,57,0
"2172",2171,7,1,65.3734433028314,0,0,14,2172,4,57,0
"2173",2172,6,3,117.08734881339,0,0,15,2173,4,57,0
"2174",2173,8,2,65.3734574090021,0,0,16,2174,4,57,0
"2175",2174,6,3,117.08734881339,0,0,17,2175,4,57,0
"2176",2175,8,3,71.6878597215572,0,0,18,2176,4,57,0
"2177",2176,6,3,117.08734881339,0,0,19,2177,4,57,0
"2178",2177,6,3,117.08734881339,0,0,20,2178,4,57,0
"2179",2178,4,2,65.378394965207,0,0,21,2179,4,57,0
"2180",2179,7,5,65.4448390925428,0,0,22,2180,4,57,0
"2181",2180,4,3,71.7447608377613,0,0,23,2181,4,57,0
"2182",2181,4,4,65.7959187325966,0,0,24,2182,4,57,0
"2183",2182,6,3,117.08734881339,0,0,25,2183,4,57,0
"2184",2183,5,5,66.4010973981741,0,0,26,2184,4,57,0
"2185",2184,9,4,55,0,0,1,2185,5,57,0
"2186",2185,10,4,52.2521357091674,0,0,2,2186,5,57,0
"2187",2186,10,6,52.2700098991509,0,0,3,2187,5,57,0
"2188",2187,9,5,59.2303145831263,0,0,4,2188,5,57,0
"2189",2188,10,5,55.3075691434935,0,0,5,2189,5,57,0
"2190",2189,3,7,104.121844141849,0,0,6,2190,5,57,0
"2191",2190,3,6,91.3477807742669,0,0,7,2191,5,57,0
"2192",2191,2,7,72.9200464420306,0,0,8,2192,5,57,0
"2193",2192,3,8,91.3435166386193,0,0,9,2193,5,57,0
"2194",2193,4,7,120.105563370428,0,0,10,2194,5,57,0
"2195",2194,4,6,104.178344733662,0,0,11,2195,5,57,0
"2196",2195,5,7,104.343548695146,0,0,12,2196,5,57,0
"2197",2196,4,8,104.129204213955,0,0,13,2197,5,57,0
"2198",2197,5,8,91.4165002229296,0,0,14,2198,5,57,0
"2199",2198,5,6,91.7796022797795,0,0,15,2199,5,57,0
"2200",2199,2,8,66.3602433722639,0,0,16,2200,5,57,0
"2201",2200,4,7,120.105563370428,0,0,17,2201,5,57,0
"2202",2201,4,7,120.105563370428,0,0,18,2202,5,57,0
"2203",2202,2,6,66.3604806202357,0,0,19,2203,5,57,0
"2204",2203,4,7,120.105563370428,0,0,20,2204,5,57,0
"2205",2204,4,7,120.105563370428,0,0,21,2205,5,57,0
"2206",2205,4,7,120.105563370428,0,0,22,2206,5,57,0
"2207",2206,4,7,120.105563370428,0,0,23,2207,5,57,0
"2208",2207,5,6,91.7796022797795,0,0,24,2208,5,57,0
"2209",2208,4,7,120.105563370428,0,0,25,2209,5,57,0
"2210",2209,4,7,120.105563370428,0,0,26,2210,5,57,0
"2211",2210,3,7,55,0,0,1,2211,1,59,0
"2212",2211,3,7,55.088029418206,0,0,2,2212,1,59,0
"2213",2212,4,7,52.7481205190991,0,0,3,2213,1,59,0
"2214",2213,4,6,50.3688207769437,0,0,4,2214,1,59,0
"2215",2214,3,6,49.0051935732521,0,0,5,2215,1,59,0
"2216",2215,2,8,54.7985650816964,0,0,6,2216,1,59,0
"2217",2216,3,8,58.5108679550985,0,0,7,2217,1,59,0
"2218",2217,4,9,51.8535788229165,0,0,8,2218,1,59,0
"2219",2218,4,8,54.9125549109235,0,0,9,2219,1,59,0
"2220",2219,3,9,54.7935525645209,0,0,10,2220,1,59,0
"2221",2220,2,9,51.8436874319184,0,0,11,2221,1,59,0
"2222",2221,2,7,51.9058432762319,0,0,12,2222,1,59,0
"2223",2222,0,1,40.0106766559617,0,0,13,2223,1,59,1
"2224",2223,NA,NA,NA,0,0,14,2224,1,59,0
"2225",2224,NA,NA,NA,0,0,15,2225,1,59,0
"2226",2225,NA,NA,NA,0,0,16,2226,1,59,0
"2227",2226,NA,NA,NA,0,0,17,2227,1,59,0
"2228",2227,NA,NA,NA,0,0,18,2228,1,59,0
"2229",2228,NA,NA,NA,0,0,19,2229,1,59,0
"2230",2229,NA,NA,NA,0,0,20,2230,1,59,0
"2231",2230,NA,NA,NA,0,0,21,2231,1,59,0
"2232",2231,NA,NA,NA,0,0,22,2232,1,59,0
"2233",2232,NA,NA,NA,0,0,23,2233,1,59,0
"2234",2233,NA,NA,NA,0,0,24,2234,1,59,0
"2235",2234,NA,NA,NA,0,0,25,2235,1,59,0
"2236",2235,NA,NA,NA,0,0,26,2236,1,59,0
"2237",2236,2,9,54,0,0,1,2237,2,59,0
"2238",2237,2,9,54.7616607069308,0,0,2,2238,2,59,0
"2239",2238,2,10,51.6350174839078,0,0,3,2239,2,59,0
"2240",2239,1,9,58.08536171196,0,0,4,2240,2,59,0
"2241",2240,0,8,51.5799301485307,0,0,5,2241,2,59,0
"2242",2241,1,8,54.5767085564804,0,0,6,2242,2,59,0
"2243",2242,0,10,51.5695045085653,0,0,7,2243,2,59,0
"2244",2243,1,10,54.4565619644111,0,0,8,2244,2,59,0
"2245",2244,2,7,47.7978398170962,0,0,9,2245,2,59,0
"2246",2245,0,9,54.4512787136123,0,0,10,2246,2,59,0
"2247",2246,7,8,66.7487375456246,0,0,11,2247,2,59,0
"2248",2247,8,8,53.7310410839523,0,0,12,2248,2,59,0
"2249",2248,6,9,51.0644944967057,0,0,13,2249,2,59,0
"2250",2249,7,7,92.0924750742479,0,0,14,2250,2,59,0
"2251",2250,6,7,105.081197022791,0,0,15,2251,2,59,0
"2252",2251,6,6,121.250207238753,0,0,16,2252,2,59,0
"2253",2252,6,6,121.250207238753,0,0,17,2253,2,59,0
"2254",2253,6,6,121.250207238753,0,0,18,2254,2,59,0
"2255",2254,6,6,121.250207238753,0,0,19,2255,2,59,0
"2256",2255,6,6,121.250207238753,0,0,20,2256,2,59,0
"2257",2256,6,5,105.054513525801,0,0,21,2257,2,59,0
"2258",2257,6,6,121.250207238753,0,0,22,2258,2,59,0
"2259",2258,6,6,121.250207238753,0,0,23,2259,2,59,0
"2260",2259,6,6,121.250207238753,0,0,24,2260,2,59,0
"2261",2260,7,6,105.053340162459,0,0,25,2261,2,59,0
"2262",2261,6,6,121.250207238753,0,0,26,2262,2,59,0
"2263",2262,7,8,51,0,0,1,2263,3,59,0
"2264",2263,8,8,46.0019135911776,0,0,2,2264,3,59,0
"2265",2264,6,6,54.7312377591548,0,0,3,2265,3,59,0
"2266",2265,6,7,58.2755679521502,0,0,4,2266,3,59,0
"2267",2266,5,7,54.9205158641271,0,0,5,2267,3,59,0
"2268",2267,8,5,43.0827049959295,0,0,6,2268,3,59,1
"2269",2268,NA,NA,NA,0,0,7,2269,3,59,0
"2270",2269,NA,NA,NA,0,0,8,2270,3,59,0
"2271",2270,NA,NA,NA,0,0,9,2271,3,59,0
"2272",2271,NA,NA,NA,0,0,10,2272,3,59,0
"2273",2272,NA,NA,NA,0,0,11,2273,3,59,0
"2274",2273,NA,NA,NA,0,0,12,2274,3,59,0
"2275",2274,NA,NA,NA,0,0,13,2275,3,59,0
"2276",2275,NA,NA,NA,0,0,14,2276,3,59,0
"2277",2276,NA,NA,NA,0,0,15,2277,3,59,0
"2278",2277,NA,NA,NA,0,0,16,2278,3,59,0
"2279",2278,NA,NA,NA,0,0,17,2279,3,59,0
"2280",2279,NA,NA,NA,0,0,18,2280,3,59,0
"2281",2280,NA,NA,NA,0,0,19,2281,3,59,0
"2282",2281,NA,NA,NA,0,0,20,2282,3,59,0
"2283",2282,NA,NA,NA,0,0,21,2283,3,59,0
"2284",2283,NA,NA,NA,0,0,22,2284,3,59,0
"2285",2284,NA,NA,NA,0,0,23,2285,3,59,1
"2286",2285,NA,NA,NA,0,0,24,2286,3,59,0
"2287",2286,NA,NA,NA,0,0,25,2287,3,59,0
"2288",2287,NA,NA,NA,0,0,26,2288,3,59,0
"2289",2288,7,7,53,0,0,1,2289,4,59,0
"2290",2289,4,8,44.5030024898421,0,0,2,2290,4,59,1
"2291",2290,NA,NA,NA,0,0,3,2291,4,59,0
"2292",2291,NA,NA,NA,0,0,4,2292,4,59,0
"2293",2292,NA,NA,NA,0,0,5,2293,4,59,0
"2294",2293,NA,NA,NA,0,0,6,2294,4,59,0
"2295",2294,NA,NA,NA,0,0,7,2295,4,59,0
"2296",2295,NA,NA,NA,0,0,8,2296,4,59,0
"2297",2296,NA,NA,NA,0,0,9,2297,4,59,0
"2298",2297,NA,NA,NA,0,0,10,2298,4,59,0
"2299",2298,NA,NA,NA,0,0,11,2299,4,59,1
"2300",2299,NA,NA,NA,0,0,12,2300,4,59,0
"2301",2300,NA,NA,NA,0,0,13,2301,4,59,0
"2302",2301,NA,NA,NA,0,0,14,2302,4,59,0
"2303",2302,NA,NA,NA,0,0,15,2303,4,59,0
"2304",2303,NA,NA,NA,0,0,16,2304,4,59,0
"2305",2304,NA,NA,NA,0,0,17,2305,4,59,0
"2306",2305,NA,NA,NA,0,0,18,2306,4,59,0
"2307",2306,NA,NA,NA,0,0,19,2307,4,59,0
"2308",2307,NA,NA,NA,0,0,20,2308,4,59,0
"2309",2308,NA,NA,NA,0,0,21,2309,4,59,0
"2310",2309,NA,NA,NA,0,0,22,2310,4,59,0
"2311",2310,NA,NA,NA,0,0,23,2311,4,59,1
"2312",2311,NA,NA,NA,0,0,24,2312,4,59,1
"2313",2312,NA,NA,NA,0,0,25,2313,4,59,0
"2314",2313,NA,NA,NA,0,0,26,2314,4,59,0
"2315",2314,3,7,53,0,0,1,2315,5,59,0
"2316",2315,2,6,61.230859336854,0,0,2,2316,5,59,0
"2317",2316,1,6,56.9848433800353,0,0,3,2317,5,59,0
"2318",2317,2,5,57.009664919666,0,0,4,2318,5,59,0
"2319",2318,3,6,57.2234148017901,0,0,5,2319,5,59,0
"2320",2319,2,7,56.9943662421435,0,0,6,2320,5,59,0
"2321",2320,2,7,56.9943662421435,0,0,7,2321,5,59,0
"2322",2321,3,0,40.0068547906883,0,0,8,2322,5,59,1
"2323",2322,NA,NA,NA,0,0,9,2323,5,59,0
"2324",2323,NA,NA,NA,0,0,10,2324,5,59,0
"2325",2324,NA,NA,NA,0,0,11,2325,5,59,0
"2326",2325,NA,NA,NA,0,0,12,2326,5,59,0
"2327",2326,NA,NA,NA,0,0,13,2327,5,59,0
"2328",2327,NA,NA,NA,0,0,14,2328,5,59,0
"2329",2328,NA,NA,NA,0,0,15,2329,5,59,0
"2330",2329,NA,NA,NA,0,0,16,2330,5,59,0
"2331",2330,NA,NA,NA,0,0,17,2331,5,59,0
"2332",2331,NA,NA,NA,0,0,18,2332,5,59,0
"2333",2332,NA,NA,NA,0,0,19,2333,5,59,0
"2334",2333,NA,NA,NA,0,0,20,2334,5,59,0
"2335",2334,NA,NA,NA,0,0,21,2335,5,59,0
"2336",2335,NA,NA,NA,0,0,22,2336,5,59,0
"2337",2336,NA,NA,NA,0,0,23,2337,5,59,0
"2338",2337,NA,NA,NA,0,0,24,2338,5,59,0
"2339",2338,NA,NA,NA,0,0,25,2339,5,59,0
"2340",2339,NA,NA,NA,0,0,26,2340,5,59,0
"2341",2340,10,5,55,0,0,1,2341,1,60,0
"2342",2341,10,6,52.2700098991509,0,0,2,2342,1,60,0
"2343",2342,1,5,44.4552366912633,0,0,3,2343,1,60,1
"2344",2343,NA,NA,NA,0,0,4,2344,1,60,0
"2345",2344,NA,NA,NA,0,0,5,2345,1,60,1
"2346",2345,NA,NA,NA,0,0,6,2346,1,60,0
"2347",2346,NA,NA,NA,0,0,7,2347,1,60,0
"2348",2347,NA,NA,NA,0,0,8,2348,1,60,0
"2349",2348,NA,NA,NA,0,0,9,2349,1,60,0
"2350",2349,NA,NA,NA,0,0,10,2350,1,60,0
"2351",2350,NA,NA,NA,0,0,11,2351,1,60,0
"2352",2351,NA,NA,NA,0,0,12,2352,1,60,1
"2353",2352,NA,NA,NA,0,0,13,2353,1,60,0
"2354",2353,NA,NA,NA,0,0,14,2354,1,60,0
"2355",2354,NA,NA,NA,0,0,15,2355,1,60,0
"2356",2355,NA,NA,NA,0,0,16,2356,1,60,0
"2357",2356,NA,NA,NA,0,0,17,2357,1,60,1
"2358",2357,NA,NA,NA,0,0,18,2358,1,60,1
"2359",2358,NA,NA,NA,0,0,19,2359,1,60,0
"2360",2359,NA,NA,NA,0,0,20,2360,1,60,0
"2361",2360,NA,NA,NA,0,0,21,2361,1,60,0
"2362",2361,NA,NA,NA,0,0,22,2362,1,60,0
"2363",2362,NA,NA,NA,0,0,23,2363,1,60,0
"2364",2363,NA,NA,NA,0,0,24,2364,1,60,0
"2365",2364,NA,NA,NA,0,0,25,2365,1,60,0
"2366",2365,NA,NA,NA,0,0,26,2366,1,60,0
"2367",2366,10,1,50,0,0,1,2367,2,60,0
"2368",2367,9,7,40.0642726357884,0,0,2,2368,2,60,1
"2369",2368,NA,NA,NA,0,0,3,2369,2,60,1
"2370",2369,NA,NA,NA,0,0,4,2370,2,60,1
"2371",2370,NA,NA,NA,0,0,5,2371,2,60,1
"2372",2371,NA,NA,NA,0,0,6,2372,2,60,0
"2373",2372,NA,NA,NA,0,0,7,2373,2,60,0
"2374",2373,NA,NA,NA,0,0,8,2374,2,60,0
"2375",2374,NA,NA,NA,0,0,9,2375,2,60,0
"2376",2375,NA,NA,NA,0,0,10,2376,2,60,0
"2377",2376,NA,NA,NA,0,0,11,2377,2,60,1
"2378",2377,NA,NA,NA,0,0,12,2378,2,60,0
"2379",2378,NA,NA,NA,0,0,13,2379,2,60,0
"2380",2379,NA,NA,NA,0,0,14,2380,2,60,0
"2381",2380,NA,NA,NA,0,0,15,2381,2,60,0
"2382",2381,NA,NA,NA,0,0,16,2382,2,60,0
"2383",2382,NA,NA,NA,0,0,17,2383,2,60,0
"2384",2383,NA,NA,NA,0,0,18,2384,2,60,0
"2385",2384,NA,NA,NA,0,0,19,2385,2,60,0
"2386",2385,NA,NA,NA,0,0,20,2386,2,60,0
"2387",2386,NA,NA,NA,0,0,21,2387,2,60,0
"2388",2387,NA,NA,NA,0,0,22,2388,2,60,1
"2389",2388,NA,NA,NA,0,0,23,2389,2,60,0
"2390",2389,NA,NA,NA,0,0,24,2390,2,60,0
"2391",2390,NA,NA,NA,0,0,25,2391,2,60,0
"2392",2391,NA,NA,NA,0,0,26,2392,2,60,1
"2393",2392,8,4,57,0,0,1,2393,3,60,0
"2394",2393,8,4,57.1022277188402,0,0,2,2394,3,60,0
"2395",2394,8,3,53.4730330795277,0,0,3,2395,3,60,0
"2396",2395,7,8,91.6685618663799,0,0,4,2396,3,60,0
"2397",2396,6,8,66.4821544820579,0,0,5,2397,3,60,0
"2398",2397,7,7,67.5678615044362,0,0,6,2398,3,60,0
"2399",2398,8,7,75.2435370932011,0,0,7,2399,3,60,0
"2400",2399,8,8,104.698342608637,0,0,8,2400,3,60,0
"2401",2400,8,9,120.264325000115,0,0,9,2401,3,60,0
"2402",2401,7,9,104.251995107847,0,0,10,2402,3,60,0
"2403",2402,8,10,104.224298635794,0,0,11,2403,3,60,0
"2404",2403,7,10,91.4251795755485,0,0,12,2404,3,60,0
"2405",2404,9,8,92.0213316521849,0,0,13,2405,3,60,0
"2406",2405,9,9,104.299737306726,0,0,14,2406,3,60,0
"2407",2406,9,10,91.4293223728439,0,0,15,2407,3,60,0
"2408",2407,6,9,72.981934099717,0,0,16,2408,3,60,0
"2409",2408,10,10,66.4067158111262,0,0,17,2409,3,60,0
"2410",2409,0,8,40.0000427682322,0,0,18,2410,3,60,1
"2411",2410,NA,NA,NA,0,0,19,2411,3,60,1
"2412",2411,NA,NA,NA,0,0,20,2412,3,60,0
"2413",2412,NA,NA,NA,0,0,21,2413,3,60,1
"2414",2413,NA,NA,NA,0,0,22,2414,3,60,0
"2415",2414,NA,NA,NA,0,0,23,2415,3,60,0
"2416",2415,NA,NA,NA,0,0,24,2416,3,60,0
"2417",2416,NA,NA,NA,0,0,25,2417,3,60,1
"2418",2417,NA,NA,NA,0,0,26,2418,3,60,0
"2419",2418,6,2,59,0,0,1,2419,4,60,0
"2420",2419,6,9,48.9853576512774,0,0,2,2420,4,60,0
"2421",2420,1,8,74.0564742448337,0,0,3,2421,4,60,0
"2422",2421,6,1,50.1297399839968,0,0,4,2422,4,60,0
"2423",2422,2,9,93.1149392675414,0,0,5,2423,4,60,0
"2424",2423,1,9,67.270029827333,0,0,6,2424,4,60,0
"2425",2424,2,0,40.0952978422948,0,0,7,2425,4,60,1
"2426",2425,NA,NA,NA,0,0,8,2426,4,60,0
"2427",2426,NA,NA,NA,0,0,9,2427,4,60,0
"2428",2427,NA,NA,NA,0,0,10,2428,4,60,0
"2429",2428,NA,NA,NA,0,0,11,2429,4,60,0
"2430",2429,NA,NA,NA,0,0,12,2430,4,60,0
"2431",2430,NA,NA,NA,0,0,13,2431,4,60,0
"2432",2431,NA,NA,NA,0,0,14,2432,4,60,0
"2433",2432,NA,NA,NA,0,0,15,2433,4,60,0
"2434",2433,NA,NA,NA,0,0,16,2434,4,60,0
"2435",2434,NA,NA,NA,0,0,17,2435,4,60,0
"2436",2435,NA,NA,NA,0,0,18,2436,4,60,0
"2437",2436,NA,NA,NA,0,0,19,2437,4,60,0
"2438",2437,NA,NA,NA,0,0,20,2438,4,60,0
"2439",2438,NA,NA,NA,0,0,21,2439,4,60,0
"2440",2439,NA,NA,NA,0,0,22,2440,4,60,0
"2441",2440,NA,NA,NA,0,0,23,2441,4,60,1
"2442",2441,NA,NA,NA,0,0,24,2442,4,60,0
"2443",2442,NA,NA,NA,0,0,25,2443,4,60,1
"2444",2443,NA,NA,NA,0,0,26,2444,4,60,0
"2445",2444,6,8,59,0,0,1,2445,5,60,0
"2446",2445,6,7,55.6234805154314,0,0,2,2446,5,60,0
"2447",2446,7,3,41.8889097170868,0,0,3,2447,5,60,1
"2448",2447,NA,NA,NA,0,0,4,2448,5,60,1
"2449",2448,NA,NA,NA,0,0,5,2449,5,60,1
"2450",2449,NA,NA,NA,0,0,6,2450,5,60,0
"2451",2450,NA,NA,NA,0,0,7,2451,5,60,0
"2452",2451,NA,NA,NA,0,0,8,2452,5,60,0
"2453",2452,NA,NA,NA,0,0,9,2453,5,60,0
"2454",2453,NA,NA,NA,0,0,10,2454,5,60,0
"2455",2454,NA,NA,NA,0,0,11,2455,5,60,0
"2456",2455,NA,NA,NA,0,0,12,2456,5,60,0
"2457",2456,NA,NA,NA,0,0,13,2457,5,60,0
"2458",2457,NA,NA,NA,0,0,14,2458,5,60,0
"2459",2458,NA,NA,NA,0,0,15,2459,5,60,0
"2460",2459,NA,NA,NA,0,0,16,2460,5,60,0
"2461",2460,NA,NA,NA,0,0,17,2461,5,60,0
"2462",2461,NA,NA,NA,0,0,18,2462,5,60,0
"2463",2462,NA,NA,NA,0,0,19,2463,5,60,0
"2464",2463,NA,NA,NA,0,0,20,2464,5,60,0
"2465",2464,NA,NA,NA,0,0,21,2465,5,60,0
"2466",2465,NA,NA,NA,0,0,22,2466,5,60,0
"2467",2466,NA,NA,NA,0,0,23,2467,5,60,0
"2468",2467,NA,NA,NA,0,0,24,2468,5,60,0
"2469",2468,NA,NA,NA,0,0,25,2469,5,60,0
"2470",2469,NA,NA,NA,0,0,26,2470,5,60,0
"2471",2470,3,3,57,0,0,1,2471,1,61,0
"2472",2471,3,3,57.0683845170413,0,0,2,2472,1,61,0
"2473",2472,3,2,60.9970981326317,0,0,3,2473,1,61,0
"2474",2473,3,2,60.9970981326317,0,0,4,2474,1,61,0
"2475",2474,3,2,60.9970981326317,0,0,5,2475,1,61,0
"2476",2475,3,1,56.7700257945888,0,0,6,2476,1,61,0
"2477",2476,3,2,60.9970981326317,0,0,7,2477,1,61,0
"2478",2477,3,2,60.9970981326317,0,0,8,2478,1,61,0
"2479",2478,3,2,60.9970981326317,0,0,9,2479,1,61,0
"2480",2479,3,2,60.9970981326317,0,0,10,2480,1,61,0
"2481",2480,4,1,53.4629275365827,0,0,11,2481,1,61,0
"2482",2481,3,2,60.9970981326317,0,0,12,2482,1,61,0
"2483",2482,3,2,60.9970981326317,0,0,13,2483,1,61,0
"2484",2483,3,2,60.9970981326317,0,0,14,2484,1,61,0
"2485",2484,3,2,60.9970981326317,0,0,15,2485,1,61,0
"2486",2485,3,2,60.9970981326317,0,0,16,2486,1,61,0
"2487",2486,3,2,60.9970981326317,0,0,17,2487,1,61,0
"2488",2487,3,2,60.9970981326317,0,0,18,2488,1,61,0
"2489",2488,3,2,60.9970981326317,0,0,19,2489,1,61,0
"2490",2489,3,2,60.9970981326317,0,0,20,2490,1,61,0
"2491",2490,3,1,56.7700257945888,0,0,21,2491,1,61,0
"2492",2491,3,2,60.9970981326317,0,0,22,2492,1,61,0
"2493",2492,3,2,60.9970981326317,0,0,23,2493,1,61,0
"2494",2493,4,2,57.0683845170413,0,0,24,2494,1,61,0
"2495",2494,3,2,60.9970981326317,0,0,25,2495,1,61,0
"2496",2495,3,2,60.9970981326317,0,0,26,2496,1,61,0
"2497",2496,9,3,53,0,0,1,2497,2,61,0
"2498",2497,9,3,53.3215638125213,0,0,2,2498,2,61,0
"2499",2498,9,2,56.6441467729446,0,0,3,2499,2,61,0
"2500",2499,9,2,56.6441467729446,0,0,4,2500,2,61,0
"2501",2500,9,2,56.6441467729446,0,0,5,2501,2,61,0
"2502",2501,9,2,56.6441467729446,0,0,6,2502,2,61,0
"2503",2502,10,2,53.3119610904503,0,0,7,2503,2,61,0
"2504",2503,9,2,56.6441467729446,0,0,8,2504,2,61,0
"2505",2504,9,2,56.6441467729446,0,0,9,2505,2,61,0
"2506",2505,9,1,53.3369907867474,0,0,10,2506,2,61,0
"2507",2506,9,2,56.6441467729446,0,0,11,2507,2,61,0
"2508",2507,9,3,53.3215638125213,0,0,12,2508,2,61,0
"2509",2508,9,2,56.6441467729446,0,0,13,2509,2,61,0
"2510",2509,9,2,56.6441467729446,0,0,14,2510,2,61,0
"2511",2510,9,2,56.6441467729446,0,0,15,2511,2,61,0
"2512",2511,10,3,50.6590498183987,0,0,16,2512,2,61,0
"2513",2512,9,2,56.6441467729446,0,0,17,2513,2,61,0
"2514",2513,8,1,50.9603463553358,0,0,18,2514,2,61,0
"2515",2514,10,2,53.3119610904503,0,0,19,2515,2,61,0
"2516",2515,8,2,53.5525332032407,0,0,20,2516,2,61,0
"2517",2516,9,2,56.6441467729446,0,0,21,2517,2,61,0
"2518",2517,10,3,50.6590498183987,0,0,22,2518,2,61,0
"2519",2518,10,1,50.6599081443641,0,0,23,2519,2,61,0
"2520",2519,9,2,56.6441467729446,0,0,24,2520,2,61,0
"2521",2520,10,2,53.3119610904503,0,0,25,2521,2,61,0
"2522",2521,9,2,56.6441467729446,0,0,26,2522,2,61,0
"2523",2522,5,7,53,0,0,1,2523,3,61,0
"2524",2523,5,7,53.8377310526906,0,0,2,2524,3,61,0
"2525",2524,5,7,53.8377310526906,0,0,3,2525,3,61,0
"2526",2525,5,7,53.8377310526906,0,0,4,2526,3,61,0
"2527",2526,6,8,53.1174114696994,0,0,5,2527,3,61,0
"2528",2527,5,8,52.2023346825309,0,0,6,2528,3,61,0
"2529",2528,6,7,56.1920406891428,0,0,7,2529,3,61,0
"2530",2529,5,7,53.8377310526906,0,0,8,2530,3,61,0
"2531",2530,6,7,56.1920406891428,0,0,9,2531,3,61,0
"2532",2531,6,7,56.1920406891428,0,0,10,2532,3,61,0
"2533",2532,5,8,52.2023346825309,0,0,11,2533,3,61,0
"2534",2533,7,8,50.3195136897172,0,0,12,2534,3,61,0
"2535",2534,6,7,56.1920406891428,0,0,13,2535,3,61,0
"2536",2535,7,7,52.8710585229061,0,0,14,2536,3,61,0
"2537",2536,6,7,56.1920406891428,0,0,15,2537,3,61,0
"2538",2537,6,6,52.9031497876802,0,0,16,2538,3,61,0
"2539",2538,6,7,56.1920406891428,0,0,17,2539,3,61,0
"2540",2539,5,6,50.6191430942396,0,0,18,2540,3,61,0
"2541",2540,6,7,56.1920406891428,0,0,19,2541,3,61,0
"2542",2541,6,7,56.1920406891428,0,0,20,2542,3,61,0
"2543",2542,6,7,56.1920406891428,0,0,21,2543,3,61,0
"2544",2543,6,7,56.1920406891428,0,0,22,2544,3,61,0
"2545",2544,7,7,52.8710585229061,0,0,23,2545,3,61,0
"2546",2545,6,7,56.1920406891428,0,0,24,2546,3,61,0
"2547",2546,7,6,50.300921275928,0,0,25,2547,3,61,0
"2548",2547,6,7,56.1920406891428,0,0,26,2548,3,61,0
"2549",2548,5,8,55,0,0,1,2549,4,61,0
"2550",2549,5,8,55.3195343683106,0,0,2,2550,4,61,0
"2551",2550,6,8,52.9572773453584,0,0,3,2551,4,61,0
"2552",2551,5,9,58.7881445554827,0,0,4,2552,4,61,0
"2553",2552,5,9,58.7881445554827,0,0,5,2553,4,61,0
"2554",2553,5,9,58.7881445554827,0,0,6,2554,4,61,0
"2555",2554,4,8,52.0849490410743,0,0,7,2555,4,61,0
"2556",2555,4,9,55.0197424221829,0,0,8,2556,4,61,0
"2557",2556,5,9,58.7881445554827,0,0,9,2557,4,61,0
"2558",2557,5,9,58.7881445554827,0,0,10,2558,4,61,0
"2559",2558,5,9,58.7881445554827,0,0,11,2559,4,61,0
"2560",2559,5,9,58.7881445554827,0,0,12,2560,4,61,0
"2561",2560,5,9,58.7881445554827,0,0,13,2561,4,61,0
"2562",2561,5,9,58.7881445554827,0,0,14,2562,4,61,0
"2563",2562,6,4,72.8761753865852,0,0,15,2563,4,61,0
"2564",2563,6,4,72.8761753865852,0,0,16,2564,4,61,0
"2565",2564,6,4,72.8761753865852,0,0,17,2565,4,61,0
"2566",2565,6,4,72.8761753865852,0,0,18,2566,4,61,0
"2567",2566,6,4,72.8761753865852,0,0,19,2567,4,61,0
"2568",2567,6,4,72.8761753865852,0,0,20,2568,4,61,0
"2569",2568,6,4,72.8761753865852,0,0,21,2569,4,61,0
"2570",2569,6,4,72.8761753865852,0,0,22,2570,4,61,0
"2571",2570,6,4,72.8761753865852,0,0,23,2571,4,61,0
"2572",2571,6,4,72.8761753865852,0,0,24,2572,4,61,0
"2573",2572,6,4,72.8761753865852,0,0,25,2573,4,61,0
"2574",2573,6,4,72.8761753865852,0,0,26,2574,4,61,0
"2575",2574,3,4,57,0,0,1,2575,5,61,0
"2576",2575,3,4,57.1775501260933,0,0,2,2576,5,61,0
"2577",2576,3,4,57.1775501260933,0,0,3,2577,5,61,0
"2578",2577,3,4,57.1775501260933,0,0,4,2578,5,61,0
"2579",2578,3,4,57.1775501260933,0,0,5,2579,5,61,0
"2580",2579,3,4,57.1775501260933,0,0,6,2580,5,61,0
"2581",2580,3,5,53.7494408431757,0,0,7,2581,5,61,0
"2582",2581,3,4,57.1775501260933,0,0,8,2582,5,61,0
"2583",2582,3,4,57.1775501260933,0,0,9,2583,5,61,0
"2584",2583,3,4,57.1775501260933,0,0,10,2584,5,61,0
"2585",2584,3,3,53.7675161097993,0,0,11,2585,5,61,0
"2586",2585,3,4,57.1775501260933,0,0,12,2586,5,61,0
"2587",2586,3,4,57.1775501260933,0,0,13,2587,5,61,0
"2588",2587,3,4,57.1775501260933,0,0,14,2588,5,61,0
"2589",2588,3,4,57.1775501260933,0,0,15,2589,5,61,0
"2590",2589,2,4,48.8141359902169,0,0,16,2590,5,61,0
"2591",2590,2,3,47.0585210418654,0,0,17,2591,5,61,0
"2592",2591,4,4,61.5669147519555,0,0,18,2592,5,61,0
"2593",2592,4,4,61.5669147519555,0,0,19,2593,5,61,0
"2594",2593,4,4,61.5669147519555,0,0,20,2594,5,61,0
"2595",2594,4,4,61.5669147519555,0,0,21,2595,5,61,0
"2596",2595,4,4,61.5669147519555,0,0,22,2596,5,61,0
"2597",2596,4,4,61.5669147519555,0,0,23,2597,5,61,0
"2598",2597,4,4,61.5669147519555,0,0,24,2598,5,61,0
"2599",2598,4,4,61.5669147519555,0,0,25,2599,5,61,0
"2600",2599,4,4,61.5669147519555,0,0,26,2600,5,61,0
"2601",2600,2,8,56,0,0,1,2601,1,62,0
"2602",2601,9,9,40.0000115254458,0,0,2,2602,1,62,1
"2603",2602,NA,NA,NA,0,0,3,2603,1,62,0
"2604",2603,NA,NA,NA,0,0,4,2604,1,62,0
"2605",2604,NA,NA,NA,0,0,5,2605,1,62,0
"2606",2605,NA,NA,NA,0,0,6,2606,1,62,0
"2607",2606,NA,NA,NA,0,0,7,2607,1,62,0
"2608",2607,NA,NA,NA,0,0,8,2608,1,62,0
"2609",2608,NA,NA,NA,0,0,9,2609,1,62,0
"2610",2609,NA,NA,NA,0,0,10,2610,1,62,0
"2611",2610,NA,NA,NA,0,0,11,2611,1,62,0
"2612",2611,NA,NA,NA,0,0,12,2612,1,62,0
"2613",2612,NA,NA,NA,0,0,13,2613,1,62,0
"2614",2613,NA,NA,NA,0,0,14,2614,1,62,0
"2615",2614,NA,NA,NA,0,0,15,2615,1,62,0
"2616",2615,NA,NA,NA,0,0,16,2616,1,62,0
"2617",2616,NA,NA,NA,0,0,17,2617,1,62,0
"2618",2617,NA,NA,NA,0,0,18,2618,1,62,0
"2619",2618,NA,NA,NA,0,0,19,2619,1,62,0
"2620",2619,NA,NA,NA,0,0,20,2620,1,62,0
"2621",2620,NA,NA,NA,0,0,21,2621,1,62,0
"2622",2621,NA,NA,NA,0,0,22,2622,1,62,0
"2623",2622,NA,NA,NA,0,0,23,2623,1,62,0
"2624",2623,NA,NA,NA,0,0,24,2624,1,62,0
"2625",2624,NA,NA,NA,0,0,25,2625,1,62,0
"2626",2625,NA,NA,NA,0,0,26,2626,1,62,0
"2627",2626,7,5,53,0,0,1,2627,2,62,0
"2628",2627,5,6,51.0674198570713,0,0,2,2628,2,62,0
"2629",2628,2,3,71.5017032324915,0,0,3,2629,2,62,0
"2630",2629,2,3,71.5017032324915,0,0,4,2630,2,62,0
"2631",2630,2,4,101.357950368839,0,0,5,2631,2,62,0
"2632",2631,2,4,101.357950368839,0,0,6,2632,2,62,0
"2633",2632,2,4,101.357950368839,0,0,7,2633,2,62,0
"2634",2633,1,5,101.35543904693,0,0,8,2634,2,62,0
"2635",2634,1,5,101.35543904693,0,0,9,2635,2,62,0
"2636",2635,2,5,116.628775364176,0,0,10,2636,2,62,0
"2637",2636,2,5,116.628775364176,0,0,11,2637,2,62,0
"2638",2637,2,5,116.628775364176,0,0,12,2638,2,62,0
"2639",2638,2,5,116.628775364176,0,0,13,2639,2,62,0
"2640",2639,2,5,116.628775364176,0,0,14,2640,2,62,0
"2641",2640,2,5,116.628775364176,0,0,15,2641,2,62,0
"2642",2641,2,5,116.628775364176,0,0,16,2642,2,62,0
"2643",2642,2,5,116.628775364176,0,0,17,2643,2,62,0
"2644",2643,2,5,116.628775364176,0,0,18,2644,2,62,0
"2645",2644,2,6,101.361984860109,0,0,19,2645,2,62,0
"2646",2645,3,5,101.418353917646,0,0,20,2646,2,62,0
"2647",2646,1,5,101.35543904693,0,0,21,2647,2,62,0
"2648",2647,2,5,116.628775364176,0,0,22,2648,2,62,0
"2649",2648,2,5,116.628775364176,0,0,23,2649,2,62,0
"2650",2649,2,5,116.628775364176,0,0,24,2650,2,62,0
"2651",2650,2,5,116.628775364176,0,0,25,2651,2,62,0
"2652",2651,2,5,116.628775364176,0,0,26,2652,2,62,0
"2653",2652,3,7,64,0,0,1,2653,3,62,0
"2654",2653,2,7,67.9947757341506,0,0,2,2654,3,62,0
"2655",2654,2,7,67.9947757341506,0,0,3,2655,3,62,0
"2656",2655,0,6,49.1148086007066,0,0,4,2656,3,62,0
"2657",2656,2,6,62.4164640166022,0,0,5,2657,3,62,0
"2658",2657,3,6,59.5854974337311,0,0,6,2658,3,62,0
"2659",2658,5,7,76.7207507322223,0,0,7,2659,3,62,0
"2660",2659,4,8,57.8054707969235,0,0,8,2660,3,62,0
"2661",2660,8,1,40.0215480846656,0,0,9,2661,3,62,1
"2662",2661,NA,NA,NA,0,0,10,2662,3,62,0
"2663",2662,NA,NA,NA,0,0,11,2663,3,62,0
"2664",2663,NA,NA,NA,0,0,12,2664,3,62,0
"2665",2664,NA,NA,NA,0,0,13,2665,3,62,0
"2666",2665,NA,NA,NA,0,0,14,2666,3,62,0
"2667",2666,NA,NA,NA,0,0,15,2667,3,62,0
"2668",2667,NA,NA,NA,0,0,16,2668,3,62,0
"2669",2668,NA,NA,NA,0,0,17,2669,3,62,0
"2670",2669,NA,NA,NA,0,0,18,2670,3,62,0
"2671",2670,NA,NA,NA,0,0,19,2671,3,62,0
"2672",2671,NA,NA,NA,0,0,20,2672,3,62,0
"2673",2672,NA,NA,NA,0,0,21,2673,3,62,0
"2674",2673,NA,NA,NA,0,0,22,2674,3,62,0
"2675",2674,NA,NA,NA,0,0,23,2675,3,62,0
"2676",2675,NA,NA,NA,0,0,24,2676,3,62,0
"2677",2676,NA,NA,NA,0,0,25,2677,3,62,0
"2678",2677,NA,NA,NA,0,0,26,2678,3,62,0
"2679",2678,7,7,54,0,0,1,2679,4,62,0
"2680",2679,10,10,40.0704837231059,0,0,2,2680,4,62,1
"2681",2680,NA,NA,NA,0,0,3,2681,4,62,0
"2682",2681,NA,NA,NA,0,0,4,2682,4,62,1
"2683",2682,NA,NA,NA,0,0,5,2683,4,62,0
"2684",2683,NA,NA,NA,0,0,6,2684,4,62,0
"2685",2684,NA,NA,NA,0,0,7,2685,4,62,1
"2686",2685,NA,NA,NA,0,0,8,2686,4,62,1
"2687",2686,NA,NA,NA,0,0,9,2687,4,62,0
"2688",2687,NA,NA,NA,0,0,10,2688,4,62,0
"2689",2688,NA,NA,NA,0,0,11,2689,4,62,0
"2690",2689,NA,NA,NA,0,0,12,2690,4,62,0
"2691",2690,NA,NA,NA,0,0,13,2691,4,62,0
"2692",2691,NA,NA,NA,0,0,14,2692,4,62,0
"2693",2692,NA,NA,NA,0,0,15,2693,4,62,1
"2694",2693,NA,NA,NA,0,0,16,2694,4,62,0
"2695",2694,NA,NA,NA,0,0,17,2695,4,62,0
"2696",2695,NA,NA,NA,0,0,18,2696,4,62,0
"2697",2696,NA,NA,NA,0,0,19,2697,4,62,0
"2698",2697,NA,NA,NA,0,0,20,2698,4,62,0
"2699",2698,NA,NA,NA,0,0,21,2699,4,62,0
"2700",2699,NA,NA,NA,0,0,22,2700,4,62,0
"2701",2700,NA,NA,NA,0,0,23,2701,4,62,0
"2702",2701,NA,NA,NA,0,0,24,2702,4,62,0
"2703",2702,NA,NA,NA,0,0,25,2703,4,62,0
"2704",2703,NA,NA,NA,0,0,26,2704,4,62,0
"2705",2704,5,4,56,0,0,1,2705,5,62,0
"2706",2705,4,5,48.5058177089531,0,0,2,2706,5,62,0
"2707",2706,7,0,40.4601758421881,0,0,3,2707,5,62,1
"2708",2707,NA,NA,NA,0,0,4,2708,5,62,0
"2709",2708,NA,NA,NA,0,0,5,2709,5,62,0
"2710",2709,NA,NA,NA,0,0,6,2710,5,62,0
"2711",2710,NA,NA,NA,0,0,7,2711,5,62,0
"2712",2711,NA,NA,NA,0,0,8,2712,5,62,0
"2713",2712,NA,NA,NA,0,0,9,2713,5,62,0
"2714",2713,NA,NA,NA,0,0,10,2714,5,62,0
"2715",2714,NA,NA,NA,0,0,11,2715,5,62,0
"2716",2715,NA,NA,NA,0,0,12,2716,5,62,0
"2717",2716,NA,NA,NA,0,0,13,2717,5,62,0
"2718",2717,NA,NA,NA,0,0,14,2718,5,62,0
"2719",2718,NA,NA,NA,0,0,15,2719,5,62,0
"2720",2719,NA,NA,NA,0,0,16,2720,5,62,0
"2721",2720,NA,NA,NA,0,0,17,2721,5,62,0
"2722",2721,NA,NA,NA,0,0,18,2722,5,62,0
"2723",2722,NA,NA,NA,0,0,19,2723,5,62,0
"2724",2723,NA,NA,NA,0,0,20,2724,5,62,0
"2725",2724,NA,NA,NA,0,0,21,2725,5,62,0
"2726",2725,NA,NA,NA,0,0,22,2726,5,62,0
"2727",2726,NA,NA,NA,0,0,23,2727,5,62,0
"2728",2727,NA,NA,NA,0,0,24,2728,5,62,0
"2729",2728,NA,NA,NA,0,0,25,2729,5,62,0
"2730",2729,NA,NA,NA,0,0,26,2730,5,62,0
"2731",2730,5,7,53,0,0,1,2731,1,63,0
"2732",2731,9,8,41.7403981432762,0,0,2,2732,1,63,1
"2733",2732,NA,NA,NA,0,0,3,2733,1,63,1
"2734",2733,NA,NA,NA,0,0,4,2734,1,63,1
"2735",2734,NA,NA,NA,0,0,5,2735,1,63,1
"2736",2735,NA,NA,NA,0,0,6,2736,1,63,0
"2737",2736,NA,NA,NA,0,0,7,2737,1,63,1
"2738",2737,NA,NA,NA,0,0,8,2738,1,63,0
"2739",2738,NA,NA,NA,0,0,9,2739,1,63,1
"2740",2739,NA,NA,NA,0,0,10,2740,1,63,0
"2741",2740,NA,NA,NA,0,0,11,2741,1,63,1
"2742",2741,NA,NA,NA,0,0,12,2742,1,63,1
"2743",2742,NA,NA,NA,0,0,13,2743,1,63,0
"2744",2743,NA,NA,NA,0,0,14,2744,1,63,0
"2745",2744,NA,NA,NA,0,0,15,2745,1,63,0
"2746",2745,NA,NA,NA,0,0,16,2746,1,63,0
"2747",2746,NA,NA,NA,0,0,17,2747,1,63,0
"2748",2747,NA,NA,NA,0,0,18,2748,1,63,0
"2749",2748,NA,NA,NA,0,0,19,2749,1,63,0
"2750",2749,NA,NA,NA,0,0,20,2750,1,63,0
"2751",2750,NA,NA,NA,0,0,21,2751,1,63,0
"2752",2751,NA,NA,NA,0,0,22,2752,1,63,0
"2753",2752,NA,NA,NA,0,0,23,2753,1,63,0
"2754",2753,NA,NA,NA,0,0,24,2754,1,63,0
"2755",2754,NA,NA,NA,0,0,25,2755,1,63,0
"2756",2755,NA,NA,NA,0,0,26,2756,1,63,0
"2757",2756,6,1,56,0,0,1,2757,2,63,0
"2758",2757,0,5,40.0241794757117,0,0,2,2758,2,63,1
"2759",2758,NA,NA,NA,0,0,3,2759,2,63,0
"2760",2759,NA,NA,NA,0,0,4,2760,2,63,1
"2761",2760,NA,NA,NA,0,0,5,2761,2,63,0
"2762",2761,NA,NA,NA,0,0,6,2762,2,63,1
"2763",2762,NA,NA,NA,0,0,7,2763,2,63,0
"2764",2763,NA,NA,NA,0,0,8,2764,2,63,0
"2765",2764,NA,NA,NA,0,0,9,2765,2,63,0
"2766",2765,NA,NA,NA,0,0,10,2766,2,63,0
"2767",2766,NA,NA,NA,0,0,11,2767,2,63,0
"2768",2767,NA,NA,NA,0,0,12,2768,2,63,1
"2769",2768,NA,NA,NA,0,0,13,2769,2,63,0
"2770",2769,NA,NA,NA,0,0,14,2770,2,63,0
"2771",2770,NA,NA,NA,0,0,15,2771,2,63,0
"2772",2771,NA,NA,NA,0,0,16,2772,2,63,0
"2773",2772,NA,NA,NA,0,0,17,2773,2,63,0
"2774",2773,NA,NA,NA,0,0,18,2774,2,63,0
"2775",2774,NA,NA,NA,0,0,19,2775,2,63,0
"2776",2775,NA,NA,NA,0,0,20,2776,2,63,0
"2777",2776,NA,NA,NA,0,0,21,2777,2,63,0
"2778",2777,NA,NA,NA,0,0,22,2778,2,63,0
"2779",2778,NA,NA,NA,0,0,23,2779,2,63,0
"2780",2779,NA,NA,NA,0,0,24,2780,2,63,0
"2781",2780,NA,NA,NA,0,0,25,2781,2,63,0
"2782",2781,NA,NA,NA,0,0,26,2782,2,63,0
"2783",2782,4,8,59,0,0,1,2783,3,63,0
"2784",2783,0,9,40.0754293826581,0,0,2,2784,3,63,1
"2785",2784,NA,NA,NA,0,0,3,2785,3,63,0
"2786",2785,NA,NA,NA,0,0,4,2786,3,63,0
"2787",2786,NA,NA,NA,0,0,5,2787,3,63,0
"2788",2787,NA,NA,NA,0,0,6,2788,3,63,0
"2789",2788,NA,NA,NA,0,0,7,2789,3,63,1
"2790",2789,NA,NA,NA,0,0,8,2790,3,63,0
"2791",2790,NA,NA,NA,0,0,9,2791,3,63,0
"2792",2791,NA,NA,NA,0,0,10,2792,3,63,0
"2793",2792,NA,NA,NA,0,0,11,2793,3,63,0
"2794",2793,NA,NA,NA,0,0,12,2794,3,63,0
"2795",2794,NA,NA,NA,0,0,13,2795,3,63,0
"2796",2795,NA,NA,NA,0,0,14,2796,3,63,0
"2797",2796,NA,NA,NA,0,0,15,2797,3,63,0
"2798",2797,NA,NA,NA,0,0,16,2798,3,63,0
"2799",2798,NA,NA,NA,0,0,17,2799,3,63,0
"2800",2799,NA,NA,NA,0,0,18,2800,3,63,0
"2801",2800,NA,NA,NA,0,0,19,2801,3,63,0
"2802",2801,NA,NA,NA,0,0,20,2802,3,63,0
"2803",2802,NA,NA,NA,0,0,21,2803,3,63,0
"2804",2803,NA,NA,NA,0,0,22,2804,3,63,0
"2805",2804,NA,NA,NA,0,0,23,2805,3,63,0
"2806",2805,NA,NA,NA,0,0,24,2806,3,63,0
"2807",2806,NA,NA,NA,0,0,25,2807,3,63,0
"2808",2807,NA,NA,NA,0,0,26,2808,3,63,0
"2809",2808,8,5,50,0,0,1,2809,4,63,0
"2810",2809,0,6,44.3747521673256,0,0,2,2810,4,63,1
"2811",2810,NA,NA,NA,0,0,3,2811,4,63,1
"2812",2811,NA,NA,NA,0,0,4,2812,4,63,1
"2813",2812,NA,NA,NA,0,0,5,2813,4,63,0
"2814",2813,NA,NA,NA,0,0,6,2814,4,63,1
"2815",2814,NA,NA,NA,0,0,7,2815,4,63,1
"2816",2815,NA,NA,NA,0,0,8,2816,4,63,1
"2817",2816,NA,NA,NA,0,0,9,2817,4,63,1
"2818",2817,NA,NA,NA,0,0,10,2818,4,63,1
"2819",2818,NA,NA,NA,0,0,11,2819,4,63,1
"2820",2819,NA,NA,NA,0,0,12,2820,4,63,0
"2821",2820,NA,NA,NA,0,0,13,2821,4,63,1
"2822",2821,NA,NA,NA,0,0,14,2822,4,63,1
"2823",2822,NA,NA,NA,0,0,15,2823,4,63,1
"2824",2823,NA,NA,NA,0,0,16,2824,4,63,0
"2825",2824,NA,NA,NA,0,0,17,2825,4,63,0
"2826",2825,NA,NA,NA,0,0,18,2826,4,63,0
"2827",2826,NA,NA,NA,0,0,19,2827,4,63,0
"2828",2827,NA,NA,NA,0,0,20,2828,4,63,0
"2829",2828,NA,NA,NA,0,0,21,2829,4,63,0
"2830",2829,NA,NA,NA,0,0,22,2830,4,63,0
"2831",2830,NA,NA,NA,0,0,23,2831,4,63,0
"2832",2831,NA,NA,NA,0,0,24,2832,4,63,0
"2833",2832,NA,NA,NA,0,0,25,2833,4,63,0
"2834",2833,NA,NA,NA,0,0,26,2834,4,63,1
"2835",2834,2,3,54,0,0,1,2835,5,63,0
"2836",2835,10,1,74.498590313917,0,0,2,2836,5,63,0
"2837",2836,7,9,40.0000564976136,0,0,3,2837,5,63,1
"2838",2837,NA,NA,NA,0,0,4,2838,5,63,1
"2839",2838,NA,NA,NA,0,0,5,2839,5,63,1
"2840",2839,NA,NA,NA,0,0,6,2840,5,63,1
"2841",2840,NA,NA,NA,0,0,7,2841,5,63,1
"2842",2841,NA,NA,NA,0,0,8,2842,5,63,1
"2843",2842,NA,NA,NA,0,0,9,2843,5,63,0
"2844",2843,NA,NA,NA,0,0,10,2844,5,63,0
"2845",2844,NA,NA,NA,0,0,11,2845,5,63,0
"2846",2845,NA,NA,NA,0,0,12,2846,5,63,1
"2847",2846,NA,NA,NA,0,0,13,2847,5,63,0
"2848",2847,NA,NA,NA,0,0,14,2848,5,63,0
"2849",2848,NA,NA,NA,0,0,15,2849,5,63,0
"2850",2849,NA,NA,NA,0,0,16,2850,5,63,0
"2851",2850,NA,NA,NA,0,0,17,2851,5,63,0
"2852",2851,NA,NA,NA,0,0,18,2852,5,63,0
"2853",2852,NA,NA,NA,0,0,19,2853,5,63,0
"2854",2853,NA,NA,NA,0,0,20,2854,5,63,0
"2855",2854,NA,NA,NA,0,0,21,2855,5,63,0
"2856",2855,NA,NA,NA,0,0,22,2856,5,63,0
"2857",2856,NA,NA,NA,0,0,23,2857,5,63,0
"2858",2857,NA,NA,NA,0,0,24,2858,5,63,1
"2859",2858,NA,NA,NA,0,0,25,2859,5,63,0
"2860",2859,NA,NA,NA,0,0,26,2860,5,63,0
"2861",2860,2,7,54,0,0,1,2861,1,71,0
"2862",2861,1,7,47.9516457714667,0,0,2,2862,1,71,0
"2863",2862,3,7,56.6988738873465,0,0,3,2863,1,71,0
"2864",2863,3,7,56.6988738873465,0,0,4,2864,1,71,0
"2865",2864,3,7,56.6988738873465,0,0,5,2865,1,71,0
"2866",2865,3,7,56.6988738873465,0,0,6,2866,1,71,0
"2867",2866,3,7,56.6988738873465,0,0,7,2867,1,71,0
"2868",2867,3,7,56.6988738873465,0,0,8,2868,1,71,0
"2869",2868,3,7,56.6988738873465,0,0,9,2869,1,71,0
"2870",2869,3,7,56.6988738873465,0,0,10,2870,1,71,0
"2871",2870,3,7,56.6988738873465,0,0,11,2871,1,71,0
"2872",2871,3,7,56.6988738873465,0,0,12,2872,1,71,0
"2873",2872,2,7,54.1982056944266,0,0,13,2873,1,71,0
"2874",2873,3,7,56.6988738873465,0,0,14,2874,1,71,0
"2875",2874,3,7,56.6988738873465,0,0,15,2875,1,71,0
"2876",2875,3,7,56.6988738873465,0,0,16,2876,1,71,0
"2877",2876,3,7,56.6988738873465,0,0,17,2877,1,71,0
"2878",2877,3,7,56.6988738873465,0,0,18,2878,1,71,0
"2879",2878,4,8,54.9820145158932,0,0,19,2879,1,71,0
"2880",2879,4,7,52.8412895883584,0,0,20,2880,1,71,0
"2881",2880,0,8,42.6386934137052,0,0,21,2881,1,71,1
"2882",2881,NA,NA,NA,0,0,22,2882,1,71,0
"2883",2882,NA,NA,NA,0,0,23,2883,1,71,0
"2884",2883,NA,NA,NA,0,0,24,2884,1,71,0
"2885",2884,NA,NA,NA,0,0,25,2885,1,71,0
"2886",2885,NA,NA,NA,0,0,26,2886,1,71,0
"2887",2886,5,3,55,0,0,1,2887,2,71,0
"2888",2887,5,3,55.5979665201421,0,0,2,2888,2,71,0
"2889",2888,6,2,54.5822557903937,0,0,3,2889,2,71,0
"2890",2889,6,2,54.5822557903937,0,0,4,2890,2,71,0
"2891",2890,5,3,55.5979665201421,0,0,5,2891,2,71,0
"2892",2891,5,3,55.5979665201421,0,0,6,2892,2,71,0
"2893",2892,5,2,49.3704311786403,0,0,7,2893,2,71,0
"2894",2893,5,3,55.5979665201421,0,0,8,2894,2,71,0
"2895",2894,5,4,58.1173347023035,0,0,9,2895,2,71,0
"2896",2895,7,3,68.9799527571484,0,0,10,2896,2,71,0
"2897",2896,7,3,68.9799527571484,0,0,11,2897,2,71,0
"2898",2897,7,3,68.9799527571484,0,0,12,2898,2,71,0
"2899",2898,7,3,68.9799527571484,0,0,13,2899,2,71,0
"2900",2899,8,3,92.4105975079992,0,0,14,2900,2,71,0
"2901",2900,9,3,104.906885870399,0,0,15,2901,2,71,0
"2902",2901,9,3,104.906885870399,0,0,16,2902,2,71,0
"2903",2902,9,3,104.906885870399,0,0,17,2903,2,71,0
"2904",2903,9,3,104.906885870399,0,0,18,2904,2,71,0
"2905",2904,9,3,104.906885870399,0,0,19,2905,2,71,0
"2906",2905,9,3,104.906885870399,0,0,20,2906,2,71,0
"2907",2906,9,3,104.906885870399,0,0,21,2907,2,71,0
"2908",2907,9,3,104.906885870399,0,0,22,2908,2,71,0
"2909",2908,9,3,104.906885870399,0,0,23,2909,2,71,0
"2910",2909,9,3,104.906885870399,0,0,24,2910,2,71,0
"2911",2910,9,3,104.906885870399,0,0,25,2911,2,71,0
"2912",2911,9,3,104.906885870399,0,0,26,2912,2,71,0
"2913",2912,2,8,62,0,0,1,2913,3,71,0
"2914",2913,2,8,62.4164640166022,0,0,2,2914,3,71,0
"2915",2914,2,8,62.4164640166022,0,0,3,2915,3,71,0
"2916",2915,2,8,62.4164640166022,0,0,4,2916,3,71,0
"2917",2916,3,8,59.5854974337311,0,0,5,2917,3,71,0
"2918",2917,2,8,62.4164640166022,0,0,6,2918,3,71,0
"2919",2918,2,8,62.4164640166022,0,0,7,2919,3,71,0
"2920",2919,2,8,62.4164640166022,0,0,8,2920,3,71,0
"2921",2920,2,8,62.4164640166022,0,0,9,2921,3,71,0
"2922",2921,2,8,62.4164640166022,0,0,10,2922,3,71,0
"2923",2922,1,9,49.1246714377466,0,0,11,2923,3,71,0
"2924",2923,2,8,62.4164640166022,0,0,12,2924,3,71,0
"2925",2924,3,8,59.5854974337311,0,0,13,2925,3,71,0
"2926",2925,2,8,62.4164640166022,0,0,14,2926,3,71,0
"2927",2926,2,8,62.4164640166022,0,0,15,2927,3,71,0
"2928",2927,2,7,67.9947757341506,0,0,16,2928,3,71,0
"2929",2928,2,8,62.4164640166022,0,0,17,2929,3,71,0
"2930",2929,2,7,67.9947757341506,0,0,18,2930,3,71,0
"2931",2930,2,7,67.9947757341506,0,0,19,2931,3,71,0
"2932",2931,2,7,67.9947757341506,0,0,20,2932,3,71,0
"2933",2932,2,7,67.9947757341506,0,0,21,2933,3,71,0
"2934",2933,2,7,67.9947757341506,0,0,22,2934,3,71,0
"2935",2934,3,7,64.4593263189505,0,0,23,2935,3,71,0
"2936",2935,3,7,64.4593263189505,0,0,24,2936,3,71,0
"2937",2936,2,7,67.9947757341506,0,0,25,2937,3,71,0
"2938",2937,2,7,67.9947757341506,0,0,26,2938,3,71,0
"2939",2938,6,4,60,0,0,1,2939,4,71,0
"2940",2939,6,4,60.0498805575611,0,0,2,2940,4,71,0
"2941",2940,6,5,51.6467788307602,0,0,3,2941,4,71,0
"2942",2941,6,4,60.0498805575611,0,0,4,2942,4,71,0
"2943",2942,5,3,59.8612900205776,0,0,5,2943,4,71,0
"2944",2943,6,3,64.6826693539916,0,0,6,2944,4,71,0
"2945",2944,7,3,59.738779899663,0,0,7,2945,4,71,0
"2946",2945,6,3,64.6826693539916,0,0,8,2946,4,71,0
"2947",2946,7,3,59.738779899663,0,0,9,2947,4,71,0
"2948",2947,6,3,64.6826693539916,0,0,10,2948,4,71,0
"2949",2948,6,3,64.6826693539916,0,0,11,2949,4,71,0
"2950",2949,6,3,64.6826693539916,0,0,12,2950,4,71,0
"2951",2950,6,4,60.0498805575611,0,0,13,2951,4,71,0
"2952",2951,6,3,64.6826693539916,0,0,14,2952,4,71,0
"2953",2952,6,3,64.6826693539916,0,0,15,2953,4,71,0
"2954",2953,6,3,64.6826693539916,0,0,16,2954,4,71,0
"2955",2954,6,4,60.0498805575611,0,0,17,2955,4,71,0
"2956",2955,5,3,59.8612900205776,0,0,18,2956,4,71,0
"2957",2956,7,3,59.738779899663,0,0,19,2957,4,71,0
"2958",2957,5,3,59.8612900205776,0,0,20,2958,4,71,0
"2959",2958,6,3,64.6826693539916,0,0,21,2959,4,71,0
"2960",2959,6,3,64.6826693539916,0,0,22,2960,4,71,0
"2961",2960,6,3,64.6826693539916,0,0,23,2961,4,71,0
"2962",2961,6,4,60.0498805575611,0,0,24,2962,4,71,0
"2963",2962,6,3,64.6826693539916,0,0,25,2963,4,71,0
"2964",2963,7,3,59.738779899663,0,0,26,2964,4,71,0
"2965",2964,1,2,51,0,0,1,2965,5,71,0
"2966",2965,1,2,51.2662793916677,0,0,2,2966,5,71,0
"2967",2966,1,2,51.2662793916677,0,0,3,2967,5,71,0
"2968",2967,1,2,51.2662793916677,0,0,4,2968,5,71,0
"2969",2968,1,2,51.2662793916677,0,0,5,2969,5,71,0
"2970",2969,1,1,53.7119132912893,0,0,6,2970,5,71,0
"2971",2970,1,1,53.7119132912893,0,0,7,2971,5,71,0
"2972",2971,0,1,47.0476111125324,0,0,8,2972,5,71,0
"2973",2972,1,1,53.7119132912893,0,0,9,2973,5,71,0
"2974",2973,1,0,50.9597252714007,0,0,10,2974,5,71,0
"2975",2974,2,2,53.9318434248587,0,0,11,2975,5,71,0
"2976",2975,2,2,53.9318434248587,0,0,12,2976,5,71,0
"2977",2976,1,1,53.7119132912893,0,0,13,2977,5,71,0
"2978",2977,1,0,50.9597252714007,0,0,14,2978,5,71,0
"2979",2978,2,1,57.112129350463,0,0,15,2979,5,71,0
"2980",2979,2,1,57.112129350463,0,0,16,2980,5,71,0
"2981",2980,2,2,53.9318434248587,0,0,17,2981,5,71,0
"2982",2981,2,1,57.112129350463,0,0,18,2982,5,71,0
"2983",2982,2,2,53.9318434248587,0,0,19,2983,5,71,0
"2984",2983,2,1,57.112129350463,0,0,20,2984,5,71,0
"2985",2984,1,1,53.7119132912893,0,0,21,2985,5,71,0
"2986",2985,1,1,53.7119132912893,0,0,22,2986,5,71,0
"2987",2986,2,1,57.112129350463,0,0,23,2987,5,71,0
"2988",2987,2,1,57.112129350463,0,0,24,2988,5,71,0
"2989",2988,2,1,57.112129350463,0,0,25,2989,5,71,0
"2990",2989,2,2,53.9318434248587,0,0,26,2990,5,71,0
"2991",2990,0,10,51,0,0,1,2991,1,75,0
"2992",2991,3,8,50.4596556479949,0,0,2,2992,1,75,0
"2993",2992,4,8,55.6860401646596,0,0,3,2993,1,75,0
"2994",2993,7,5,92.0901596316886,0,0,4,2994,1,75,0
"2995",2994,7,5,92.0901596316886,0,0,5,2995,1,75,0
"2996",2995,6,5,105.054513525801,0,0,6,2996,1,75,0
"2997",2996,6,5,105.054513525801,0,0,7,2997,1,75,0
"2998",2997,6,5,105.054513525801,0,0,8,2998,1,75,0
"2999",2998,6,5,105.054513525801,0,0,9,2999,1,75,0
"3000",2999,6,5,105.054513525801,0,0,10,3000,1,75,0
"3001",3000,6,5,105.054513525801,0,0,11,3001,1,75,0
"3002",3001,6,5,105.054513525801,0,0,12,3002,1,75,0
"3003",3002,6,5,105.054513525801,0,0,13,3003,1,75,0
"3004",3003,6,5,105.054513525801,0,0,14,3004,1,75,0
"3005",3004,6,5,105.054513525801,0,0,15,3005,1,75,0
"3006",3005,6,5,105.054513525801,0,0,16,3006,1,75,0
"3007",3006,6,5,105.054513525801,0,0,17,3007,1,75,0
"3008",3007,6,5,105.054513525801,0,0,18,3008,1,75,0
"3009",3008,6,5,105.054513525801,0,0,19,3009,1,75,0
"3010",3009,6,5,105.054513525801,0,0,20,3010,1,75,0
"3011",3010,7,7,92.0924750742479,0,0,21,3011,1,75,0
"3012",3011,6,6,121.250207238753,0,0,22,3012,1,75,0
"3013",3012,6,6,121.250207238753,0,0,23,3013,1,75,0
"3014",3013,6,6,121.250207238753,0,0,24,3014,1,75,0
"3015",3014,6,6,121.250207238753,0,0,25,3015,1,75,0
"3016",3015,6,6,121.250207238753,0,0,26,3016,1,75,0
"3017",3016,2,9,53,0,0,1,3017,2,75,0
"3018",3017,3,9,56.7195050050699,0,0,2,3018,2,75,0
"3019",3018,3,10,53.1722582202307,0,0,3,3019,2,75,0
"3020",3019,6,7,42.344607920582,0,0,4,3020,2,75,1
"3021",3020,NA,NA,NA,0,0,5,3021,2,75,0
"3022",3021,NA,NA,NA,0,0,6,3022,2,75,1
"3023",3022,NA,NA,NA,0,0,7,3023,2,75,0
"3024",3023,NA,NA,NA,0,0,8,3024,2,75,0
"3025",3024,NA,NA,NA,0,0,9,3025,2,75,0
"3026",3025,NA,NA,NA,0,0,10,3026,2,75,0
"3027",3026,NA,NA,NA,0,0,11,3027,2,75,0
"3028",3027,NA,NA,NA,0,0,12,3028,2,75,0
"3029",3028,NA,NA,NA,0,0,13,3029,2,75,0
"3030",3029,NA,NA,NA,0,0,14,3030,2,75,0
"3031",3030,NA,NA,NA,0,0,15,3031,2,75,0
"3032",3031,NA,NA,NA,0,0,16,3032,2,75,0
"3033",3032,NA,NA,NA,0,0,17,3033,2,75,0
"3034",3033,NA,NA,NA,0,0,18,3034,2,75,0
"3035",3034,NA,NA,NA,0,0,19,3035,2,75,0
"3036",3035,NA,NA,NA,0,0,20,3036,2,75,0
"3037",3036,NA,NA,NA,0,0,21,3037,2,75,0
"3038",3037,NA,NA,NA,0,0,22,3038,2,75,0
"3039",3038,NA,NA,NA,0,0,23,3039,2,75,0
"3040",3039,NA,NA,NA,0,0,24,3040,2,75,0
"3041",3040,NA,NA,NA,0,0,25,3041,2,75,0
"3042",3041,NA,NA,NA,0,0,26,3042,2,75,0
"3043",3042,1,4,56,0,0,1,3043,3,75,0
"3044",3043,2,7,65.8972726751999,0,0,2,3044,3,75,0
"3045",3044,2,7,65.8972726751999,0,0,3,3045,3,75,0
"3046",3045,2,7,65.8972726751999,0,0,4,3046,3,75,0
"3047",3046,0,4,52.9945930886882,0,0,5,3047,3,75,0
"3048",3047,0,2,52.9543634863453,0,0,6,3048,3,75,0
"3049",3048,3,7,72.0019168853011,0,0,7,3049,3,75,0
"3050",3049,3,7,72.0019168853011,0,0,8,3050,3,75,0
"3051",3050,2,9,101.874523028906,0,0,9,3051,3,75,0
"3052",3051,2,9,101.874523028906,0,0,10,3052,3,75,0
"3053",3052,2,9,101.874523028906,0,0,11,3053,3,75,0
"3054",3053,2,9,101.874523028906,0,0,12,3054,3,75,0
"3055",3054,2,9,101.874523028906,0,0,13,3055,3,75,0
"3056",3055,2,8,89.6034413143849,0,0,14,3056,3,75,0
"3057",3056,2,9,101.874523028906,0,0,15,3057,3,75,0
"3058",3057,2,9,101.874523028906,0,0,16,3058,3,75,0
"3059",3058,2,9,101.874523028906,0,0,17,3059,3,75,0
"3060",3059,3,9,117.267936882155,0,0,18,3060,3,75,0
"3061",3060,3,9,117.267936882155,0,0,19,3061,3,75,0
"3062",3061,3,8,101.901206155037,0,0,20,3062,3,75,0
"3063",3062,3,9,117.267936882155,0,0,21,3063,3,75,0
"3064",3063,3,9,117.267936882155,0,0,22,3064,3,75,0
"3065",3064,3,9,117.267936882155,0,0,23,3065,3,75,0
"3066",3065,3,9,117.267936882155,0,0,24,3066,3,75,0
"3067",3066,3,9,117.267936882155,0,0,25,3067,3,75,0
"3068",3067,3,9,117.267936882155,0,0,26,3068,3,75,0
"3069",3068,3,9,53,0,0,1,3069,4,75,0
"3070",3069,5,5,40.7130888859775,0,0,2,3070,4,75,1
"3071",3070,NA,NA,NA,0,0,3,3071,4,75,0
"3072",3071,NA,NA,NA,0,0,4,3072,4,75,0
"3073",3072,NA,NA,NA,0,0,5,3073,4,75,0
"3074",3073,NA,NA,NA,0,0,6,3074,4,75,0
"3075",3074,NA,NA,NA,0,0,7,3075,4,75,0
"3076",3075,NA,NA,NA,0,0,8,3076,4,75,0
"3077",3076,NA,NA,NA,0,0,9,3077,4,75,0
"3078",3077,NA,NA,NA,0,0,10,3078,4,75,0
"3079",3078,NA,NA,NA,0,0,11,3079,4,75,0
"3080",3079,NA,NA,NA,0,0,12,3080,4,75,0
"3081",3080,NA,NA,NA,0,0,13,3081,4,75,0
"3082",3081,NA,NA,NA,0,0,14,3082,4,75,0
"3083",3082,NA,NA,NA,0,0,15,3083,4,75,0
"3084",3083,NA,NA,NA,0,0,16,3084,4,75,0
"3085",3084,NA,NA,NA,0,0,17,3085,4,75,0
"3086",3085,NA,NA,NA,0,0,18,3086,4,75,0
"3087",3086,NA,NA,NA,0,0,19,3087,4,75,0
"3088",3087,NA,NA,NA,0,0,20,3088,4,75,0
"3089",3088,NA,NA,NA,0,0,21,3089,4,75,0
"3090",3089,NA,NA,NA,0,0,22,3090,4,75,0
"3091",3090,NA,NA,NA,0,0,23,3091,4,75,0
"3092",3091,NA,NA,NA,0,0,24,3092,4,75,0
"3093",3092,NA,NA,NA,0,0,25,3093,4,75,0
"3094",3093,NA,NA,NA,0,0,26,3094,4,75,0
"3095",3094,1,4,52,0,0,1,3095,5,75,0
"3096",3095,2,4,55.5366955298451,0,0,2,3096,5,75,0
"3097",3096,1,4,52.3978158585524,0,0,3,3097,5,75,0
"3098",3097,3,4,52.6952154915274,0,0,4,3098,5,75,0
"3099",3098,2,0,42.6149885201383,0,0,5,3099,5,75,1
"3100",3099,NA,NA,NA,0,0,6,3100,5,75,0
"3101",3100,NA,NA,NA,0,0,7,3101,5,75,0
"3102",3101,NA,NA,NA,0,0,8,3102,5,75,0
"3103",3102,NA,NA,NA,0,0,9,3103,5,75,0
"3104",3103,NA,NA,NA,0,0,10,3104,5,75,0
"3105",3104,NA,NA,NA,0,0,11,3105,5,75,0
"3106",3105,NA,NA,NA,0,0,12,3106,5,75,0
"3107",3106,NA,NA,NA,0,0,13,3107,5,75,0
"3108",3107,NA,NA,NA,0,0,14,3108,5,75,0
"3109",3108,NA,NA,NA,0,0,15,3109,5,75,0
"3110",3109,NA,NA,NA,0,0,16,3110,5,75,0
"3111",3110,NA,NA,NA,0,0,17,3111,5,75,0
"3112",3111,NA,NA,NA,0,0,18,3112,5,75,0
"3113",3112,NA,NA,NA,0,0,19,3113,5,75,0
"3114",3113,NA,NA,NA,0,0,20,3114,5,75,0
"3115",3114,NA,NA,NA,0,0,21,3115,5,75,0
"3116",3115,NA,NA,NA,0,0,22,3116,5,75,0
"3117",3116,NA,NA,NA,0,0,23,3117,5,75,0
"3118",3117,NA,NA,NA,0,0,24,3118,5,75,0
"3119",3118,NA,NA,NA,0,0,25,3119,5,75,0
"3120",3119,NA,NA,NA,0,0,26,3120,5,75,0
"3121",3120,5,8,52,0,0,1,3121,1,79,0
"3122",3121,4,9,53.9867509961125,0,0,2,3122,1,79,0
"3123",3122,4,8,54.3130037189978,0,0,3,3123,1,79,0
"3124",3123,4,8,54.3130037189978,0,0,4,3124,1,79,0
"3125",3124,3,9,75.1362203938708,0,0,5,3125,1,79,0
"3126",3125,2,9,106.884257494203,0,0,6,3126,1,79,0
"3127",3126,1,9,123.318322117674,0,0,7,3127,1,79,0
"3128",3127,1,9,123.318322117674,0,0,8,3128,1,79,0
"3129",3128,1,9,123.318322117674,0,0,9,3129,1,79,0
"3130",3129,1,9,123.318322117674,0,0,10,3130,1,79,0
"3131",3130,1,9,123.318322117674,0,0,11,3131,1,79,0
"3132",3131,1,9,123.318322117674,0,0,12,3132,1,79,0
"3133",3132,1,9,123.318322117674,0,0,13,3133,1,79,0
"3134",3133,1,9,123.318322117674,0,0,14,3134,1,79,0
"3135",3134,1,9,123.318322117674,0,0,15,3135,1,79,0
"3136",3135,1,9,123.318322117674,0,0,16,3136,1,79,0
"3137",3136,1,9,123.318322117674,0,0,17,3137,1,79,0
"3138",3137,1,9,123.318322117674,0,0,18,3138,1,79,0
"3139",3138,1,9,123.318322117674,0,0,19,3139,1,79,0
"3140",3139,1,9,123.318322117674,0,0,20,3140,1,79,0
"3141",3140,1,9,123.318322117674,0,0,21,3141,1,79,0
"3142",3141,1,9,123.318322117674,0,0,22,3142,1,79,0
"3143",3142,1,9,123.318322117674,0,0,23,3143,1,79,0
"3144",3143,1,9,123.318322117674,0,0,24,3144,1,79,0
"3145",3144,1,9,123.318322117674,0,0,25,3145,1,79,0
"3146",3145,1,9,123.318322117674,0,0,26,3146,1,79,0
"3147",3146,6,3,56,0,0,1,3147,2,79,0
"3148",3147,6,3,56.1132329472686,0,0,2,3148,2,79,0
"3149",3148,6,2,48.2710987132357,0,0,3,3149,2,79,0
"3150",3149,7,3,52.9002644603766,0,0,4,3150,2,79,0
"3151",3150,6,4,60.1613961109419,0,0,5,3151,2,79,0
"3152",3151,7,4,56.1185865603916,0,0,6,3152,2,79,0
"3153",3152,6,4,60.1613961109419,0,0,7,3153,2,79,0
"3154",3153,5,4,56.2403332645488,0,0,8,3154,2,79,0
"3155",3154,6,4,60.1613961109419,0,0,9,3155,2,79,0
"3156",3155,6,4,60.1613961109419,0,0,10,3156,2,79,0
"3157",3156,6,5,56.4277486073921,0,0,11,3157,2,79,0
"3158",3157,5,4,56.2403332645488,0,0,12,3158,2,79,0
"3159",3158,6,4,60.1613961109419,0,0,13,3159,2,79,0
"3160",3159,5,3,52.9108289489955,0,0,14,3160,2,79,0
"3161",3160,6,4,60.1613961109419,0,0,15,3161,2,79,0
"3162",3161,6,4,60.1613961109419,0,0,16,3162,2,79,0
"3163",3162,6,4,60.1613961109419,0,0,17,3163,2,79,0
"3164",3163,7,4,56.1185865603916,0,0,18,3164,2,79,0
"3165",3164,6,4,60.1613961109419,0,0,19,3165,2,79,0
"3166",3165,6,4,60.1613961109419,0,0,20,3166,2,79,0
"3167",3166,6,4,60.1613961109419,0,0,21,3167,2,79,0
"3168",3167,6,4,60.1613961109419,0,0,22,3168,2,79,0
"3169",3168,5,5,53.8662431642796,0,0,23,3169,2,79,0
"3170",3169,6,4,60.1613961109419,0,0,24,3170,2,79,0
"3171",3170,6,4,60.1613961109419,0,0,25,3171,2,79,0
"3172",3171,6,4,60.1613961109419,0,0,26,3172,2,79,0
"3173",3172,3,10,51,0,0,1,3173,3,79,0
"3174",3173,3,10,51.1419331714814,0,0,2,3174,3,79,0
"3175",3174,3,9,53.9224695038014,0,0,3,3175,3,79,0
"3176",3175,3,9,53.9224695038014,0,0,4,3176,3,79,0
"3177",3176,4,9,57.6126824817105,0,0,5,3177,3,79,0
"3178",3177,4,10,54.0304289335409,0,0,6,3178,3,79,0
"3179",3178,4,9,57.6126824817105,0,0,7,3179,3,79,0
"3180",3179,4,9,57.6126824817105,0,0,8,3180,3,79,0
"3181",3180,5,9,55.7702686344113,0,0,9,3181,3,79,0
"3182",3181,4,9,57.6126824817105,0,0,10,3182,3,79,0
"3183",3182,5,8,53.4657034375928,0,0,11,3183,3,79,0
"3184",3183,4,8,54.2165255799206,0,0,12,3184,3,79,0
"3185",3184,3,8,51.1580815831884,0,0,13,3185,3,79,0
"3186",3185,5,10,52.0906248776701,0,0,14,3186,3,79,0
"3187",3186,4,9,57.6126824817105,0,0,15,3187,3,79,0
"3188",3187,4,9,57.6126824817105,0,0,16,3188,3,79,0
"3189",3188,4,9,57.6126824817105,0,0,17,3189,3,79,0
"3190",3189,4,9,57.6126824817105,0,0,18,3190,3,79,0
"3191",3190,3,10,51.1419331714814,0,0,19,3191,3,79,0
"3192",3191,5,9,55.7702686344113,0,0,20,3192,3,79,0
"3193",3192,6,9,55.9951411791553,0,0,21,3193,3,79,0
"3194",3193,3,9,53.9224695038014,0,0,22,3194,3,79,0
"3195",3194,5,9,55.7702686344113,0,0,23,3195,3,79,0
"3196",3195,7,8,75.4869832901858,0,0,24,3196,3,79,0
"3197",3196,8,8,105.852145326666,0,0,25,3197,3,79,0
"3198",3197,9,8,121.797228716411,0,0,26,3198,3,79,0
"3199",3198,5,6,52,0,0,1,3199,4,79,0
"3200",3199,6,6,54.7312377591548,0,0,2,3200,4,79,0
"3201",3200,5,7,54.9205158641271,0,0,3,3201,4,79,0
"3202",3201,7,7,54.6028741639911,0,0,4,3202,4,79,0
"3203",3202,6,7,58.2755679521502,0,0,5,3203,4,79,0
"3204",3203,6,7,58.2755679521502,0,0,6,3204,4,79,0
"3205",3204,6,7,58.2755679521502,0,0,7,3205,4,79,0
"3206",3205,6,7,58.2755679521502,0,0,8,3206,4,79,0
"3207",3206,6,7,58.2755679521502,0,0,9,3207,4,79,0
"3208",3207,5,6,52.6664215640624,0,0,10,3208,4,79,0
"3209",3208,6,7,58.2755679521502,0,0,11,3209,4,79,0
"3210",3209,6,8,54.6082809878472,0,0,12,3210,4,79,0
"3211",3210,7,7,54.6028741639911,0,0,13,3211,4,79,0
"3212",3211,6,7,58.2755679521502,0,0,14,3212,4,79,0
"3213",3212,6,7,58.2755679521502,0,0,15,3213,4,79,0
"3214",3213,6,7,58.2755679521502,0,0,16,3214,4,79,0
"3215",3214,7,7,54.6028741639911,0,0,17,3215,4,79,0
"3216",3215,7,7,54.6028741639911,0,0,18,3216,4,79,0
"3217",3216,7,6,51.7015112776947,0,0,19,3217,4,79,0
"3218",3217,7,7,54.6028741639911,0,0,20,3218,4,79,0
"3219",3218,5,8,51.7578870831274,0,0,21,3219,4,79,0
"3220",3219,6,7,58.2755679521502,0,0,22,3220,4,79,0
"3221",3220,5,7,54.9205158641271,0,0,23,3221,4,79,0
"3222",3221,6,7,58.2755679521502,0,0,24,3222,4,79,0
"3223",3222,6,7,58.2755679521502,0,0,25,3223,4,79,0
"3224",3223,6,7,58.2755679521502,0,0,26,3224,4,79,0
"3225",3224,3,5,53,0,0,1,3225,5,79,0
"3226",3225,3,5,53.8988576709668,0,0,2,3226,5,79,0
"3227",3226,3,4,47.2219308655302,0,0,3,3227,5,79,0
"3228",3227,3,5,53.8988576709668,0,0,4,3228,5,79,0
"3229",3228,3,6,57.2234148017901,0,0,5,3229,5,79,0
"3230",3229,3,6,57.2234148017901,0,0,6,3230,5,79,0
"3231",3230,4,7,47.8916535748256,0,0,7,3231,5,79,0
"3232",3231,2,6,61.230859336854,0,0,8,3232,5,79,0
"3233",3232,2,6,61.230859336854,0,0,9,3233,5,79,0
"3234",3233,2,7,56.9943662421435,0,0,10,3234,5,79,0
"3235",3234,3,7,53.7225534849795,0,0,11,3235,5,79,0
"3236",3235,2,6,61.230859336854,0,0,12,3236,5,79,0
"3237",3236,1,6,56.9848433800353,0,0,13,3237,5,79,0
"3238",3237,2,6,61.230859336854,0,0,14,3238,5,79,0
"3239",3238,2,5,57.009664919666,0,0,15,3239,5,79,0
"3240",3239,2,6,61.230859336854,0,0,16,3240,5,79,0
"3241",3240,3,6,57.2234148017901,0,0,17,3241,5,79,0
"3242",3241,2,6,61.230859336854,0,0,18,3242,5,79,0
"3243",3242,2,6,61.230859336854,0,0,19,3243,5,79,0
"3244",3243,2,6,61.230859336854,0,0,20,3244,5,79,0
"3245",3244,2,6,61.230859336854,0,0,21,3245,5,79,0
"3246",3245,2,6,61.230859336854,0,0,22,3246,5,79,0
"3247",3246,2,6,61.230859336854,0,0,23,3247,5,79,0
"3248",3247,2,6,61.230859336854,0,0,24,3248,5,79,0
"3249",3248,1,6,56.9848433800353,0,0,25,3249,5,79,0
"3250",3249,2,6,61.230859336854,0,0,26,3250,5,79,0
"3251",3250,2,2,55,0,0,1,3251,1,80,0
"3252",3251,2,1,47.9436713713208,0,0,2,3252,1,80,0
"3253",3252,5,6,66.4229138557838,0,0,3,3253,1,80,0
"3254",3253,6,6,72.6309568731535,0,0,4,3254,1,80,0
"3255",3254,2,2,55.4728357621481,0,0,5,3255,1,80,0
"3256",3255,5,5,49.6567898586406,0,0,6,3256,1,80,0
"3257",3256,4,9,66.0716786383024,0,0,7,3257,1,80,0
"3258",3257,0,2,46.360769887065,0,0,8,3258,1,80,0
"3259",3258,8,1,40.0032724359902,0,0,9,3259,1,80,1
"3260",3259,NA,NA,NA,0,0,10,3260,1,80,1
"3261",3260,NA,NA,NA,0,0,11,3261,1,80,0
"3262",3261,NA,NA,NA,0,0,12,3262,1,80,0
"3263",3262,NA,NA,NA,0,0,13,3263,1,80,1
"3264",3263,NA,NA,NA,0,0,14,3264,1,80,0
"3265",3264,NA,NA,NA,0,0,15,3265,1,80,0
"3266",3265,NA,NA,NA,0,0,16,3266,1,80,0
"3267",3266,NA,NA,NA,0,0,17,3267,1,80,0
"3268",3267,NA,NA,NA,0,0,18,3268,1,80,0
"3269",3268,NA,NA,NA,0,0,19,3269,1,80,0
"3270",3269,NA,NA,NA,0,0,20,3270,1,80,0
"3271",3270,NA,NA,NA,0,0,21,3271,1,80,0
"3272",3271,NA,NA,NA,0,0,22,3272,1,80,0
"3273",3272,NA,NA,NA,0,0,23,3273,1,80,0
"3274",3273,NA,NA,NA,0,0,24,3274,1,80,0
"3275",3274,NA,NA,NA,0,0,25,3275,1,80,0
"3276",3275,NA,NA,NA,0,0,26,3276,1,80,0
"3277",3276,6,0,49,0,0,1,3277,2,80,0
"3278",3277,7,8,53.6939637961727,0,0,2,3278,2,80,0
"3279",3278,8,3,46.1434972497078,0,0,3,3279,2,80,0
"3280",3279,3,3,44.6740942200943,0,0,4,3280,2,80,1
"3281",3280,NA,NA,NA,0,0,5,3281,2,80,0
"3282",3281,NA,NA,NA,0,0,6,3282,2,80,0
"3283",3282,NA,NA,NA,0,0,7,3283,2,80,0
"3284",3283,NA,NA,NA,0,0,8,3284,2,80,0
"3285",3284,NA,NA,NA,0,0,9,3285,2,80,0
"3286",3285,NA,NA,NA,0,0,10,3286,2,80,0
"3287",3286,NA,NA,NA,0,0,11,3287,2,80,0
"3288",3287,NA,NA,NA,0,0,12,3288,2,80,0
"3289",3288,NA,NA,NA,0,0,13,3289,2,80,0
"3290",3289,NA,NA,NA,0,0,14,3290,2,80,0
"3291",3290,NA,NA,NA,0,0,15,3291,2,80,0
"3292",3291,NA,NA,NA,0,0,16,3292,2,80,0
"3293",3292,NA,NA,NA,0,0,17,3293,2,80,0
"3294",3293,NA,NA,NA,0,0,18,3294,2,80,0
"3295",3294,NA,NA,NA,0,0,19,3295,2,80,0
"3296",3295,NA,NA,NA,0,0,20,3296,2,80,0
"3297",3296,NA,NA,NA,0,0,21,3297,2,80,1
"3298",3297,NA,NA,NA,0,0,22,3298,2,80,0
"3299",3298,NA,NA,NA,0,0,23,3299,2,80,0
"3300",3299,NA,NA,NA,0,0,24,3300,2,80,0
"3301",3300,NA,NA,NA,0,0,25,3301,2,80,1
"3302",3301,NA,NA,NA,0,0,26,3302,2,80,0
"3303",3302,2,9,53,0,0,1,3303,3,80,0
"3304",3303,2,3,91.8963812612005,0,0,2,3304,3,80,0
"3305",3304,2,2,104.736388363424,0,0,3,3305,3,80,0
"3306",3305,3,2,120.841882451672,0,0,4,3306,3,80,0
"3307",3306,3,3,104.76368465735,0,0,5,3307,3,80,0
"3308",3307,3,1,104.730995193983,0,0,6,3308,3,80,0
"3309",3308,2,1,91.8327108806171,0,0,7,3309,3,80,0
"3310",3309,3,0,73.2339252999209,0,0,8,3310,3,80,0
"3311",3310,1,3,66.6915429413228,0,0,9,3311,3,80,0
"3312",3311,4,1,91.8324541982098,0,0,10,3312,3,80,0
"3313",3312,4,2,104.731774926289,0,0,11,3313,3,80,0
"3314",3313,1,2,73.2408529493676,0,0,12,3314,3,80,0
"3315",3314,4,3,91.8432153403253,0,0,13,3315,3,80,0
"3316",3315,3,4,73.476635742281,0,0,14,3316,3,80,0
"3317",3316,1,1,66.6120282585423,0,0,15,3317,3,80,0
"3318",3317,4,4,66.6915429413228,0,0,16,3318,3,80,0
"3319",3318,6,2,50.9404001072692,0,0,17,3319,3,80,0
"3320",3319,5,2,73.2341176958116,0,0,18,3320,3,80,0
"3321",3320,7,8,40.0077079597351,0,0,19,3321,3,80,1
"3322",3321,NA,NA,NA,0,0,20,3322,3,80,0
"3323",3322,NA,NA,NA,0,0,21,3323,3,80,1
"3324",3323,NA,NA,NA,0,0,22,3324,3,80,0
"3325",3324,NA,NA,NA,0,0,23,3325,3,80,0
"3326",3325,NA,NA,NA,0,0,24,3326,3,80,0
"3327",3326,NA,NA,NA,0,0,25,3327,3,80,1
"3328",3327,NA,NA,NA,0,0,26,3328,3,80,1
"3329",3328,3,3,57,0,0,1,3329,4,80,0
"3330",3329,8,7,90.9395653779926,0,0,2,3330,4,80,0
"3331",3330,8,8,66.1531114302631,0,0,3,3331,4,80,0
"3332",3331,8,6,103.617739511424,0,0,4,3332,4,80,0
"3333",3332,7,6,119.463135687562,0,0,5,3333,4,80,0
"3334",3333,7,7,103.617739511424,0,0,6,3334,4,80,0
"3335",3334,7,8,72.6614503155144,0,0,7,3335,4,80,0
"3336",3335,6,7,90.9502042060134,0,0,8,3336,4,80,0
"3337",3336,6,6,103.696350408496,0,0,9,3337,4,80,0
"3338",3337,9,6,72.6614503155144,0,0,10,3338,4,80,0
"3339",3338,8,5,90.9502042060134,0,0,11,3339,4,80,0
"3340",3339,7,5,103.696350408496,0,0,12,3340,4,80,0
"3341",3340,6,5,91.3226404570337,0,0,13,3341,4,80,0
"3342",3341,6,8,66.154034607431,0,0,14,3342,4,80,0
"3343",3342,9,5,66.154034607431,0,0,15,3343,4,80,0
"3344",3343,9,8,53.4274435424181,0,0,16,3344,4,80,0
"3345",3344,8,4,66.1863525133851,0,0,17,3345,4,80,0
"3346",3345,9,7,66.1531114302631,0,0,18,3346,4,80,0
"3347",3346,5,6,72.9070705434918,0,0,19,3347,4,80,0
"3348",3347,3,3,57.0683845170413,0,0,20,3348,4,80,0
"3349",3348,7,4,72.9070705434918,0,0,21,3349,4,80,0
"3350",3349,5,5,67.3177139482092,0,0,22,3350,4,80,0
"3351",3350,4,9,41.4554180982199,0,0,23,3351,4,80,1
"3352",3351,NA,NA,NA,0,0,24,3352,4,80,0
"3353",3352,NA,NA,NA,0,0,25,3353,4,80,0
"3354",3353,NA,NA,NA,0,0,26,3354,4,80,0
"3355",3354,3,7,56,0,0,1,3355,5,80,0
"3356",3355,8,5,40.0208299334579,0,0,2,3356,5,80,1
"3357",3356,NA,NA,NA,0,0,3,3357,5,80,0
"3358",3357,NA,NA,NA,0,0,4,3358,5,80,0
"3359",3358,NA,NA,NA,0,0,5,3359,5,80,1
"3360",3359,NA,NA,NA,0,0,6,3360,5,80,0
"3361",3360,NA,NA,NA,0,0,7,3361,5,80,0
"3362",3361,NA,NA,NA,0,0,8,3362,5,80,0
"3363",3362,NA,NA,NA,0,0,9,3363,5,80,0
"3364",3363,NA,NA,NA,0,0,10,3364,5,80,1
"3365",3364,NA,NA,NA,0,0,11,3365,5,80,1
"3366",3365,NA,NA,NA,0,0,12,3366,5,80,1
"3367",3366,NA,NA,NA,0,0,13,3367,5,80,0
"3368",3367,NA,NA,NA,0,0,14,3368,5,80,1
"3369",3368,NA,NA,NA,0,0,15,3369,5,80,0
"3370",3369,NA,NA,NA,0,0,16,3370,5,80,1
"3371",3370,NA,NA,NA,0,0,17,3371,5,80,1
"3372",3371,NA,NA,NA,0,0,18,3372,5,80,0
"3373",3372,NA,NA,NA,0,0,19,3373,5,80,0
"3374",3373,NA,NA,NA,0,0,20,3374,5,80,1
"3375",3374,NA,NA,NA,0,0,21,3375,5,80,0
"3376",3375,NA,NA,NA,0,0,22,3376,5,80,0
"3377",3376,NA,NA,NA,0,0,23,3377,5,80,0
"3378",3377,NA,NA,NA,0,0,24,3378,5,80,0
"3379",3378,NA,NA,NA,0,0,25,3379,5,80,0
"3380",3379,NA,NA,NA,0,0,26,3380,5,80,0
"3381",3380,7,6,51,0,0,1,3381,1,82,0
"3382",3381,7,6,51.7015112776947,0,0,2,3382,1,82,0
"3383",3382,1,0,42.3749643405709,0,0,3,3383,1,82,1
"3384",3383,NA,NA,NA,0,0,4,3384,1,82,1
"3385",3384,NA,NA,NA,0,0,5,3385,1,82,0
"3386",3385,NA,NA,NA,0,0,6,3386,1,82,0
"3387",3386,NA,NA,NA,0,0,7,3387,1,82,0
"3388",3387,NA,NA,NA,0,0,8,3388,1,82,0
"3389",3388,NA,NA,NA,0,0,9,3389,1,82,1
"3390",3389,NA,NA,NA,0,0,10,3390,1,82,0
"3391",3390,NA,NA,NA,0,0,11,3391,1,82,0
"3392",3391,NA,NA,NA,0,0,12,3392,1,82,0
"3393",3392,NA,NA,NA,0,0,13,3393,1,82,0
"3394",3393,NA,NA,NA,0,0,14,3394,1,82,0
"3395",3394,NA,NA,NA,0,0,15,3395,1,82,0
"3396",3395,NA,NA,NA,0,0,16,3396,1,82,0
"3397",3396,NA,NA,NA,0,0,17,3397,1,82,0
"3398",3397,NA,NA,NA,0,0,18,3398,1,82,0
"3399",3398,NA,NA,NA,0,0,19,3399,1,82,0
"3400",3399,NA,NA,NA,0,0,20,3400,1,82,0
"3401",3400,NA,NA,NA,0,0,21,3401,1,82,0
"3402",3401,NA,NA,NA,0,0,22,3402,1,82,0
"3403",3402,NA,NA,NA,0,0,23,3403,1,82,0
"3404",3403,NA,NA,NA,0,0,24,3404,1,82,0
"3405",3404,NA,NA,NA,0,0,25,3405,1,82,0
"3406",3405,NA,NA,NA,0,0,26,3406,1,82,0
"3407",3406,8,3,50,0,0,1,3407,2,82,0
"3408",3407,8,3,50.7825636594672,0,0,2,3408,2,82,0
"3409",3408,3,4,50.5708364299434,0,0,3,3409,2,82,0
"3410",3409,0,1,50.5685440845897,0,0,4,3410,2,82,0
"3411",3410,9,7,40.0642726357884,0,0,5,3411,2,82,1
"3412",3411,NA,NA,NA,0,0,6,3412,2,82,1
"3413",3412,NA,NA,NA,0,0,7,3413,2,82,1
"3414",3413,NA,NA,NA,0,0,8,3414,2,82,1
"3415",3414,NA,NA,NA,0,0,9,3415,2,82,1
"3416",3415,NA,NA,NA,0,0,10,3416,2,82,0
"3417",3416,NA,NA,NA,0,0,11,3417,2,82,1
"3418",3417,NA,NA,NA,0,0,12,3418,2,82,1
"3419",3418,NA,NA,NA,0,0,13,3419,2,82,0
"3420",3419,NA,NA,NA,0,0,14,3420,2,82,1
"3421",3420,NA,NA,NA,0,0,15,3421,2,82,0
"3422",3421,NA,NA,NA,0,0,16,3422,2,82,1
"3423",3422,NA,NA,NA,0,0,17,3423,2,82,0
"3424",3423,NA,NA,NA,0,0,18,3424,2,82,0
"3425",3424,NA,NA,NA,0,0,19,3425,2,82,0
"3426",3425,NA,NA,NA,0,0,20,3426,2,82,0
"3427",3426,NA,NA,NA,0,0,21,3427,2,82,0
"3428",3427,NA,NA,NA,0,0,22,3428,2,82,0
"3429",3428,NA,NA,NA,0,0,23,3429,2,82,0
"3430",3429,NA,NA,NA,0,0,24,3430,2,82,0
"3431",3430,NA,NA,NA,0,0,25,3431,2,82,0
"3432",3431,NA,NA,NA,0,0,26,3432,2,82,0
"3433",3432,5,2,57,0,0,1,3433,3,82,0
"3434",3433,5,2,57.8582361610825,0,0,2,3434,3,82,0
"3435",3434,1,2,40.4657117927425,0,0,3,3435,3,82,1
"3436",3435,NA,NA,NA,0,0,4,3436,3,82,1
"3437",3436,NA,NA,NA,0,0,5,3437,3,82,1
"3438",3437,NA,NA,NA,0,0,6,3438,3,82,0
"3439",3438,NA,NA,NA,0,0,7,3439,3,82,1
"3440",3439,NA,NA,NA,0,0,8,3440,3,82,1
"3441",3440,NA,NA,NA,0,0,9,3441,3,82,1
"3442",3441,NA,NA,NA,0,0,10,3442,3,82,0
"3443",3442,NA,NA,NA,0,0,11,3443,3,82,0
"3444",3443,NA,NA,NA,0,0,12,3444,3,82,0
"3445",3444,NA,NA,NA,0,0,13,3445,3,82,0
"3446",3445,NA,NA,NA,0,0,14,3446,3,82,0
"3447",3446,NA,NA,NA,0,0,15,3447,3,82,1
"3448",3447,NA,NA,NA,0,0,16,3448,3,82,0
"3449",3448,NA,NA,NA,0,0,17,3449,3,82,0
"3450",3449,NA,NA,NA,0,0,18,3450,3,82,0
"3451",3450,NA,NA,NA,0,0,19,3451,3,82,0
"3452",3451,NA,NA,NA,0,0,20,3452,3,82,0
"3453",3452,NA,NA,NA,0,0,21,3453,3,82,1
"3454",3453,NA,NA,NA,0,0,22,3454,3,82,0
"3455",3454,NA,NA,NA,0,0,23,3455,3,82,0
"3456",3455,NA,NA,NA,0,0,24,3456,3,82,0
"3457",3456,NA,NA,NA,0,0,25,3457,3,82,0
"3458",3457,NA,NA,NA,0,0,26,3458,3,82,0
"3459",3458,10,4,52,0,0,1,3459,4,82,0
"3460",3459,9,0,40.0738566392417,0,0,2,3460,4,82,1
"3461",3460,NA,NA,NA,0,0,3,3461,4,82,0
"3462",3461,NA,NA,NA,0,0,4,3462,4,82,0
"3463",3462,NA,NA,NA,0,0,5,3463,4,82,0
"3464",3463,NA,NA,NA,0,0,6,3464,4,82,0
"3465",3464,NA,NA,NA,0,0,7,3465,4,82,0
"3466",3465,NA,NA,NA,0,0,8,3466,4,82,1
"3467",3466,NA,NA,NA,0,0,9,3467,4,82,0
"3468",3467,NA,NA,NA,0,0,10,3468,4,82,0
"3469",3468,NA,NA,NA,0,0,11,3469,4,82,1
"3470",3469,NA,NA,NA,0,0,12,3470,4,82,0
"3471",3470,NA,NA,NA,0,0,13,3471,4,82,0
"3472",3471,NA,NA,NA,0,0,14,3472,4,82,0
"3473",3472,NA,NA,NA,0,0,15,3473,4,82,0
"3474",3473,NA,NA,NA,0,0,16,3474,4,82,0
"3475",3474,NA,NA,NA,0,0,17,3475,4,82,1
"3476",3475,NA,NA,NA,0,0,18,3476,4,82,0
"3477",3476,NA,NA,NA,0,0,19,3477,4,82,0
"3478",3477,NA,NA,NA,0,0,20,3478,4,82,1
"3479",3478,NA,NA,NA,0,0,21,3479,4,82,0
"3480",3479,NA,NA,NA,0,0,22,3480,4,82,1
"3481",3480,NA,NA,NA,0,0,23,3481,4,82,0
"3482",3481,NA,NA,NA,0,0,24,3482,4,82,0
"3483",3482,NA,NA,NA,0,0,25,3483,4,82,0
"3484",3483,NA,NA,NA,0,0,26,3484,4,82,0
"3485",3484,2,1,53,0,0,1,3485,5,82,0
"3486",3485,2,1,53.4225490743735,0,0,2,3486,5,82,0
"3487",3486,7,3,51.2306479526684,0,0,3,3487,5,82,0
"3488",3487,8,3,48.6742096190368,0,0,4,3488,5,82,0
"3489",3488,7,8,72.6614503155144,0,0,5,3489,5,82,0
"3490",3489,8,8,66.1531114302631,0,0,6,3490,5,82,0
"3491",3490,3,6,42.867357159446,0,0,7,3491,5,82,1
"3492",3491,NA,NA,NA,0,0,8,3492,5,82,0
"3493",3492,NA,NA,NA,0,0,9,3493,5,82,1
"3494",3493,NA,NA,NA,0,0,10,3494,5,82,0
"3495",3494,NA,NA,NA,0,0,11,3495,5,82,0
"3496",3495,NA,NA,NA,0,0,12,3496,5,82,0
"3497",3496,NA,NA,NA,0,0,13,3497,5,82,0
"3498",3497,NA,NA,NA,0,0,14,3498,5,82,0
"3499",3498,NA,NA,NA,0,0,15,3499,5,82,0
"3500",3499,NA,NA,NA,0,0,16,3500,5,82,1
"3501",3500,NA,NA,NA,0,0,17,3501,5,82,0
"3502",3501,NA,NA,NA,0,0,18,3502,5,82,0
"3503",3502,NA,NA,NA,0,0,19,3503,5,82,0
"3504",3503,NA,NA,NA,0,0,20,3504,5,82,1
"3505",3504,NA,NA,NA,0,0,21,3505,5,82,0
"3506",3505,NA,NA,NA,0,0,22,3506,5,82,0
"3507",3506,NA,NA,NA,0,0,23,3507,5,82,0
"3508",3507,NA,NA,NA,0,0,24,3508,5,82,0
"3509",3508,NA,NA,NA,0,0,25,3509,5,82,0
"3510",3509,NA,NA,NA,0,0,26,3510,5,82,0
"3511",3510,4,10,50,0,0,1,3511,1,83,0
"3512",3511,5,10,45.4152772480712,0,0,2,3512,1,83,1
"3513",3512,NA,NA,NA,0,0,3,3513,1,83,0
"3514",3513,NA,NA,NA,0,0,4,3514,1,83,0
"3515",3514,NA,NA,NA,0,0,5,3515,1,83,0
"3516",3515,NA,NA,NA,0,0,6,3516,1,83,0
"3517",3516,NA,NA,NA,0,0,7,3517,1,83,0
"3518",3517,NA,NA,NA,0,0,8,3518,1,83,0
"3519",3518,NA,NA,NA,0,0,9,3519,1,83,0
"3520",3519,NA,NA,NA,0,0,10,3520,1,83,0
"3521",3520,NA,NA,NA,0,0,11,3521,1,83,0
"3522",3521,NA,NA,NA,0,0,12,3522,1,83,0
"3523",3522,NA,NA,NA,0,0,13,3523,1,83,0
"3524",3523,NA,NA,NA,0,0,14,3524,1,83,0
"3525",3524,NA,NA,NA,0,0,15,3525,1,83,0
"3526",3525,NA,NA,NA,0,0,16,3526,1,83,0
"3527",3526,NA,NA,NA,0,0,17,3527,1,83,0
"3528",3527,NA,NA,NA,0,0,18,3528,1,83,0
"3529",3528,NA,NA,NA,0,0,19,3529,1,83,0
"3530",3529,NA,NA,NA,0,0,20,3530,1,83,0
"3531",3530,NA,NA,NA,0,0,21,3531,1,83,0
"3532",3531,NA,NA,NA,0,0,22,3532,1,83,0
"3533",3532,NA,NA,NA,0,0,23,3533,1,83,0
"3534",3533,NA,NA,NA,0,0,24,3534,1,83,0
"3535",3534,NA,NA,NA,0,0,25,3535,1,83,0
"3536",3535,NA,NA,NA,0,0,26,3536,1,83,0
"3537",3536,8,7,56,0,0,1,3537,2,83,0
"3538",3537,8,7,56.3637489532147,0,0,2,3538,2,83,0
"3539",3538,6,8,43.7479197045463,0,0,3,3539,2,83,1
"3540",3539,NA,NA,NA,0,0,4,3540,2,83,0
"3541",3540,NA,NA,NA,0,0,5,3541,2,83,0
"3542",3541,NA,NA,NA,0,0,6,3542,2,83,0
"3543",3542,NA,NA,NA,0,0,7,3543,2,83,0
"3544",3543,NA,NA,NA,0,0,8,3544,2,83,0
"3545",3544,NA,NA,NA,0,0,9,3545,2,83,0
"3546",3545,NA,NA,NA,0,0,10,3546,2,83,0
"3547",3546,NA,NA,NA,0,0,11,3547,2,83,0
"3548",3547,NA,NA,NA,0,0,12,3548,2,83,1
"3549",3548,NA,NA,NA,0,0,13,3549,2,83,0
"3550",3549,NA,NA,NA,0,0,14,3550,2,83,0
"3551",3550,NA,NA,NA,0,0,15,3551,2,83,0
"3552",3551,NA,NA,NA,0,0,16,3552,2,83,0
"3553",3552,NA,NA,NA,0,0,17,3553,2,83,0
"3554",3553,NA,NA,NA,0,0,18,3554,2,83,0
"3555",3554,NA,NA,NA,0,0,19,3555,2,83,0
"3556",3555,NA,NA,NA,0,0,20,3556,2,83,0
"3557",3556,NA,NA,NA,0,0,21,3557,2,83,0
"3558",3557,NA,NA,NA,0,0,22,3558,2,83,0
"3559",3558,NA,NA,NA,0,0,23,3559,2,83,0
"3560",3559,NA,NA,NA,0,0,24,3560,2,83,0
"3561",3560,NA,NA,NA,0,0,25,3561,2,83,0
"3562",3561,NA,NA,NA,0,0,26,3562,2,83,0
"3563",3562,5,7,59,0,0,1,3563,3,83,0
"3564",3563,5,7,59.5870759596529,0,0,2,3564,3,83,0
"3565",3564,4,10,47.9996763905501,0,0,3,3565,3,83,0
"3566",3565,6,7,55.6234805154314,0,0,4,3566,3,83,0
"3567",3566,4,6,49.8499211497315,0,0,5,3567,3,83,0
"3568",3567,7,6,44.173155820492,0,0,6,3568,3,83,1
"3569",3568,NA,NA,NA,0,0,7,3569,3,83,0
"3570",3569,NA,NA,NA,0,0,8,3570,3,83,0
"3571",3570,NA,NA,NA,0,0,9,3571,3,83,0
"3572",3571,NA,NA,NA,0,0,10,3572,3,83,0
"3573",3572,NA,NA,NA,0,0,11,3573,3,83,0
"3574",3573,NA,NA,NA,0,0,12,3574,3,83,0
"3575",3574,NA,NA,NA,0,0,13,3575,3,83,0
"3576",3575,NA,NA,NA,0,0,14,3576,3,83,0
"3577",3576,NA,NA,NA,0,0,15,3577,3,83,0
"3578",3577,NA,NA,NA,0,0,16,3578,3,83,0
"3579",3578,NA,NA,NA,0,0,17,3579,3,83,0
"3580",3579,NA,NA,NA,0,0,18,3580,3,83,1
"3581",3580,NA,NA,NA,0,0,19,3581,3,83,0
"3582",3581,NA,NA,NA,0,0,20,3582,3,83,0
"3583",3582,NA,NA,NA,0,0,21,3583,3,83,0
"3584",3583,NA,NA,NA,0,0,22,3584,3,83,0
"3585",3584,NA,NA,NA,0,0,23,3585,3,83,0
"3586",3585,NA,NA,NA,0,0,24,3586,3,83,0
"3587",3586,NA,NA,NA,0,0,25,3587,3,83,0
"3588",3587,NA,NA,NA,0,0,26,3588,3,83,0
"3589",3588,5,7,54,0,0,1,3589,4,83,0
"3590",3589,7,7,54.6028741639911,0,0,2,3590,4,83,0
"3591",3590,7,6,51.7015112776947,0,0,3,3591,4,83,0
"3592",3591,6,7,58.2755679521502,0,0,4,3592,4,83,0
"3593",3592,5,7,54.9205158641271,0,0,5,3593,4,83,0
"3594",3593,6,6,54.7312377591548,0,0,6,3594,4,83,0
"3595",3594,7,8,51.6908417863102,0,0,7,3595,4,83,0
"3596",3595,5,8,51.7578870831274,0,0,8,3596,4,83,0
"3597",3596,6,5,47.7527976901822,0,0,9,3597,4,83,0
"3598",3597,5,6,52.6664215640624,0,0,10,3598,4,83,0
"3599",3598,1,8,42.4314019780772,0,0,11,3599,4,83,1
"3600",3599,NA,NA,NA,0,0,12,3600,4,83,0
"3601",3600,NA,NA,NA,0,0,13,3601,4,83,0
"3602",3601,NA,NA,NA,0,0,14,3602,4,83,1
"3603",3602,NA,NA,NA,0,0,15,3603,4,83,0
"3604",3603,NA,NA,NA,0,0,16,3604,4,83,1
"3605",3604,NA,NA,NA,0,0,17,3605,4,83,0
"3606",3605,NA,NA,NA,0,0,18,3606,4,83,1
"3607",3606,NA,NA,NA,0,0,19,3607,4,83,0
"3608",3607,NA,NA,NA,0,0,20,3608,4,83,0
"3609",3608,NA,NA,NA,0,0,21,3609,4,83,1
"3610",3609,NA,NA,NA,0,0,22,3610,4,83,1
"3611",3610,NA,NA,NA,0,0,23,3611,4,83,0
"3612",3611,NA,NA,NA,0,0,24,3612,4,83,0
"3613",3612,NA,NA,NA,0,0,25,3613,4,83,0
"3614",3613,NA,NA,NA,0,0,26,3614,4,83,0
"3615",3614,4,0,52,0,0,1,3615,5,83,0
"3616",3615,4,0,52.8127012876477,0,0,2,3616,5,83,0
"3617",3616,5,0,56.0090124503327,0,0,3,3617,5,83,0
"3618",3617,6,0,52.8288621491422,0,0,4,3618,5,83,0
"3619",3618,4,1,56.117055112528,0,0,5,3619,5,83,0
"3620",3619,5,1,60.2186332264043,0,0,6,3620,5,83,0
"3621",3620,6,1,56.3032952320711,0,0,7,3621,5,83,0
"3622",3621,1,1,40.5715441058382,0,0,8,3622,5,83,1
"3623",3622,NA,NA,NA,0,0,9,3623,5,83,0
"3624",3623,NA,NA,NA,0,0,10,3624,5,83,0
"3625",3624,NA,NA,NA,0,0,11,3625,5,83,0
"3626",3625,NA,NA,NA,0,0,12,3626,5,83,0
"3627",3626,NA,NA,NA,0,0,13,3627,5,83,0
"3628",3627,NA,NA,NA,0,0,14,3628,5,83,0
"3629",3628,NA,NA,NA,0,0,15,3629,5,83,0
"3630",3629,NA,NA,NA,0,0,16,3630,5,83,0
"3631",3630,NA,NA,NA,0,0,17,3631,5,83,0
"3632",3631,NA,NA,NA,0,0,18,3632,5,83,0
"3633",3632,NA,NA,NA,0,0,19,3633,5,83,0
"3634",3633,NA,NA,NA,0,0,20,3634,5,83,0
"3635",3634,NA,NA,NA,0,0,21,3635,5,83,0
"3636",3635,NA,NA,NA,0,0,22,3636,5,83,0
"3637",3636,NA,NA,NA,0,0,23,3637,5,83,0
"3638",3637,NA,NA,NA,0,0,24,3638,5,83,0
"3639",3638,NA,NA,NA,0,0,25,3639,5,83,0
"3640",3639,NA,NA,NA,0,0,26,3640,5,83,0
"3641",3640,4,3,55,0,0,1,3641,1,85,0
"3642",3641,7,3,68.1284770391904,0,0,2,3642,1,85,0
"3643",3642,2,3,54.1515469791542,0,0,3,3643,1,85,0
"3644",3643,5,5,41.5513933241101,0,0,4,3644,1,85,1
"3645",3644,NA,NA,NA,0,0,5,3645,1,85,0
"3646",3645,NA,NA,NA,0,0,6,3646,1,85,1
"3647",3646,NA,NA,NA,0,0,7,3647,1,85,0
"3648",3647,NA,NA,NA,0,0,8,3648,1,85,0
"3649",3648,NA,NA,NA,0,0,9,3649,1,85,0
"3650",3649,NA,NA,NA,0,0,10,3650,1,85,0
"3651",3650,NA,NA,NA,0,0,11,3651,1,85,0
"3652",3651,NA,NA,NA,0,0,12,3652,1,85,0
"3653",3652,NA,NA,NA,0,0,13,3653,1,85,0
"3654",3653,NA,NA,NA,0,0,14,3654,1,85,0
"3655",3654,NA,NA,NA,0,0,15,3655,1,85,0
"3656",3655,NA,NA,NA,0,0,16,3656,1,85,0
"3657",3656,NA,NA,NA,0,0,17,3657,1,85,0
"3658",3657,NA,NA,NA,0,0,18,3658,1,85,0
"3659",3658,NA,NA,NA,0,0,19,3659,1,85,0
"3660",3659,NA,NA,NA,0,0,20,3660,1,85,0
"3661",3660,NA,NA,NA,0,0,21,3661,1,85,0
"3662",3661,NA,NA,NA,0,0,22,3662,1,85,0
"3663",3662,NA,NA,NA,0,0,23,3663,1,85,0
"3664",3663,NA,NA,NA,0,0,24,3664,1,85,0
"3665",3664,NA,NA,NA,0,0,25,3665,1,85,0
"3666",3665,NA,NA,NA,0,0,26,3666,1,85,0
"3667",3666,10,3,50,0,0,1,3667,2,85,0
"3668",3667,9,2,56.6441467729446,0,0,2,3668,2,85,0
"3669",3668,7,3,46.3893093127524,0,0,3,3669,2,85,0
"3670",3669,1,0,65.7071997033209,0,0,4,3670,2,85,0
"3671",3670,4,10,40.0000009951326,0,0,5,3671,2,85,1
"3672",3671,NA,NA,NA,0,0,6,3672,2,85,1
"3673",3672,NA,NA,NA,0,0,7,3673,2,85,0
"3674",3673,NA,NA,NA,0,0,8,3674,2,85,0
"3675",3674,NA,NA,NA,0,0,9,3675,2,85,1
"3676",3675,NA,NA,NA,0,0,10,3676,2,85,0
"3677",3676,NA,NA,NA,0,0,11,3677,2,85,1
"3678",3677,NA,NA,NA,0,0,12,3678,2,85,0
"3679",3678,NA,NA,NA,0,0,13,3679,2,85,0
"3680",3679,NA,NA,NA,0,0,14,3680,2,85,0
"3681",3680,NA,NA,NA,0,0,15,3681,2,85,0
"3682",3681,NA,NA,NA,0,0,16,3682,2,85,1
"3683",3682,NA,NA,NA,0,0,17,3683,2,85,0
"3684",3683,NA,NA,NA,0,0,18,3684,2,85,0
"3685",3684,NA,NA,NA,0,0,19,3685,2,85,1
"3686",3685,NA,NA,NA,0,0,20,3686,2,85,0
"3687",3686,NA,NA,NA,0,0,21,3687,2,85,0
"3688",3687,NA,NA,NA,0,0,22,3688,2,85,0
"3689",3688,NA,NA,NA,0,0,23,3689,2,85,0
"3690",3689,NA,NA,NA,0,0,24,3690,2,85,1
"3691",3690,NA,NA,NA,0,0,25,3691,2,85,0
"3692",3691,NA,NA,NA,0,0,26,3692,2,85,0
"3693",3692,4,3,57,0,0,1,3693,3,85,0
"3694",3693,0,4,40.6123939219936,0,0,2,3694,3,85,1
"3695",3694,NA,NA,NA,0,0,3,3695,3,85,1
"3696",3695,NA,NA,NA,0,0,4,3696,3,85,0
"3697",3696,NA,NA,NA,0,0,5,3697,3,85,1
"3698",3697,NA,NA,NA,0,0,6,3698,3,85,0
"3699",3698,NA,NA,NA,0,0,7,3699,3,85,1
"3700",3699,NA,NA,NA,0,0,8,3700,3,85,1
"3701",3700,NA,NA,NA,0,0,9,3701,3,85,0
"3702",3701,NA,NA,NA,0,0,10,3702,3,85,0
"3703",3702,NA,NA,NA,0,0,11,3703,3,85,0
"3704",3703,NA,NA,NA,0,0,12,3704,3,85,0
"3705",3704,NA,NA,NA,0,0,13,3705,3,85,0
"3706",3705,NA,NA,NA,0,0,14,3706,3,85,0
"3707",3706,NA,NA,NA,0,0,15,3707,3,85,0
"3708",3707,NA,NA,NA,0,0,16,3708,3,85,0
"3709",3708,NA,NA,NA,0,0,17,3709,3,85,0
"3710",3709,NA,NA,NA,0,0,18,3710,3,85,0
"3711",3710,NA,NA,NA,0,0,19,3711,3,85,0
"3712",3711,NA,NA,NA,0,0,20,3712,3,85,0
"3713",3712,NA,NA,NA,0,0,21,3713,3,85,0
"3714",3713,NA,NA,NA,0,0,22,3714,3,85,0
"3715",3714,NA,NA,NA,0,0,23,3715,3,85,0
"3716",3715,NA,NA,NA,0,0,24,3716,3,85,0
"3717",3716,NA,NA,NA,0,0,25,3717,3,85,0
"3718",3717,NA,NA,NA,0,0,26,3718,3,85,0
"3719",3718,4,8,52,0,0,1,3719,4,85,0
"3720",3719,0,7,42.344607920582,0,0,2,3720,4,85,1
"3721",3720,NA,NA,NA,0,0,3,3721,4,85,0
"3722",3721,NA,NA,NA,0,0,4,3722,4,85,0
"3723",3722,NA,NA,NA,0,0,5,3723,4,85,0
"3724",3723,NA,NA,NA,0,0,6,3724,4,85,0
"3725",3724,NA,NA,NA,0,0,7,3725,4,85,0
"3726",3725,NA,NA,NA,0,0,8,3726,4,85,0
"3727",3726,NA,NA,NA,0,0,9,3727,4,85,0
"3728",3727,NA,NA,NA,0,0,10,3728,4,85,0
"3729",3728,NA,NA,NA,0,0,11,3729,4,85,0
"3730",3729,NA,NA,NA,0,0,12,3730,4,85,0
"3731",3730,NA,NA,NA,0,0,13,3731,4,85,0
"3732",3731,NA,NA,NA,0,0,14,3732,4,85,0
"3733",3732,NA,NA,NA,0,0,15,3733,4,85,0
"3734",3733,NA,NA,NA,0,0,16,3734,4,85,0
"3735",3734,NA,NA,NA,0,0,17,3735,4,85,0
"3736",3735,NA,NA,NA,0,0,18,3736,4,85,0
"3737",3736,NA,NA,NA,0,0,19,3737,4,85,0
"3738",3737,NA,NA,NA,0,0,20,3738,4,85,0
"3739",3738,NA,NA,NA,0,0,21,3739,4,85,0
"3740",3739,NA,NA,NA,0,0,22,3740,4,85,0
"3741",3740,NA,NA,NA,0,0,23,3741,4,85,0
"3742",3741,NA,NA,NA,0,0,24,3742,4,85,0
"3743",3742,NA,NA,NA,0,0,25,3743,4,85,0
"3744",3743,NA,NA,NA,0,0,26,3744,4,85,0
"3745",3744,5,4,56,0,0,1,3745,5,85,0
"3746",3745,8,5,46.631902653704,0,0,2,3746,5,85,0
"3747",3746,0,4,40.049819820543,0,0,3,3747,5,85,1
"3748",3747,NA,NA,NA,0,0,4,3748,5,85,1
"3749",3748,NA,NA,NA,0,0,5,3749,5,85,1
"3750",3749,NA,NA,NA,0,0,6,3750,5,85,1
"3751",3750,NA,NA,NA,0,0,7,3751,5,85,1
"3752",3751,NA,NA,NA,0,0,8,3752,5,85,1
"3753",3752,NA,NA,NA,0,0,9,3753,5,85,1
"3754",3753,NA,NA,NA,0,0,10,3754,5,85,1
"3755",3754,NA,NA,NA,0,0,11,3755,5,85,1
"3756",3755,NA,NA,NA,0,0,12,3756,5,85,0
"3757",3756,NA,NA,NA,0,0,13,3757,5,85,0
"3758",3757,NA,NA,NA,0,0,14,3758,5,85,0
"3759",3758,NA,NA,NA,0,0,15,3759,5,85,1
"3760",3759,NA,NA,NA,0,0,16,3760,5,85,0
"3761",3760,NA,NA,NA,0,0,17,3761,5,85,0
"3762",3761,NA,NA,NA,0,0,18,3762,5,85,0
"3763",3762,NA,NA,NA,0,0,19,3763,5,85,1
"3764",3763,NA,NA,NA,0,0,20,3764,5,85,0
"3765",3764,NA,NA,NA,0,0,21,3765,5,85,0
"3766",3765,NA,NA,NA,0,0,22,3766,5,85,1
"3767",3766,NA,NA,NA,0,0,23,3767,5,85,1
"3768",3767,NA,NA,NA,0,0,24,3768,5,85,0
"3769",3768,NA,NA,NA,0,0,25,3769,5,85,1
"3770",3769,NA,NA,NA,0,0,26,3770,5,85,0
"3771",3770,5,4,56,0,0,1,3771,1,86,0
"3772",3771,5,4,56.2403332645488,0,0,2,3772,1,86,0
"3773",3772,5,4,56.2403332645488,0,0,3,3773,1,86,0
"3774",3773,5,4,56.2403332645488,0,0,4,3774,1,86,0
"3775",3774,5,4,56.2403332645488,0,0,5,3775,1,86,0
"3776",3775,5,4,56.2403332645488,0,0,6,3776,1,86,0
"3777",3776,5,4,56.2403332645488,0,0,7,3777,1,86,0
"3778",3777,5,4,56.2403332645488,0,0,8,3778,1,86,0
"3779",3778,5,4,56.2403332645488,0,0,9,3779,1,86,0
"3780",3779,5,4,56.2403332645488,0,0,10,3780,1,86,0
"3781",3780,5,4,56.2403332645488,0,0,11,3781,1,86,0
"3782",3781,5,4,56.2403332645488,0,0,12,3782,1,86,0
"3783",3782,5,4,56.2403332645488,0,0,13,3783,1,86,0
"3784",3783,5,4,56.2403332645488,0,0,14,3784,1,86,0
"3785",3784,5,4,56.2403332645488,0,0,15,3785,1,86,0
"3786",3785,5,4,56.2403332645488,0,0,16,3786,1,86,0
"3787",3786,5,4,56.2403332645488,0,0,17,3787,1,86,0
"3788",3787,5,4,56.2403332645488,0,0,18,3788,1,86,0
"3789",3788,5,4,56.2403332645488,0,0,19,3789,1,86,0
"3790",3789,5,4,56.2403332645488,0,0,20,3790,1,86,0
"3791",3790,5,4,56.2403332645488,0,0,21,3791,1,86,0
"3792",3791,5,4,56.2403332645488,0,0,22,3792,1,86,0
"3793",3792,5,4,56.2403332645488,0,0,23,3793,1,86,0
"3794",3793,5,4,56.2403332645488,0,0,24,3794,1,86,0
"3795",3794,5,4,56.2403332645488,0,0,25,3795,1,86,0
"3796",3795,5,4,56.2403332645488,0,0,26,3796,1,86,0
"3797",3796,1,10,54,0,0,1,3797,2,86,0
"3798",3797,1,10,54.4565619644111,0,0,2,3798,2,86,0
"3799",3798,1,10,54.4565619644111,0,0,3,3799,2,86,0
"3800",3799,1,10,54.4565619644111,0,0,4,3800,2,86,0
"3801",3800,1,10,54.4565619644111,0,0,5,3801,2,86,0
"3802",3801,1,10,54.4565619644111,0,0,6,3802,2,86,0
"3803",3802,1,10,54.4565619644111,0,0,7,3803,2,86,0
"3804",3803,1,10,54.4565619644111,0,0,8,3804,2,86,0
"3805",3804,1,10,54.4565619644111,0,0,9,3805,2,86,0
"3806",3805,1,10,54.4565619644111,0,0,10,3806,2,86,0
"3807",3806,1,10,54.4565619644111,0,0,11,3807,2,86,0
"3808",3807,1,10,54.4565619644111,0,0,12,3808,2,86,0
"3809",3808,1,10,54.4565619644111,0,0,13,3809,2,86,0
"3810",3809,1,10,54.4565619644111,0,0,14,3810,2,86,0
"3811",3810,1,10,54.4565619644111,0,0,15,3811,2,86,0
"3812",3811,1,10,54.4565619644111,0,0,16,3812,2,86,0
"3813",3812,1,10,54.4565619644111,0,0,17,3813,2,86,0
"3814",3813,1,10,54.4565619644111,0,0,18,3814,2,86,0
"3815",3814,1,10,54.4565619644111,0,0,19,3815,2,86,0
"3816",3815,1,10,54.4565619644111,0,0,20,3816,2,86,0
"3817",3816,1,10,54.4565619644111,0,0,21,3817,2,86,0
"3818",3817,1,10,54.4565619644111,0,0,22,3818,2,86,0
"3819",3818,1,10,54.4565619644111,0,0,23,3819,2,86,0
"3820",3819,1,10,54.4565619644111,0,0,24,3820,2,86,0
"3821",3820,1,10,54.4565619644111,0,0,25,3821,2,86,0
"3822",3821,1,10,54.4565619644111,0,0,26,3822,2,86,0
"3823",3822,8,1,50,0,0,1,3823,3,86,0
"3824",3823,4,5,41.7949218065246,0,0,2,3824,3,86,1
"3825",3824,NA,NA,NA,0,0,3,3825,3,86,1
"3826",3825,NA,NA,NA,0,0,4,3826,3,86,1
"3827",3826,NA,NA,NA,0,0,5,3827,3,86,1
"3828",3827,NA,NA,NA,0,0,6,3828,3,86,1
"3829",3828,NA,NA,NA,0,0,7,3829,3,86,1
"3830",3829,NA,NA,NA,0,0,8,3830,3,86,1
"3831",3830,NA,NA,NA,0,0,9,3831,3,86,1
"3832",3831,NA,NA,NA,0,0,10,3832,3,86,1
"3833",3832,NA,NA,NA,0,0,11,3833,3,86,1
"3834",3833,NA,NA,NA,0,0,12,3834,3,86,1
"3835",3834,NA,NA,NA,0,0,13,3835,3,86,1
"3836",3835,NA,NA,NA,0,0,14,3836,3,86,1
"3837",3836,NA,NA,NA,0,0,15,3837,3,86,1
"3838",3837,NA,NA,NA,0,0,16,3838,3,86,1
"3839",3838,NA,NA,NA,0,0,17,3839,3,86,1
"3840",3839,NA,NA,NA,0,0,18,3840,3,86,1
"3841",3840,NA,NA,NA,0,0,19,3841,3,86,1
"3842",3841,NA,NA,NA,0,0,20,3842,3,86,1
"3843",3842,NA,NA,NA,0,0,21,3843,3,86,1
"3844",3843,NA,NA,NA,0,0,22,3844,3,86,1
"3845",3844,NA,NA,NA,0,0,23,3845,3,86,1
"3846",3845,NA,NA,NA,0,0,24,3846,3,86,1
"3847",3846,NA,NA,NA,0,0,25,3847,3,86,1
"3848",3847,NA,NA,NA,0,0,26,3848,3,86,1
"3849",3848,9,5,58,0,0,1,3849,4,86,0
"3850",3849,9,5,58.6266215525236,0,0,2,3850,4,86,0
"3851",3850,9,5,58.6266215525236,0,0,3,3851,4,86,0
"3852",3851,9,5,58.6266215525236,0,0,4,3852,4,86,0
"3853",3852,9,5,58.6266215525236,0,0,5,3853,4,86,0
"3854",3853,9,5,58.6266215525236,0,0,6,3854,4,86,0
"3855",3854,9,5,58.6266215525236,0,0,7,3855,4,86,0
"3856",3855,9,5,58.6266215525236,0,0,8,3856,4,86,0
"3857",3856,9,5,58.6266215525236,0,0,9,3857,4,86,0
"3858",3857,9,5,58.6266215525236,0,0,10,3858,4,86,0
"3859",3858,9,5,58.6266215525236,0,0,11,3859,4,86,0
"3860",3859,9,5,58.6266215525236,0,0,12,3860,4,86,0
"3861",3860,9,5,58.6266215525236,0,0,13,3861,4,86,0
"3862",3861,9,5,58.6266215525236,0,0,14,3862,4,86,0
"3863",3862,9,5,58.6266215525236,0,0,15,3863,4,86,0
"3864",3863,2,5,40.0010819406781,0,0,16,3864,4,86,1
"3865",3864,NA,NA,NA,0,0,17,3865,4,86,0
"3866",3865,NA,NA,NA,0,0,18,3866,4,86,0
"3867",3866,NA,NA,NA,0,0,19,3867,4,86,0
"3868",3867,NA,NA,NA,0,0,20,3868,4,86,0
"3869",3868,NA,NA,NA,0,0,21,3869,4,86,0
"3870",3869,NA,NA,NA,0,0,22,3870,4,86,0
"3871",3870,NA,NA,NA,0,0,23,3871,4,86,0
"3872",3871,NA,NA,NA,0,0,24,3872,4,86,0
"3873",3872,NA,NA,NA,0,0,25,3873,4,86,0
"3874",3873,NA,NA,NA,0,0,26,3874,4,86,0
"3875",3874,9,9,54,0,0,1,3875,5,86,0
"3876",3875,9,10,47.5725242081395,0,0,2,3876,5,86,0
"3877",3876,9,10,47.5725242081395,0,0,3,3877,5,86,0
"3878",3877,9,10,47.5725242081395,0,0,4,3878,5,86,0
"3879",3878,9,10,47.5725242081395,0,0,5,3879,5,86,0
"3880",3879,9,10,47.5725242081395,0,0,6,3880,5,86,0
"3881",3880,9,10,47.5725242081395,0,0,7,3881,5,86,0
"3882",3881,9,10,47.5725242081395,0,0,8,3882,5,86,0
"3883",3882,9,10,47.5725242081395,0,0,9,3883,5,86,0
"3884",3883,9,10,47.5725242081395,0,0,10,3884,5,86,0
"3885",3884,9,10,47.5725242081395,0,0,11,3885,5,86,0
"3886",3885,9,10,47.5725242081395,0,0,12,3886,5,86,0
"3887",3886,9,10,47.5725242081395,0,0,13,3887,5,86,0
"3888",3887,9,10,47.5725242081395,0,0,14,3888,5,86,0
"3889",3888,9,10,47.5725242081395,0,0,15,3889,5,86,0
"3890",3889,9,10,47.5725242081395,0,0,16,3890,5,86,0
"3891",3890,9,10,47.5725242081395,0,0,17,3891,5,86,0
"3892",3891,9,10,47.5725242081395,0,0,18,3892,5,86,0
"3893",3892,9,10,47.5725242081395,0,0,19,3893,5,86,0
"3894",3893,9,10,47.5725242081395,0,0,20,3894,5,86,0
"3895",3894,9,10,47.5725242081395,0,0,21,3895,5,86,0
"3896",3895,9,10,47.5725242081395,0,0,22,3896,5,86,0
"3897",3896,9,10,47.5725242081395,0,0,23,3897,5,86,0
"3898",3897,9,10,47.5725242081395,0,0,24,3898,5,86,0
"3899",3898,9,10,47.5725242081395,0,0,25,3899,5,86,0
"3900",3899,9,10,47.5725242081395,0,0,26,3900,5,86,0
"3901",3900,2,8,55,0,0,1,3901,1,91,0
"3902",3901,2,9,51.9210636079902,0,0,2,3902,1,91,0
"3903",3902,2,8,55.1656531414362,0,0,3,3903,1,91,0
"3904",3903,2,0,50.9166677965042,0,0,4,3904,1,91,0
"3905",3904,2,10,46.1080907725298,0,0,5,3905,1,91,0
"3906",3905,4,6,50.5945574621111,0,0,6,3906,1,91,0
"3907",3906,1,8,47.8759038439824,0,0,7,3907,1,91,0
"3908",3907,2,7,54.1982056944266,0,0,8,3908,1,91,0
"3909",3908,1,7,47.9516457714667,0,0,9,3909,1,91,0
"3910",3909,4,7,52.8412895883584,0,0,10,3910,1,91,0
"3911",3910,3,8,58.7998697833986,0,0,11,3911,1,91,0
"3912",3911,4,8,54.9820145158932,0,0,12,3912,1,91,0
"3913",3912,4,4,66.9782631836845,0,0,13,3913,1,91,0
"3914",3913,3,5,69.064448806287,0,0,14,3914,1,91,0
"3915",3914,5,4,48.959222581132,0,0,15,3915,1,91,0
"3916",3915,3,4,92.2499399686077,0,0,16,3916,1,91,0
"3917",3916,3,4,92.2499399686077,0,0,17,3917,1,91,0
"3918",3917,3,3,104.662233333701,0,0,18,3918,1,91,0
"3919",3918,3,3,104.662233333701,0,0,19,3919,1,91,0
"3920",3919,3,3,104.662233333701,0,0,20,3920,1,91,0
"3921",3920,3,3,104.662233333701,0,0,21,3921,1,91,0
"3922",3921,3,3,104.662233333701,0,0,22,3922,1,91,0
"3923",3922,3,3,104.662233333701,0,0,23,3923,1,91,0
"3924",3923,3,3,104.662233333701,0,0,24,3924,1,91,0
"3925",3924,4,3,73.2193022823947,0,0,25,3925,1,91,0
"3926",3925,3,3,104.662233333701,0,0,26,3926,1,91,0
"3927",3926,1,4,52,0,0,1,3927,2,91,0
"3928",3927,4,4,47.2907468018974,0,0,2,3928,2,91,0
"3929",3928,2,4,55.5366955298451,0,0,3,3929,2,91,0
"3930",3929,5,6,66.4229138557838,0,0,4,3930,2,91,0
"3931",3930,5,7,90.8502041012801,0,0,5,3931,2,91,0
"3932",3931,5,8,103.421042182012,0,0,6,3932,2,91,0
"3933",3932,5,8,103.421042182012,0,0,7,3933,2,91,0
"3934",3933,5,8,103.421042182012,0,0,8,3934,2,91,0
"3935",3934,5,7,90.8502041012801,0,0,9,3935,2,91,0
"3936",3935,5,8,103.421042182012,0,0,10,3936,2,91,0
"3937",3936,5,8,103.421042182012,0,0,11,3937,2,91,0
"3938",3937,5,8,103.421042182012,0,0,12,3938,2,91,0
"3939",3938,5,8,103.421042182012,0,0,13,3939,2,91,0
"3940",3939,5,8,103.421042182012,0,0,14,3940,2,91,0
"3941",3940,5,8,103.421042182012,0,0,15,3941,2,91,0
"3942",3941,4,8,72.5869678954669,0,0,16,3942,2,91,0
"3943",3942,6,8,119.192805570968,0,0,17,3943,2,91,0
"3944",3943,6,7,103.426699601163,0,0,18,3944,2,91,0
"3945",3944,6,8,119.192805570968,0,0,19,3945,2,91,0
"3946",3945,6,8,119.192805570968,0,0,20,3946,2,91,0
"3947",3946,6,8,119.192805570968,0,0,21,3947,2,91,0
"3948",3947,6,8,119.192805570968,0,0,22,3948,2,91,0
"3949",3948,6,8,119.192805570968,0,0,23,3949,2,91,0
"3950",3949,6,8,119.192805570968,0,0,24,3950,2,91,0
"3951",3950,6,8,119.192805570968,0,0,25,3951,2,91,0
"3952",3951,6,8,119.192805570968,0,0,26,3952,2,91,0
"3953",3952,10,9,51,0,0,1,3953,3,91,0
"3954",3953,10,9,51.6353763505366,0,0,2,3954,3,91,0
"3955",3954,7,10,47.4646464869886,0,0,3,3955,3,91,0
"3956",3955,7,2,40.0060910607265,0,0,4,3956,3,91,1
"3957",3956,NA,NA,NA,0,0,5,3957,3,91,1
"3958",3957,NA,NA,NA,0,0,6,3958,3,91,1
"3959",3958,NA,NA,NA,0,0,7,3959,3,91,1
"3960",3959,NA,NA,NA,0,0,8,3960,3,91,1
"3961",3960,NA,NA,NA,0,0,9,3961,3,91,0
"3962",3961,NA,NA,NA,0,0,10,3962,3,91,0
"3963",3962,NA,NA,NA,0,0,11,3963,3,91,0
"3964",3963,NA,NA,NA,0,0,12,3964,3,91,0
"3965",3964,NA,NA,NA,0,0,13,3965,3,91,1
"3966",3965,NA,NA,NA,0,0,14,3966,3,91,0
"3967",3966,NA,NA,NA,0,0,15,3967,3,91,0
"3968",3967,NA,NA,NA,0,0,16,3968,3,91,0
"3969",3968,NA,NA,NA,0,0,17,3969,3,91,0
"3970",3969,NA,NA,NA,0,0,18,3970,3,91,0
"3971",3970,NA,NA,NA,0,0,19,3971,3,91,0
"3972",3971,NA,NA,NA,0,0,20,3972,3,91,0
"3973",3972,NA,NA,NA,0,0,21,3973,3,91,0
"3974",3973,NA,NA,NA,0,0,22,3974,3,91,0
"3975",3974,NA,NA,NA,0,0,23,3975,3,91,0
"3976",3975,NA,NA,NA,0,0,24,3976,3,91,0
"3977",3976,NA,NA,NA,0,0,25,3977,3,91,0
"3978",3977,NA,NA,NA,0,0,26,3978,3,91,0
"3979",3978,4,9,55,0,0,1,3979,4,91,0
"3980",3979,9,5,40.0976172269532,0,0,2,3980,4,91,1
"3981",3980,NA,NA,NA,0,0,3,3981,4,91,1
"3982",3981,NA,NA,NA,0,0,4,3982,4,91,0
"3983",3982,NA,NA,NA,0,0,5,3983,4,91,0
"3984",3983,NA,NA,NA,0,0,6,3984,4,91,0
"3985",3984,NA,NA,NA,0,0,7,3985,4,91,0
"3986",3985,NA,NA,NA,0,0,8,3986,4,91,1
"3987",3986,NA,NA,NA,0,0,9,3987,4,91,0
"3988",3987,NA,NA,NA,0,0,10,3988,4,91,0
"3989",3988,NA,NA,NA,0,0,11,3989,4,91,0
"3990",3989,NA,NA,NA,0,0,12,3990,4,91,0
"3991",3990,NA,NA,NA,0,0,13,3991,4,91,0
"3992",3991,NA,NA,NA,0,0,14,3992,4,91,0
"3993",3992,NA,NA,NA,0,0,15,3993,4,91,0
"3994",3993,NA,NA,NA,0,0,16,3994,4,91,0
"3995",3994,NA,NA,NA,0,0,17,3995,4,91,0
"3996",3995,NA,NA,NA,0,0,18,3996,4,91,0
"3997",3996,NA,NA,NA,0,0,19,3997,4,91,1
"3998",3997,NA,NA,NA,0,0,20,3998,4,91,0
"3999",3998,NA,NA,NA,0,0,21,3999,4,91,0
"4000",3999,NA,NA,NA,0,0,22,4000,4,91,0
"4001",4000,NA,NA,NA,0,0,23,4001,4,91,0
"4002",4001,NA,NA,NA,0,0,24,4002,4,91,0
"4003",4002,NA,NA,NA,0,0,25,4003,4,91,0
"4004",4003,NA,NA,NA,0,0,26,4004,4,91,0
"4005",4004,3,4,57,0,0,1,4005,5,91,0
"4006",4005,4,4,61.5669147519555,0,0,2,4006,5,91,0
"4007",4006,4,6,48.8224569842213,0,0,3,4007,5,91,0
"4008",4007,3,4,57.1775501260933,0,0,4,4008,5,91,0
"4009",4008,1,4,42.9013693851388,0,0,5,4009,5,91,1
"4010",4009,NA,NA,NA,0,0,6,4010,5,91,0
"4011",4010,NA,NA,NA,0,0,7,4011,5,91,1
"4012",4011,NA,NA,NA,0,0,8,4012,5,91,0
"4013",4012,NA,NA,NA,0,0,9,4013,5,91,1
"4014",4013,NA,NA,NA,0,0,10,4014,5,91,0
"4015",4014,NA,NA,NA,0,0,11,4015,5,91,1
"4016",4015,NA,NA,NA,0,0,12,4016,5,91,0
"4017",4016,NA,NA,NA,0,0,13,4017,5,91,0
"4018",4017,NA,NA,NA,0,0,14,4018,5,91,0
"4019",4018,NA,NA,NA,0,0,15,4019,5,91,0
"4020",4019,NA,NA,NA,0,0,16,4020,5,91,0
"4021",4020,NA,NA,NA,0,0,17,4021,5,91,0
"4022",4021,NA,NA,NA,0,0,18,4022,5,91,0
"4023",4022,NA,NA,NA,0,0,19,4023,5,91,0
"4024",4023,NA,NA,NA,0,0,20,4024,5,91,0
"4025",4024,NA,NA,NA,0,0,21,4025,5,91,0
"4026",4025,NA,NA,NA,0,0,22,4026,5,91,0
"4027",4026,NA,NA,NA,0,0,23,4027,5,91,0
"4028",4027,NA,NA,NA,0,0,24,4028,5,91,0
"4029",4028,NA,NA,NA,0,0,25,4029,5,91,0
"4030",4029,NA,NA,NA,0,0,26,4030,5,91,0
"4031",4030,10,5,55,0,0,1,4031,1,93,0
"4032",4031,10,5,55.3075691434935,0,0,2,4032,1,93,0
"4033",4032,9,5,59.2303145831263,0,0,3,4033,1,93,0
"4034",4033,9,6,55.5444054910443,0,0,4,4034,1,93,0
"4035",4034,9,4,55.3384207246753,0,0,5,4035,1,93,0
"4036",4035,8,5,56.2368991726728,0,0,6,4036,1,93,0
"4037",4036,3,9,66.3603781766868,0,0,7,4037,1,93,0
"4038",4037,3,8,91.3435166386193,0,0,8,4038,1,93,0
"4039",4038,3,7,104.121844141849,0,0,9,4039,1,93,0
"4040",4039,2,7,72.9200464420306,0,0,10,4040,1,93,0
"4041",4040,4,7,120.105563370428,0,0,11,4041,1,93,0
"4042",4041,4,8,104.129204213955,0,0,12,4042,1,93,0
"4043",4042,5,7,104.343548695146,0,0,13,4043,1,93,0
"4044",4043,2,6,66.3604806202357,0,0,14,4044,1,93,0
"4045",4044,4,7,120.105563370428,0,0,15,4045,1,93,0
"4046",4045,4,7,120.105563370428,0,0,16,4046,1,93,0
"4047",4046,4,7,120.105563370428,0,0,17,4047,1,93,0
"4048",4047,4,7,120.105563370428,0,0,18,4048,1,93,0
"4049",4048,4,7,120.105563370428,0,0,19,4049,1,93,0
"4050",4049,4,7,120.105563370428,0,0,20,4050,1,93,0
"4051",4050,4,7,120.105563370428,0,0,21,4051,1,93,0
"4052",4051,4,7,120.105563370428,0,0,22,4052,1,93,0
"4053",4052,4,7,120.105563370428,0,0,23,4053,1,93,0
"4054",4053,4,7,120.105563370428,0,0,24,4054,1,93,0
"4055",4054,4,6,104.178344733662,0,0,25,4055,1,93,0
"4056",4055,4,7,120.105563370428,0,0,26,4056,1,93,0
"4057",4056,2,2,55,0,0,1,4057,2,93,0
"4058",4057,3,3,46.5199813328165,0,0,2,4058,2,93,0
"4059",4058,1,2,52.2288481639787,0,0,3,4059,2,93,0
"4060",4059,7,4,65.7694898961541,0,0,4,4060,2,93,0
"4061",4060,6,4,53.2990982589302,0,0,5,4061,2,93,0
"4062",4061,2,2,55.2964093651036,0,0,6,4062,2,93,0
"4063",4062,8,4,72.1706038295335,0,0,7,4063,2,93,0
"4064",4063,8,3,102.66072390066,0,0,8,4064,2,93,0
"4065",4064,8,2,118.255612251936,0,0,9,4065,2,93,0
"4066",4065,8,2,118.255612251936,0,0,10,4066,2,93,0
"4067",4066,8,1,102.664491199625,0,0,11,4067,2,93,0
"4068",4067,8,2,118.255612251936,0,0,12,4068,2,93,0
"4069",4068,7,2,102.717127102862,0,0,13,4069,2,93,0
"4070",4069,8,2,118.255612251936,0,0,14,4070,2,93,0
"4071",4070,8,2,118.255612251936,0,0,15,4071,2,93,0
"4072",4071,8,3,102.66072390066,0,0,16,4072,2,93,0
"4073",4072,8,2,118.255612251936,0,0,17,4073,2,93,0
"4074",4073,8,2,118.255612251936,0,0,18,4074,2,93,0
"4075",4074,8,2,118.255612251936,0,0,19,4075,2,93,0
"4076",4075,8,2,118.255612251936,0,0,20,4076,2,93,0
"4077",4076,9,2,102.658378896099,0,0,21,4077,2,93,0
"4078",4077,8,2,118.255612251936,0,0,22,4078,2,93,0
"4079",4078,8,2,118.255612251936,0,0,23,4079,2,93,0
"4080",4079,8,2,118.255612251936,0,0,24,4080,2,93,0
"4081",4080,8,2,118.255612251936,0,0,25,4081,2,93,0
"4082",4081,8,2,118.255612251936,0,0,26,4082,2,93,0
"4083",4082,5,10,55,0,0,1,4083,3,93,0
"4084",4083,5,10,55.0145510666704,0,0,2,4084,3,93,0
"4085",4084,1,5,40.016489869123,0,0,3,4085,3,93,1
"4086",4085,NA,NA,NA,0,0,4,4086,3,93,0
"4087",4086,NA,NA,NA,0,0,5,4087,3,93,0
"4088",4087,NA,NA,NA,0,0,6,4088,3,93,0
"4089",4088,NA,NA,NA,0,0,7,4089,3,93,1
"4090",4089,NA,NA,NA,0,0,8,4090,3,93,0
"4091",4090,NA,NA,NA,0,0,9,4091,3,93,1
"4092",4091,NA,NA,NA,0,0,10,4092,3,93,0
"4093",4092,NA,NA,NA,0,0,11,4093,3,93,0
"4094",4093,NA,NA,NA,0,0,12,4094,3,93,0
"4095",4094,NA,NA,NA,0,0,13,4095,3,93,0
"4096",4095,NA,NA,NA,0,0,14,4096,3,93,1
"4097",4096,NA,NA,NA,0,0,15,4097,3,93,0
"4098",4097,NA,NA,NA,0,0,16,4098,3,93,1
"4099",4098,NA,NA,NA,0,0,17,4099,3,93,0
"4100",4099,NA,NA,NA,0,0,18,4100,3,93,1
"4101",4100,NA,NA,NA,0,0,19,4101,3,93,0
"4102",4101,NA,NA,NA,0,0,20,4102,3,93,1
"4103",4102,NA,NA,NA,0,0,21,4103,3,93,1
"4104",4103,NA,NA,NA,0,0,22,4104,3,93,0
"4105",4104,NA,NA,NA,0,0,23,4105,3,93,0
"4106",4105,NA,NA,NA,0,0,24,4106,3,93,0
"4107",4106,NA,NA,NA,0,0,25,4107,3,93,1
"4108",4107,NA,NA,NA,0,0,26,4108,3,93,0
"4109",4108,9,7,54,0,0,1,4109,4,93,0
"4110",4109,9,7,54.7492631769039,0,0,2,4110,4,93,0
"4111",4110,5,5,48.6462850286915,0,0,3,4111,4,93,0
"4112",4111,10,7,51.6353763505366,0,0,4,4112,4,93,0
"4113",4112,9,8,58.4196006370846,0,0,5,4113,4,93,0
"4114",4113,10,8,54.5308265957766,0,0,6,4114,4,93,0
"4115",4114,7,8,58.1571961222066,0,0,7,4115,4,93,0
"4116",4115,8,7,53.4243268432186,0,0,8,4116,4,93,0
"4117",4116,8,8,56.7649553952625,0,0,9,4117,4,93,0
"4118",4117,0,10,40.9293923586777,0,0,10,4118,4,93,1
"4119",4118,NA,NA,NA,0,0,11,4119,4,93,0
"4120",4119,NA,NA,NA,0,0,12,4120,4,93,0
"4121",4120,NA,NA,NA,0,0,13,4121,4,93,0
"4122",4121,NA,NA,NA,0,0,14,4122,4,93,0
"4123",4122,NA,NA,NA,0,0,15,4123,4,93,0
"4124",4123,NA,NA,NA,0,0,16,4124,4,93,0
"4125",4124,NA,NA,NA,0,0,17,4125,4,93,0
"4126",4125,NA,NA,NA,0,0,18,4126,4,93,0
"4127",4126,NA,NA,NA,0,0,19,4127,4,93,0
"4128",4127,NA,NA,NA,0,0,20,4128,4,93,0
"4129",4128,NA,NA,NA,0,0,21,4129,4,93,0
"4130",4129,NA,NA,NA,0,0,22,4130,4,93,0
"4131",4130,NA,NA,NA,0,0,23,4131,4,93,0
"4132",4131,NA,NA,NA,0,0,24,4132,4,93,0
"4133",4132,NA,NA,NA,0,0,25,4133,4,93,0
"4134",4133,NA,NA,NA,0,0,26,4134,4,93,0
"4135",4134,4,0,52,0,0,1,4135,5,93,0
"4136",4135,4,5,67.3868076670152,0,0,2,4136,5,93,0
"4137",4136,5,6,105.582718139313,0,0,3,4137,5,93,0
"4138",4137,5,6,105.582718139313,0,0,4,4138,5,93,0
"4139",4138,4,6,73.6934669120577,0,0,5,4139,5,93,0
"4140",4139,6,6,121.868316061554,0,0,6,4140,5,93,0
"4141",4140,6,6,121.868316061554,0,0,7,4141,5,93,0
"4142",4141,6,5,105.962211260892,0,0,8,4142,5,93,0
"4143",4142,6,6,121.868316061554,0,0,9,4143,5,93,0
"4144",4143,6,6,121.868316061554,0,0,10,4144,5,93,0
"4145",4144,6,6,121.868316061554,0,0,11,4145,5,93,0
"4146",4145,6,6,121.868316061554,0,0,12,4146,5,93,0
"4147",4146,6,6,121.868316061554,0,0,13,4147,5,93,0
"4148",4147,6,6,121.868316061554,0,0,14,4148,5,93,0
"4149",4148,6,6,121.868316061554,0,0,15,4149,5,93,0
"4150",4149,6,6,121.868316061554,0,0,16,4150,5,93,0
"4151",4150,6,6,121.868316061554,0,0,17,4151,5,93,0
"4152",4151,6,6,121.868316061554,0,0,18,4152,5,93,0
"4153",4152,6,7,105.510896574014,0,0,19,4153,5,93,0
"4154",4153,6,6,121.868316061554,0,0,20,4154,5,93,0
"4155",4154,6,6,121.868316061554,0,0,21,4155,5,93,0
"4156",4155,6,6,121.868316061554,0,0,22,4156,5,93,0
"4157",4156,6,6,121.868316061554,0,0,23,4157,5,93,0
"4158",4157,5,5,93.0230522675594,0,0,24,4158,5,93,0
"4159",4158,6,6,121.868316061554,0,0,25,4159,5,93,0
"4160",4159,6,6,121.868316061554,0,0,26,4160,5,93,0
"4161",4160,9,7,54,0,0,1,4161,1,100,0
"4162",4161,9,7,54.7492631769039,0,0,2,4162,1,100,0
"4163",4162,10,7,51.6353763505366,0,0,3,4163,1,100,0
"4164",4163,9,7,54.7492631769039,0,0,4,4164,1,100,0
"4165",4164,9,7,54.7492631769039,0,0,5,4165,1,100,0
"4166",4165,9,7,54.7492631769039,0,0,6,4166,1,100,0
"4167",4166,9,6,47.5725242081395,0,0,7,4167,1,100,0
"4168",4167,9,7,54.7492631769039,0,0,8,4168,1,100,0
"4169",4168,9,7,54.7492631769039,0,0,9,4169,1,100,0
"4170",4169,9,7,54.7492631769039,0,0,10,4170,1,100,0
"4171",4170,9,7,54.7492631769039,0,0,11,4171,1,100,0
"4172",4171,9,7,54.7492631769039,0,0,12,4172,1,100,0
"4173",4172,9,7,54.7492631769039,0,0,13,4173,1,100,0
"4174",4173,9,7,54.7492631769039,0,0,14,4174,1,100,0
"4175",4174,9,7,54.7492631769039,0,0,15,4175,1,100,0
"4176",4175,9,8,58.4196006370846,0,0,16,4176,1,100,0
"4177",4176,9,8,58.4196006370846,0,0,17,4177,1,100,0
"4178",4177,9,8,58.4196006370846,0,0,18,4178,1,100,0
"4179",4178,0,8,42.2606776302677,0,0,19,4179,1,100,1
"4180",4179,NA,NA,NA,0,0,20,4180,1,100,0
"4181",4180,NA,NA,NA,0,0,21,4181,1,100,0
"4182",4181,NA,NA,NA,0,0,22,4182,1,100,0
"4183",4182,NA,NA,NA,0,0,23,4183,1,100,0
"4184",4183,NA,NA,NA,0,0,24,4184,1,100,0
"4185",4184,NA,NA,NA,0,0,25,4185,1,100,0
"4186",4185,NA,NA,NA,0,0,26,4186,1,100,0
"4187",4186,3,7,64,0,0,1,4187,2,100,0
"4188",4187,3,7,64.4593263189505,0,0,2,4188,2,100,0
"4189",4188,3,7,64.4593263189505,0,0,3,4189,2,100,0
"4190",4189,3,7,64.4593263189505,0,0,4,4190,2,100,0
"4191",4190,3,7,64.4593263189505,0,0,5,4191,2,100,0
"4192",4191,3,7,64.4593263189505,0,0,6,4192,2,100,0
"4193",4192,3,7,64.4593263189505,0,0,7,4193,2,100,0
"4194",4193,3,7,64.4593263189505,0,0,8,4194,2,100,0
"4195",4194,3,7,64.4593263189505,0,0,9,4195,2,100,0
"4196",4195,3,7,64.4593263189505,0,0,10,4196,2,100,0
"4197",4196,3,7,64.4593263189505,0,0,11,4197,2,100,0
"4198",4197,3,7,64.4593263189505,0,0,12,4198,2,100,0
"4199",4198,3,7,64.4593263189505,0,0,13,4199,2,100,0
"4200",4199,3,7,64.4593263189505,0,0,14,4200,2,100,0
"4201",4200,1,2,40.0858044186267,0,0,15,4201,2,100,1
"4202",4201,NA,NA,NA,0,0,16,4202,2,100,0
"4203",4202,NA,NA,NA,0,0,17,4203,2,100,0
"4204",4203,NA,NA,NA,0,0,18,4204,2,100,0
"4205",4204,NA,NA,NA,0,0,19,4205,2,100,0
"4206",4205,NA,NA,NA,0,0,20,4206,2,100,0
"4207",4206,NA,NA,NA,0,0,21,4207,2,100,0
"4208",4207,NA,NA,NA,0,0,22,4208,2,100,0
"4209",4208,NA,NA,NA,0,0,23,4209,2,100,0
"4210",4209,NA,NA,NA,0,0,24,4210,2,100,0
"4211",4210,NA,NA,NA,0,0,25,4211,2,100,0
"4212",4211,NA,NA,NA,0,0,26,4212,2,100,0
"4213",4212,3,5,53,0,0,1,4213,3,100,0
"4214",4213,3,5,53.7494408431757,0,0,2,4214,3,100,0
"4215",4214,4,5,57.2087487737599,0,0,3,4215,3,100,0
"4216",4215,3,5,53.7494408431757,0,0,4,4216,3,100,0
"4217",4216,4,4,61.5669147519555,0,0,5,4217,3,100,0
"4218",4217,3,4,57.1775501260933,0,0,6,4218,3,100,0
"4219",4218,4,4,61.5669147519555,0,0,7,4219,3,100,0
"4220",4219,4,4,61.5669147519555,0,0,8,4220,3,100,0
"4221",4220,4,4,61.5669147519555,0,0,9,4221,3,100,0
"4222",4221,4,4,61.5669147519555,0,0,10,4222,3,100,0
"4223",4222,4,4,61.5669147519555,0,0,11,4223,3,100,0
"4224",4223,4,4,61.5669147519555,0,0,12,4224,3,100,0
"4225",4224,4,4,61.5669147519555,0,0,13,4225,3,100,0
"4226",4225,4,4,61.5669147519555,0,0,14,4226,3,100,0
"4227",4226,4,4,61.5669147519555,0,0,15,4227,3,100,0
"4228",4227,4,4,61.5669147519555,0,0,16,4228,3,100,0
"4229",4228,4,4,61.5669147519555,0,0,17,4229,3,100,0
"4230",4229,4,4,61.5669147519555,0,0,18,4230,3,100,0
"4231",4230,4,4,61.5669147519555,0,0,19,4231,3,100,0
"4232",4231,4,4,61.5669147519555,0,0,20,4232,3,100,0
"4233",4232,4,4,61.5669147519555,0,0,21,4233,3,100,0
"4234",4233,4,4,61.5669147519555,0,0,22,4234,3,100,0
"4235",4234,4,4,61.5669147519555,0,0,23,4235,3,100,0
"4236",4235,4,4,61.5669147519555,0,0,24,4236,3,100,0
"4237",4236,4,4,61.5669147519555,0,0,25,4237,3,100,0
"4238",4237,4,4,61.5669147519555,0,0,26,4238,3,100,0
"4239",4238,4,9,55,0,0,1,4239,4,100,0
"4240",4239,4,9,55.582366983622,0,0,2,4240,4,100,0
"4241",4240,4,9,55.582366983622,0,0,3,4241,4,100,0
"4242",4241,3,9,48.0011430744104,0,0,4,4242,4,100,0
"4243",4242,4,9,55.582366983622,0,0,5,4243,4,100,0
"4244",4243,4,8,59.4802406649498,0,0,6,4244,4,100,0
"4245",4244,4,8,59.4802406649498,0,0,7,4245,4,100,0
"4246",4245,4,9,55.582366983622,0,0,8,4246,4,100,0
"4247",4246,4,8,59.4802406649498,0,0,9,4247,4,100,0
"4248",4247,4,8,59.4802406649498,0,0,10,4248,4,100,0
"4249",4248,4,9,55.582366983622,0,0,11,4249,4,100,0
"4250",4249,4,8,59.4802406649498,0,0,12,4250,4,100,0
"4251",4250,4,8,59.4802406649498,0,0,13,4251,4,100,0
"4252",4251,4,8,59.4802406649498,0,0,14,4252,4,100,0
"4253",4252,4,8,59.4802406649498,0,0,15,4253,4,100,0
"4254",4253,4,8,59.4802406649498,0,0,16,4254,4,100,0
"4255",4254,4,8,59.4802406649498,0,0,17,4255,4,100,0
"4256",4255,4,8,59.4802406649498,0,0,18,4256,4,100,0
"4257",4256,4,7,55.8315672557108,0,0,19,4257,4,100,0
"4258",4257,4,8,59.4802406649498,0,0,20,4258,4,100,0
"4259",4258,4,8,59.4802406649498,0,0,21,4259,4,100,0
"4260",4259,3,8,50.0174693055121,0,0,22,4260,4,100,0
"4261",4260,4,8,59.4802406649498,0,0,23,4261,4,100,0
"4262",4261,4,8,59.4802406649498,0,0,24,4262,4,100,0
"4263",4262,4,8,59.4802406649498,0,0,25,4263,4,100,0
"4264",4263,4,8,59.4802406649498,0,0,26,4264,4,100,0
"4265",4264,4,9,53,0,0,1,4265,5,100,0
"4266",4265,4,9,53.3879330158142,0,0,2,4266,5,100,0
"4267",4266,3,9,56.7195050050699,0,0,3,4267,5,100,0
"4268",4267,3,9,56.7195050050699,0,0,4,4268,5,100,0
"4269",4268,3,10,53.1722582202307,0,0,5,4269,5,100,0
"4270",4269,3,9,56.7195050050699,0,0,6,4270,5,100,0
"4271",4270,3,9,56.7195050050699,0,0,7,4271,5,100,0
"4272",4271,3,9,56.7195050050699,0,0,8,4272,5,100,0
"4273",4272,3,9,56.7195050050699,0,0,9,4273,5,100,0
"4274",4273,3,9,56.7195050050699,0,0,10,4274,5,100,0
"4275",4274,3,9,56.7195050050699,0,0,11,4275,5,100,0
"4276",4275,3,9,56.7195050050699,0,0,12,4276,5,100,0
"4277",4276,3,9,56.7195050050699,0,0,13,4277,5,100,0
"4278",4277,2,9,53.3879330158142,0,0,14,4278,5,100,0
"4279",4278,3,9,56.7195050050699,0,0,15,4279,5,100,0
"4280",4279,3,8,55.3781399898945,0,0,16,4280,5,100,0
"4281",4280,3,9,56.7195050050699,0,0,17,4281,5,100,0
"4282",4281,9,7,40.0058117019866,0,0,18,4282,5,100,1
"4283",4282,NA,NA,NA,0,0,19,4283,5,100,0
"4284",4283,NA,NA,NA,0,0,20,4284,5,100,0
"4285",4284,NA,NA,NA,0,0,21,4285,5,100,0
"4286",4285,NA,NA,NA,0,0,22,4286,5,100,0
"4287",4286,NA,NA,NA,0,0,23,4287,5,100,0
"4288",4287,NA,NA,NA,0,0,24,4288,5,100,0
"4289",4288,NA,NA,NA,0,0,25,4289,5,100,0
"4290",4289,NA,NA,NA,0,0,26,4290,5,100,0
"4291",4290,8,0,49,0,0,1,4291,1,103,0
"4292",4291,8,0,49.0792193248303,0,0,2,4292,1,103,0
"4293",4292,9,0,44.6603144928364,0,0,3,4293,1,103,1
"4294",4293,NA,NA,NA,0,0,4,4294,1,103,0
"4295",4294,NA,NA,NA,0,0,5,4295,1,103,0
"4296",4295,NA,NA,NA,0,0,6,4296,1,103,0
"4297",4296,NA,NA,NA,0,0,7,4297,1,103,0
"4298",4297,NA,NA,NA,0,0,8,4298,1,103,0
"4299",4298,NA,NA,NA,0,0,9,4299,1,103,0
"4300",4299,NA,NA,NA,0,0,10,4300,1,103,0
"4301",4300,NA,NA,NA,0,0,11,4301,1,103,0
"4302",4301,NA,NA,NA,0,0,12,4302,1,103,0
"4303",4302,NA,NA,NA,0,0,13,4303,1,103,0
"4304",4303,NA,NA,NA,0,0,14,4304,1,103,0
"4305",4304,NA,NA,NA,0,0,15,4305,1,103,0
"4306",4305,NA,NA,NA,0,0,16,4306,1,103,0
"4307",4306,NA,NA,NA,0,0,17,4307,1,103,0
"4308",4307,NA,NA,NA,0,0,18,4308,1,103,0
"4309",4308,NA,NA,NA,0,0,19,4309,1,103,0
"4310",4309,NA,NA,NA,0,0,20,4310,1,103,0
"4311",4310,NA,NA,NA,0,0,21,4311,1,103,0
"4312",4311,NA,NA,NA,0,0,22,4312,1,103,0
"4313",4312,NA,NA,NA,0,0,23,4313,1,103,0
"4314",4313,NA,NA,NA,0,0,24,4314,1,103,0
"4315",4314,NA,NA,NA,0,0,25,4315,1,103,1
"4316",4315,NA,NA,NA,0,0,26,4316,1,103,0
"4317",4316,0,9,54,0,0,1,4317,2,103,0
"4318",4317,0,9,54.4512787136123,0,0,2,4318,2,103,0
"4319",4318,1,9,58.08536171196,0,0,3,4319,2,103,0
"4320",4319,2,8,52.5227873928033,0,0,4,4320,2,103,0
"4321",4320,1,9,58.08536171196,0,0,5,4321,2,103,0
"4322",4321,1,8,54.5767085564804,0,0,6,4322,2,103,0
"4323",4322,2,9,54.7616607069308,0,0,7,4323,2,103,0
"4324",4323,1,9,58.08536171196,0,0,8,4324,2,103,0
"4325",4324,0,9,54.4512787136123,0,0,9,4325,2,103,0
"4326",4325,1,9,58.08536171196,0,0,10,4326,2,103,0
"4327",4326,1,9,58.08536171196,0,0,11,4327,2,103,0
"4328",4327,2,8,52.5227873928033,0,0,12,4328,2,103,0
"4329",4328,1,8,54.5767085564804,0,0,13,4329,2,103,0
"4330",4329,1,9,58.08536171196,0,0,14,4330,2,103,0
"4331",4330,0,9,54.4512787136123,0,0,15,4331,2,103,0
"4332",4331,1,9,58.08536171196,0,0,16,4332,2,103,0
"4333",4332,1,9,58.08536171196,0,0,17,4333,2,103,0
"4334",4333,9,6,50.9947438786408,0,0,18,4334,2,103,0
"4335",4334,1,10,54.4565619644111,0,0,19,4335,2,103,0
"4336",4335,1,9,58.08536171196,0,0,20,4336,2,103,0
"4337",4336,1,9,58.08536171196,0,0,21,4337,2,103,0
"4338",4337,2,8,52.5227873928033,0,0,22,4338,2,103,0
"4339",4338,1,8,54.5767085564804,0,0,23,4339,2,103,0
"4340",4339,10,5,41.8582578480269,0,0,24,4340,2,103,1
"4341",4340,NA,NA,NA,0,0,25,4341,2,103,0
"4342",4341,NA,NA,NA,0,0,26,4342,2,103,0
"4343",4342,2,10,50,0,0,1,4343,3,103,0
"4344",4343,3,10,53.1722582202307,0,0,2,4344,3,103,0
"4345",4344,4,10,50.5475198378171,0,0,3,4345,3,103,0
"4346",4345,2,10,50.5475198378171,0,0,4,4346,3,103,0
"4347",4346,3,10,53.1722582202307,0,0,5,4347,3,103,0
"4348",4347,2,9,53.3879330158142,0,0,6,4348,3,103,0
"4349",4348,3,9,56.7195050050699,0,0,7,4349,3,103,0
"4350",4349,2,8,52.3138518771992,0,0,8,4350,3,103,0
"4351",4350,3,8,55.3781399898945,0,0,9,4351,3,103,0
"4352",4351,4,8,52.3138518771992,0,0,10,4352,3,103,0
"4353",4352,3,8,55.3781399898945,0,0,11,4353,3,103,0
"4354",4353,3,9,56.7195050050699,0,0,12,4354,3,103,0
"4355",4354,3,7,57.3244394551779,0,0,13,4355,3,103,0
"4356",4355,3,7,57.3244394551779,0,0,14,4356,3,103,0
"4357",4356,2,9,53.3879330158142,0,0,15,4357,3,103,0
"4358",4357,4,6,67.502107438147,0,0,16,4358,3,103,0
"4359",4358,4,6,67.502107438147,0,0,17,4359,3,103,0
"4360",4359,5,6,54.1200527682183,0,0,18,4360,3,103,0
"4361",4360,4,5,90.4770542997145,0,0,19,4361,3,103,0
"4362",4361,4,5,90.4770542997145,0,0,20,4362,3,103,0
"4363",4362,4,4,102.62006180049,0,0,21,4363,3,103,0
"4364",4363,4,4,102.62006180049,0,0,22,4364,3,103,0
"4365",4364,4,4,102.62006180049,0,0,23,4365,3,103,0
"4366",4365,4,4,102.62006180049,0,0,24,4366,3,103,0
"4367",4366,4,4,102.62006180049,0,0,25,4367,3,103,0
"4368",4367,4,4,102.62006180049,0,0,26,4368,3,103,0
"4369",4368,3,4,52,0,0,1,4369,4,103,0
"4370",4369,4,4,47.2907468018974,0,0,2,4370,4,103,0
"4371",4370,3,4,52.6952154915274,0,0,3,4371,4,103,0
"4372",4371,2,4,55.5366955298451,0,0,4,4372,4,103,0
"4373",4372,2,4,55.5366955298451,0,0,5,4373,4,103,0
"4374",4373,3,4,52.6952154915274,0,0,6,4374,4,103,0
"4375",4374,2,3,59.331030923842,0,0,7,4375,4,103,0
"4376",4375,2,2,55.4728357621481,0,0,8,4376,4,103,0
"4377",4376,2,3,59.331030923842,0,0,9,4377,4,103,0
"4378",4377,2,2,55.4728357621481,0,0,10,4378,4,103,0
"4379",4378,2,3,59.331030923842,0,0,11,4379,4,103,0
"4380",4379,2,3,59.331030923842,0,0,12,4380,4,103,0
"4381",4380,2,3,59.331030923842,0,0,13,4381,4,103,0
"4382",4381,2,3,59.331030923842,0,0,14,4382,4,103,0
"4383",4382,2,3,59.331030923842,0,0,15,4383,4,103,0
"4384",4383,2,3,59.331030923842,0,0,16,4384,4,103,0
"4385",4384,1,2,52.3891733788038,0,0,17,4385,4,103,0
"4386",4385,1,4,52.3978158585524,0,0,18,4386,4,103,0
"4387",4386,2,3,59.331030923842,0,0,19,4387,4,103,0
"4388",4387,2,2,55.4728357621481,0,0,20,4388,4,103,0
"4389",4388,2,3,59.331030923842,0,0,21,4389,4,103,0
"4390",4389,3,3,55.5135090999876,0,0,22,4390,4,103,0
"4391",4390,1,3,55.4732604364245,0,0,23,4391,4,103,0
"4392",4391,1,3,55.4732604364245,0,0,24,4392,4,103,0
"4393",4392,2,3,59.331030923842,0,0,25,4393,4,103,0
"4394",4393,2,3,59.331030923842,0,0,26,4394,4,103,0
"4395",4394,6,8,54,0,0,1,4395,5,103,0
"4396",4395,6,8,54.6082809878472,0,0,2,4396,5,103,0
"4397",4396,7,8,51.6908417863102,0,0,3,4397,5,103,0
"4398",4397,6,7,58.2755679521502,0,0,4,4398,5,103,0
"4399",4398,6,7,58.2755679521502,0,0,5,4399,5,103,0
"4400",4399,6,7,58.2755679521502,0,0,6,4400,5,103,0
"4401",4400,6,7,58.2755679521502,0,0,7,4401,5,103,0
"4402",4401,6,6,54.7312377591548,0,0,8,4402,5,103,0
"4403",4402,6,7,58.2755679521502,0,0,9,4403,5,103,0
"4404",4403,6,8,54.6082809878472,0,0,10,4404,5,103,0
"4405",4404,6,7,58.2755679521502,0,0,11,4405,5,103,0
"4406",4405,6,7,58.2755679521502,0,0,12,4406,5,103,0
"4407",4406,6,7,58.2755679521502,0,0,13,4407,5,103,0
"4408",4407,7,7,54.6028741639911,0,0,14,4408,5,103,0
"4409",4408,6,7,58.2755679521502,0,0,15,4409,5,103,0
"4410",4409,5,7,54.9205158641271,0,0,16,4410,5,103,0
"4411",4410,5,6,52.6664215640624,0,0,17,4411,5,103,0
"4412",4411,6,7,58.2755679521502,0,0,18,4412,5,103,0
"4413",4412,5,7,54.9205158641271,0,0,19,4413,5,103,0
"4414",4413,6,7,58.2755679521502,0,0,20,4414,5,103,0
"4415",4414,6,7,58.2755679521502,0,0,21,4415,5,103,0
"4416",4415,6,6,54.7312377591548,0,0,22,4416,5,103,0
"4417",4416,6,7,58.2755679521502,0,0,23,4417,5,103,0
"4418",4417,6,7,58.2755679521502,0,0,24,4418,5,103,0
"4419",4418,6,7,58.2755679521502,0,0,25,4419,5,103,0
"4420",4419,6,7,58.2755679521502,0,0,26,4420,5,103,0
"4421",4420,7,6,50,0,0,1,4421,1,104,0
"4422",4421,7,8,50.3195136897172,0,0,2,4422,1,104,0
"4423",4422,7,7,52.8710585229061,0,0,3,4423,1,104,0
"4424",4423,10,0,40.0000085623675,0,0,4,4424,1,104,1
"4425",4424,NA,NA,NA,0,0,5,4425,1,104,1
"4426",4425,NA,NA,NA,0,0,6,4426,1,104,1
"4427",4426,NA,NA,NA,0,0,7,4427,1,104,1
"4428",4427,NA,NA,NA,0,0,8,4428,1,104,0
"4429",4428,NA,NA,NA,0,0,9,4429,1,104,0
"4430",4429,NA,NA,NA,0,0,10,4430,1,104,0
"4431",4430,NA,NA,NA,0,0,11,4431,1,104,0
"4432",4431,NA,NA,NA,0,0,12,4432,1,104,0
"4433",4432,NA,NA,NA,0,0,13,4433,1,104,0
"4434",4433,NA,NA,NA,0,0,14,4434,1,104,0
"4435",4434,NA,NA,NA,0,0,15,4435,1,104,0
"4436",4435,NA,NA,NA,0,0,16,4436,1,104,0
"4437",4436,NA,NA,NA,0,0,17,4437,1,104,0
"4438",4437,NA,NA,NA,0,0,18,4438,1,104,0
"4439",4438,NA,NA,NA,0,0,19,4439,1,104,0
"4440",4439,NA,NA,NA,0,0,20,4440,1,104,0
"4441",4440,NA,NA,NA,0,0,21,4441,1,104,0
"4442",4441,NA,NA,NA,0,0,22,4442,1,104,0
"4443",4442,NA,NA,NA,0,0,23,4443,1,104,0
"4444",4443,NA,NA,NA,0,0,24,4444,1,104,0
"4445",4444,NA,NA,NA,0,0,25,4445,1,104,0
"4446",4445,NA,NA,NA,0,0,26,4446,1,104,0
"4447",4446,2,0,55,0,0,1,4447,2,104,0
"4448",4447,3,0,52.3517532983298,0,0,2,4448,2,104,0
"4449",4448,4,0,47.1966948231901,0,0,3,4449,2,104,0
"4450",4449,1,0,52.227988091213,0,0,4,4450,2,104,0
"4451",4450,5,6,40.3124875435791,0,0,5,4451,2,104,1
"4452",4451,NA,NA,NA,0,0,6,4452,2,104,0
"4453",4452,NA,NA,NA,0,0,7,4453,2,104,0
"4454",4453,NA,NA,NA,0,0,8,4454,2,104,0
"4455",4454,NA,NA,NA,0,0,9,4455,2,104,0
"4456",4455,NA,NA,NA,0,0,10,4456,2,104,0
"4457",4456,NA,NA,NA,0,0,11,4457,2,104,0
"4458",4457,NA,NA,NA,0,0,12,4458,2,104,0
"4459",4458,NA,NA,NA,0,0,13,4459,2,104,0
"4460",4459,NA,NA,NA,0,0,14,4460,2,104,0
"4461",4460,NA,NA,NA,0,0,15,4461,2,104,1
"4462",4461,NA,NA,NA,0,0,16,4462,2,104,0
"4463",4462,NA,NA,NA,0,0,17,4463,2,104,0
"4464",4463,NA,NA,NA,0,0,18,4464,2,104,0
"4465",4464,NA,NA,NA,0,0,19,4465,2,104,0
"4466",4465,NA,NA,NA,0,0,20,4466,2,104,0
"4467",4466,NA,NA,NA,0,0,21,4467,2,104,0
"4468",4467,NA,NA,NA,0,0,22,4468,2,104,0
"4469",4468,NA,NA,NA,0,0,23,4469,2,104,0
"4470",4469,NA,NA,NA,0,0,24,4470,2,104,0
"4471",4470,NA,NA,NA,0,0,25,4471,2,104,0
"4472",4471,NA,NA,NA,0,0,26,4472,2,104,0
"4473",4472,1,10,54,0,0,1,4473,3,104,0
"4474",4473,0,10,51.5695045085653,0,0,2,4474,3,104,0
"4475",4474,2,4,41.0099146173732,0,0,3,4475,3,104,1
"4476",4475,NA,NA,NA,0,0,4,4476,3,104,0
"4477",4476,NA,NA,NA,0,0,5,4477,3,104,0
"4478",4477,NA,NA,NA,0,0,6,4478,3,104,0
"4479",4478,NA,NA,NA,0,0,7,4479,3,104,1
"4480",4479,NA,NA,NA,0,0,8,4480,3,104,0
"4481",4480,NA,NA,NA,0,0,9,4481,3,104,0
"4482",4481,NA,NA,NA,0,0,10,4482,3,104,0
"4483",4482,NA,NA,NA,0,0,11,4483,3,104,0
"4484",4483,NA,NA,NA,0,0,12,4484,3,104,1
"4485",4484,NA,NA,NA,0,0,13,4485,3,104,0
"4486",4485,NA,NA,NA,0,0,14,4486,3,104,1
"4487",4486,NA,NA,NA,0,0,15,4487,3,104,0
"4488",4487,NA,NA,NA,0,0,16,4488,3,104,0
"4489",4488,NA,NA,NA,0,0,17,4489,3,104,0
"4490",4489,NA,NA,NA,0,0,18,4490,3,104,0
"4491",4490,NA,NA,NA,0,0,19,4491,3,104,0
"4492",4491,NA,NA,NA,0,0,20,4492,3,104,0
"4493",4492,NA,NA,NA,0,0,21,4493,3,104,0
"4494",4493,NA,NA,NA,0,0,22,4494,3,104,0
"4495",4494,NA,NA,NA,0,0,23,4495,3,104,1
"4496",4495,NA,NA,NA,0,0,24,4496,3,104,1
"4497",4496,NA,NA,NA,0,0,25,4497,3,104,0
"4498",4497,NA,NA,NA,0,0,26,4498,3,104,1
"4499",4498,2,2,55,0,0,1,4499,4,104,0
"4500",4499,2,1,47.9436713713208,0,0,2,4500,4,104,0
"4501",4500,1,2,52.3891733788038,0,0,3,4501,4,104,0
"4502",4501,3,2,52.3926659295967,0,0,4,4502,4,104,0
"4503",4502,0,2,46.360769887065,0,0,5,4503,4,104,0
"4504",4503,1,3,55.4732604364245,0,0,6,4504,4,104,0
"4505",4504,2,2,55.4728357621481,0,0,7,4505,4,104,0
"4506",4505,0,3,47.943731850173,0,0,8,4506,4,104,0
"4507",4506,2,4,55.5366955298451,0,0,9,4507,4,104,0
"4508",4507,2,5,48.2497739628967,0,0,10,4508,4,104,0
"4509",4508,3,3,55.5135090999876,0,0,11,4509,4,104,0
"4510",4509,2,4,55.5366955298451,0,0,12,4510,4,104,0
"4511",4510,2,3,59.331030923842,0,0,13,4511,4,104,0
"4512",4511,2,6,43.5449728405047,0,0,14,4512,4,104,1
"4513",4512,NA,NA,NA,0,0,15,4513,4,104,0
"4514",4513,NA,NA,NA,0,0,16,4514,4,104,0
"4515",4514,NA,NA,NA,0,0,17,4515,4,104,1
"4516",4515,NA,NA,NA,0,0,18,4516,4,104,0
"4517",4516,NA,NA,NA,0,0,19,4517,4,104,0
"4518",4517,NA,NA,NA,0,0,20,4518,4,104,0
"4519",4518,NA,NA,NA,0,0,21,4519,4,104,0
"4520",4519,NA,NA,NA,0,0,22,4520,4,104,0
"4521",4520,NA,NA,NA,0,0,23,4521,4,104,0
"4522",4521,NA,NA,NA,0,0,24,4522,4,104,0
"4523",4522,NA,NA,NA,0,0,25,4523,4,104,0
"4524",4523,NA,NA,NA,0,0,26,4524,4,104,0
"4525",4524,4,3,57,0,0,1,4525,5,104,0
"4526",4525,5,2,49.3704311786403,0,0,2,4526,5,104,0
"4527",4526,4,7,42.902557433218,0,0,3,4527,5,104,1
"4528",4527,NA,NA,NA,0,0,4,4528,5,104,0
"4529",4528,NA,NA,NA,0,0,5,4529,5,104,0
"4530",4529,NA,NA,NA,0,0,6,4530,5,104,0
"4531",4530,NA,NA,NA,0,0,7,4531,5,104,1
"4532",4531,NA,NA,NA,0,0,8,4532,5,104,0
"4533",4532,NA,NA,NA,0,0,9,4533,5,104,0
"4534",4533,NA,NA,NA,0,0,10,4534,5,104,0
"4535",4534,NA,NA,NA,0,0,11,4535,5,104,0
"4536",4535,NA,NA,NA,0,0,12,4536,5,104,0
"4537",4536,NA,NA,NA,0,0,13,4537,5,104,0
"4538",4537,NA,NA,NA,0,0,14,4538,5,104,0
"4539",4538,NA,NA,NA,0,0,15,4539,5,104,0
"4540",4539,NA,NA,NA,0,0,16,4540,5,104,0
"4541",4540,NA,NA,NA,0,0,17,4541,5,104,0
"4542",4541,NA,NA,NA,0,0,18,4542,5,104,0
"4543",4542,NA,NA,NA,0,0,19,4543,5,104,0
"4544",4543,NA,NA,NA,0,0,20,4544,5,104,0
"4545",4544,NA,NA,NA,0,0,21,4545,5,104,0
"4546",4545,NA,NA,NA,0,0,22,4546,5,104,1
"4547",4546,NA,NA,NA,0,0,23,4547,5,104,0
"4548",4547,NA,NA,NA,0,0,24,4548,5,104,0
"4549",4548,NA,NA,NA,0,0,25,4549,5,104,0
"4550",4549,NA,NA,NA,0,0,26,4550,5,104,0
"4551",4550,4,0,52,0,0,1,4551,1,105,0
"4552",4551,5,2,57.8582361610825,0,0,2,4552,1,105,0
"4553",4552,6,3,57.6437751227693,0,0,3,4553,1,105,0
"4554",4553,5,3,57.0732288175264,0,0,4,4554,1,105,0
"4555",4554,5,1,60.2186332264043,0,0,5,4555,1,105,0
"4556",4555,7,1,48.4612580462736,0,0,6,4556,1,105,0
"4557",4556,4,1,56.117055112528,0,0,7,4557,1,105,0
"4558",4557,6,1,56.3032952320711,0,0,8,4558,1,105,0
"4559",4558,6,2,55.1382630888431,0,0,9,4559,1,105,0
"4560",4559,5,0,56.0090124503327,0,0,10,4560,1,105,0
"4561",4560,6,0,52.8288621491422,0,0,11,4561,1,105,0
"4562",4561,3,3,44.8727559668034,0,0,12,4562,1,105,1
"4563",4562,NA,NA,NA,0,0,13,4563,1,105,0
"4564",4563,NA,NA,NA,0,0,14,4564,1,105,0
"4565",4564,NA,NA,NA,0,0,15,4565,1,105,0
"4566",4565,NA,NA,NA,0,0,16,4566,1,105,0
"4567",4566,NA,NA,NA,0,0,17,4567,1,105,0
"4568",4567,NA,NA,NA,0,0,18,4568,1,105,0
"4569",4568,NA,NA,NA,0,0,19,4569,1,105,0
"4570",4569,NA,NA,NA,0,0,20,4570,1,105,0
"4571",4570,NA,NA,NA,0,0,21,4571,1,105,0
"4572",4571,NA,NA,NA,0,0,22,4572,1,105,0
"4573",4572,NA,NA,NA,0,0,23,4573,1,105,0
"4574",4573,NA,NA,NA,0,0,24,4574,1,105,0
"4575",4574,NA,NA,NA,0,0,25,4575,1,105,0
"4576",4575,NA,NA,NA,0,0,26,4576,1,105,0
"4577",4576,4,9,55,0,0,1,4577,2,105,0
"4578",4577,4,9,55.0197424221829,0,0,2,4578,2,105,0
"4579",4578,4,8,52.0849490410743,0,0,3,4579,2,105,0
"4580",4579,5,8,55.3195343683106,0,0,4,4580,2,105,0
"4581",4580,6,8,52.9572773453584,0,0,5,4581,2,105,0
"4582",4581,5,9,58.7881445554827,0,0,6,4582,2,105,0
"4583",4582,5,10,55.0145510666704,0,0,7,4583,2,105,0
"4584",4583,6,9,55.1377992203185,0,0,8,4584,2,105,0
"4585",4584,4,10,52.0205755788556,0,0,9,4585,2,105,0
"4586",4585,6,5,66.707510312954,0,0,10,4586,2,105,0
"4587",4586,5,7,49.1689619776585,0,0,11,4587,2,105,0
"4588",4587,5,4,50.8759749946614,0,0,12,4588,2,105,0
"4589",4588,7,5,91.4040995743966,0,0,13,4589,2,105,0
"4590",4589,8,5,103.993488903549,0,0,14,4590,2,105,0
"4591",4590,8,5,103.993488903549,0,0,15,4591,2,105,0
"4592",4591,8,4,119.83749767917,0,0,16,4592,2,105,0
"4593",4592,8,4,119.83749767917,0,0,17,4593,2,105,0
"4594",4593,8,4,119.83749767917,0,0,18,4594,2,105,0
"4595",4594,8,4,119.83749767917,0,0,19,4595,2,105,0
"4596",4595,8,4,119.83749767917,0,0,20,4596,2,105,0
"4597",4596,8,4,119.83749767917,0,0,21,4597,2,105,0
"4598",4597,8,4,119.83749767917,0,0,22,4598,2,105,0
"4599",4598,8,4,119.83749767917,0,0,23,4599,2,105,0
"4600",4599,7,4,103.950811030869,0,0,24,4600,2,105,0
"4601",4600,8,4,119.83749767917,0,0,25,4601,2,105,0
"4602",4601,9,4,103.923087098237,0,0,26,4602,2,105,0
"4603",4602,7,7,52,0,0,1,4603,3,105,0
"4604",4603,7,7,52.8710585229061,0,0,2,4604,3,105,0
"4605",4604,4,4,40.9371058092198,0,0,3,4605,3,105,1
"4606",4605,NA,NA,NA,0,0,4,4606,3,105,1
"4607",4606,NA,NA,NA,0,0,5,4607,3,105,0
"4608",4607,NA,NA,NA,0,0,6,4608,3,105,0
"4609",4608,NA,NA,NA,0,0,7,4609,3,105,0
"4610",4609,NA,NA,NA,0,0,8,4610,3,105,0
"4611",4610,NA,NA,NA,0,0,9,4611,3,105,0
"4612",4611,NA,NA,NA,0,0,10,4612,3,105,1
"4613",4612,NA,NA,NA,0,0,11,4613,3,105,1
"4614",4613,NA,NA,NA,0,0,12,4614,3,105,0
"4615",4614,NA,NA,NA,0,0,13,4615,3,105,0
"4616",4615,NA,NA,NA,0,0,14,4616,3,105,1
"4617",4616,NA,NA,NA,0,0,15,4617,3,105,1
"4618",4617,NA,NA,NA,0,0,16,4618,3,105,0
"4619",4618,NA,NA,NA,0,0,17,4619,3,105,0
"4620",4619,NA,NA,NA,0,0,18,4620,3,105,0
"4621",4620,NA,NA,NA,0,0,19,4621,3,105,0
"4622",4621,NA,NA,NA,0,0,20,4622,3,105,0
"4623",4622,NA,NA,NA,0,0,21,4623,3,105,0
"4624",4623,NA,NA,NA,0,0,22,4624,3,105,0
"4625",4624,NA,NA,NA,0,0,23,4625,3,105,0
"4626",4625,NA,NA,NA,0,0,24,4626,3,105,0
"4627",4626,NA,NA,NA,0,0,25,4627,3,105,0
"4628",4627,NA,NA,NA,0,0,26,4628,3,105,0
"4629",4628,10,1,50,0,0,1,4629,4,105,0
"4630",4629,10,0,45.473398108742,0,0,2,4630,4,105,1
"4631",4630,NA,NA,NA,0,0,3,4631,4,105,0
"4632",4631,NA,NA,NA,0,0,4,4632,4,105,0
"4633",4632,NA,NA,NA,0,0,5,4633,4,105,0
"4634",4633,NA,NA,NA,0,0,6,4634,4,105,0
"4635",4634,NA,NA,NA,0,0,7,4635,4,105,0
"4636",4635,NA,NA,NA,0,0,8,4636,4,105,0
"4637",4636,NA,NA,NA,0,0,9,4637,4,105,0
"4638",4637,NA,NA,NA,0,0,10,4638,4,105,0
"4639",4638,NA,NA,NA,0,0,11,4639,4,105,0
"4640",4639,NA,NA,NA,0,0,12,4640,4,105,0
"4641",4640,NA,NA,NA,0,0,13,4641,4,105,1
"4642",4641,NA,NA,NA,0,0,14,4642,4,105,0
"4643",4642,NA,NA,NA,0,0,15,4643,4,105,0
"4644",4643,NA,NA,NA,0,0,16,4644,4,105,0
"4645",4644,NA,NA,NA,0,0,17,4645,4,105,0
"4646",4645,NA,NA,NA,0,0,18,4646,4,105,1
"4647",4646,NA,NA,NA,0,0,19,4647,4,105,0
"4648",4647,NA,NA,NA,0,0,20,4648,4,105,0
"4649",4648,NA,NA,NA,0,0,21,4649,4,105,0
"4650",4649,NA,NA,NA,0,0,22,4650,4,105,0
"4651",4650,NA,NA,NA,0,0,23,4651,4,105,0
"4652",4651,NA,NA,NA,0,0,24,4652,4,105,0
"4653",4652,NA,NA,NA,0,0,25,4653,4,105,0
"4654",4653,NA,NA,NA,0,0,26,4654,4,105,0
"4655",4654,2,2,56,0,0,1,4655,5,105,0
"4656",4655,2,2,56.7700257945888,0,0,2,4656,5,105,0
"4657",4656,3,2,60.9970981326317,0,0,3,4657,5,105,0
"4658",4657,1,2,48.6062752292269,0,0,4,4658,5,105,0
"4659",4658,2,1,53.4225490743735,0,0,5,4659,5,105,0
"4660",4659,4,3,54.8764669845258,0,0,6,4660,5,105,0
"4661",4660,3,4,49.5384988796037,0,0,7,4661,5,105,0
"4662",4661,4,2,57.0683845170413,0,0,8,4662,5,105,0
"4663",4662,3,1,56.7700257945888,0,0,9,4663,5,105,0
"4664",4663,3,3,57.0683845170413,0,0,10,4664,5,105,0
"4665",4664,2,3,53.4629275365827,0,0,11,4665,5,105,0
"4666",4665,4,1,53.4629275365827,0,0,12,4666,5,105,0
"4667",4666,1,4,43.5487891693026,0,0,13,4667,5,105,1
"4668",4667,NA,NA,NA,0,0,14,4668,5,105,0
"4669",4668,NA,NA,NA,0,0,15,4669,5,105,0
"4670",4669,NA,NA,NA,0,0,16,4670,5,105,0
"4671",4670,NA,NA,NA,0,0,17,4671,5,105,0
"4672",4671,NA,NA,NA,0,0,18,4672,5,105,0
"4673",4672,NA,NA,NA,0,0,19,4673,5,105,0
"4674",4673,NA,NA,NA,0,0,20,4674,5,105,0
"4675",4674,NA,NA,NA,0,0,21,4675,5,105,0
"4676",4675,NA,NA,NA,0,0,22,4676,5,105,0
"4677",4676,NA,NA,NA,0,0,23,4677,5,105,0
"4678",4677,NA,NA,NA,0,0,24,4678,5,105,0
"4679",4678,NA,NA,NA,0,0,25,4679,5,105,1
"4680",4679,NA,NA,NA,0,0,26,4680,5,105,0
"4681",4680,6,8,53,0,0,1,4681,1,107,0
"4682",4681,6,10,42.4312788840587,0,0,2,4682,1,107,1
"4683",4682,NA,NA,NA,0,0,3,4683,1,107,0
"4684",4683,NA,NA,NA,0,0,4,4684,1,107,0
"4685",4684,NA,NA,NA,0,0,5,4685,1,107,1
"4686",4685,NA,NA,NA,0,0,6,4686,1,107,0
"4687",4686,NA,NA,NA,0,0,7,4687,1,107,0
"4688",4687,NA,NA,NA,0,0,8,4688,1,107,0
"4689",4688,NA,NA,NA,0,0,9,4689,1,107,0
"4690",4689,NA,NA,NA,0,0,10,4690,1,107,0
"4691",4690,NA,NA,NA,0,0,11,4691,1,107,0
"4692",4691,NA,NA,NA,0,0,12,4692,1,107,0
"4693",4692,NA,NA,NA,0,0,13,4693,1,107,0
"4694",4693,NA,NA,NA,0,0,14,4694,1,107,0
"4695",4694,NA,NA,NA,0,0,15,4695,1,107,0
"4696",4695,NA,NA,NA,0,0,16,4696,1,107,0
"4697",4696,NA,NA,NA,0,0,17,4697,1,107,0
"4698",4697,NA,NA,NA,0,0,18,4698,1,107,0
"4699",4698,NA,NA,NA,0,0,19,4699,1,107,0
"4700",4699,NA,NA,NA,0,0,20,4700,1,107,0
"4701",4700,NA,NA,NA,0,0,21,4701,1,107,0
"4702",4701,NA,NA,NA,0,0,22,4702,1,107,0
"4703",4702,NA,NA,NA,0,0,23,4703,1,107,0
"4704",4703,NA,NA,NA,0,0,24,4704,1,107,0
"4705",4704,NA,NA,NA,0,0,25,4705,1,107,0
"4706",4705,NA,NA,NA,0,0,26,4706,1,107,0
"4707",4706,3,5,53,0,0,1,4707,2,107,0
"4708",4707,4,6,50.4910848303575,0,0,2,4708,2,107,0
"4709",4708,5,6,51.2627189548458,0,0,3,4709,2,107,0
"4710",4709,5,0,40.0414802978525,0,0,4,4710,2,107,1
"4711",4710,NA,NA,NA,0,0,5,4711,2,107,1
"4712",4711,NA,NA,NA,0,0,6,4712,2,107,0
"4713",4712,NA,NA,NA,0,0,7,4713,2,107,1
"4714",4713,NA,NA,NA,0,0,8,4714,2,107,0
"4715",4714,NA,NA,NA,0,0,9,4715,2,107,0
"4716",4715,NA,NA,NA,0,0,10,4716,2,107,0
"4717",4716,NA,NA,NA,0,0,11,4717,2,107,0
"4718",4717,NA,NA,NA,0,0,12,4718,2,107,0
"4719",4718,NA,NA,NA,0,0,13,4719,2,107,0
"4720",4719,NA,NA,NA,0,0,14,4720,2,107,0
"4721",4720,NA,NA,NA,0,0,15,4721,2,107,1
"4722",4721,NA,NA,NA,0,0,16,4722,2,107,0
"4723",4722,NA,NA,NA,0,0,17,4723,2,107,0
"4724",4723,NA,NA,NA,0,0,18,4724,2,107,0
"4725",4724,NA,NA,NA,0,0,19,4725,2,107,1
"4726",4725,NA,NA,NA,0,0,20,4726,2,107,0
"4727",4726,NA,NA,NA,0,0,21,4727,2,107,0
"4728",4727,NA,NA,NA,0,0,22,4728,2,107,0
"4729",4728,NA,NA,NA,0,0,23,4729,2,107,0
"4730",4729,NA,NA,NA,0,0,24,4730,2,107,0
"4731",4730,NA,NA,NA,0,0,25,4731,2,107,0
"4732",4731,NA,NA,NA,0,0,26,4732,2,107,0
"4733",4732,5,3,52,0,0,1,4733,3,107,0
"4734",4733,4,2,43.4014951897574,0,0,2,4734,3,107,1
"4735",4734,NA,NA,NA,0,0,3,4735,3,107,0
"4736",4735,NA,NA,NA,0,0,4,4736,3,107,0
"4737",4736,NA,NA,NA,0,0,5,4737,3,107,0
"4738",4737,NA,NA,NA,0,0,6,4738,3,107,0
"4739",4738,NA,NA,NA,0,0,7,4739,3,107,0
"4740",4739,NA,NA,NA,0,0,8,4740,3,107,0
"4741",4740,NA,NA,NA,0,0,9,4741,3,107,0
"4742",4741,NA,NA,NA,0,0,10,4742,3,107,0
"4743",4742,NA,NA,NA,0,0,11,4743,3,107,0
"4744",4743,NA,NA,NA,0,0,12,4744,3,107,0
"4745",4744,NA,NA,NA,0,0,13,4745,3,107,0
"4746",4745,NA,NA,NA,0,0,14,4746,3,107,0
"4747",4746,NA,NA,NA,0,0,15,4747,3,107,0
"4748",4747,NA,NA,NA,0,0,16,4748,3,107,0
"4749",4748,NA,NA,NA,0,0,17,4749,3,107,0
"4750",4749,NA,NA,NA,0,0,18,4750,3,107,0
"4751",4750,NA,NA,NA,0,0,19,4751,3,107,0
"4752",4751,NA,NA,NA,0,0,20,4752,3,107,0
"4753",4752,NA,NA,NA,0,0,21,4753,3,107,0
"4754",4753,NA,NA,NA,0,0,22,4754,3,107,0
"4755",4754,NA,NA,NA,0,0,23,4755,3,107,0
"4756",4755,NA,NA,NA,0,0,24,4756,3,107,0
"4757",4756,NA,NA,NA,0,0,25,4757,3,107,0
"4758",4757,NA,NA,NA,0,0,26,4758,3,107,0
"4759",4758,2,9,53,0,0,1,4759,4,107,0
"4760",4759,0,1,48.7606749948245,0,0,2,4760,4,107,0
"4761",4760,2,9,53.2530582020015,0,0,3,4761,4,107,0
"4762",4761,0,9,53.2520542315606,0,0,4,4762,4,107,0
"4763",4762,2,1,91.8327108806171,0,0,5,4763,4,107,0
"4764",4763,2,1,91.8327108806171,0,0,6,4764,4,107,0
"4765",4764,2,2,104.736388363424,0,0,7,4765,4,107,0
"4766",4765,2,2,104.736388363424,0,0,8,4766,4,107,0
"4767",4766,3,2,120.841882451672,0,0,9,4767,4,107,0
"4768",4767,3,2,120.841882451672,0,0,10,4768,4,107,0
"4769",4768,3,2,120.841882451672,0,0,11,4769,4,107,0
"4770",4769,3,2,120.841882451672,0,0,12,4770,4,107,0
"4771",4770,3,2,120.841882451672,0,0,13,4771,4,107,0
"4772",4771,3,1,104.730995193983,0,0,14,4772,4,107,0
"4773",4772,3,2,120.841882451672,0,0,15,4773,4,107,0
"4774",4773,3,2,120.841882451672,0,0,16,4774,4,107,0
"4775",4774,3,2,120.841882451672,0,0,17,4775,4,107,0
"4776",4775,2,2,104.736388363424,0,0,18,4776,4,107,0
"4777",4776,3,3,104.76368465735,0,0,19,4777,4,107,0
"4778",4777,3,2,120.841882451672,0,0,20,4778,4,107,0
"4779",4778,3,2,120.841882451672,0,0,21,4779,4,107,0
"4780",4779,3,2,120.841882451672,0,0,22,4780,4,107,0
"4781",4780,3,2,120.841882451672,0,0,23,4781,4,107,0
"4782",4781,2,2,104.736388363424,0,0,24,4782,4,107,0
"4783",4782,4,2,104.731774926289,0,0,25,4783,4,107,0
"4784",4783,3,2,120.841882451672,0,0,26,4784,4,107,0
"4785",4784,3,10,53,0,0,1,4785,5,107,0
"4786",4785,4,8,52.3138518771992,0,0,2,4786,5,107,0
"4787",4786,4,9,53.3879330158142,0,0,3,4787,5,107,0
"4788",4787,2,2,65.7232290339457,0,0,4,4788,5,107,0
"4789",4788,3,10,53.1722582202307,0,0,5,4789,5,107,0
"4790",4789,3,2,72.1244254861144,0,0,6,4790,5,107,0
"4791",4790,4,2,65.7232290339457,0,0,7,4791,5,107,0
"4792",4791,3,1,50.5750456665623,0,0,8,4792,5,107,0
"4793",4792,2,3,90.1059409384434,0,0,9,4793,5,107,0
"4794",4793,2,4,102.62006180049,0,0,10,4794,5,107,0
"4795",4794,3,3,102.57474767124,0,0,11,4795,5,107,0
"4796",4795,3,4,118.202993356357,0,0,12,4796,5,107,0
"4797",4796,3,4,118.202993356357,0,0,13,4797,5,107,0
"4798",4797,4,4,102.62006180049,0,0,14,4798,5,107,0
"4799",4798,3,4,118.202993356357,0,0,15,4799,5,107,0
"4800",4799,3,4,118.202993356357,0,0,16,4800,5,107,0
"4801",4800,3,4,118.202993356357,0,0,17,4801,5,107,0
"4802",4801,3,4,118.202993356357,0,0,18,4802,5,107,0
"4803",4802,3,5,103.038212172735,0,0,19,4803,5,107,0
"4804",4803,3,4,118.202993356357,0,0,20,4804,5,107,0
"4805",4804,3,4,118.202993356357,0,0,21,4805,5,107,0
"4806",4805,3,4,118.202993356357,0,0,22,4806,5,107,0
"4807",4806,3,4,118.202993356357,0,0,23,4807,5,107,0
"4808",4807,3,4,118.202993356357,0,0,24,4808,5,107,0
"4809",4808,3,4,118.202993356357,0,0,25,4809,5,107,0
"4810",4809,3,4,118.202993356357,0,0,26,4810,5,107,0
"4811",4810,10,5,54,0,0,1,4811,1,112,0
"4812",4811,10,5,54.3879612226605,0,0,2,4812,1,112,0
"4813",4812,5,7,44.5432063317225,0,0,3,4813,1,112,1
"4814",4813,NA,NA,NA,0,0,4,4814,1,112,0
"4815",4814,NA,NA,NA,0,0,5,4815,1,112,1
"4816",4815,NA,NA,NA,0,0,6,4816,1,112,1
"4817",4816,NA,NA,NA,0,0,7,4817,1,112,1
"4818",4817,NA,NA,NA,0,0,8,4818,1,112,0
"4819",4818,NA,NA,NA,0,0,9,4819,1,112,0
"4820",4819,NA,NA,NA,0,0,10,4820,1,112,0
"4821",4820,NA,NA,NA,0,0,11,4821,1,112,0
"4822",4821,NA,NA,NA,0,0,12,4822,1,112,0
"4823",4822,NA,NA,NA,0,0,13,4823,1,112,0
"4824",4823,NA,NA,NA,0,0,14,4824,1,112,0
"4825",4824,NA,NA,NA,0,0,15,4825,1,112,1
"4826",4825,NA,NA,NA,0,0,16,4826,1,112,1
"4827",4826,NA,NA,NA,0,0,17,4827,1,112,0
"4828",4827,NA,NA,NA,0,0,18,4828,1,112,1
"4829",4828,NA,NA,NA,0,0,19,4829,1,112,1
"4830",4829,NA,NA,NA,0,0,20,4830,1,112,1
"4831",4830,NA,NA,NA,0,0,21,4831,1,112,0
"4832",4831,NA,NA,NA,0,0,22,4832,1,112,0
"4833",4832,NA,NA,NA,0,0,23,4833,1,112,1
"4834",4833,NA,NA,NA,0,0,24,4834,1,112,0
"4835",4834,NA,NA,NA,0,0,25,4835,1,112,1
"4836",4835,NA,NA,NA,0,0,26,4836,1,112,0
"4837",4836,1,0,50,0,0,1,4837,2,112,0
"4838",4837,1,0,50.9597252714007,0,0,2,4838,2,112,0
"4839",4838,10,1,40.00001138003,0,0,3,4839,2,112,1
"4840",4839,NA,NA,NA,0,0,4,4840,2,112,0
"4841",4840,NA,NA,NA,0,0,5,4841,2,112,0
"4842",4841,NA,NA,NA,0,0,6,4842,2,112,0
"4843",4842,NA,NA,NA,0,0,7,4843,2,112,0
"4844",4843,NA,NA,NA,0,0,8,4844,2,112,0
"4845",4844,NA,NA,NA,0,0,9,4845,2,112,0
"4846",4845,NA,NA,NA,0,0,10,4846,2,112,0
"4847",4846,NA,NA,NA,0,0,11,4847,2,112,0
"4848",4847,NA,NA,NA,0,0,12,4848,2,112,0
"4849",4848,NA,NA,NA,0,0,13,4849,2,112,0
"4850",4849,NA,NA,NA,0,0,14,4850,2,112,0
"4851",4850,NA,NA,NA,0,0,15,4851,2,112,0
"4852",4851,NA,NA,NA,0,0,16,4852,2,112,0
"4853",4852,NA,NA,NA,0,0,17,4853,2,112,0
"4854",4853,NA,NA,NA,0,0,18,4854,2,112,0
"4855",4854,NA,NA,NA,0,0,19,4855,2,112,0
"4856",4855,NA,NA,NA,0,0,20,4856,2,112,0
"4857",4856,NA,NA,NA,0,0,21,4857,2,112,0
"4858",4857,NA,NA,NA,0,0,22,4858,2,112,0
"4859",4858,NA,NA,NA,0,0,23,4859,2,112,0
"4860",4859,NA,NA,NA,0,0,24,4860,2,112,0
"4861",4860,NA,NA,NA,0,0,25,4861,2,112,0
"4862",4861,NA,NA,NA,0,0,26,4862,2,112,0
"4863",4862,2,6,62,0,0,1,4863,3,112,0
"4864",4863,2,6,62.4164640166022,0,0,2,4864,3,112,0
"4865",4864,2,5,51.5089963743017,0,0,3,4865,3,112,0
"4866",4865,5,5,55.0963519426674,0,0,4,4866,3,112,0
"4867",4866,2,7,67.9947757341506,0,0,5,4867,3,112,0
"4868",4867,9,3,40.9419345458704,0,0,6,4868,3,112,1
"4869",4868,NA,NA,NA,0,0,7,4869,3,112,0
"4870",4869,NA,NA,NA,0,0,8,4870,3,112,0
"4871",4870,NA,NA,NA,0,0,9,4871,3,112,0
"4872",4871,NA,NA,NA,0,0,10,4872,3,112,0
"4873",4872,NA,NA,NA,0,0,11,4873,3,112,0
"4874",4873,NA,NA,NA,0,0,12,4874,3,112,0
"4875",4874,NA,NA,NA,0,0,13,4875,3,112,0
"4876",4875,NA,NA,NA,0,0,14,4876,3,112,0
"4877",4876,NA,NA,NA,0,0,15,4877,3,112,0
"4878",4877,NA,NA,NA,0,0,16,4878,3,112,0
"4879",4878,NA,NA,NA,0,0,17,4879,3,112,0
"4880",4879,NA,NA,NA,0,0,18,4880,3,112,1
"4881",4880,NA,NA,NA,0,0,19,4881,3,112,0
"4882",4881,NA,NA,NA,0,0,20,4882,3,112,0
"4883",4882,NA,NA,NA,0,0,21,4883,3,112,0
"4884",4883,NA,NA,NA,0,0,22,4884,3,112,0
"4885",4884,NA,NA,NA,0,0,23,4885,3,112,0
"4886",4885,NA,NA,NA,0,0,24,4886,3,112,0
"4887",4886,NA,NA,NA,0,0,25,4887,3,112,0
"4888",4887,NA,NA,NA,0,0,26,4888,3,112,1
"4889",4888,4,7,55,0,0,1,4889,4,112,0
"4890",4889,4,7,55.8315672557108,0,0,2,4890,4,112,0
"4891",4890,1,3,66.6318716100629,0,0,3,4891,4,112,0
"4892",4891,0,3,48.7665051539627,0,0,4,4892,4,112,0
"4893",4892,1,2,73.2560642219607,0,0,5,4893,4,112,0
"4894",4893,0,2,50.9476180011524,0,0,6,4894,4,112,0
"4895",4894,6,5,44.1150178927546,0,0,7,4895,4,112,1
"4896",4895,NA,NA,NA,0,0,8,4896,4,112,0
"4897",4896,NA,NA,NA,0,0,9,4897,4,112,1
"4898",4897,NA,NA,NA,0,0,10,4898,4,112,0
"4899",4898,NA,NA,NA,0,0,11,4899,4,112,0
"4900",4899,NA,NA,NA,0,0,12,4900,4,112,0
"4901",4900,NA,NA,NA,0,0,13,4901,4,112,0
"4902",4901,NA,NA,NA,0,0,14,4902,4,112,0
"4903",4902,NA,NA,NA,0,0,15,4903,4,112,0
"4904",4903,NA,NA,NA,0,0,16,4904,4,112,0
"4905",4904,NA,NA,NA,0,0,17,4905,4,112,0
"4906",4905,NA,NA,NA,0,0,18,4906,4,112,0
"4907",4906,NA,NA,NA,0,0,19,4907,4,112,0
"4908",4907,NA,NA,NA,0,0,20,4908,4,112,0
"4909",4908,NA,NA,NA,0,0,21,4909,4,112,0
"4910",4909,NA,NA,NA,0,0,22,4910,4,112,0
"4911",4910,NA,NA,NA,0,0,23,4911,4,112,0
"4912",4911,NA,NA,NA,0,0,24,4912,4,112,0
"4913",4912,NA,NA,NA,0,0,25,4913,4,112,0
"4914",4913,NA,NA,NA,0,0,26,4914,4,112,0
"4915",4914,1,9,56,0,0,1,4915,5,112,0
"4916",4915,1,9,56.5501782222322,0,0,2,4916,5,112,0
"4917",4916,1,8,60.6790454398354,0,0,3,4917,5,112,0
"4918",4917,0,8,56.5532280151442,0,0,4,4918,5,112,0
"4919",4918,2,9,53.2530582020015,0,0,5,4919,5,112,0
"4920",4919,6,5,41.4914318681859,0,0,6,4920,5,112,1
"4921",4920,NA,NA,NA,0,0,7,4921,5,112,1
"4922",4921,NA,NA,NA,0,0,8,4922,5,112,1
"4923",4922,NA,NA,NA,0,0,9,4923,5,112,0
"4924",4923,NA,NA,NA,0,0,10,4924,5,112,0
"4925",4924,NA,NA,NA,0,0,11,4925,5,112,0
"4926",4925,NA,NA,NA,0,0,12,4926,5,112,1
"4927",4926,NA,NA,NA,0,0,13,4927,5,112,1
"4928",4927,NA,NA,NA,0,0,14,4928,5,112,1
"4929",4928,NA,NA,NA,0,0,15,4929,5,112,1
"4930",4929,NA,NA,NA,0,0,16,4930,5,112,0
"4931",4930,NA,NA,NA,0,0,17,4931,5,112,0
"4932",4931,NA,NA,NA,0,0,18,4932,5,112,0
"4933",4932,NA,NA,NA,0,0,19,4933,5,112,1
"4934",4933,NA,NA,NA,0,0,20,4934,5,112,1
"4935",4934,NA,NA,NA,0,0,21,4935,5,112,0
"4936",4935,NA,NA,NA,0,0,22,4936,5,112,0
"4937",4936,NA,NA,NA,0,0,23,4937,5,112,0
"4938",4937,NA,NA,NA,0,0,24,4938,5,112,1
"4939",4938,NA,NA,NA,0,0,25,4939,5,112,0
"4940",4939,NA,NA,NA,0,0,26,4940,5,112,0
"4941",0,3,3,55,0,1,1,4941,1,1,0
"4942",1,3,5,47.8111887228864,0,1,2,4942,1,1,0
"4943",2,0,10,40.0110696716384,0,1,3,4943,1,1,1
"4944",3,NA,NA,NA,0,1,4,4944,1,1,0
"4945",4,NA,NA,NA,0,1,5,4945,1,1,0
"4946",5,NA,NA,NA,0,1,6,4946,1,1,0
"4947",6,NA,NA,NA,0,1,7,4947,1,1,0
"4948",7,NA,NA,NA,0,1,8,4948,1,1,0
"4949",8,NA,NA,NA,0,1,9,4949,1,1,0
"4950",9,NA,NA,NA,0,1,10,4950,1,1,0
"4951",10,NA,NA,NA,0,1,11,4951,1,1,0
"4952",11,NA,NA,NA,0,1,12,4952,1,1,0
"4953",12,NA,NA,NA,0,1,13,4953,1,1,0
"4954",13,NA,NA,NA,0,1,14,4954,1,1,0
"4955",14,NA,NA,NA,0,1,15,4955,1,1,0
"4956",15,NA,NA,NA,0,1,16,4956,1,1,0
"4957",16,NA,NA,NA,0,1,17,4957,1,1,0
"4958",17,NA,NA,NA,0,1,18,4958,1,1,0
"4959",18,NA,NA,NA,0,1,19,4959,1,1,0
"4960",19,NA,NA,NA,0,1,20,4960,1,1,0
"4961",20,NA,NA,NA,0,1,21,4961,1,1,0
"4962",21,NA,NA,NA,0,1,22,4962,1,1,0
"4963",22,NA,NA,NA,0,1,23,4963,1,1,0
"4964",23,NA,NA,NA,0,1,24,4964,1,1,0
"4965",24,NA,NA,NA,0,1,25,4965,1,1,0
"4966",25,NA,NA,NA,0,1,26,4966,1,1,0
"4967",26,7,7,54,0,1,1,4967,2,1,0
"4968",27,6,6,54.7312377591548,0,1,2,4968,2,1,0
"4969",28,7,6,51.7015112776947,0,1,3,4969,2,1,0
"4970",29,8,7,47.4956376527631,0,1,4,4970,2,1,0
"4971",30,8,4,41.0159476046938,0,1,5,4971,2,1,1
"4972",31,NA,NA,NA,0,1,6,4972,2,1,0
"4973",32,NA,NA,NA,0,1,7,4973,2,1,0
"4974",33,NA,NA,NA,0,1,8,4974,2,1,0
"4975",34,NA,NA,NA,0,1,9,4975,2,1,1
"4976",35,NA,NA,NA,0,1,10,4976,2,1,1
"4977",36,NA,NA,NA,0,1,11,4977,2,1,1
"4978",37,NA,NA,NA,0,1,12,4978,2,1,0
"4979",38,NA,NA,NA,0,1,13,4979,2,1,0
"4980",39,NA,NA,NA,0,1,14,4980,2,1,0
"4981",40,NA,NA,NA,0,1,15,4981,2,1,0
"4982",41,NA,NA,NA,0,1,16,4982,2,1,0
"4983",42,NA,NA,NA,0,1,17,4983,2,1,0
"4984",43,NA,NA,NA,0,1,18,4984,2,1,0
"4985",44,NA,NA,NA,0,1,19,4985,2,1,0
"4986",45,NA,NA,NA,0,1,20,4986,2,1,0
"4987",46,NA,NA,NA,0,1,21,4987,2,1,0
"4988",47,NA,NA,NA,0,1,22,4988,2,1,0
"4989",48,NA,NA,NA,0,1,23,4989,2,1,0
"4990",49,NA,NA,NA,0,1,24,4990,2,1,0
"4991",50,NA,NA,NA,0,1,25,4991,2,1,0
"4992",51,NA,NA,NA,0,1,26,4992,2,1,0
"4993",52,4,9,53,0,1,1,4993,3,1,0
"4994",53,7,7,40.4948812888488,0,1,2,4994,3,1,1
"4995",54,NA,NA,NA,0,1,3,4995,3,1,0
"4996",55,NA,NA,NA,0,1,4,4996,3,1,1
"4997",56,NA,NA,NA,0,1,5,4997,3,1,1
"4998",57,NA,NA,NA,0,1,6,4998,3,1,0
"4999",58,NA,NA,NA,0,1,7,4999,3,1,1
"5000",59,NA,NA,NA,0,1,8,5000,3,1,0
"5001",60,NA,NA,NA,0,1,9,5001,3,1,0
"5002",61,NA,NA,NA,0,1,10,5002,3,1,0
"5003",62,NA,NA,NA,0,1,11,5003,3,1,0
"5004",63,NA,NA,NA,0,1,12,5004,3,1,0
"5005",64,NA,NA,NA,0,1,13,5005,3,1,0
"5006",65,NA,NA,NA,0,1,14,5006,3,1,0
"5007",66,NA,NA,NA,0,1,15,5007,3,1,0
"5008",67,NA,NA,NA,0,1,16,5008,3,1,0
"5009",68,NA,NA,NA,0,1,17,5009,3,1,0
"5010",69,NA,NA,NA,0,1,18,5010,3,1,0
"5011",70,NA,NA,NA,0,1,19,5011,3,1,0
"5012",71,NA,NA,NA,0,1,20,5012,3,1,0
"5013",72,NA,NA,NA,0,1,21,5013,3,1,0
"5014",73,NA,NA,NA,0,1,22,5014,3,1,0
"5015",74,NA,NA,NA,0,1,23,5015,3,1,0
"5016",75,NA,NA,NA,0,1,24,5016,3,1,0
"5017",76,NA,NA,NA,0,1,25,5017,3,1,0
"5018",77,NA,NA,NA,0,1,26,5018,3,1,0
"5019",78,2,10,51,0,1,1,5019,4,1,0
"5020",79,0,1,40.0001149785823,0,1,2,5020,4,1,1
"5021",80,NA,NA,NA,0,1,3,5021,4,1,0
"5022",81,NA,NA,NA,0,1,4,5022,4,1,0
"5023",82,NA,NA,NA,0,1,5,5023,4,1,0
"5024",83,NA,NA,NA,0,1,6,5024,4,1,0
"5025",84,NA,NA,NA,0,1,7,5025,4,1,0
"5026",85,NA,NA,NA,0,1,8,5026,4,1,0
"5027",86,NA,NA,NA,0,1,9,5027,4,1,0
"5028",87,NA,NA,NA,0,1,10,5028,4,1,0
"5029",88,NA,NA,NA,0,1,11,5029,4,1,0
"5030",89,NA,NA,NA,0,1,12,5030,4,1,0
"5031",90,NA,NA,NA,0,1,13,5031,4,1,0
"5032",91,NA,NA,NA,0,1,14,5032,4,1,0
"5033",92,NA,NA,NA,0,1,15,5033,4,1,0
"5034",93,NA,NA,NA,0,1,16,5034,4,1,0
"5035",94,NA,NA,NA,0,1,17,5035,4,1,0
"5036",95,NA,NA,NA,0,1,18,5036,4,1,0
"5037",96,NA,NA,NA,0,1,19,5037,4,1,0
"5038",97,NA,NA,NA,0,1,20,5038,4,1,0
"5039",98,NA,NA,NA,0,1,21,5039,4,1,0
"5040",99,NA,NA,NA,0,1,22,5040,4,1,0
"5041",100,NA,NA,NA,0,1,23,5041,4,1,0
"5042",101,NA,NA,NA,0,1,24,5042,4,1,0
"5043",102,NA,NA,NA,0,1,25,5043,4,1,0
"5044",103,NA,NA,NA,0,1,26,5044,4,1,0
"5045",104,1,1,53,0,1,1,5045,5,1,0
"5046",105,3,0,50.9588494728118,0,1,2,5046,5,1,0
"5047",106,7,10,40.0036175239164,0,1,3,5047,5,1,1
"5048",107,NA,NA,NA,0,1,4,5048,5,1,0
"5049",108,NA,NA,NA,0,1,5,5049,5,1,0
"5050",109,NA,NA,NA,0,1,6,5050,5,1,0
"5051",110,NA,NA,NA,0,1,7,5051,5,1,1
"5052",111,NA,NA,NA,0,1,8,5052,5,1,0
"5053",112,NA,NA,NA,0,1,9,5053,5,1,0
"5054",113,NA,NA,NA,0,1,10,5054,5,1,1
"5055",114,NA,NA,NA,0,1,11,5055,5,1,0
"5056",115,NA,NA,NA,0,1,12,5056,5,1,1
"5057",116,NA,NA,NA,0,1,13,5057,5,1,0
"5058",117,NA,NA,NA,0,1,14,5058,5,1,0
"5059",118,NA,NA,NA,0,1,15,5059,5,1,1
"5060",119,NA,NA,NA,0,1,16,5060,5,1,1
"5061",120,NA,NA,NA,0,1,17,5061,5,1,0
"5062",121,NA,NA,NA,0,1,18,5062,5,1,1
"5063",122,NA,NA,NA,0,1,19,5063,5,1,0
"5064",123,NA,NA,NA,0,1,20,5064,5,1,1
"5065",124,NA,NA,NA,0,1,21,5065,5,1,0
"5066",125,NA,NA,NA,0,1,22,5066,5,1,1
"5067",126,NA,NA,NA,0,1,23,5067,5,1,0
"5068",127,NA,NA,NA,0,1,24,5068,5,1,0
"5069",128,NA,NA,NA,0,1,25,5069,5,1,0
"5070",129,NA,NA,NA,0,1,26,5070,5,1,0
"5071",130,6,8,59,0,1,1,5071,1,15,0
"5072",131,5,8,64.3118962570511,0,1,2,5072,1,15,0
"5073",132,4,8,59.4802406649498,0,1,3,5073,1,15,0
"5074",133,5,7,59.5870759596529,0,1,4,5074,1,15,0
"5075",134,4,9,55.582366983622,0,1,5,5075,1,15,0
"5076",135,5,10,49.9903550946148,0,1,6,5076,1,15,0
"5077",136,4,8,59.4802406649498,0,1,7,5077,1,15,0
"5078",137,4,7,55.8315672557108,0,1,8,5078,1,15,0
"5079",138,5,8,64.3118962570511,0,1,9,5079,1,15,0
"5080",139,6,8,59.4621840775896,0,1,10,5080,1,15,0
"5081",140,5,9,59.459132273895,0,1,11,5081,1,15,0
"5082",141,3,7,48.3123565523634,0,1,12,5082,1,15,0
"5083",142,6,9,55.5813623512456,0,1,13,5083,1,15,0
"5084",143,6,8,59.4621840775896,0,1,14,5084,1,15,0
"5085",144,4,9,55.582366983622,0,1,15,5085,1,15,0
"5086",145,6,7,55.6234805154314,0,1,16,5086,1,15,0
"5087",146,5,9,59.459132273895,0,1,17,5087,1,15,0
"5088",147,4,8,59.4802406649498,0,1,18,5088,1,15,0
"5089",148,6,8,59.4621840775896,0,1,19,5089,1,15,0
"5090",149,3,8,50.0174693055121,0,1,20,5090,1,15,0
"5091",150,5,8,64.3118962570511,0,1,21,5091,1,15,0
"5092",151,4,9,55.582366983622,0,1,22,5092,1,15,0
"5093",152,8,8,43.2888524605362,0,1,23,5093,1,15,1
"5094",153,NA,NA,NA,0,1,24,5094,1,15,0
"5095",154,NA,NA,NA,0,1,25,5095,1,15,0
"5096",155,NA,NA,NA,0,1,26,5096,1,15,0
"5097",156,8,5,50,0,1,1,5097,2,15,0
"5098",157,8,4,45.5208272554524,0,1,2,5098,2,15,1
"5099",158,NA,NA,NA,0,1,3,5099,2,15,1
"5100",159,NA,NA,NA,0,1,4,5100,2,15,0
"5101",160,NA,NA,NA,0,1,5,5101,2,15,0
"5102",161,NA,NA,NA,0,1,6,5102,2,15,0
"5103",162,NA,NA,NA,0,1,7,5103,2,15,0
"5104",163,NA,NA,NA,0,1,8,5104,2,15,0
"5105",164,NA,NA,NA,0,1,9,5105,2,15,1
"5106",165,NA,NA,NA,0,1,10,5106,2,15,0
"5107",166,NA,NA,NA,0,1,11,5107,2,15,0
"5108",167,NA,NA,NA,0,1,12,5108,2,15,0
"5109",168,NA,NA,NA,0,1,13,5109,2,15,0
"5110",169,NA,NA,NA,0,1,14,5110,2,15,0
"5111",170,NA,NA,NA,0,1,15,5111,2,15,0
"5112",171,NA,NA,NA,0,1,16,5112,2,15,0
"5113",172,NA,NA,NA,0,1,17,5113,2,15,0
"5114",173,NA,NA,NA,0,1,18,5114,2,15,0
"5115",174,NA,NA,NA,0,1,19,5115,2,15,0
"5116",175,NA,NA,NA,0,1,20,5116,2,15,0
"5117",176,NA,NA,NA,0,1,21,5117,2,15,0
"5118",177,NA,NA,NA,0,1,22,5118,2,15,0
"5119",178,NA,NA,NA,0,1,23,5119,2,15,0
"5120",179,NA,NA,NA,0,1,24,5120,2,15,0
"5121",180,NA,NA,NA,0,1,25,5121,2,15,0
"5122",181,NA,NA,NA,0,1,26,5122,2,15,0
"5123",182,3,1,55,0,1,1,5123,3,15,0
"5124",183,3,1,55.512390437257,0,1,2,5124,3,15,0
"5125",184,4,0,47.1966948231901,0,1,3,5125,3,15,0
"5126",185,2,2,55.2964093651036,0,1,4,5126,3,15,0
"5127",186,2,1,59.0911405579218,0,1,5,5127,3,15,0
"5128",187,2,1,59.0911405579218,0,1,6,5128,3,15,0
"5129",188,2,1,59.0911405579218,0,1,7,5129,3,15,0
"5130",189,3,0,52.3517532983298,0,1,8,5130,3,15,0
"5131",190,1,1,55.2713287302576,0,1,9,5131,3,15,0
"5132",191,5,0,46.420291937483,0,1,10,5132,3,15,0
"5133",192,1,3,46.2789196258171,0,1,11,5133,3,15,0
"5134",193,6,6,40.9210506279923,0,1,12,5134,3,15,1
"5135",194,NA,NA,NA,0,1,13,5135,3,15,0
"5136",195,NA,NA,NA,0,1,14,5136,3,15,0
"5137",196,NA,NA,NA,0,1,15,5137,3,15,0
"5138",197,NA,NA,NA,0,1,16,5138,3,15,0
"5139",198,NA,NA,NA,0,1,17,5139,3,15,0
"5140",199,NA,NA,NA,0,1,18,5140,3,15,0
"5141",200,NA,NA,NA,0,1,19,5141,3,15,0
"5142",201,NA,NA,NA,0,1,20,5142,3,15,0
"5143",202,NA,NA,NA,0,1,21,5143,3,15,0
"5144",203,NA,NA,NA,0,1,22,5144,3,15,0
"5145",204,NA,NA,NA,0,1,23,5145,3,15,0
"5146",205,NA,NA,NA,0,1,24,5146,3,15,0
"5147",206,NA,NA,NA,0,1,25,5147,3,15,0
"5148",207,NA,NA,NA,0,1,26,5148,3,15,0
"5149",208,9,6,55,0,1,1,5149,4,15,0
"5150",209,9,5,59.2303145831263,0,1,2,5150,4,15,0
"5151",210,10,6,52.2700098991509,0,1,3,5151,4,15,0
"5152",211,9,5,59.2303145831263,0,1,4,5152,4,15,0
"5153",212,7,4,47.7552182274239,0,1,5,5153,4,15,0
"5154",213,8,5,56.2368991726728,0,1,6,5154,4,15,0
"5155",214,8,5,56.2368991726728,0,1,7,5155,4,15,0
"5156",215,8,9,41.3773263435345,0,1,8,5156,4,15,1
"5157",216,NA,NA,NA,0,1,9,5157,4,15,0
"5158",217,NA,NA,NA,0,1,10,5158,4,15,1
"5159",218,NA,NA,NA,0,1,11,5159,4,15,0
"5160",219,NA,NA,NA,0,1,12,5160,4,15,0
"5161",220,NA,NA,NA,0,1,13,5161,4,15,0
"5162",221,NA,NA,NA,0,1,14,5162,4,15,0
"5163",222,NA,NA,NA,0,1,15,5163,4,15,1
"5164",223,NA,NA,NA,0,1,16,5164,4,15,0
"5165",224,NA,NA,NA,0,1,17,5165,4,15,0
"5166",225,NA,NA,NA,0,1,18,5166,4,15,0
"5167",226,NA,NA,NA,0,1,19,5167,4,15,0
"5168",227,NA,NA,NA,0,1,20,5168,4,15,0
"5169",228,NA,NA,NA,0,1,21,5169,4,15,0
"5170",229,NA,NA,NA,0,1,22,5170,4,15,0
"5171",230,NA,NA,NA,0,1,23,5171,4,15,0
"5172",231,NA,NA,NA,0,1,24,5172,4,15,0
"5173",232,NA,NA,NA,0,1,25,5173,4,15,0
"5174",233,NA,NA,NA,0,1,26,5174,4,15,0
"5175",234,5,8,55,0,1,1,5175,5,15,0
"5176",235,5,8,55.3195343683106,0,1,2,5176,5,15,0
"5177",236,3,8,46.1799920655241,0,1,3,5177,5,15,0
"5178",237,4,5,42.2547305023823,0,1,4,5178,5,15,1
"5179",238,NA,NA,NA,0,1,5,5179,5,15,0
"5180",239,NA,NA,NA,0,1,6,5180,5,15,0
"5181",240,NA,NA,NA,0,1,7,5181,5,15,0
"5182",241,NA,NA,NA,0,1,8,5182,5,15,0
"5183",242,NA,NA,NA,0,1,9,5183,5,15,0
"5184",243,NA,NA,NA,0,1,10,5184,5,15,0
"5185",244,NA,NA,NA,0,1,11,5185,5,15,0
"5186",245,NA,NA,NA,0,1,12,5186,5,15,0
"5187",246,NA,NA,NA,0,1,13,5187,5,15,0
"5188",247,NA,NA,NA,0,1,14,5188,5,15,0
"5189",248,NA,NA,NA,0,1,15,5189,5,15,0
"5190",249,NA,NA,NA,0,1,16,5190,5,15,0
"5191",250,NA,NA,NA,0,1,17,5191,5,15,0
"5192",251,NA,NA,NA,0,1,18,5192,5,15,0
"5193",252,NA,NA,NA,0,1,19,5193,5,15,0
"5194",253,NA,NA,NA,0,1,20,5194,5,15,0
"5195",254,NA,NA,NA,0,1,21,5195,5,15,0
"5196",255,NA,NA,NA,0,1,22,5196,5,15,0
"5197",256,NA,NA,NA,0,1,23,5197,5,15,0
"5198",257,NA,NA,NA,0,1,24,5198,5,15,0
"5199",258,NA,NA,NA,0,1,25,5199,5,15,0
"5200",259,NA,NA,NA,0,1,26,5200,5,15,0
"5201",260,3,6,59,0,1,1,5201,1,19,0
"5202",261,3,5,50.0555296672465,0,1,2,5202,1,19,0
"5203",262,4,7,62.2363420667803,0,1,3,5203,1,19,0
"5204",263,3,6,59.5854974337311,0,1,4,5204,1,19,0
"5205",264,3,7,64.4593263189505,0,1,5,5205,1,19,0
"5206",265,3,8,59.5854974337311,0,1,6,5206,1,19,0
"5207",266,8,0,40.0011988922975,0,1,7,5207,1,19,1
"5208",267,NA,NA,NA,0,1,8,5208,1,19,0
"5209",268,NA,NA,NA,0,1,9,5209,1,19,0
"5210",269,NA,NA,NA,0,1,10,5210,1,19,0
"5211",270,NA,NA,NA,0,1,11,5211,1,19,0
"5212",271,NA,NA,NA,0,1,12,5212,1,19,0
"5213",272,NA,NA,NA,0,1,13,5213,1,19,0
"5214",273,NA,NA,NA,0,1,14,5214,1,19,0
"5215",274,NA,NA,NA,0,1,15,5215,1,19,0
"5216",275,NA,NA,NA,0,1,16,5216,1,19,0
"5217",276,NA,NA,NA,0,1,17,5217,1,19,0
"5218",277,NA,NA,NA,0,1,18,5218,1,19,0
"5219",278,NA,NA,NA,0,1,19,5219,1,19,0
"5220",279,NA,NA,NA,0,1,20,5220,1,19,0
"5221",280,NA,NA,NA,0,1,21,5221,1,19,0
"5222",281,NA,NA,NA,0,1,22,5222,1,19,0
"5223",282,NA,NA,NA,0,1,23,5223,1,19,0
"5224",283,NA,NA,NA,0,1,24,5224,1,19,0
"5225",284,NA,NA,NA,0,1,25,5225,1,19,0
"5226",285,NA,NA,NA,0,1,26,5226,1,19,0
"5227",286,2,7,53,0,1,1,5227,2,19,0
"5228",287,2,7,53.5020942801781,0,1,2,5228,2,19,0
"5229",288,1,4,54.2532616461806,0,1,3,5229,2,19,0
"5230",289,1,3,66.6915429413228,0,1,4,5230,2,19,0
"5231",290,2,3,91.8963812612005,0,1,5,5231,2,19,0
"5232",291,2,2,104.736388363424,0,1,6,5232,2,19,0
"5233",292,3,2,120.841882451672,0,1,7,5233,2,19,0
"5234",293,3,3,104.76368465735,0,1,8,5234,2,19,0
"5235",294,4,2,104.731774926289,0,1,9,5235,2,19,0
"5236",295,3,1,104.730995193983,0,1,10,5236,2,19,0
"5237",296,4,3,91.8432153403253,0,1,11,5237,2,19,0
"5238",297,4,1,91.8324541982098,0,1,12,5238,2,19,0
"5239",298,2,1,91.8327108806171,0,1,13,5239,2,19,0
"5240",299,1,2,73.2408529493676,0,1,14,5240,2,19,0
"5241",300,5,2,73.2341176958116,0,1,15,5241,2,19,0
"5242",301,3,0,73.2339252999209,0,1,16,5242,2,19,0
"5243",302,3,4,73.476635742281,0,1,17,5243,2,19,0
"5244",303,5,3,66.6139248992499,0,1,18,5244,2,19,0
"5245",304,3,2,120.841882451672,0,1,19,5245,2,19,0
"5246",305,5,1,66.6116535225166,0,1,20,5246,2,19,0
"5247",306,2,4,67.0843889132208,0,1,21,5247,2,19,0
"5248",307,4,4,66.6915429413228,0,1,22,5248,2,19,0
"5249",308,4,0,66.6116443656301,0,1,23,5249,2,19,0
"5250",309,1,1,66.6120282585423,0,1,24,5250,2,19,0
"5251",310,4,5,49.1389118386919,0,1,25,5251,2,19,0
"5252",311,2,0,66.6116535225166,0,1,26,5252,2,19,0
"5253",312,5,9,55,0,1,1,5253,3,19,0
"5254",313,5,9,55.7702686344113,0,1,2,5254,3,19,0
"5255",314,5,10,52.0906248776701,0,1,3,5255,3,19,0
"5256",315,7,6,54.1336912017889,0,1,4,5256,3,19,0
"5257",316,6,10,50.2627154153716,0,1,5,5257,3,19,0
"5258",317,8,7,92.6161881006706,0,1,6,5258,3,19,0
"5259",318,8,8,105.852145326666,0,1,7,5259,3,19,0
"5260",319,9,8,121.797228716411,0,1,8,5260,3,19,0
"5261",320,9,7,105.482660393634,0,1,9,5261,3,19,0
"5262",321,9,9,105.522181222416,0,1,10,5262,3,19,0
"5263",322,9,5,51.0646954911587,0,1,11,5263,3,19,0
"5264",323,10,8,105.459733348891,0,1,12,5264,3,19,0
"5265",324,10,9,92.4181464669852,0,1,13,5265,3,19,0
"5266",325,8,9,92.9082097216121,0,1,14,5266,3,19,0
"5267",326,10,7,92.4147170735675,0,1,15,5267,3,19,0
"5268",327,7,9,69.2587554351749,0,1,16,5268,3,19,0
"5269",328,9,10,73.6594918605434,0,1,17,5269,3,19,0
"5270",329,7,8,75.4869832901858,0,1,18,5270,3,19,0
"5271",330,9,6,73.6148360750367,0,1,19,5271,3,19,0
"5272",331,8,6,66.9764948301556,0,1,20,5272,3,19,0
"5273",332,8,10,67.3064589344062,0,1,21,5273,3,19,0
"5274",333,7,7,67.8752393862381,0,1,22,5274,3,19,0
"5275",334,10,6,66.9101719807868,0,1,23,5275,3,19,0
"5276",335,10,10,66.9140469566313,0,1,24,5276,3,19,0
"5277",336,6,9,55.9951411791553,0,1,25,5277,3,19,0
"5278",337,7,10,55.696968031538,0,1,26,5278,3,19,0
"5279",338,10,7,51,0,1,1,5279,4,19,0
"5280",339,9,0,40.0000122644359,0,1,2,5280,4,19,1
"5281",340,NA,NA,NA,0,1,3,5281,4,19,0
"5282",341,NA,NA,NA,0,1,4,5282,4,19,1
"5283",342,NA,NA,NA,0,1,5,5283,4,19,1
"5284",343,NA,NA,NA,0,1,6,5284,4,19,0
"5285",344,NA,NA,NA,0,1,7,5285,4,19,0
"5286",345,NA,NA,NA,0,1,8,5286,4,19,0
"5287",346,NA,NA,NA,0,1,9,5287,4,19,0
"5288",347,NA,NA,NA,0,1,10,5288,4,19,0
"5289",348,NA,NA,NA,0,1,11,5289,4,19,0
"5290",349,NA,NA,NA,0,1,12,5290,4,19,0
"5291",350,NA,NA,NA,0,1,13,5291,4,19,0
"5292",351,NA,NA,NA,0,1,14,5292,4,19,0
"5293",352,NA,NA,NA,0,1,15,5293,4,19,0
"5294",353,NA,NA,NA,0,1,16,5294,4,19,0
"5295",354,NA,NA,NA,0,1,17,5295,4,19,0
"5296",355,NA,NA,NA,0,1,18,5296,4,19,0
"5297",356,NA,NA,NA,0,1,19,5297,4,19,0
"5298",357,NA,NA,NA,0,1,20,5298,4,19,0
"5299",358,NA,NA,NA,0,1,21,5299,4,19,0
"5300",359,NA,NA,NA,0,1,22,5300,4,19,0
"5301",360,NA,NA,NA,0,1,23,5301,4,19,0
"5302",361,NA,NA,NA,0,1,24,5302,4,19,0
"5303",362,NA,NA,NA,0,1,25,5303,4,19,0
"5304",363,NA,NA,NA,0,1,26,5304,4,19,0
"5305",364,6,7,51,0,1,1,5305,5,19,0
"5306",365,6,7,51.6762265863936,0,1,2,5306,5,19,0
"5307",366,5,7,49.8951644463778,0,1,3,5307,5,19,0
"5308",367,9,2,40.1969463446999,0,1,4,5308,5,19,1
"5309",368,NA,NA,NA,0,1,5,5309,5,19,0
"5310",369,NA,NA,NA,0,1,6,5310,5,19,0
"5311",370,NA,NA,NA,0,1,7,5311,5,19,0
"5312",371,NA,NA,NA,0,1,8,5312,5,19,0
"5313",372,NA,NA,NA,0,1,9,5313,5,19,0
"5314",373,NA,NA,NA,0,1,10,5314,5,19,0
"5315",374,NA,NA,NA,0,1,11,5315,5,19,0
"5316",375,NA,NA,NA,0,1,12,5316,5,19,0
"5317",376,NA,NA,NA,0,1,13,5317,5,19,0
"5318",377,NA,NA,NA,0,1,14,5318,5,19,0
"5319",378,NA,NA,NA,0,1,15,5319,5,19,0
"5320",379,NA,NA,NA,0,1,16,5320,5,19,0
"5321",380,NA,NA,NA,0,1,17,5321,5,19,0
"5322",381,NA,NA,NA,0,1,18,5322,5,19,0
"5323",382,NA,NA,NA,0,1,19,5323,5,19,0
"5324",383,NA,NA,NA,0,1,20,5324,5,19,0
"5325",384,NA,NA,NA,0,1,21,5325,5,19,0
"5326",385,NA,NA,NA,0,1,22,5326,5,19,0
"5327",386,NA,NA,NA,0,1,23,5327,5,19,0
"5328",387,NA,NA,NA,0,1,24,5328,5,19,0
"5329",388,NA,NA,NA,0,1,25,5329,5,19,0
"5330",389,NA,NA,NA,0,1,26,5330,5,19,0
"5331",390,10,4,52,0,1,1,5331,1,20,0
"5332",391,10,4,52.2521357091674,0,1,2,5332,1,20,0
"5333",392,10,4,52.2521357091674,0,1,3,5333,1,20,0
"5334",393,10,4,52.2521357091674,0,1,4,5334,1,20,0
"5335",394,10,4,52.2521357091674,0,1,5,5335,1,20,0
"5336",395,10,4,52.2521357091674,0,1,6,5336,1,20,0
"5337",396,10,4,52.2521357091674,0,1,7,5337,1,20,0
"5338",397,10,5,55.3075691434935,0,1,8,5338,1,20,0
"5339",398,10,5,55.3075691434935,0,1,9,5339,1,20,0
"5340",399,10,5,55.3075691434935,0,1,10,5340,1,20,0
"5341",400,10,5,55.3075691434935,0,1,11,5341,1,20,0
"5342",401,10,5,55.3075691434935,0,1,12,5342,1,20,0
"5343",402,10,5,55.3075691434935,0,1,13,5343,1,20,0
"5344",403,10,5,55.3075691434935,0,1,14,5344,1,20,0
"5345",404,10,5,55.3075691434935,0,1,15,5345,1,20,0
"5346",405,10,5,55.3075691434935,0,1,16,5346,1,20,0
"5347",406,10,5,55.3075691434935,0,1,17,5347,1,20,0
"5348",407,10,5,55.3075691434935,0,1,18,5348,1,20,0
"5349",408,10,5,55.3075691434935,0,1,19,5349,1,20,0
"5350",409,10,5,55.3075691434935,0,1,20,5350,1,20,0
"5351",410,10,5,55.3075691434935,0,1,21,5351,1,20,0
"5352",411,10,5,55.3075691434935,0,1,22,5352,1,20,0
"5353",412,10,4,52.2521357091674,0,1,23,5353,1,20,0
"5354",413,10,5,55.3075691434935,0,1,24,5354,1,20,0
"5355",414,10,5,55.3075691434935,0,1,25,5355,1,20,0
"5356",415,10,5,55.3075691434935,0,1,26,5356,1,20,0
"5357",416,5,10,55,0,1,1,5357,2,20,0
"5358",417,5,10,55.0145510666704,0,1,2,5358,2,20,0
"5359",418,5,10,55.0145510666704,0,1,3,5359,2,20,0
"5360",419,5,10,55.0145510666704,0,1,4,5360,2,20,0
"5361",420,5,10,55.0145510666704,0,1,5,5361,2,20,0
"5362",421,5,10,55.0145510666704,0,1,6,5362,2,20,0
"5363",422,5,10,55.0145510666704,0,1,7,5363,2,20,0
"5364",423,5,10,55.0145510666704,0,1,8,5364,2,20,0
"5365",424,5,10,55.0145510666704,0,1,9,5365,2,20,0
"5366",425,5,10,55.0145510666704,0,1,10,5366,2,20,0
"5367",426,5,10,55.0145510666704,0,1,11,5367,2,20,0
"5368",427,5,10,55.0145510666704,0,1,12,5368,2,20,0
"5369",428,5,10,55.0145510666704,0,1,13,5369,2,20,0
"5370",429,5,10,55.0145510666704,0,1,14,5370,2,20,0
"5371",430,5,10,55.0145510666704,0,1,15,5371,2,20,0
"5372",431,5,10,55.0145510666704,0,1,16,5372,2,20,0
"5373",432,5,10,55.0145510666704,0,1,17,5373,2,20,0
"5374",433,5,10,55.0145510666704,0,1,18,5374,2,20,0
"5375",434,5,10,55.0145510666704,0,1,19,5375,2,20,0
"5376",435,5,10,55.0145510666704,0,1,20,5376,2,20,0
"5377",436,5,10,55.0145510666704,0,1,21,5377,2,20,0
"5378",437,5,10,55.0145510666704,0,1,22,5378,2,20,0
"5379",438,5,10,55.0145510666704,0,1,23,5379,2,20,0
"5380",439,5,10,55.0145510666704,0,1,24,5380,2,20,0
"5381",440,5,10,55.0145510666704,0,1,25,5381,2,20,0
"5382",441,5,10,55.0145510666704,0,1,26,5382,2,20,0
"5383",442,3,2,51,0,1,1,5383,3,20,0
"5384",443,3,3,46.5618939481768,0,1,2,5384,3,20,0
"5385",444,3,2,51.0848776393592,0,1,3,5385,3,20,0
"5386",445,3,2,51.0848776393592,0,1,4,5386,3,20,0
"5387",446,8,0,40.0045908952814,0,1,5,5387,3,20,1
"5388",447,NA,NA,NA,0,1,6,5388,3,20,0
"5389",448,NA,NA,NA,0,1,7,5389,3,20,0
"5390",449,NA,NA,NA,0,1,8,5390,3,20,0
"5391",450,NA,NA,NA,0,1,9,5391,3,20,0
"5392",451,NA,NA,NA,0,1,10,5392,3,20,0
"5393",452,NA,NA,NA,0,1,11,5393,3,20,1
"5394",453,NA,NA,NA,0,1,12,5394,3,20,0
"5395",454,NA,NA,NA,0,1,13,5395,3,20,0
"5396",455,NA,NA,NA,0,1,14,5396,3,20,0
"5397",456,NA,NA,NA,0,1,15,5397,3,20,0
"5398",457,NA,NA,NA,0,1,16,5398,3,20,0
"5399",458,NA,NA,NA,0,1,17,5399,3,20,0
"5400",459,NA,NA,NA,0,1,18,5400,3,20,0
"5401",460,NA,NA,NA,0,1,19,5401,3,20,0
"5402",461,NA,NA,NA,0,1,20,5402,3,20,0
"5403",462,NA,NA,NA,0,1,21,5403,3,20,0
"5404",463,NA,NA,NA,0,1,22,5404,3,20,1
"5405",464,NA,NA,NA,0,1,23,5405,3,20,0
"5406",465,NA,NA,NA,0,1,24,5406,3,20,0
"5407",466,NA,NA,NA,0,1,25,5407,3,20,0
"5408",467,NA,NA,NA,0,1,26,5408,3,20,0
"5409",468,8,5,56,0,1,1,5409,4,20,0
"5410",469,8,5,56.37888587015,0,1,2,5410,4,20,0
"5411",470,8,5,56.37888587015,0,1,3,5411,4,20,0
"5412",471,8,5,56.37888587015,0,1,4,5412,4,20,0
"5413",472,8,5,56.37888587015,0,1,5,5413,4,20,0
"5414",473,8,5,56.37888587015,0,1,6,5414,4,20,0
"5415",474,8,5,56.37888587015,0,1,7,5415,4,20,0
"5416",475,8,5,56.37888587015,0,1,8,5416,4,20,0
"5417",476,8,5,56.37888587015,0,1,9,5417,4,20,0
"5418",477,8,5,56.37888587015,0,1,10,5418,4,20,0
"5419",478,8,5,56.37888587015,0,1,11,5419,4,20,0
"5420",479,8,5,56.37888587015,0,1,12,5420,4,20,0
"5421",480,8,5,56.37888587015,0,1,13,5421,4,20,0
"5422",481,8,5,56.37888587015,0,1,14,5422,4,20,0
"5423",482,8,5,56.37888587015,0,1,15,5423,4,20,0
"5424",483,8,5,56.37888587015,0,1,16,5424,4,20,0
"5425",484,8,5,56.37888587015,0,1,17,5425,4,20,0
"5426",485,8,5,56.37888587015,0,1,18,5426,4,20,0
"5427",486,8,5,56.37888587015,0,1,19,5427,4,20,0
"5428",487,8,5,56.37888587015,0,1,20,5428,4,20,0
"5429",488,8,5,56.37888587015,0,1,21,5429,4,20,0
"5430",489,8,5,56.37888587015,0,1,22,5430,4,20,0
"5431",490,8,5,56.37888587015,0,1,23,5431,4,20,0
"5432",491,8,5,56.37888587015,0,1,24,5432,4,20,0
"5433",492,8,5,56.37888587015,0,1,25,5433,4,20,0
"5434",493,8,5,56.37888587015,0,1,26,5434,4,20,0
"5435",494,3,1,57,0,1,1,5435,5,20,0
"5436",495,3,1,57.9830972175724,0,1,2,5436,5,20,0
"5437",496,3,1,57.9830972175724,0,1,3,5437,5,20,0
"5438",497,3,1,57.9830972175724,0,1,4,5438,5,20,0
"5439",498,3,2,62.312800325404,0,1,5,5439,5,20,0
"5440",499,8,3,74.5665278117088,0,1,6,5440,5,20,0
"5441",500,6,7,40.0231109240559,0,1,7,5441,5,20,1
"5442",501,NA,NA,NA,0,1,8,5442,5,20,0
"5443",502,NA,NA,NA,0,1,9,5443,5,20,0
"5444",503,NA,NA,NA,0,1,10,5444,5,20,0
"5445",504,NA,NA,NA,0,1,11,5445,5,20,0
"5446",505,NA,NA,NA,0,1,12,5446,5,20,0
"5447",506,NA,NA,NA,0,1,13,5447,5,20,0
"5448",507,NA,NA,NA,0,1,14,5448,5,20,0
"5449",508,NA,NA,NA,0,1,15,5449,5,20,0
"5450",509,NA,NA,NA,0,1,16,5450,5,20,0
"5451",510,NA,NA,NA,0,1,17,5451,5,20,0
"5452",511,NA,NA,NA,0,1,18,5452,5,20,0
"5453",512,NA,NA,NA,0,1,19,5453,5,20,0
"5454",513,NA,NA,NA,0,1,20,5454,5,20,0
"5455",514,NA,NA,NA,0,1,21,5455,5,20,0
"5456",515,NA,NA,NA,0,1,22,5456,5,20,0
"5457",516,NA,NA,NA,0,1,23,5457,5,20,0
"5458",517,NA,NA,NA,0,1,24,5458,5,20,0
"5459",518,NA,NA,NA,0,1,25,5459,5,20,0
"5460",519,NA,NA,NA,0,1,26,5460,5,20,0
"5461",520,3,5,53,0,1,1,5461,1,22,0
"5462",521,3,5,53.8988576709668,0,1,2,5462,1,22,0
"5463",522,4,4,45.3561517617522,0,1,3,5463,1,22,1
"5464",523,NA,NA,NA,0,1,4,5464,1,22,0
"5465",524,NA,NA,NA,0,1,5,5465,1,22,0
"5466",525,NA,NA,NA,0,1,6,5466,1,22,0
"5467",526,NA,NA,NA,0,1,7,5467,1,22,0
"5468",527,NA,NA,NA,0,1,8,5468,1,22,0
"5469",528,NA,NA,NA,0,1,9,5469,1,22,0
"5470",529,NA,NA,NA,0,1,10,5470,1,22,0
"5471",530,NA,NA,NA,0,1,11,5471,1,22,0
"5472",531,NA,NA,NA,0,1,12,5472,1,22,0
"5473",532,NA,NA,NA,0,1,13,5473,1,22,0
"5474",533,NA,NA,NA,0,1,14,5474,1,22,0
"5475",534,NA,NA,NA,0,1,15,5475,1,22,0
"5476",535,NA,NA,NA,0,1,16,5476,1,22,0
"5477",536,NA,NA,NA,0,1,17,5477,1,22,0
"5478",537,NA,NA,NA,0,1,18,5478,1,22,0
"5479",538,NA,NA,NA,0,1,19,5479,1,22,0
"5480",539,NA,NA,NA,0,1,20,5480,1,22,0
"5481",540,NA,NA,NA,0,1,21,5481,1,22,0
"5482",541,NA,NA,NA,0,1,22,5482,1,22,0
"5483",542,NA,NA,NA,0,1,23,5483,1,22,0
"5484",543,NA,NA,NA,0,1,24,5484,1,22,0
"5485",544,NA,NA,NA,0,1,25,5485,1,22,0
"5486",545,NA,NA,NA,0,1,26,5486,1,22,0
"5487",546,4,3,57,0,1,1,5487,2,22,0
"5488",547,5,3,55.5979665201421,0,1,2,5488,2,22,0
"5489",548,4,3,57.4170507765896,0,1,3,5489,2,22,0
"5490",549,5,2,49.3704311786403,0,1,4,5490,2,22,0
"5491",550,1,4,42.9013693851388,0,1,5,5491,2,22,1
"5492",551,NA,NA,NA,0,1,6,5492,2,22,0
"5493",552,NA,NA,NA,0,1,7,5493,2,22,0
"5494",553,NA,NA,NA,0,1,8,5494,2,22,0
"5495",554,NA,NA,NA,0,1,9,5495,2,22,0
"5496",555,NA,NA,NA,0,1,10,5496,2,22,0
"5497",556,NA,NA,NA,0,1,11,5497,2,22,0
"5498",557,NA,NA,NA,0,1,12,5498,2,22,0
"5499",558,NA,NA,NA,0,1,13,5499,2,22,0
"5500",559,NA,NA,NA,0,1,14,5500,2,22,0
"5501",560,NA,NA,NA,0,1,15,5501,2,22,0
"5502",561,NA,NA,NA,0,1,16,5502,2,22,0
"5503",562,NA,NA,NA,0,1,17,5503,2,22,0
"5504",563,NA,NA,NA,0,1,18,5504,2,22,0
"5505",564,NA,NA,NA,0,1,19,5505,2,22,0
"5506",565,NA,NA,NA,0,1,20,5506,2,22,0
"5507",566,NA,NA,NA,0,1,21,5507,2,22,0
"5508",567,NA,NA,NA,0,1,22,5508,2,22,0
"5509",568,NA,NA,NA,0,1,23,5509,2,22,0
"5510",569,NA,NA,NA,0,1,24,5510,2,22,0
"5511",570,NA,NA,NA,0,1,25,5511,2,22,0
"5512",571,NA,NA,NA,0,1,26,5512,2,22,0
"5513",572,2,9,51,0,1,1,5513,3,22,0
"5514",573,10,9,40.0002772565577,0,1,2,5514,3,22,1
"5515",574,NA,NA,NA,0,1,3,5515,3,22,0
"5516",575,NA,NA,NA,0,1,4,5516,3,22,1
"5517",576,NA,NA,NA,0,1,5,5517,3,22,1
"5518",577,NA,NA,NA,0,1,6,5518,3,22,0
"5519",578,NA,NA,NA,0,1,7,5519,3,22,0
"5520",579,NA,NA,NA,0,1,8,5520,3,22,0
"5521",580,NA,NA,NA,0,1,9,5521,3,22,0
"5522",581,NA,NA,NA,0,1,10,5522,3,22,0
"5523",582,NA,NA,NA,0,1,11,5523,3,22,0
"5524",583,NA,NA,NA,0,1,12,5524,3,22,0
"5525",584,NA,NA,NA,0,1,13,5525,3,22,0
"5526",585,NA,NA,NA,0,1,14,5526,3,22,0
"5527",586,NA,NA,NA,0,1,15,5527,3,22,0
"5528",587,NA,NA,NA,0,1,16,5528,3,22,0
"5529",588,NA,NA,NA,0,1,17,5529,3,22,0
"5530",589,NA,NA,NA,0,1,18,5530,3,22,0
"5531",590,NA,NA,NA,0,1,19,5531,3,22,0
"5532",591,NA,NA,NA,0,1,20,5532,3,22,0
"5533",592,NA,NA,NA,0,1,21,5533,3,22,0
"5534",593,NA,NA,NA,0,1,22,5534,3,22,0
"5535",594,NA,NA,NA,0,1,23,5535,3,22,0
"5536",595,NA,NA,NA,0,1,24,5536,3,22,0
"5537",596,NA,NA,NA,0,1,25,5537,3,22,0
"5538",597,NA,NA,NA,0,1,26,5538,3,22,0
"5539",598,8,5,56,0,1,1,5539,4,22,0
"5540",599,8,4,52.5580646381325,0,1,2,5540,4,22,0
"5541",600,8,5,56.2368991726728,0,1,3,5541,4,22,0
"5542",601,3,1,40.0216926565304,0,1,4,5542,4,22,1
"5543",602,NA,NA,NA,0,1,5,5543,4,22,0
"5544",603,NA,NA,NA,0,1,6,5544,4,22,0
"5545",604,NA,NA,NA,0,1,7,5545,4,22,0
"5546",605,NA,NA,NA,0,1,8,5546,4,22,0
"5547",606,NA,NA,NA,0,1,9,5547,4,22,0
"5548",607,NA,NA,NA,0,1,10,5548,4,22,0
"5549",608,NA,NA,NA,0,1,11,5549,4,22,0
"5550",609,NA,NA,NA,0,1,12,5550,4,22,1
"5551",610,NA,NA,NA,0,1,13,5551,4,22,0
"5552",611,NA,NA,NA,0,1,14,5552,4,22,0
"5553",612,NA,NA,NA,0,1,15,5553,4,22,0
"5554",613,NA,NA,NA,0,1,16,5554,4,22,0
"5555",614,NA,NA,NA,0,1,17,5555,4,22,0
"5556",615,NA,NA,NA,0,1,18,5556,4,22,0
"5557",616,NA,NA,NA,0,1,19,5557,4,22,0
"5558",617,NA,NA,NA,0,1,20,5558,4,22,0
"5559",618,NA,NA,NA,0,1,21,5559,4,22,0
"5560",619,NA,NA,NA,0,1,22,5560,4,22,0
"5561",620,NA,NA,NA,0,1,23,5561,4,22,0
"5562",621,NA,NA,NA,0,1,24,5562,4,22,0
"5563",622,NA,NA,NA,0,1,25,5563,4,22,0
"5564",623,NA,NA,NA,0,1,26,5564,4,22,0
"5565",624,3,4,52,0,1,1,5565,5,22,0
"5566",625,1,2,52.3891733788038,0,1,2,5566,5,22,0
"5567",626,9,4,40.3064335909686,0,1,3,5567,5,22,1
"5568",627,NA,NA,NA,0,1,4,5568,5,22,0
"5569",628,NA,NA,NA,0,1,5,5569,5,22,0
"5570",629,NA,NA,NA,0,1,6,5570,5,22,0
"5571",630,NA,NA,NA,0,1,7,5571,5,22,0
"5572",631,NA,NA,NA,0,1,8,5572,5,22,0
"5573",632,NA,NA,NA,0,1,9,5573,5,22,0
"5574",633,NA,NA,NA,0,1,10,5574,5,22,0
"5575",634,NA,NA,NA,0,1,11,5575,5,22,0
"5576",635,NA,NA,NA,0,1,12,5576,5,22,0
"5577",636,NA,NA,NA,0,1,13,5577,5,22,0
"5578",637,NA,NA,NA,0,1,14,5578,5,22,0
"5579",638,NA,NA,NA,0,1,15,5579,5,22,0
"5580",639,NA,NA,NA,0,1,16,5580,5,22,0
"5581",640,NA,NA,NA,0,1,17,5581,5,22,0
"5582",641,NA,NA,NA,0,1,18,5582,5,22,0
"5583",642,NA,NA,NA,0,1,19,5583,5,22,0
"5584",643,NA,NA,NA,0,1,20,5584,5,22,0
"5585",644,NA,NA,NA,0,1,21,5585,5,22,0
"5586",645,NA,NA,NA,0,1,22,5586,5,22,0
"5587",646,NA,NA,NA,0,1,23,5587,5,22,0
"5588",647,NA,NA,NA,0,1,24,5588,5,22,1
"5589",648,NA,NA,NA,0,1,25,5589,5,22,0
"5590",649,NA,NA,NA,0,1,26,5590,5,22,0
"5591",650,8,3,50,0,1,1,5591,1,24,0
"5592",651,8,3,50.7825636594672,0,1,2,5592,1,24,0
"5593",652,8,3,50.7825636594672,0,1,3,5593,1,24,0
"5594",653,8,3,50.7825636594672,0,1,4,5594,1,24,0
"5595",654,8,3,50.7825636594672,0,1,5,5595,1,24,0
"5596",655,8,3,50.7825636594672,0,1,6,5596,1,24,0
"5597",656,8,3,50.7825636594672,0,1,7,5597,1,24,0
"5598",657,8,3,50.7825636594672,0,1,8,5598,1,24,0
"5599",658,8,3,50.7825636594672,0,1,9,5599,1,24,0
"5600",659,8,3,50.7825636594672,0,1,10,5600,1,24,0
"5601",660,3,1,118.096028901052,0,1,11,5601,1,24,0
"5602",661,3,1,118.096028901052,0,1,12,5602,1,24,0
"5603",662,3,1,118.096028901052,0,1,13,5603,1,24,0
"5604",663,3,1,118.096028901052,0,1,14,5604,1,24,0
"5605",664,3,1,118.096028901052,0,1,15,5605,1,24,0
"5606",665,3,1,118.096028901052,0,1,16,5606,1,24,0
"5607",666,3,1,118.096028901052,0,1,17,5607,1,24,0
"5608",667,3,1,118.096028901052,0,1,18,5608,1,24,0
"5609",668,3,1,118.096028901052,0,1,19,5609,1,24,0
"5610",669,3,1,118.096028901052,0,1,20,5610,1,24,0
"5611",670,3,1,118.096028901052,0,1,21,5611,1,24,0
"5612",671,3,1,118.096028901052,0,1,22,5612,1,24,0
"5613",672,3,1,118.096028901052,0,1,23,5613,1,24,0
"5614",673,3,1,118.096028901052,0,1,24,5614,1,24,0
"5615",674,3,1,118.096028901052,0,1,25,5615,1,24,0
"5616",675,3,1,118.096028901052,0,1,26,5616,1,24,0
"5617",676,1,4,56,0,1,1,5617,2,24,0
"5618",677,1,4,56.3005980640761,0,1,2,5618,2,24,0
"5619",678,1,4,56.3005980640761,0,1,3,5619,2,24,0
"5620",679,1,4,56.3005980640761,0,1,4,5620,2,24,0
"5621",680,1,4,56.3005980640761,0,1,5,5621,2,24,0
"5622",681,1,4,56.3005980640761,0,1,6,5622,2,24,0
"5623",682,1,4,56.3005980640761,0,1,7,5623,2,24,0
"5624",683,1,4,56.3005980640761,0,1,8,5624,2,24,0
"5625",684,1,4,56.3005980640761,0,1,9,5625,2,24,0
"5626",685,1,4,56.3005980640761,0,1,10,5626,2,24,0
"5627",686,1,4,56.3005980640761,0,1,11,5627,2,24,0
"5628",687,1,4,56.3005980640761,0,1,12,5628,2,24,0
"5629",688,1,4,56.3005980640761,0,1,13,5629,2,24,0
"5630",689,1,4,56.3005980640761,0,1,14,5630,2,24,0
"5631",690,1,4,56.3005980640761,0,1,15,5631,2,24,0
"5632",691,1,4,56.3005980640761,0,1,16,5632,2,24,0
"5633",692,1,4,56.3005980640761,0,1,17,5633,2,24,0
"5634",693,1,4,56.3005980640761,0,1,18,5634,2,24,0
"5635",694,1,4,56.3005980640761,0,1,19,5635,2,24,0
"5636",695,1,4,56.3005980640761,0,1,20,5636,2,24,0
"5637",696,1,4,56.3005980640761,0,1,21,5637,2,24,0
"5638",697,1,4,56.3005980640761,0,1,22,5638,2,24,0
"5639",698,1,4,56.3005980640761,0,1,23,5639,2,24,0
"5640",699,1,4,56.3005980640761,0,1,24,5640,2,24,0
"5641",700,1,4,56.3005980640761,0,1,25,5641,2,24,0
"5642",701,1,4,56.3005980640761,0,1,26,5642,2,24,0
"5643",702,2,5,57,0,1,1,5643,3,24,0
"5644",703,2,5,57.009664919666,0,1,2,5644,3,24,0
"5645",704,2,5,57.009664919666,0,1,3,5645,3,24,0
"5646",705,2,5,57.009664919666,0,1,4,5646,3,24,0
"5647",706,2,5,57.009664919666,0,1,5,5647,3,24,0
"5648",707,2,5,57.009664919666,0,1,6,5648,3,24,0
"5649",708,2,5,57.009664919666,0,1,7,5649,3,24,0
"5650",709,2,5,57.009664919666,0,1,8,5650,3,24,0
"5651",710,2,5,57.009664919666,0,1,9,5651,3,24,0
"5652",711,2,5,57.009664919666,0,1,10,5652,3,24,0
"5653",712,2,5,57.009664919666,0,1,11,5653,3,24,0
"5654",713,2,5,57.009664919666,0,1,12,5654,3,24,0
"5655",714,2,5,57.009664919666,0,1,13,5655,3,24,0
"5656",715,2,5,57.009664919666,0,1,14,5656,3,24,0
"5657",716,2,5,57.009664919666,0,1,15,5657,3,24,0
"5658",717,2,5,57.009664919666,0,1,16,5658,3,24,0
"5659",718,2,5,57.009664919666,0,1,17,5659,3,24,0
"5660",719,2,5,57.009664919666,0,1,18,5660,3,24,0
"5661",720,2,5,57.009664919666,0,1,19,5661,3,24,0
"5662",721,2,5,57.009664919666,0,1,20,5662,3,24,0
"5663",722,2,5,57.009664919666,0,1,21,5663,3,24,0
"5664",723,2,5,57.009664919666,0,1,22,5664,3,24,0
"5665",724,2,5,57.009664919666,0,1,23,5665,3,24,0
"5666",725,2,5,57.009664919666,0,1,24,5666,3,24,0
"5667",726,2,5,57.009664919666,0,1,25,5667,3,24,0
"5668",727,2,5,57.009664919666,0,1,26,5668,3,24,0
"5669",728,4,1,56,0,1,1,5669,4,24,0
"5670",729,4,1,56.5370323182295,0,1,2,5670,4,24,0
"5671",730,4,1,56.5370323182295,0,1,3,5671,4,24,0
"5672",731,4,1,56.5370323182295,0,1,4,5672,4,24,0
"5673",732,4,1,56.5370323182295,0,1,5,5673,4,24,0
"5674",733,4,1,56.5370323182295,0,1,6,5674,4,24,0
"5675",734,4,1,56.5370323182295,0,1,7,5675,4,24,0
"5676",735,4,1,56.5370323182295,0,1,8,5676,4,24,0
"5677",736,4,1,56.5370323182295,0,1,9,5677,4,24,0
"5678",737,4,1,56.5370323182295,0,1,10,5678,4,24,0
"5679",738,4,1,56.5370323182295,0,1,11,5679,4,24,0
"5680",739,4,1,56.5370323182295,0,1,12,5680,4,24,0
"5681",740,4,1,56.5370323182295,0,1,13,5681,4,24,0
"5682",741,4,1,56.5370323182295,0,1,14,5682,4,24,0
"5683",742,4,1,56.5370323182295,0,1,15,5683,4,24,0
"5684",743,4,1,56.5370323182295,0,1,16,5684,4,24,0
"5685",744,4,1,56.5370323182295,0,1,17,5685,4,24,0
"5686",745,4,1,56.5370323182295,0,1,18,5686,4,24,0
"5687",746,4,1,56.5370323182295,0,1,19,5687,4,24,0
"5688",747,4,1,56.5370323182295,0,1,20,5688,4,24,0
"5689",748,4,1,56.5370323182295,0,1,21,5689,4,24,0
"5690",749,4,1,56.5370323182295,0,1,22,5690,4,24,0
"5691",750,4,1,56.5370323182295,0,1,23,5691,4,24,0
"5692",751,4,1,56.5370323182295,0,1,24,5692,4,24,0
"5693",752,4,1,56.5370323182295,0,1,25,5693,4,24,0
"5694",753,4,1,56.5370323182295,0,1,26,5694,4,24,0
"5695",754,6,6,53,0,1,1,5695,5,24,0
"5696",755,6,7,51.6762265863936,0,1,2,5696,5,24,0
"5697",756,6,7,51.6762265863936,0,1,3,5697,5,24,0
"5698",757,6,7,51.6762265863936,0,1,4,5698,5,24,0
"5699",758,6,7,51.6762265863936,0,1,5,5699,5,24,0
"5700",759,6,7,51.6762265863936,0,1,6,5700,5,24,0
"5701",760,6,7,51.6762265863936,0,1,7,5701,5,24,0
"5702",761,6,6,53.7327038541262,0,1,8,5702,5,24,0
"5703",762,6,7,51.6762265863936,0,1,9,5703,5,24,0
"5704",763,6,7,51.6762265863936,0,1,10,5704,5,24,0
"5705",764,6,6,53.7327038541262,0,1,11,5705,5,24,0
"5706",765,6,6,53.7327038541262,0,1,12,5706,5,24,0
"5707",766,6,6,53.7327038541262,0,1,13,5707,5,24,0
"5708",767,6,7,51.6762265863936,0,1,14,5708,5,24,0
"5709",768,6,6,53.7327038541262,0,1,15,5709,5,24,0
"5710",769,6,7,51.6762265863936,0,1,16,5710,5,24,0
"5711",770,6,6,53.7327038541262,0,1,17,5711,5,24,0
"5712",771,6,7,51.6762265863936,0,1,18,5712,5,24,0
"5713",772,6,7,51.6762265863936,0,1,19,5713,5,24,0
"5714",773,6,6,53.7327038541262,0,1,20,5714,5,24,0
"5715",774,6,7,51.6762265863936,0,1,21,5715,5,24,0
"5716",775,6,6,53.7327038541262,0,1,22,5716,5,24,0
"5717",776,6,6,53.7327038541262,0,1,23,5717,5,24,0
"5718",777,6,6,53.7327038541262,0,1,24,5718,5,24,0
"5719",778,6,6,53.7327038541262,0,1,25,5719,5,24,0
"5720",779,6,6,53.7327038541262,0,1,26,5720,5,24,0
"5721",780,1,2,52,0,1,1,5721,1,27,0
"5722",781,0,2,46.2778022477636,0,1,2,5722,1,27,0
"5723",782,1,1,55.2713287302576,0,1,3,5723,1,27,0
"5724",783,2,1,59.0911405579218,0,1,4,5724,1,27,0
"5725",784,3,1,55.512390437257,0,1,5,5725,1,27,0
"5726",785,2,1,59.0911405579218,0,1,6,5726,1,27,0
"5727",786,2,0,55.2809509950638,0,1,7,5727,1,27,0
"5728",787,2,1,59.0911405579218,0,1,8,5728,1,27,0
"5729",788,2,1,59.0911405579218,0,1,9,5729,1,27,0
"5730",789,2,2,55.2964093651036,0,1,10,5730,1,27,0
"5731",790,2,2,55.2964093651036,0,1,11,5731,1,27,0
"5732",791,2,1,59.0911405579218,0,1,12,5732,1,27,0
"5733",792,2,1,59.0911405579218,0,1,13,5733,1,27,0
"5734",793,2,1,59.0911405579218,0,1,14,5734,1,27,0
"5735",794,2,1,59.0911405579218,0,1,15,5735,1,27,0
"5736",795,2,1,59.0911405579218,0,1,16,5736,1,27,0
"5737",796,2,0,55.2809509950638,0,1,17,5737,1,27,0
"5738",797,2,1,59.0911405579218,0,1,18,5738,1,27,0
"5739",798,2,1,59.0911405579218,0,1,19,5739,1,27,0
"5740",799,2,1,59.0911405579218,0,1,20,5740,1,27,0
"5741",800,2,1,59.0911405579218,0,1,21,5741,1,27,0
"5742",801,2,1,59.0911405579218,0,1,22,5742,1,27,0
"5743",802,2,1,59.0911405579218,0,1,23,5743,1,27,0
"5744",803,3,1,55.512390437257,0,1,24,5744,1,27,0
"5745",804,2,1,59.0911405579218,0,1,25,5745,1,27,0
"5746",805,2,1,59.0911405579218,0,1,26,5746,1,27,0
"5747",806,4,10,50,0,1,1,5747,2,27,0
"5748",807,4,9,53.3879330158142,0,1,2,5748,2,27,0
"5749",808,4,8,52.3138518771992,0,1,3,5749,2,27,0
"5750",809,3,8,55.3781399898945,0,1,4,5750,2,27,0
"5751",810,3,9,56.7195050050699,0,1,5,5751,2,27,0
"5752",811,2,9,53.3879330158142,0,1,6,5752,2,27,0
"5753",812,3,8,55.3781399898945,0,1,7,5753,2,27,0
"5754",813,3,9,56.7195050050699,0,1,8,5754,2,27,0
"5755",814,3,9,56.7195050050699,0,1,9,5755,2,27,0
"5756",815,3,9,56.7195050050699,0,1,10,5756,2,27,0
"5757",816,3,9,56.7195050050699,0,1,11,5757,2,27,0
"5758",817,3,10,53.1722582202307,0,1,12,5758,2,27,0
"5759",818,3,9,56.7195050050699,0,1,13,5759,2,27,0
"5760",819,3,9,56.7195050050699,0,1,14,5760,2,27,0
"5761",820,3,9,56.7195050050699,0,1,15,5761,2,27,0
"5762",821,3,9,56.7195050050699,0,1,16,5762,2,27,0
"5763",822,3,9,56.7195050050699,0,1,17,5763,2,27,0
"5764",823,3,9,56.7195050050699,0,1,18,5764,2,27,0
"5765",824,3,9,56.7195050050699,0,1,19,5765,2,27,0
"5766",825,3,8,55.3781399898945,0,1,20,5766,2,27,0
"5767",826,3,9,56.7195050050699,0,1,21,5767,2,27,0
"5768",827,3,9,56.7195050050699,0,1,22,5768,2,27,0
"5769",828,3,9,56.7195050050699,0,1,23,5769,2,27,0
"5770",829,3,9,56.7195050050699,0,1,24,5770,2,27,0
"5771",830,3,9,56.7195050050699,0,1,25,5771,2,27,0
"5772",831,3,9,56.7195050050699,0,1,26,5772,2,27,0
"5773",832,2,7,51,0,1,1,5773,3,27,0
"5774",833,3,7,55.088029418206,0,1,2,5774,3,27,0
"5775",834,3,7,55.088029418206,0,1,3,5775,3,27,0
"5776",835,2,7,51.9058432762319,0,1,4,5776,3,27,0
"5777",836,3,7,55.088029418206,0,1,5,5777,3,27,0
"5778",837,3,7,55.088029418206,0,1,6,5778,3,27,0
"5779",838,3,7,55.088029418206,0,1,7,5779,3,27,0
"5780",839,3,7,55.088029418206,0,1,8,5780,3,27,0
"5781",840,4,8,54.9125549109235,0,1,9,5781,3,27,0
"5782",841,3,8,58.5108679550985,0,1,10,5782,3,27,0
"5783",842,3,8,58.5108679550985,0,1,11,5783,3,27,0
"5784",843,3,9,54.7935525645209,0,1,12,5784,3,27,0
"5785",844,3,8,58.5108679550985,0,1,13,5785,3,27,0
"5786",845,2,8,54.7985650816964,0,1,14,5786,3,27,0
"5787",846,3,9,54.7935525645209,0,1,15,5787,3,27,0
"5788",847,4,8,54.9125549109235,0,1,16,5788,3,27,0
"5789",848,3,8,58.5108679550985,0,1,17,5789,3,27,0
"5790",849,3,9,54.7935525645209,0,1,18,5790,3,27,0
"5791",850,3,8,58.5108679550985,0,1,19,5791,3,27,0
"5792",851,3,8,58.5108679550985,0,1,20,5792,3,27,0
"5793",852,3,8,58.5108679550985,0,1,21,5793,3,27,0
"5794",853,3,8,58.5108679550985,0,1,22,5794,3,27,0
"5795",854,3,9,54.7935525645209,0,1,23,5795,3,27,0
"5796",855,3,8,58.5108679550985,0,1,24,5796,3,27,0
"5797",856,3,8,58.5108679550985,0,1,25,5797,3,27,0
"5798",857,2,8,54.7985650816964,0,1,26,5798,3,27,0
"5799",858,5,2,55,0,1,1,5799,4,27,0
"5800",859,4,2,48.1333461208774,0,1,2,5800,4,27,0
"5801",860,6,1,50.1297399839968,0,1,3,5801,4,27,0
"5802",861,5,3,59.8612900205776,0,1,4,5802,4,27,0
"5803",862,6,3,64.6826693539916,0,1,5,5803,4,27,0
"5804",863,6,3,64.6826693539916,0,1,6,5804,4,27,0
"5805",864,7,4,55.8658497222592,0,1,7,5805,4,27,0
"5806",865,7,3,59.738779899663,0,1,8,5806,4,27,0
"5807",866,6,3,64.6826693539916,0,1,9,5807,4,27,0
"5808",867,6,3,64.6826693539916,0,1,10,5808,4,27,0
"5809",868,6,3,64.6826693539916,0,1,11,5809,4,27,0
"5810",869,6,3,64.6826693539916,0,1,12,5810,4,27,0
"5811",870,6,3,64.6826693539916,0,1,13,5811,4,27,0
"5812",871,6,3,64.6826693539916,0,1,14,5812,4,27,0
"5813",872,6,3,64.6826693539916,0,1,15,5813,4,27,0
"5814",873,6,3,64.6826693539916,0,1,16,5814,4,27,0
"5815",874,6,3,64.6826693539916,0,1,17,5815,4,27,0
"5816",875,6,3,64.6826693539916,0,1,18,5816,4,27,0
"5817",876,6,3,64.6826693539916,0,1,19,5817,4,27,0
"5818",877,6,3,64.6826693539916,0,1,20,5818,4,27,0
"5819",878,6,4,60.0498805575611,0,1,21,5819,4,27,0
"5820",879,6,3,64.6826693539916,0,1,22,5820,4,27,0
"5821",880,6,3,64.6826693539916,0,1,23,5821,4,27,0
"5822",881,6,3,64.6826693539916,0,1,24,5822,4,27,0
"5823",882,6,3,64.6826693539916,0,1,25,5823,4,27,0
"5824",883,6,4,60.0498805575611,0,1,26,5824,4,27,0
"5825",884,1,1,53,0,1,1,5825,5,27,0
"5826",885,1,2,51.2662793916677,0,1,2,5826,5,27,0
"5827",886,1,1,53.7119132912893,0,1,3,5827,5,27,0
"5828",887,1,0,50.9597252714007,0,1,4,5828,5,27,0
"5829",888,1,2,51.2662793916677,0,1,5,5829,5,27,0
"5830",889,0,1,47.0476111125324,0,1,6,5830,5,27,0
"5831",890,2,1,57.112129350463,0,1,7,5831,5,27,0
"5832",891,3,0,50.9588494728118,0,1,8,5832,5,27,0
"5833",892,2,1,57.112129350463,0,1,9,5833,5,27,0
"5834",893,2,1,57.112129350463,0,1,10,5834,5,27,0
"5835",894,2,1,57.112129350463,0,1,11,5835,5,27,0
"5836",895,3,1,53.6961722758673,0,1,12,5836,5,27,0
"5837",896,2,1,57.112129350463,0,1,13,5837,5,27,0
"5838",897,2,1,57.112129350463,0,1,14,5838,5,27,0
"5839",898,2,1,57.112129350463,0,1,15,5839,5,27,0
"5840",899,2,1,57.112129350463,0,1,16,5840,5,27,0
"5841",900,2,2,53.9318434248587,0,1,17,5841,5,27,0
"5842",901,2,1,57.112129350463,0,1,18,5842,5,27,0
"5843",902,2,1,57.112129350463,0,1,19,5843,5,27,0
"5844",903,3,1,53.6961722758673,0,1,20,5844,5,27,0
"5845",904,2,1,57.112129350463,0,1,21,5845,5,27,0
"5846",905,2,1,57.112129350463,0,1,22,5846,5,27,0
"5847",906,2,1,57.112129350463,0,1,23,5847,5,27,0
"5848",907,2,1,57.112129350463,0,1,24,5848,5,27,0
"5849",908,2,1,57.112129350463,0,1,25,5849,5,27,0
"5850",909,2,1,57.112129350463,0,1,26,5850,5,27,0
"5851",910,3,8,53,0,1,1,5851,1,30,0
"5852",911,3,8,53.6512235401195,0,1,2,5852,1,30,0
"5853",912,10,3,40.0012181231293,0,1,3,5853,1,30,1
"5854",913,NA,NA,NA,0,1,4,5854,1,30,1
"5855",914,NA,NA,NA,0,1,5,5855,1,30,1
"5856",915,NA,NA,NA,0,1,6,5856,1,30,0
"5857",916,NA,NA,NA,0,1,7,5857,1,30,1
"5858",917,NA,NA,NA,0,1,8,5858,1,30,0
"5859",918,NA,NA,NA,0,1,9,5859,1,30,0
"5860",919,NA,NA,NA,0,1,10,5860,1,30,0
"5861",920,NA,NA,NA,0,1,11,5861,1,30,0
"5862",921,NA,NA,NA,0,1,12,5862,1,30,0
"5863",922,NA,NA,NA,0,1,13,5863,1,30,0
"5864",923,NA,NA,NA,0,1,14,5864,1,30,0
"5865",924,NA,NA,NA,0,1,15,5865,1,30,0
"5866",925,NA,NA,NA,0,1,16,5866,1,30,0
"5867",926,NA,NA,NA,0,1,17,5867,1,30,1
"5868",927,NA,NA,NA,0,1,18,5868,1,30,0
"5869",928,NA,NA,NA,0,1,19,5869,1,30,1
"5870",929,NA,NA,NA,0,1,20,5870,1,30,1
"5871",930,NA,NA,NA,0,1,21,5871,1,30,0
"5872",931,NA,NA,NA,0,1,22,5872,1,30,1
"5873",932,NA,NA,NA,0,1,23,5873,1,30,1
"5874",933,NA,NA,NA,0,1,24,5874,1,30,1
"5875",934,NA,NA,NA,0,1,25,5875,1,30,1
"5876",935,NA,NA,NA,0,1,26,5876,1,30,1
"5877",936,1,8,54,0,1,1,5877,2,30,0
"5878",937,1,0,40.0001056336467,0,1,2,5878,2,30,1
"5879",938,NA,NA,NA,0,1,3,5879,2,30,0
"5880",939,NA,NA,NA,0,1,4,5880,2,30,1
"5881",940,NA,NA,NA,0,1,5,5881,2,30,1
"5882",941,NA,NA,NA,0,1,6,5882,2,30,0
"5883",942,NA,NA,NA,0,1,7,5883,2,30,1
"5884",943,NA,NA,NA,0,1,8,5884,2,30,0
"5885",944,NA,NA,NA,0,1,9,5885,2,30,0
"5886",945,NA,NA,NA,0,1,10,5886,2,30,0
"5887",946,NA,NA,NA,0,1,11,5887,2,30,1
"5888",947,NA,NA,NA,0,1,12,5888,2,30,0
"5889",948,NA,NA,NA,0,1,13,5889,2,30,0
"5890",949,NA,NA,NA,0,1,14,5890,2,30,0
"5891",950,NA,NA,NA,0,1,15,5891,2,30,0
"5892",951,NA,NA,NA,0,1,16,5892,2,30,0
"5893",952,NA,NA,NA,0,1,17,5893,2,30,0
"5894",953,NA,NA,NA,0,1,18,5894,2,30,0
"5895",954,NA,NA,NA,0,1,19,5895,2,30,0
"5896",955,NA,NA,NA,0,1,20,5896,2,30,0
"5897",956,NA,NA,NA,0,1,21,5897,2,30,0
"5898",957,NA,NA,NA,0,1,22,5898,2,30,0
"5899",958,NA,NA,NA,0,1,23,5899,2,30,0
"5900",959,NA,NA,NA,0,1,24,5900,2,30,0
"5901",960,NA,NA,NA,0,1,25,5901,2,30,0
"5902",961,NA,NA,NA,0,1,26,5902,2,30,0
"5903",962,10,3,50,0,1,1,5903,3,30,0
"5904",963,10,4,45.4724282601485,0,1,2,5904,3,30,1
"5905",964,NA,NA,NA,0,1,3,5905,3,30,0
"5906",965,NA,NA,NA,0,1,4,5906,3,30,0
"5907",966,NA,NA,NA,0,1,5,5907,3,30,0
"5908",967,NA,NA,NA,0,1,6,5908,3,30,0
"5909",968,NA,NA,NA,0,1,7,5909,3,30,0
"5910",969,NA,NA,NA,0,1,8,5910,3,30,0
"5911",970,NA,NA,NA,0,1,9,5911,3,30,0
"5912",971,NA,NA,NA,0,1,10,5912,3,30,0
"5913",972,NA,NA,NA,0,1,11,5913,3,30,0
"5914",973,NA,NA,NA,0,1,12,5914,3,30,0
"5915",974,NA,NA,NA,0,1,13,5915,3,30,0
"5916",975,NA,NA,NA,0,1,14,5916,3,30,0
"5917",976,NA,NA,NA,0,1,15,5917,3,30,0
"5918",977,NA,NA,NA,0,1,16,5918,3,30,0
"5919",978,NA,NA,NA,0,1,17,5919,3,30,0
"5920",979,NA,NA,NA,0,1,18,5920,3,30,0
"5921",980,NA,NA,NA,0,1,19,5921,3,30,0
"5922",981,NA,NA,NA,0,1,20,5922,3,30,0
"5923",982,NA,NA,NA,0,1,21,5923,3,30,0
"5924",983,NA,NA,NA,0,1,22,5924,3,30,0
"5925",984,NA,NA,NA,0,1,23,5925,3,30,0
"5926",985,NA,NA,NA,0,1,24,5926,3,30,0
"5927",986,NA,NA,NA,0,1,25,5927,3,30,0
"5928",987,NA,NA,NA,0,1,26,5928,3,30,0
"5929",988,9,4,55,0,1,1,5929,4,30,0
"5930",989,5,0,40.0033063378458,0,1,2,5930,4,30,1
"5931",990,NA,NA,NA,0,1,3,5931,4,30,0
"5932",991,NA,NA,NA,0,1,4,5932,4,30,0
"5933",992,NA,NA,NA,0,1,5,5933,4,30,0
"5934",993,NA,NA,NA,0,1,6,5934,4,30,1
"5935",994,NA,NA,NA,0,1,7,5935,4,30,1
"5936",995,NA,NA,NA,0,1,8,5936,4,30,0
"5937",996,NA,NA,NA,0,1,9,5937,4,30,1
"5938",997,NA,NA,NA,0,1,10,5938,4,30,0
"5939",998,NA,NA,NA,0,1,11,5939,4,30,0
"5940",999,NA,NA,NA,0,1,12,5940,4,30,0
"5941",1000,NA,NA,NA,0,1,13,5941,4,30,0
"5942",1001,NA,NA,NA,0,1,14,5942,4,30,0
"5943",1002,NA,NA,NA,0,1,15,5943,4,30,0
"5944",1003,NA,NA,NA,0,1,16,5944,4,30,1
"5945",1004,NA,NA,NA,0,1,17,5945,4,30,0
"5946",1005,NA,NA,NA,0,1,18,5946,4,30,0
"5947",1006,NA,NA,NA,0,1,19,5947,4,30,0
"5948",1007,NA,NA,NA,0,1,20,5948,4,30,0
"5949",1008,NA,NA,NA,0,1,21,5949,4,30,0
"5950",1009,NA,NA,NA,0,1,22,5950,4,30,0
"5951",1010,NA,NA,NA,0,1,23,5951,4,30,0
"5952",1011,NA,NA,NA,0,1,24,5952,4,30,1
"5953",1012,NA,NA,NA,0,1,25,5953,4,30,0
"5954",1013,NA,NA,NA,0,1,26,5954,4,30,0
"5955",1014,4,10,50,0,1,1,5955,5,30,0
"5956",1015,4,10,50.5475198378171,0,1,2,5956,5,30,0
"5957",1016,4,2,65.7232290339457,0,1,3,5957,5,30,0
"5958",1017,5,2,53.2067461428239,0,1,4,5958,5,30,0
"5959",1018,3,2,72.1244254861144,0,1,5,5959,5,30,0
"5960",1019,3,2,72.1244254861144,0,1,6,5960,5,30,0
"5961",1020,3,2,72.1244254861144,0,1,7,5961,5,30,0
"5962",1021,3,2,72.1244254861144,0,1,8,5962,5,30,0
"5963",1022,3,2,72.1244254861144,0,1,9,5963,5,30,0
"5964",1023,3,2,72.1244254861144,0,1,10,5964,5,30,0
"5965",1024,3,2,72.1244254861144,0,1,11,5965,5,30,0
"5966",1025,3,2,72.1244254861144,0,1,12,5966,5,30,0
"5967",1026,3,2,72.1244254861144,0,1,13,5967,5,30,0
"5968",1027,3,2,72.1244254861144,0,1,14,5968,5,30,0
"5969",1028,3,2,72.1244254861144,0,1,15,5969,5,30,0
"5970",1029,3,2,72.1244254861144,0,1,16,5970,5,30,0
"5971",1030,3,2,72.1244254861144,0,1,17,5971,5,30,0
"5972",1031,3,1,50.5750456665623,0,1,18,5972,5,30,0
"5973",1032,2,4,102.62006180049,0,1,19,5973,5,30,0
"5974",1033,2,4,102.62006180049,0,1,20,5974,5,30,0
"5975",1034,2,4,102.62006180049,0,1,21,5975,5,30,0
"5976",1035,2,4,102.62006180049,0,1,22,5976,5,30,0
"5977",1036,2,4,102.62006180049,0,1,23,5977,5,30,0
"5978",1037,2,4,102.62006180049,0,1,24,5978,5,30,0
"5979",1038,2,4,102.62006180049,0,1,25,5979,5,30,0
"5980",1039,2,4,102.62006180049,0,1,26,5980,5,30,0
"5981",1040,2,0,53,0,1,1,5981,1,32,0
"5982",1041,10,5,40.0000008239674,0,1,2,5982,1,32,1
"5983",1042,NA,NA,NA,0,1,3,5983,1,32,0
"5984",1043,NA,NA,NA,0,1,4,5984,1,32,1
"5985",1044,NA,NA,NA,0,1,5,5985,1,32,1
"5986",1045,NA,NA,NA,0,1,6,5986,1,32,0
"5987",1046,NA,NA,NA,0,1,7,5987,1,32,0
"5988",1047,NA,NA,NA,0,1,8,5988,1,32,0
"5989",1048,NA,NA,NA,0,1,9,5989,1,32,0
"5990",1049,NA,NA,NA,0,1,10,5990,1,32,1
"5991",1050,NA,NA,NA,0,1,11,5991,1,32,1
"5992",1051,NA,NA,NA,0,1,12,5992,1,32,0
"5993",1052,NA,NA,NA,0,1,13,5993,1,32,1
"5994",1053,NA,NA,NA,0,1,14,5994,1,32,1
"5995",1054,NA,NA,NA,0,1,15,5995,1,32,0
"5996",1055,NA,NA,NA,0,1,16,5996,1,32,1
"5997",1056,NA,NA,NA,0,1,17,5997,1,32,0
"5998",1057,NA,NA,NA,0,1,18,5998,1,32,0
"5999",1058,NA,NA,NA,0,1,19,5999,1,32,0
"6000",1059,NA,NA,NA,0,1,20,6000,1,32,1
"6001",1060,NA,NA,NA,0,1,21,6001,1,32,0
"6002",1061,NA,NA,NA,0,1,22,6002,1,32,0
"6003",1062,NA,NA,NA,0,1,23,6003,1,32,0
"6004",1063,NA,NA,NA,0,1,24,6004,1,32,0
"6005",1064,NA,NA,NA,0,1,25,6005,1,32,0
"6006",1065,NA,NA,NA,0,1,26,6006,1,32,0
"6007",1066,3,1,57,0,1,1,6007,2,32,0
"6008",1067,8,9,40.0000574645169,0,1,2,6008,2,32,1
"6009",1068,NA,NA,NA,0,1,3,6009,2,32,1
"6010",1069,NA,NA,NA,0,1,4,6010,2,32,0
"6011",1070,NA,NA,NA,0,1,5,6011,2,32,0
"6012",1071,NA,NA,NA,0,1,6,6012,2,32,0
"6013",1072,NA,NA,NA,0,1,7,6013,2,32,0
"6014",1073,NA,NA,NA,0,1,8,6014,2,32,0
"6015",1074,NA,NA,NA,0,1,9,6015,2,32,0
"6016",1075,NA,NA,NA,0,1,10,6016,2,32,0
"6017",1076,NA,NA,NA,0,1,11,6017,2,32,0
"6018",1077,NA,NA,NA,0,1,12,6018,2,32,0
"6019",1078,NA,NA,NA,0,1,13,6019,2,32,0
"6020",1079,NA,NA,NA,0,1,14,6020,2,32,0
"6021",1080,NA,NA,NA,0,1,15,6021,2,32,0
"6022",1081,NA,NA,NA,0,1,16,6022,2,32,0
"6023",1082,NA,NA,NA,0,1,17,6023,2,32,0
"6024",1083,NA,NA,NA,0,1,18,6024,2,32,0
"6025",1084,NA,NA,NA,0,1,19,6025,2,32,0
"6026",1085,NA,NA,NA,0,1,20,6026,2,32,0
"6027",1086,NA,NA,NA,0,1,21,6027,2,32,0
"6028",1087,NA,NA,NA,0,1,22,6028,2,32,0
"6029",1088,NA,NA,NA,0,1,23,6029,2,32,0
"6030",1089,NA,NA,NA,0,1,24,6030,2,32,0
"6031",1090,NA,NA,NA,0,1,25,6031,2,32,0
"6032",1091,NA,NA,NA,0,1,26,6032,2,32,0
"6033",1092,2,8,52,0,1,1,6033,3,32,0
"6034",1093,6,6,121.250207238753,0,1,2,6034,3,32,0
"6035",1094,5,6,105.122273261949,0,1,3,6035,3,32,0
"6036",1095,6,6,121.250207238753,0,1,4,6036,3,32,0
"6037",1096,5,6,105.122273261949,0,1,5,6037,3,32,0
"6038",1097,6,6,121.250207238753,0,1,6,6038,3,32,0
"6039",1098,6,5,105.054513525801,0,1,7,6039,3,32,0
"6040",1099,6,6,121.250207238753,0,1,8,6040,3,32,0
"6041",1100,6,6,121.250207238753,0,1,9,6041,3,32,0
"6042",1101,6,6,121.250207238753,0,1,10,6042,3,32,0
"6043",1102,6,6,121.250207238753,0,1,11,6043,3,32,0
"6044",1103,6,6,121.250207238753,0,1,12,6044,3,32,0
"6045",1104,5,5,92.1047094849159,0,1,13,6045,3,32,0
"6046",1105,6,6,121.250207238753,0,1,14,6046,3,32,0
"6047",1106,6,6,121.250207238753,0,1,15,6047,3,32,0
"6048",1107,6,6,121.250207238753,0,1,16,6048,3,32,0
"6049",1108,6,6,121.250207238753,0,1,17,6049,3,32,0
"6050",1109,6,6,121.250207238753,0,1,18,6050,3,32,0
"6051",1110,6,6,121.250207238753,0,1,19,6051,3,32,0
"6052",1111,6,6,121.250207238753,0,1,20,6052,3,32,0
"6053",1112,6,6,121.250207238753,0,1,21,6053,3,32,0
"6054",1113,6,6,121.250207238753,0,1,22,6054,3,32,0
"6055",1114,6,6,121.250207238753,0,1,23,6055,3,32,0
"6056",1115,6,7,105.081197022791,0,1,24,6056,3,32,0
"6057",1116,6,6,121.250207238753,0,1,25,6057,3,32,0
"6058",1117,6,6,121.250207238753,0,1,26,6058,3,32,0
"6059",1118,4,8,59,0,1,1,6059,4,32,0
"6060",1119,5,10,49.9903550946148,0,1,2,6060,4,32,0
"6061",1120,4,8,59.4802406649498,0,1,3,6061,4,32,0
"6062",1121,5,8,64.3118962570511,0,1,4,6062,4,32,0
"6063",1122,7,2,42.3140813192634,0,1,5,6063,4,32,1
"6064",1123,NA,NA,NA,0,1,6,6064,4,32,0
"6065",1124,NA,NA,NA,0,1,7,6065,4,32,0
"6066",1125,NA,NA,NA,0,1,8,6066,4,32,0
"6067",1126,NA,NA,NA,0,1,9,6067,4,32,1
"6068",1127,NA,NA,NA,0,1,10,6068,4,32,0
"6069",1128,NA,NA,NA,0,1,11,6069,4,32,0
"6070",1129,NA,NA,NA,0,1,12,6070,4,32,0
"6071",1130,NA,NA,NA,0,1,13,6071,4,32,0
"6072",1131,NA,NA,NA,0,1,14,6072,4,32,0
"6073",1132,NA,NA,NA,0,1,15,6073,4,32,1
"6074",1133,NA,NA,NA,0,1,16,6074,4,32,1
"6075",1134,NA,NA,NA,0,1,17,6075,4,32,0
"6076",1135,NA,NA,NA,0,1,18,6076,4,32,0
"6077",1136,NA,NA,NA,0,1,19,6077,4,32,0
"6078",1137,NA,NA,NA,0,1,20,6078,4,32,0
"6079",1138,NA,NA,NA,0,1,21,6079,4,32,0
"6080",1139,NA,NA,NA,0,1,22,6080,4,32,0
"6081",1140,NA,NA,NA,0,1,23,6081,4,32,0
"6082",1141,NA,NA,NA,0,1,24,6082,4,32,0
"6083",1142,NA,NA,NA,0,1,25,6083,4,32,0
"6084",1143,NA,NA,NA,0,1,26,6084,4,32,0
"6085",1144,5,8,51,0,1,1,6085,5,32,0
"6086",1145,5,3,42.3187523149193,0,1,2,6086,5,32,1
"6087",1146,NA,NA,NA,0,1,3,6087,5,32,1
"6088",1147,NA,NA,NA,0,1,4,6088,5,32,0
"6089",1148,NA,NA,NA,0,1,5,6089,5,32,0
"6090",1149,NA,NA,NA,0,1,6,6090,5,32,0
"6091",1150,NA,NA,NA,0,1,7,6091,5,32,0
"6092",1151,NA,NA,NA,0,1,8,6092,5,32,0
"6093",1152,NA,NA,NA,0,1,9,6093,5,32,0
"6094",1153,NA,NA,NA,0,1,10,6094,5,32,0
"6095",1154,NA,NA,NA,0,1,11,6095,5,32,0
"6096",1155,NA,NA,NA,0,1,12,6096,5,32,0
"6097",1156,NA,NA,NA,0,1,13,6097,5,32,0
"6098",1157,NA,NA,NA,0,1,14,6098,5,32,0
"6099",1158,NA,NA,NA,0,1,15,6099,5,32,0
"6100",1159,NA,NA,NA,0,1,16,6100,5,32,0
"6101",1160,NA,NA,NA,0,1,17,6101,5,32,0
"6102",1161,NA,NA,NA,0,1,18,6102,5,32,0
"6103",1162,NA,NA,NA,0,1,19,6103,5,32,0
"6104",1163,NA,NA,NA,0,1,20,6104,5,32,0
"6105",1164,NA,NA,NA,0,1,21,6105,5,32,0
"6106",1165,NA,NA,NA,0,1,22,6106,5,32,0
"6107",1166,NA,NA,NA,0,1,23,6107,5,32,0
"6108",1167,NA,NA,NA,0,1,24,6108,5,32,0
"6109",1168,NA,NA,NA,0,1,25,6109,5,32,0
"6110",1169,NA,NA,NA,0,1,26,6110,5,32,0
"6111",1170,5,8,51,0,1,1,6111,1,46,0
"6112",1171,5,8,51.7578870831274,0,1,2,6112,1,46,0
"6113",1172,3,2,54.0614674428303,0,1,3,6113,1,46,0
"6114",1173,7,6,51.7015112776947,0,1,4,6114,1,46,0
"6115",1174,2,2,67.3714329008357,0,1,5,6115,1,46,0
"6116",1175,3,2,54.0614674428303,0,1,6,6116,1,46,0
"6117",1176,2,2,67.3714329008357,0,1,7,6117,1,46,0
"6118",1177,1,2,74.1805410697531,0,1,8,6118,1,46,0
"6119",1178,1,2,74.1805410697531,0,1,9,6119,1,46,0
"6120",1179,1,2,74.1805410697531,0,1,10,6120,1,46,0
"6121",1180,1,2,74.1805410697531,0,1,11,6121,1,46,0
"6122",1181,1,2,74.1805410697531,0,1,12,6122,1,46,0
"6123",1182,0,2,67.369443142655,0,1,13,6123,1,46,0
"6124",1183,1,2,74.1805410697531,0,1,14,6124,1,46,0
"6125",1184,1,2,74.1805410697531,0,1,15,6125,1,46,0
"6126",1185,1,2,74.1805410697531,0,1,16,6126,1,46,0
"6127",1186,1,2,74.1805410697531,0,1,17,6127,1,46,0
"6128",1187,1,2,74.1805410697531,0,1,18,6128,1,46,0
"6129",1188,1,2,74.1805410697531,0,1,19,6129,1,46,0
"6130",1189,1,2,74.1805410697531,0,1,20,6130,1,46,0
"6131",1190,1,2,74.1805410697531,0,1,21,6131,1,46,0
"6132",1191,1,2,74.1805410697531,0,1,22,6132,1,46,0
"6133",1192,1,2,74.1805410697531,0,1,23,6133,1,46,0
"6134",1193,2,2,67.3714329008357,0,1,24,6134,1,46,0
"6135",1194,1,2,74.1805410697531,0,1,25,6135,1,46,0
"6136",1195,1,2,74.1805410697531,0,1,26,6136,1,46,0
"6137",1196,6,2,50,0,1,1,6137,2,46,0
"6138",1197,6,3,53.4396697280577,0,1,2,6138,2,46,0
"6139",1198,5,3,53.3573440864203,0,1,3,6139,2,46,0
"6140",1199,5,3,53.3573440864203,0,1,4,6140,2,46,0
"6141",1200,5,2,46.9739556637178,0,1,5,6141,2,46,0
"6142",1201,6,4,68.2055721473104,0,1,6,6142,2,46,0
"6143",1202,6,4,68.2055721473104,0,1,7,6143,2,46,0
"6144",1203,6,4,68.2055721473104,0,1,8,6144,2,46,0
"6145",1204,5,4,74.096427479139,0,1,9,6145,2,46,0
"6146",1205,5,4,74.096427479139,0,1,10,6146,2,46,0
"6147",1206,5,4,74.096427479139,0,1,11,6147,2,46,0
"6148",1207,5,4,74.096427479139,0,1,12,6148,2,46,0
"6149",1208,5,4,74.096427479139,0,1,13,6149,2,46,0
"6150",1209,5,4,74.096427479139,0,1,14,6150,2,46,0
"6151",1210,5,4,74.096427479139,0,1,15,6151,2,46,0
"6152",1211,5,4,74.096427479139,0,1,16,6152,2,46,0
"6153",1212,5,4,74.096427479139,0,1,17,6153,2,46,0
"6154",1213,5,4,74.096427479139,0,1,18,6154,2,46,0
"6155",1214,5,4,74.096427479139,0,1,19,6155,2,46,0
"6156",1215,5,4,74.096427479139,0,1,20,6156,2,46,0
"6157",1216,5,4,74.096427479139,0,1,21,6157,2,46,0
"6158",1217,5,4,74.096427479139,0,1,22,6158,2,46,0
"6159",1218,5,5,105.043109543987,0,1,23,6159,2,46,0
"6160",1219,0,10,40.0089473535048,0,1,24,6160,2,46,1
"6161",1220,NA,NA,NA,0,1,25,6161,2,46,0
"6162",1221,NA,NA,NA,0,1,26,6162,2,46,0
"6163",1222,10,5,54,0,1,1,6163,3,46,0
"6164",1223,10,4,56.9196463200751,0,1,2,6164,3,46,0
"6165",1224,10,2,46.9040882889026,0,1,3,6165,3,46,0
"6166",1225,10,5,54.3879612226605,0,1,4,6166,3,46,0
"6167",1226,10,4,56.9196463200751,0,1,5,6167,3,46,0
"6168",1227,10,4,56.9196463200751,0,1,6,6168,3,46,0
"6169",1228,10,3,53.4571897010754,0,1,7,6169,3,46,0
"6170",1229,10,4,56.9196463200751,0,1,8,6170,3,46,0
"6171",1230,10,5,54.3879612226605,0,1,9,6171,3,46,0
"6172",1231,9,2,48.622592934889,0,1,10,6172,3,46,0
"6173",1232,10,3,53.4571897010754,0,1,11,6173,3,46,0
"6174",1233,9,3,56.813726175488,0,1,12,6174,3,46,0
"6175",1234,9,3,56.813726175488,0,1,13,6175,3,46,0
"6176",1235,9,4,61.2191632461105,0,1,14,6176,3,46,0
"6177",1236,9,4,61.2191632461105,0,1,15,6177,3,46,0
"6178",1237,9,4,61.2191632461105,0,1,16,6178,3,46,0
"6179",1238,8,3,53.4730330795277,0,1,17,6179,3,46,0
"6180",1239,9,5,58.6266215525236,0,1,18,6180,3,46,0
"6181",1240,8,4,57.1022277188402,0,1,19,6181,3,46,0
"6182",1241,9,3,56.813726175488,0,1,20,6182,3,46,0
"6183",1242,8,5,55.7370654207569,0,1,21,6183,3,46,0
"6184",1243,9,5,58.6266215525236,0,1,22,6184,3,46,0
"6185",1244,9,4,61.2191632461105,0,1,23,6185,3,46,0
"6186",1245,9,3,56.813726175488,0,1,24,6186,3,46,0
"6187",1246,9,4,61.2191632461105,0,1,25,6187,3,46,0
"6188",1247,8,5,55.7370654207569,0,1,26,6188,3,46,0
"6189",1248,5,6,50,0,1,1,6189,4,46,0
"6190",1249,1,1,40.0000762866763,0,1,2,6190,4,46,1
"6191",1250,NA,NA,NA,0,1,3,6191,4,46,0
"6192",1251,NA,NA,NA,0,1,4,6192,4,46,0
"6193",1252,NA,NA,NA,0,1,5,6193,4,46,0
"6194",1253,NA,NA,NA,0,1,6,6194,4,46,0
"6195",1254,NA,NA,NA,0,1,7,6195,4,46,0
"6196",1255,NA,NA,NA,0,1,8,6196,4,46,0
"6197",1256,NA,NA,NA,0,1,9,6197,4,46,0
"6198",1257,NA,NA,NA,0,1,10,6198,4,46,0
"6199",1258,NA,NA,NA,0,1,11,6199,4,46,1
"6200",1259,NA,NA,NA,0,1,12,6200,4,46,0
"6201",1260,NA,NA,NA,0,1,13,6201,4,46,0
"6202",1261,NA,NA,NA,0,1,14,6202,4,46,1
"6203",1262,NA,NA,NA,0,1,15,6203,4,46,0
"6204",1263,NA,NA,NA,0,1,16,6204,4,46,0
"6205",1264,NA,NA,NA,0,1,17,6205,4,46,0
"6206",1265,NA,NA,NA,0,1,18,6206,4,46,0
"6207",1266,NA,NA,NA,0,1,19,6207,4,46,0
"6208",1267,NA,NA,NA,0,1,20,6208,4,46,0
"6209",1268,NA,NA,NA,0,1,21,6209,4,46,0
"6210",1269,NA,NA,NA,0,1,22,6210,4,46,0
"6211",1270,NA,NA,NA,0,1,23,6211,4,46,0
"6212",1271,NA,NA,NA,0,1,24,6212,4,46,0
"6213",1272,NA,NA,NA,0,1,25,6213,4,46,0
"6214",1273,NA,NA,NA,0,1,26,6214,4,46,1
"6215",1274,2,2,55,0,1,1,6215,5,46,0
"6216",1275,2,2,55.2964093651036,0,1,2,6216,5,46,0
"6217",1276,2,1,59.0911405579218,0,1,3,6217,5,46,0
"6218",1277,2,1,59.0911405579218,0,1,4,6218,5,46,0
"6219",1278,2,0,55.2809509950638,0,1,5,6219,5,46,0
"6220",1279,2,0,55.2809509950638,0,1,6,6220,5,46,0
"6221",1280,2,2,55.2964093651036,0,1,7,6221,5,46,0
"6222",1281,2,1,59.0911405579218,0,1,8,6222,5,46,0
"6223",1282,2,0,55.2809509950638,0,1,9,6223,5,46,0
"6224",1283,2,1,59.0911405579218,0,1,10,6224,5,46,0
"6225",1284,1,0,52.227988091213,0,1,11,6225,5,46,0
"6226",1285,2,1,59.0911405579218,0,1,12,6226,5,46,0
"6227",1286,2,1,59.0911405579218,0,1,13,6227,5,46,0
"6228",1287,3,1,55.512390437257,0,1,14,6228,5,46,0
"6229",1288,4,2,48.5130145702241,0,1,15,6229,5,46,0
"6230",1289,1,2,52.2288481639787,0,1,16,6230,5,46,0
"6231",1290,2,1,59.0911405579218,0,1,17,6231,5,46,0
"6232",1291,2,1,59.0911405579218,0,1,18,6232,5,46,0
"6233",1292,4,9,40.0000469401533,0,1,19,6233,5,46,1
"6234",1293,NA,NA,NA,0,1,20,6234,5,46,0
"6235",1294,NA,NA,NA,0,1,21,6235,5,46,0
"6236",1295,NA,NA,NA,0,1,22,6236,5,46,0
"6237",1296,NA,NA,NA,0,1,23,6237,5,46,0
"6238",1297,NA,NA,NA,0,1,24,6238,5,46,0
"6239",1298,NA,NA,NA,0,1,25,6239,5,46,0
"6240",1299,NA,NA,NA,0,1,26,6240,5,46,0
"6241",1300,5,6,52,0,1,1,6241,1,48,0
"6242",1301,5,6,52.6664215640624,0,1,2,6242,1,48,0
"6243",1302,6,6,54.7312377591548,0,1,3,6243,1,48,0
"6244",1303,7,5,46.0242023771169,0,1,4,6244,1,48,0
"6245",1304,6,5,47.7527976901822,0,1,5,6245,1,48,0
"6246",1305,6,7,58.2755679521502,0,1,6,6246,1,48,0
"6247",1306,5,7,54.9205158641271,0,1,7,6247,1,48,0
"6248",1307,7,6,51.7015112776947,0,1,8,6248,1,48,0
"6249",1308,6,8,54.6082809878472,0,1,9,6249,1,48,0
"6250",1309,7,7,54.6028741639911,0,1,10,6250,1,48,0
"6251",1310,7,7,54.6028741639911,0,1,11,6251,1,48,0
"6252",1311,5,8,51.7578870831274,0,1,12,6252,1,48,0
"6253",1312,5,7,54.9205158641271,0,1,13,6253,1,48,0
"6254",1313,6,7,58.2755679521502,0,1,14,6254,1,48,0
"6255",1314,7,8,51.6908417863102,0,1,15,6255,1,48,0
"6256",1315,6,6,54.7312377591548,0,1,16,6256,1,48,0
"6257",1316,5,5,47.9035909884393,0,1,17,6257,1,48,0
"6258",1317,6,7,58.2755679521502,0,1,18,6258,1,48,0
"6259",1318,6,8,54.6082809878472,0,1,19,6259,1,48,0
"6260",1319,6,7,58.2755679521502,0,1,20,6260,1,48,0
"6261",1320,4,7,49.0182073568299,0,1,21,6261,1,48,0
"6262",1321,7,9,46.0019770869081,0,1,22,6262,1,48,0
"6263",1322,6,7,58.2755679521502,0,1,23,6263,1,48,0
"6264",1323,6,7,58.2755679521502,0,1,24,6264,1,48,0
"6265",1324,6,7,58.2755679521502,0,1,25,6265,1,48,0
"6266",1325,6,6,54.7312377591548,0,1,26,6266,1,48,0
"6267",1326,1,5,53,0,1,1,6267,2,48,0
"6268",1327,2,7,56.9943662421435,0,1,2,6268,2,48,0
"6269",1328,2,6,61.230859336854,0,1,3,6269,2,48,0
"6270",1329,1,6,56.9848433800353,0,1,4,6270,2,48,0
"6271",1330,2,5,57.009664919666,0,1,5,6271,2,48,0
"6272",1331,1,5,53.6009180207323,0,1,6,6272,2,48,0
"6273",1332,3,6,57.2234148017901,0,1,7,6273,2,48,0
"6274",1333,1,7,53.6000668329386,0,1,8,6274,2,48,0
"6275",1334,3,7,53.7225534849795,0,1,9,6275,2,48,0
"6276",1335,2,7,56.9943662421435,0,1,10,6276,2,48,0
"6277",1336,2,6,61.230859336854,0,1,11,6277,2,48,0
"6278",1337,3,6,57.2234148017901,0,1,12,6278,2,48,0
"6279",1338,2,6,61.230859336854,0,1,13,6279,2,48,0
"6280",1339,0,6,48.7197564160974,0,1,14,6280,2,48,0
"6281",1340,3,5,53.8988576709668,0,1,15,6281,2,48,0
"6282",1341,2,6,61.230859336854,0,1,16,6282,2,48,0
"6283",1342,3,7,53.7225534849795,0,1,17,6283,2,48,0
"6284",1343,2,8,48.7232309940468,0,1,18,6284,2,48,0
"6285",1344,2,6,61.230859336854,0,1,19,6285,2,48,0
"6286",1345,2,6,61.230859336854,0,1,20,6286,2,48,0
"6287",1346,2,6,61.230859336854,0,1,21,6287,2,48,0
"6288",1347,2,6,61.230859336854,0,1,22,6288,2,48,0
"6289",1348,2,6,61.230859336854,0,1,23,6289,2,48,0
"6290",1349,2,6,61.230859336854,0,1,24,6290,2,48,0
"6291",1350,2,6,61.230859336854,0,1,25,6291,2,48,0
"6292",1351,2,5,57.009664919666,0,1,26,6292,2,48,0
"6293",1352,1,9,50,0,1,1,6293,3,48,0
"6294",1353,0,9,45.6011514394738,0,1,2,6294,3,48,1
"6295",1354,NA,NA,NA,0,1,3,6295,3,48,0
"6296",1355,NA,NA,NA,0,1,4,6296,3,48,0
"6297",1356,NA,NA,NA,0,1,5,6297,3,48,1
"6298",1357,NA,NA,NA,0,1,6,6298,3,48,0
"6299",1358,NA,NA,NA,0,1,7,6299,3,48,0
"6300",1359,NA,NA,NA,0,1,8,6300,3,48,0
"6301",1360,NA,NA,NA,0,1,9,6301,3,48,0
"6302",1361,NA,NA,NA,0,1,10,6302,3,48,0
"6303",1362,NA,NA,NA,0,1,11,6303,3,48,0
"6304",1363,NA,NA,NA,0,1,12,6304,3,48,0
"6305",1364,NA,NA,NA,0,1,13,6305,3,48,0
"6306",1365,NA,NA,NA,0,1,14,6306,3,48,1
"6307",1366,NA,NA,NA,0,1,15,6307,3,48,0
"6308",1367,NA,NA,NA,0,1,16,6308,3,48,0
"6309",1368,NA,NA,NA,0,1,17,6309,3,48,0
"6310",1369,NA,NA,NA,0,1,18,6310,3,48,0
"6311",1370,NA,NA,NA,0,1,19,6311,3,48,1
"6312",1371,NA,NA,NA,0,1,20,6312,3,48,0
"6313",1372,NA,NA,NA,0,1,21,6313,3,48,0
"6314",1373,NA,NA,NA,0,1,22,6314,3,48,0
"6315",1374,NA,NA,NA,0,1,23,6315,3,48,0
"6316",1375,NA,NA,NA,0,1,24,6316,3,48,1
"6317",1376,NA,NA,NA,0,1,25,6317,3,48,0
"6318",1377,NA,NA,NA,0,1,26,6318,3,48,1
"6319",1378,7,8,50,0,1,1,6319,4,48,0
"6320",1379,8,8,45.2879726836777,0,1,2,6320,4,48,1
"6321",1380,NA,NA,NA,0,1,3,6321,4,48,0
"6322",1381,NA,NA,NA,0,1,4,6322,4,48,1
"6323",1382,NA,NA,NA,0,1,5,6323,4,48,0
"6324",1383,NA,NA,NA,0,1,6,6324,4,48,0
"6325",1384,NA,NA,NA,0,1,7,6325,4,48,0
"6326",1385,NA,NA,NA,0,1,8,6326,4,48,0
"6327",1386,NA,NA,NA,0,1,9,6327,4,48,0
"6328",1387,NA,NA,NA,0,1,10,6328,4,48,0
"6329",1388,NA,NA,NA,0,1,11,6329,4,48,0
"6330",1389,NA,NA,NA,0,1,12,6330,4,48,0
"6331",1390,NA,NA,NA,0,1,13,6331,4,48,0
"6332",1391,NA,NA,NA,0,1,14,6332,4,48,0
"6333",1392,NA,NA,NA,0,1,15,6333,4,48,0
"6334",1393,NA,NA,NA,0,1,16,6334,4,48,0
"6335",1394,NA,NA,NA,0,1,17,6335,4,48,0
"6336",1395,NA,NA,NA,0,1,18,6336,4,48,0
"6337",1396,NA,NA,NA,0,1,19,6337,4,48,0
"6338",1397,NA,NA,NA,0,1,20,6338,4,48,0
"6339",1398,NA,NA,NA,0,1,21,6339,4,48,0
"6340",1399,NA,NA,NA,0,1,22,6340,4,48,0
"6341",1400,NA,NA,NA,0,1,23,6341,4,48,0
"6342",1401,NA,NA,NA,0,1,24,6342,4,48,0
"6343",1402,NA,NA,NA,0,1,25,6343,4,48,0
"6344",1403,NA,NA,NA,0,1,26,6344,4,48,0
"6345",1404,8,2,53,0,1,1,6345,5,48,0
"6346",1405,9,2,56.6441467729446,0,1,2,6346,5,48,0
"6347",1406,8,2,53.5525332032407,0,1,3,6347,5,48,0
"6348",1407,9,3,53.3215638125213,0,1,4,6348,5,48,0
"6349",1408,10,2,53.3119610904503,0,1,5,6349,5,48,0
"6350",1409,9,1,53.3369907867474,0,1,6,6350,5,48,0
"6351",1410,10,3,50.6590498183987,0,1,7,6351,5,48,0
"6352",1411,8,3,50.7825636594672,0,1,8,6352,5,48,0
"6353",1412,6,9,40.0000490264012,0,1,9,6353,5,48,1
"6354",1413,NA,NA,NA,0,1,10,6354,5,48,0
"6355",1414,NA,NA,NA,0,1,11,6355,5,48,0
"6356",1415,NA,NA,NA,0,1,12,6356,5,48,0
"6357",1416,NA,NA,NA,0,1,13,6357,5,48,0
"6358",1417,NA,NA,NA,0,1,14,6358,5,48,0
"6359",1418,NA,NA,NA,0,1,15,6359,5,48,0
"6360",1419,NA,NA,NA,0,1,16,6360,5,48,0
"6361",1420,NA,NA,NA,0,1,17,6361,5,48,0
"6362",1421,NA,NA,NA,0,1,18,6362,5,48,0
"6363",1422,NA,NA,NA,0,1,19,6363,5,48,0
"6364",1423,NA,NA,NA,0,1,20,6364,5,48,1
"6365",1424,NA,NA,NA,0,1,21,6365,5,48,1
"6366",1425,NA,NA,NA,0,1,22,6366,5,48,0
"6367",1426,NA,NA,NA,0,1,23,6367,5,48,0
"6368",1427,NA,NA,NA,0,1,24,6368,5,48,0
"6369",1428,NA,NA,NA,0,1,25,6369,5,48,1
"6370",1429,NA,NA,NA,0,1,26,6370,5,48,0
"6371",1430,7,7,53,0,1,1,6371,1,51,0
"6372",1431,10,8,40.9331180036673,0,1,2,6372,1,51,1
"6373",1432,NA,NA,NA,0,1,3,6373,1,51,1
"6374",1433,NA,NA,NA,0,1,4,6374,1,51,1
"6375",1434,NA,NA,NA,0,1,5,6375,1,51,0
"6376",1435,NA,NA,NA,0,1,6,6376,1,51,1
"6377",1436,NA,NA,NA,0,1,7,6377,1,51,1
"6378",1437,NA,NA,NA,0,1,8,6378,1,51,1
"6379",1438,NA,NA,NA,0,1,9,6379,1,51,0
"6380",1439,NA,NA,NA,0,1,10,6380,1,51,1
"6381",1440,NA,NA,NA,0,1,11,6381,1,51,1
"6382",1441,NA,NA,NA,0,1,12,6382,1,51,0
"6383",1442,NA,NA,NA,0,1,13,6383,1,51,0
"6384",1443,NA,NA,NA,0,1,14,6384,1,51,0
"6385",1444,NA,NA,NA,0,1,15,6385,1,51,0
"6386",1445,NA,NA,NA,0,1,16,6386,1,51,0
"6387",1446,NA,NA,NA,0,1,17,6387,1,51,0
"6388",1447,NA,NA,NA,0,1,18,6388,1,51,0
"6389",1448,NA,NA,NA,0,1,19,6389,1,51,0
"6390",1449,NA,NA,NA,0,1,20,6390,1,51,0
"6391",1450,NA,NA,NA,0,1,21,6391,1,51,0
"6392",1451,NA,NA,NA,0,1,22,6392,1,51,0
"6393",1452,NA,NA,NA,0,1,23,6393,1,51,0
"6394",1453,NA,NA,NA,0,1,24,6394,1,51,0
"6395",1454,NA,NA,NA,0,1,25,6395,1,51,0
"6396",1455,NA,NA,NA,0,1,26,6396,1,51,0
"6397",1456,6,6,54,0,1,1,6397,2,51,0
"6398",1457,6,6,54.7312377591548,0,1,2,6398,2,51,0
"6399",1458,9,5,41.0144401503248,0,1,3,6399,2,51,1
"6400",1459,NA,NA,NA,0,1,4,6400,2,51,1
"6401",1460,NA,NA,NA,0,1,5,6401,2,51,0
"6402",1461,NA,NA,NA,0,1,6,6402,2,51,0
"6403",1462,NA,NA,NA,0,1,7,6403,2,51,1
"6404",1463,NA,NA,NA,0,1,8,6404,2,51,0
"6405",1464,NA,NA,NA,0,1,9,6405,2,51,1
"6406",1465,NA,NA,NA,0,1,10,6406,2,51,0
"6407",1466,NA,NA,NA,0,1,11,6407,2,51,0
"6408",1467,NA,NA,NA,0,1,12,6408,2,51,0
"6409",1468,NA,NA,NA,0,1,13,6409,2,51,0
"6410",1469,NA,NA,NA,0,1,14,6410,2,51,0
"6411",1470,NA,NA,NA,0,1,15,6411,2,51,1
"6412",1471,NA,NA,NA,0,1,16,6412,2,51,0
"6413",1472,NA,NA,NA,0,1,17,6413,2,51,0
"6414",1473,NA,NA,NA,0,1,18,6414,2,51,0
"6415",1474,NA,NA,NA,0,1,19,6415,2,51,0
"6416",1475,NA,NA,NA,0,1,20,6416,2,51,0
"6417",1476,NA,NA,NA,0,1,21,6417,2,51,0
"6418",1477,NA,NA,NA,0,1,22,6418,2,51,0
"6419",1478,NA,NA,NA,0,1,23,6419,2,51,0
"6420",1479,NA,NA,NA,0,1,24,6420,2,51,0
"6421",1480,NA,NA,NA,0,1,25,6421,2,51,0
"6422",1481,NA,NA,NA,0,1,26,6422,2,51,0
"6423",1482,4,10,50,0,1,1,6423,3,51,0
"6424",1483,5,7,47.1222899861713,0,1,2,6424,3,51,0
"6425",1484,9,6,40.0115217912894,0,1,3,6425,3,51,1
"6426",1485,NA,NA,NA,0,1,4,6426,3,51,0
"6427",1486,NA,NA,NA,0,1,5,6427,3,51,0
"6428",1487,NA,NA,NA,0,1,6,6428,3,51,1
"6429",1488,NA,NA,NA,0,1,7,6429,3,51,0
"6430",1489,NA,NA,NA,0,1,8,6430,3,51,0
"6431",1490,NA,NA,NA,0,1,9,6431,3,51,0
"6432",1491,NA,NA,NA,0,1,10,6432,3,51,0
"6433",1492,NA,NA,NA,0,1,11,6433,3,51,0
"6434",1493,NA,NA,NA,0,1,12,6434,3,51,0
"6435",1494,NA,NA,NA,0,1,13,6435,3,51,0
"6436",1495,NA,NA,NA,0,1,14,6436,3,51,0
"6437",1496,NA,NA,NA,0,1,15,6437,3,51,0
"6438",1497,NA,NA,NA,0,1,16,6438,3,51,1
"6439",1498,NA,NA,NA,0,1,17,6439,3,51,0
"6440",1499,NA,NA,NA,0,1,18,6440,3,51,0
"6441",1500,NA,NA,NA,0,1,19,6441,3,51,0
"6442",1501,NA,NA,NA,0,1,20,6442,3,51,0
"6443",1502,NA,NA,NA,0,1,21,6443,3,51,0
"6444",1503,NA,NA,NA,0,1,22,6444,3,51,0
"6445",1504,NA,NA,NA,0,1,23,6445,3,51,0
"6446",1505,NA,NA,NA,0,1,24,6446,3,51,0
"6447",1506,NA,NA,NA,0,1,25,6447,3,51,0
"6448",1507,NA,NA,NA,0,1,26,6448,3,51,0
"6449",1508,4,5,57,0,1,1,6449,4,51,0
"6450",1509,4,5,57.2087487737599,0,1,2,6450,4,51,0
"6451",1510,10,2,104.843478611367,0,1,3,6451,4,51,0
"6452",1511,10,1,91.9212044888841,0,1,4,6452,4,51,0
"6453",1512,9,2,121.010084917168,0,1,5,6453,4,51,0
"6454",1513,9,2,121.010084917168,0,1,6,6454,4,51,0
"6455",1514,9,1,104.85173838323,0,1,7,6455,4,51,0
"6456",1515,10,2,104.843478611367,0,1,8,6456,4,51,0
"6457",1516,9,2,121.010084917168,0,1,9,6457,4,51,0
"6458",1517,9,2,121.010084917168,0,1,10,6458,4,51,0
"6459",1518,9,2,121.010084917168,0,1,11,6459,4,51,0
"6460",1519,9,2,121.010084917168,0,1,12,6460,4,51,0
"6461",1520,9,2,121.010084917168,0,1,13,6461,4,51,0
"6462",1521,9,2,121.010084917168,0,1,14,6462,4,51,0
"6463",1522,9,2,121.010084917168,0,1,15,6463,4,51,0
"6464",1523,9,2,121.010084917168,0,1,16,6464,4,51,0
"6465",1524,9,1,104.85173838323,0,1,17,6465,4,51,0
"6466",1525,9,2,121.010084917168,0,1,18,6466,4,51,0
"6467",1526,9,2,121.010084917168,0,1,19,6467,4,51,0
"6468",1527,9,2,121.010084917168,0,1,20,6468,4,51,0
"6469",1528,9,2,121.010084917168,0,1,21,6469,4,51,0
"6470",1529,9,2,121.010084917168,0,1,22,6470,4,51,0
"6471",1530,9,2,121.010084917168,0,1,23,6471,4,51,0
"6472",1531,9,2,121.010084917168,0,1,24,6472,4,51,0
"6473",1532,9,2,121.010084917168,0,1,25,6473,4,51,0
"6474",1533,9,2,121.010084917168,0,1,26,6474,4,51,0
"6475",1534,1,4,52,0,1,1,6475,5,51,0
"6476",1535,6,1,40.2283917965647,0,1,2,6476,5,51,1
"6477",1536,NA,NA,NA,0,1,3,6477,5,51,0
"6478",1537,NA,NA,NA,0,1,4,6478,5,51,1
"6479",1538,NA,NA,NA,0,1,5,6479,5,51,1
"6480",1539,NA,NA,NA,0,1,6,6480,5,51,0
"6481",1540,NA,NA,NA,0,1,7,6481,5,51,1
"6482",1541,NA,NA,NA,0,1,8,6482,5,51,1
"6483",1542,NA,NA,NA,0,1,9,6483,5,51,0
"6484",1543,NA,NA,NA,0,1,10,6484,5,51,0
"6485",1544,NA,NA,NA,0,1,11,6485,5,51,0
"6486",1545,NA,NA,NA,0,1,12,6486,5,51,0
"6487",1546,NA,NA,NA,0,1,13,6487,5,51,0
"6488",1547,NA,NA,NA,0,1,14,6488,5,51,0
"6489",1548,NA,NA,NA,0,1,15,6489,5,51,0
"6490",1549,NA,NA,NA,0,1,16,6490,5,51,0
"6491",1550,NA,NA,NA,0,1,17,6491,5,51,0
"6492",1551,NA,NA,NA,0,1,18,6492,5,51,0
"6493",1552,NA,NA,NA,0,1,19,6493,5,51,0
"6494",1553,NA,NA,NA,0,1,20,6494,5,51,0
"6495",1554,NA,NA,NA,0,1,21,6495,5,51,0
"6496",1555,NA,NA,NA,0,1,22,6496,5,51,0
"6497",1556,NA,NA,NA,0,1,23,6497,5,51,0
"6498",1557,NA,NA,NA,0,1,24,6498,5,51,0
"6499",1558,NA,NA,NA,0,1,25,6499,5,51,0
"6500",1559,NA,NA,NA,0,1,26,6500,5,51,0
"6501",1560,10,2,53,0,1,1,6501,1,52,0
"6502",1561,10,10,40.00000886283,0,1,2,6502,1,52,1
"6503",1562,NA,NA,NA,0,1,3,6503,1,52,1
"6504",1563,NA,NA,NA,0,1,4,6504,1,52,1
"6505",1564,NA,NA,NA,0,1,5,6505,1,52,1
"6506",1565,NA,NA,NA,0,1,6,6506,1,52,0
"6507",1566,NA,NA,NA,0,1,7,6507,1,52,1
"6508",1567,NA,NA,NA,0,1,8,6508,1,52,0
"6509",1568,NA,NA,NA,0,1,9,6509,1,52,1
"6510",1569,NA,NA,NA,0,1,10,6510,1,52,1
"6511",1570,NA,NA,NA,0,1,11,6511,1,52,1
"6512",1571,NA,NA,NA,0,1,12,6512,1,52,1
"6513",1572,NA,NA,NA,0,1,13,6513,1,52,1
"6514",1573,NA,NA,NA,0,1,14,6514,1,52,0
"6515",1574,NA,NA,NA,0,1,15,6515,1,52,0
"6516",1575,NA,NA,NA,0,1,16,6516,1,52,0
"6517",1576,NA,NA,NA,0,1,17,6517,1,52,0
"6518",1577,NA,NA,NA,0,1,18,6518,1,52,0
"6519",1578,NA,NA,NA,0,1,19,6519,1,52,0
"6520",1579,NA,NA,NA,0,1,20,6520,1,52,0
"6521",1580,NA,NA,NA,0,1,21,6521,1,52,1
"6522",1581,NA,NA,NA,0,1,22,6522,1,52,0
"6523",1582,NA,NA,NA,0,1,23,6523,1,52,0
"6524",1583,NA,NA,NA,0,1,24,6524,1,52,1
"6525",1584,NA,NA,NA,0,1,25,6525,1,52,0
"6526",1585,NA,NA,NA,0,1,26,6526,1,52,0
"6527",1586,7,0,51,0,1,1,6527,2,52,0
"6528",1587,10,6,40.3206278885826,0,1,2,6528,2,52,1
"6529",1588,NA,NA,NA,0,1,3,6529,2,52,1
"6530",1589,NA,NA,NA,0,1,4,6530,2,52,0
"6531",1590,NA,NA,NA,0,1,5,6531,2,52,0
"6532",1591,NA,NA,NA,0,1,6,6532,2,52,0
"6533",1592,NA,NA,NA,0,1,7,6533,2,52,0
"6534",1593,NA,NA,NA,0,1,8,6534,2,52,0
"6535",1594,NA,NA,NA,0,1,9,6535,2,52,0
"6536",1595,NA,NA,NA,0,1,10,6536,2,52,0
"6537",1596,NA,NA,NA,0,1,11,6537,2,52,0
"6538",1597,NA,NA,NA,0,1,12,6538,2,52,0
"6539",1598,NA,NA,NA,0,1,13,6539,2,52,0
"6540",1599,NA,NA,NA,0,1,14,6540,2,52,0
"6541",1600,NA,NA,NA,0,1,15,6541,2,52,0
"6542",1601,NA,NA,NA,0,1,16,6542,2,52,0
"6543",1602,NA,NA,NA,0,1,17,6543,2,52,0
"6544",1603,NA,NA,NA,0,1,18,6544,2,52,0
"6545",1604,NA,NA,NA,0,1,19,6545,2,52,0
"6546",1605,NA,NA,NA,0,1,20,6546,2,52,0
"6547",1606,NA,NA,NA,0,1,21,6547,2,52,0
"6548",1607,NA,NA,NA,0,1,22,6548,2,52,0
"6549",1608,NA,NA,NA,0,1,23,6549,2,52,0
"6550",1609,NA,NA,NA,0,1,24,6550,2,52,0
"6551",1610,NA,NA,NA,0,1,25,6551,2,52,0
"6552",1611,NA,NA,NA,0,1,26,6552,2,52,0
"6553",1612,9,5,58,0,1,1,6553,3,52,0
"6554",1613,8,0,40.4796783441864,0,1,2,6554,3,52,1
"6555",1614,NA,NA,NA,0,1,3,6555,3,52,1
"6556",1615,NA,NA,NA,0,1,4,6556,3,52,1
"6557",1616,NA,NA,NA,0,1,5,6557,3,52,0
"6558",1617,NA,NA,NA,0,1,6,6558,3,52,0
"6559",1618,NA,NA,NA,0,1,7,6559,3,52,1
"6560",1619,NA,NA,NA,0,1,8,6560,3,52,0
"6561",1620,NA,NA,NA,0,1,9,6561,3,52,1
"6562",1621,NA,NA,NA,0,1,10,6562,3,52,1
"6563",1622,NA,NA,NA,0,1,11,6563,3,52,0
"6564",1623,NA,NA,NA,0,1,12,6564,3,52,1
"6565",1624,NA,NA,NA,0,1,13,6565,3,52,1
"6566",1625,NA,NA,NA,0,1,14,6566,3,52,1
"6567",1626,NA,NA,NA,0,1,15,6567,3,52,0
"6568",1627,NA,NA,NA,0,1,16,6568,3,52,1
"6569",1628,NA,NA,NA,0,1,17,6569,3,52,0
"6570",1629,NA,NA,NA,0,1,18,6570,3,52,1
"6571",1630,NA,NA,NA,0,1,19,6571,3,52,0
"6572",1631,NA,NA,NA,0,1,20,6572,3,52,0
"6573",1632,NA,NA,NA,0,1,21,6573,3,52,1
"6574",1633,NA,NA,NA,0,1,22,6574,3,52,0
"6575",1634,NA,NA,NA,0,1,23,6575,3,52,1
"6576",1635,NA,NA,NA,0,1,24,6576,3,52,1
"6577",1636,NA,NA,NA,0,1,25,6577,3,52,1
"6578",1637,NA,NA,NA,0,1,26,6578,3,52,0
"6579",1638,4,8,59,0,1,1,6579,4,52,0
"6580",1639,3,10,44.1072025237325,0,1,2,6580,4,52,1
"6581",1640,NA,NA,NA,0,1,3,6581,4,52,0
"6582",1641,NA,NA,NA,0,1,4,6582,4,52,1
"6583",1642,NA,NA,NA,0,1,5,6583,4,52,0
"6584",1643,NA,NA,NA,0,1,6,6584,4,52,1
"6585",1644,NA,NA,NA,0,1,7,6585,4,52,1
"6586",1645,NA,NA,NA,0,1,8,6586,4,52,0
"6587",1646,NA,NA,NA,0,1,9,6587,4,52,0
"6588",1647,NA,NA,NA,0,1,10,6588,4,52,0
"6589",1648,NA,NA,NA,0,1,11,6589,4,52,1
"6590",1649,NA,NA,NA,0,1,12,6590,4,52,1
"6591",1650,NA,NA,NA,0,1,13,6591,4,52,0
"6592",1651,NA,NA,NA,0,1,14,6592,4,52,0
"6593",1652,NA,NA,NA,0,1,15,6593,4,52,0
"6594",1653,NA,NA,NA,0,1,16,6594,4,52,0
"6595",1654,NA,NA,NA,0,1,17,6595,4,52,0
"6596",1655,NA,NA,NA,0,1,18,6596,4,52,0
"6597",1656,NA,NA,NA,0,1,19,6597,4,52,0
"6598",1657,NA,NA,NA,0,1,20,6598,4,52,0
"6599",1658,NA,NA,NA,0,1,21,6599,4,52,0
"6600",1659,NA,NA,NA,0,1,22,6600,4,52,0
"6601",1660,NA,NA,NA,0,1,23,6601,4,52,0
"6602",1661,NA,NA,NA,0,1,24,6602,4,52,0
"6603",1662,NA,NA,NA,0,1,25,6603,4,52,0
"6604",1663,NA,NA,NA,0,1,26,6604,4,52,0
"6605",1664,2,8,56,0,1,1,6605,5,52,0
"6606",1665,5,3,66.6139248992499,0,1,2,6606,5,52,0
"6607",1666,5,4,53.6797375790151,0,1,3,6607,5,52,0
"6608",1667,2,5,51.0001052158419,0,1,4,6608,5,52,0
"6609",1668,7,6,40.0688140344768,0,1,5,6609,5,52,1
"6610",1669,NA,NA,NA,0,1,6,6610,5,52,1
"6611",1670,NA,NA,NA,0,1,7,6611,5,52,1
"6612",1671,NA,NA,NA,0,1,8,6612,5,52,1
"6613",1672,NA,NA,NA,0,1,9,6613,5,52,0
"6614",1673,NA,NA,NA,0,1,10,6614,5,52,1
"6615",1674,NA,NA,NA,0,1,11,6615,5,52,0
"6616",1675,NA,NA,NA,0,1,12,6616,5,52,1
"6617",1676,NA,NA,NA,0,1,13,6617,5,52,0
"6618",1677,NA,NA,NA,0,1,14,6618,5,52,0
"6619",1678,NA,NA,NA,0,1,15,6619,5,52,1
"6620",1679,NA,NA,NA,0,1,16,6620,5,52,0
"6621",1680,NA,NA,NA,0,1,17,6621,5,52,1
"6622",1681,NA,NA,NA,0,1,18,6622,5,52,0
"6623",1682,NA,NA,NA,0,1,19,6623,5,52,0
"6624",1683,NA,NA,NA,0,1,20,6624,5,52,0
"6625",1684,NA,NA,NA,0,1,21,6625,5,52,0
"6626",1685,NA,NA,NA,0,1,22,6626,5,52,1
"6627",1686,NA,NA,NA,0,1,23,6627,5,52,0
"6628",1687,NA,NA,NA,0,1,24,6628,5,52,0
"6629",1688,NA,NA,NA,0,1,25,6629,5,52,0
"6630",1689,NA,NA,NA,0,1,26,6630,5,52,1
"6631",1690,3,8,59,0,1,1,6631,1,53,0
"6632",1691,3,8,59.5854974337311,0,1,2,6632,1,53,0
"6633",1692,2,8,62.4164640166022,0,1,3,6633,1,53,0
"6634",1693,2,7,67.9947757341506,0,1,4,6634,1,53,0
"6635",1694,3,7,64.4593263189505,0,1,5,6635,1,53,0
"6636",1695,1,7,62.1950830671822,0,1,6,6636,1,53,0
"6637",1696,1,8,57.7724331727383,0,1,7,6637,1,53,0
"6638",1697,5,7,76.7207507322223,0,1,8,6638,1,53,0
"6639",1698,4,7,62.2363420667803,0,1,9,6639,1,53,0
"6640",1699,0,8,49.1148086007066,0,1,10,6640,1,53,0
"6641",1700,6,7,105.0154752929,0,1,11,6641,1,53,0
"6642",1701,7,7,120.313905748197,0,1,12,6642,1,53,0
"6643",1702,7,7,120.313905748197,0,1,13,6643,1,53,0
"6644",1703,7,7,120.313905748197,0,1,14,6644,1,53,0
"6645",1704,7,7,120.313905748197,0,1,15,6645,1,53,0
"6646",1705,7,7,120.313905748197,0,1,16,6646,1,53,0
"6647",1706,7,7,120.313905748197,0,1,17,6647,1,53,0
"6648",1707,7,7,120.313905748197,0,1,18,6648,1,53,0
"6649",1708,7,7,120.313905748197,0,1,19,6649,1,53,0
"6650",1709,7,7,120.313905748197,0,1,20,6650,1,53,0
"6651",1710,7,7,120.313905748197,0,1,21,6651,1,53,0
"6652",1711,7,7,120.313905748197,0,1,22,6652,1,53,0
"6653",1712,7,7,120.313905748197,0,1,23,6653,1,53,0
"6654",1713,7,7,120.313905748197,0,1,24,6654,1,53,0
"6655",1714,7,7,120.313905748197,0,1,25,6655,1,53,0
"6656",1715,7,7,120.313905748197,0,1,26,6656,1,53,0
"6657",1716,5,7,59,0,1,1,6657,2,53,0
"6658",1717,5,7,59.5870759596529,0,1,2,6658,2,53,0
"6659",1718,5,8,64.3118962570511,0,1,3,6659,2,53,0
"6660",1719,6,7,55.6234805154314,0,1,4,6660,2,53,0
"6661",1720,6,8,59.4621840775896,0,1,5,6661,2,53,0
"6662",1721,6,9,55.5813623512456,0,1,6,6662,2,53,0
"6663",1722,6,6,48.3123565523634,0,1,7,6663,2,53,0
"6664",1723,5,6,50.9403024283789,0,1,8,6664,2,53,0
"6665",1724,5,9,59.459132273895,0,1,9,6665,2,53,0
"6666",1725,4,8,59.4802406649498,0,1,10,6666,2,53,0
"6667",1726,2,2,104.774618048096,0,1,11,6667,2,53,0
"6668",1727,2,2,104.774618048096,0,1,12,6668,2,53,0
"6669",1728,2,2,104.774618048096,0,1,13,6669,2,53,0
"6670",1729,2,2,104.774618048096,0,1,14,6670,2,53,0
"6671",1730,2,2,104.774618048096,0,1,15,6671,2,53,0
"6672",1731,2,2,104.774618048096,0,1,16,6672,2,53,0
"6673",1732,2,2,104.774618048096,0,1,17,6673,2,53,0
"6674",1733,2,3,91.8792900511029,0,1,18,6674,2,53,0
"6675",1734,2,2,104.774618048096,0,1,19,6675,2,53,0
"6676",1735,2,3,91.8792900511029,0,1,20,6676,2,53,0
"6677",1736,2,2,104.774618048096,0,1,21,6677,2,53,0
"6678",1737,2,2,104.774618048096,0,1,22,6678,2,53,0
"6679",1738,2,2,104.774618048096,0,1,23,6679,2,53,0
"6680",1739,2,2,104.774618048096,0,1,24,6680,2,53,0
"6681",1740,2,2,104.774618048096,0,1,25,6681,2,53,0
"6682",1741,2,2,104.774618048096,0,1,26,6682,2,53,0
"6683",1742,3,1,56,0,1,1,6683,3,53,0
"6684",1743,3,1,56.7700257945888,0,1,2,6684,3,53,0
"6685",1744,2,1,53.4225490743735,0,1,3,6685,3,53,0
"6686",1745,3,2,60.9970981326317,0,1,4,6686,3,53,0
"6687",1746,5,4,56.9652737274393,0,1,5,6687,3,53,0
"6688",1747,1,0,43.5378414811137,0,1,6,6688,3,53,1
"6689",1748,NA,NA,NA,0,1,7,6689,3,53,0
"6690",1749,NA,NA,NA,0,1,8,6690,3,53,0
"6691",1750,NA,NA,NA,0,1,9,6691,3,53,0
"6692",1751,NA,NA,NA,0,1,10,6692,3,53,0
"6693",1752,NA,NA,NA,0,1,11,6693,3,53,0
"6694",1753,NA,NA,NA,0,1,12,6694,3,53,0
"6695",1754,NA,NA,NA,0,1,13,6695,3,53,0
"6696",1755,NA,NA,NA,0,1,14,6696,3,53,0
"6697",1756,NA,NA,NA,0,1,15,6697,3,53,0
"6698",1757,NA,NA,NA,0,1,16,6698,3,53,0
"6699",1758,NA,NA,NA,0,1,17,6699,3,53,0
"6700",1759,NA,NA,NA,0,1,18,6700,3,53,0
"6701",1760,NA,NA,NA,0,1,19,6701,3,53,0
"6702",1761,NA,NA,NA,0,1,20,6702,3,53,0
"6703",1762,NA,NA,NA,0,1,21,6703,3,53,0
"6704",1763,NA,NA,NA,0,1,22,6704,3,53,0
"6705",1764,NA,NA,NA,0,1,23,6705,3,53,0
"6706",1765,NA,NA,NA,0,1,24,6706,3,53,0
"6707",1766,NA,NA,NA,0,1,25,6707,3,53,0
"6708",1767,NA,NA,NA,0,1,26,6708,3,53,0
"6709",1768,7,3,59,0,1,1,6709,4,53,0
"6710",1769,7,3,59.738779899663,0,1,2,6710,4,53,0
"6711",1770,8,2,48.1112015658286,0,1,3,6711,4,53,0
"6712",1771,6,3,64.6826693539916,0,1,4,6712,4,53,0
"6713",1772,6,2,59.7333927165308,0,1,5,6713,4,53,0
"6714",1773,7,2,55.7990479728925,0,1,6,6714,4,53,0
"6715",1774,8,3,50.1307687920377,0,1,7,6715,4,53,0
"6716",1775,5,3,59.8612900205776,0,1,8,6716,4,53,0
"6717",1776,6,4,60.0498805575611,0,1,9,6717,4,53,0
"6718",1777,5,2,55.8096787064886,0,1,10,6718,4,53,0
"6719",1778,7,4,55.8658497222592,0,1,11,6719,4,53,0
"6720",1779,6,5,51.6467788307602,0,1,12,6720,4,53,0
"6721",1780,5,4,56.7710838783843,0,1,13,6721,4,53,0
"6722",1781,5,1,48.111729773489,0,1,14,6722,4,53,0
"6723",1782,5,5,52.7200868860306,0,1,15,6723,4,53,0
"6724",1783,4,4,50.0059077014246,0,1,16,6724,4,53,0
"6725",1784,8,1,44.1643805599327,0,1,17,6725,4,53,1
"6726",1785,NA,NA,NA,0,1,18,6726,4,53,0
"6727",1786,NA,NA,NA,0,1,19,6727,4,53,0
"6728",1787,NA,NA,NA,0,1,20,6728,4,53,1
"6729",1788,NA,NA,NA,0,1,21,6729,4,53,1
"6730",1789,NA,NA,NA,0,1,22,6730,4,53,0
"6731",1790,NA,NA,NA,0,1,23,6731,4,53,0
"6732",1791,NA,NA,NA,0,1,24,6732,4,53,0
"6733",1792,NA,NA,NA,0,1,25,6733,4,53,0
"6734",1793,NA,NA,NA,0,1,26,6734,4,53,0
"6735",1794,1,1,55,0,1,1,6735,5,53,0
"6736",1795,1,1,55.2713287302576,0,1,2,6736,5,53,0
"6737",1796,6,5,44.3692615971274,0,1,3,6737,5,53,1
"6738",1797,NA,NA,NA,0,1,4,6738,5,53,0
"6739",1798,NA,NA,NA,0,1,5,6739,5,53,1
"6740",1799,NA,NA,NA,0,1,6,6740,5,53,0
"6741",1800,NA,NA,NA,0,1,7,6741,5,53,0
"6742",1801,NA,NA,NA,0,1,8,6742,5,53,0
"6743",1802,NA,NA,NA,0,1,9,6743,5,53,0
"6744",1803,NA,NA,NA,0,1,10,6744,5,53,0
"6745",1804,NA,NA,NA,0,1,11,6745,5,53,0
"6746",1805,NA,NA,NA,0,1,12,6746,5,53,0
"6747",1806,NA,NA,NA,0,1,13,6747,5,53,0
"6748",1807,NA,NA,NA,0,1,14,6748,5,53,0
"6749",1808,NA,NA,NA,0,1,15,6749,5,53,0
"6750",1809,NA,NA,NA,0,1,16,6750,5,53,0
"6751",1810,NA,NA,NA,0,1,17,6751,5,53,0
"6752",1811,NA,NA,NA,0,1,18,6752,5,53,0
"6753",1812,NA,NA,NA,0,1,19,6753,5,53,0
"6754",1813,NA,NA,NA,0,1,20,6754,5,53,0
"6755",1814,NA,NA,NA,0,1,21,6755,5,53,0
"6756",1815,NA,NA,NA,0,1,22,6756,5,53,0
"6757",1816,NA,NA,NA,0,1,23,6757,5,53,0
"6758",1817,NA,NA,NA,0,1,24,6758,5,53,0
"6759",1818,NA,NA,NA,0,1,25,6759,5,53,0
"6760",1819,NA,NA,NA,0,1,26,6760,5,53,0
"6761",1820,4,2,57,0,1,1,6761,1,55,0
"6762",1821,4,1,53.4629275365827,0,1,2,6762,1,55,0
"6763",1822,2,7,40.3107298272403,0,1,3,6763,1,55,1
"6764",1823,NA,NA,NA,0,1,4,6764,1,55,0
"6765",1824,NA,NA,NA,0,1,5,6765,1,55,0
"6766",1825,NA,NA,NA,0,1,6,6766,1,55,0
"6767",1826,NA,NA,NA,0,1,7,6767,1,55,1
"6768",1827,NA,NA,NA,0,1,8,6768,1,55,1
"6769",1828,NA,NA,NA,0,1,9,6769,1,55,1
"6770",1829,NA,NA,NA,0,1,10,6770,1,55,0
"6771",1830,NA,NA,NA,0,1,11,6771,1,55,0
"6772",1831,NA,NA,NA,0,1,12,6772,1,55,0
"6773",1832,NA,NA,NA,0,1,13,6773,1,55,0
"6774",1833,NA,NA,NA,0,1,14,6774,1,55,0
"6775",1834,NA,NA,NA,0,1,15,6775,1,55,0
"6776",1835,NA,NA,NA,0,1,16,6776,1,55,0
"6777",1836,NA,NA,NA,0,1,17,6777,1,55,0
"6778",1837,NA,NA,NA,0,1,18,6778,1,55,0
"6779",1838,NA,NA,NA,0,1,19,6779,1,55,0
"6780",1839,NA,NA,NA,0,1,20,6780,1,55,0
"6781",1840,NA,NA,NA,0,1,21,6781,1,55,0
"6782",1841,NA,NA,NA,0,1,22,6782,1,55,0
"6783",1842,NA,NA,NA,0,1,23,6783,1,55,0
"6784",1843,NA,NA,NA,0,1,24,6784,1,55,0
"6785",1844,NA,NA,NA,0,1,25,6785,1,55,0
"6786",1845,NA,NA,NA,0,1,26,6786,1,55,1
"6787",1846,2,4,55,0,1,1,6787,2,55,0
"6788",1847,9,8,50.7172933883536,0,1,2,6788,2,55,0
"6789",1848,3,3,55.5135090999876,0,1,3,6789,2,55,0
"6790",1849,3,2,52.3926659295967,0,1,4,6790,2,55,0
"6791",1850,2,8,42.3368196102696,0,1,5,6791,2,55,1
"6792",1851,NA,NA,NA,0,1,6,6792,2,55,0
"6793",1852,NA,NA,NA,0,1,7,6793,2,55,1
"6794",1853,NA,NA,NA,0,1,8,6794,2,55,0
"6795",1854,NA,NA,NA,0,1,9,6795,2,55,1
"6796",1855,NA,NA,NA,0,1,10,6796,2,55,0
"6797",1856,NA,NA,NA,0,1,11,6797,2,55,0
"6798",1857,NA,NA,NA,0,1,12,6798,2,55,0
"6799",1858,NA,NA,NA,0,1,13,6799,2,55,0
"6800",1859,NA,NA,NA,0,1,14,6800,2,55,0
"6801",1860,NA,NA,NA,0,1,15,6801,2,55,1
"6802",1861,NA,NA,NA,0,1,16,6802,2,55,0
"6803",1862,NA,NA,NA,0,1,17,6803,2,55,0
"6804",1863,NA,NA,NA,0,1,18,6804,2,55,1
"6805",1864,NA,NA,NA,0,1,19,6805,2,55,0
"6806",1865,NA,NA,NA,0,1,20,6806,2,55,1
"6807",1866,NA,NA,NA,0,1,21,6807,2,55,0
"6808",1867,NA,NA,NA,0,1,22,6808,2,55,0
"6809",1868,NA,NA,NA,0,1,23,6809,2,55,0
"6810",1869,NA,NA,NA,0,1,24,6810,2,55,0
"6811",1870,NA,NA,NA,0,1,25,6811,2,55,0
"6812",1871,NA,NA,NA,0,1,26,6812,2,55,0
"6813",1872,7,5,53,0,1,1,6813,3,55,0
"6814",1873,7,5,53.3908236978716,0,1,2,6814,3,55,0
"6815",1874,8,5,56.37888587015,0,1,3,6815,3,55,0
"6816",1875,6,7,47.6228293957619,0,1,4,6816,3,55,0
"6817",1876,9,5,53.0960343129269,0,1,5,6817,3,55,0
"6818",1877,2,3,71.5017032324915,0,1,6,6818,3,55,0
"6819",1878,3,2,48.3057697272393,0,1,7,6819,3,55,0
"6820",1879,1,2,48.3035253025599,0,1,8,6820,3,55,0
"6821",1880,3,4,89.1618087920371,0,1,9,6821,3,55,0
"6822",1881,3,5,101.418353917646,0,1,10,6822,3,55,0
"6823",1882,3,6,89.2083028565255,0,1,11,6823,3,55,0
"6824",1883,2,6,101.361984860109,0,1,12,6824,3,55,0
"6825",1884,2,5,116.628775364176,0,1,13,6825,3,55,0
"6826",1885,1,5,101.35543904693,0,1,14,6826,3,55,0
"6827",1886,2,4,101.357950368839,0,1,15,6827,3,55,0
"6828",1887,1,4,89.1295072203696,0,1,16,6828,3,55,0
"6829",1888,2,6,101.361984860109,0,1,17,6829,3,55,0
"6830",1889,2,5,116.628775364176,0,1,18,6830,3,55,0
"6831",1890,4,5,71.9679128679072,0,1,19,6831,3,55,0
"6832",1891,2,5,116.628775364176,0,1,20,6832,3,55,0
"6833",1892,2,5,116.628775364176,0,1,21,6833,3,55,0
"6834",1893,2,4,101.357950368839,0,1,22,6834,3,55,0
"6835",1894,1,6,89.129731691388,0,1,23,6835,3,55,0
"6836",1895,2,5,116.628775364176,0,1,24,6836,3,55,0
"6837",1896,2,5,116.628775364176,0,1,25,6837,3,55,0
"6838",1897,2,5,116.628775364176,0,1,26,6838,3,55,0
"6839",1898,8,4,57,0,1,1,6839,4,55,0
"6840",1899,6,5,43.2144069185365,0,1,2,6840,4,55,1
"6841",1900,NA,NA,NA,0,1,3,6841,4,55,1
"6842",1901,NA,NA,NA,0,1,4,6842,4,55,0
"6843",1902,NA,NA,NA,0,1,5,6843,4,55,0
"6844",1903,NA,NA,NA,0,1,6,6844,4,55,1
"6845",1904,NA,NA,NA,0,1,7,6845,4,55,0
"6846",1905,NA,NA,NA,0,1,8,6846,4,55,0
"6847",1906,NA,NA,NA,0,1,9,6847,4,55,0
"6848",1907,NA,NA,NA,0,1,10,6848,4,55,0
"6849",1908,NA,NA,NA,0,1,11,6849,4,55,0
"6850",1909,NA,NA,NA,0,1,12,6850,4,55,0
"6851",1910,NA,NA,NA,0,1,13,6851,4,55,0
"6852",1911,NA,NA,NA,0,1,14,6852,4,55,0
"6853",1912,NA,NA,NA,0,1,15,6853,4,55,0
"6854",1913,NA,NA,NA,0,1,16,6854,4,55,0
"6855",1914,NA,NA,NA,0,1,17,6855,4,55,0
"6856",1915,NA,NA,NA,0,1,18,6856,4,55,0
"6857",1916,NA,NA,NA,0,1,19,6857,4,55,0
"6858",1917,NA,NA,NA,0,1,20,6858,4,55,0
"6859",1918,NA,NA,NA,0,1,21,6859,4,55,0
"6860",1919,NA,NA,NA,0,1,22,6860,4,55,0
"6861",1920,NA,NA,NA,0,1,23,6861,4,55,0
"6862",1921,NA,NA,NA,0,1,24,6862,4,55,0
"6863",1922,NA,NA,NA,0,1,25,6863,4,55,0
"6864",1923,NA,NA,NA,0,1,26,6864,4,55,0
"6865",1924,3,2,51,0,1,1,6865,5,55,0
"6866",1925,3,6,66.2834128210668,0,1,2,6866,5,55,0
"6867",1926,3,7,72.7625298624152,0,1,3,6867,5,55,0
"6868",1927,2,7,103.809486194857,0,1,4,6868,5,55,0
"6869",1928,1,7,119.685835508686,0,1,5,6869,5,55,0
"6870",1929,0,7,103.806109925121,0,1,6,6870,5,55,0
"6871",1930,1,8,103.804008321822,0,1,7,6871,5,55,0
"6872",1931,1,6,103.856658720533,0,1,8,6872,5,55,0
"6873",1932,0,8,91.0901825300325,0,1,9,6873,5,55,0
"6874",1933,0,6,91.1172141460544,0,1,10,6874,5,55,0
"6875",1934,1,7,119.685835508686,0,1,11,6875,5,55,0
"6876",1935,1,7,119.685835508686,0,1,12,6876,5,55,0
"6877",1936,2,6,91.1561227698045,0,1,13,6877,5,55,0
"6878",1937,1,8,103.804008321822,0,1,14,6878,5,55,0
"6879",1938,1,7,119.685835508686,0,1,15,6879,5,55,0
"6880",1939,1,8,103.804008321822,0,1,16,6880,5,55,0
"6881",1940,1,7,119.685835508686,0,1,17,6881,5,55,0
"6882",1941,1,6,103.856658720533,0,1,18,6882,5,55,0
"6883",1942,1,7,119.685835508686,0,1,19,6883,5,55,0
"6884",1943,1,7,119.685835508686,0,1,20,6884,5,55,0
"6885",1944,1,7,119.685835508686,0,1,21,6885,5,55,0
"6886",1945,1,7,119.685835508686,0,1,22,6886,5,55,0
"6887",1946,2,8,91.0903703789222,0,1,23,6887,5,55,0
"6888",1947,1,6,103.856658720533,0,1,24,6888,5,55,0
"6889",1948,1,7,119.685835508686,0,1,25,6889,5,55,0
"6890",1949,1,8,103.804008321822,0,1,26,6890,5,55,0
"6891",1950,7,6,51,0,1,1,6891,1,56,0
"6892",1951,7,7,54.6028741639911,0,1,2,6892,1,56,0
"6893",1952,6,7,58.2755679521502,0,1,3,6893,1,56,0
"6894",1953,6,8,54.6082809878472,0,1,4,6894,1,56,0
"6895",1954,1,1,51.2519283843297,0,1,5,6895,1,56,0
"6896",1955,6,6,54.7312377591548,0,1,6,6896,1,56,0
"6897",1956,7,8,51.6908417863102,0,1,7,6897,1,56,0
"6898",1957,5,7,54.9205158641271,0,1,8,6898,1,56,0
"6899",1958,2,0,41.9017314452939,0,1,9,6899,1,56,1
"6900",1959,NA,NA,NA,0,1,10,6900,1,56,0
"6901",1960,NA,NA,NA,0,1,11,6901,1,56,0
"6902",1961,NA,NA,NA,0,1,12,6902,1,56,0
"6903",1962,NA,NA,NA,0,1,13,6903,1,56,0
"6904",1963,NA,NA,NA,0,1,14,6904,1,56,0
"6905",1964,NA,NA,NA,0,1,15,6905,1,56,0
"6906",1965,NA,NA,NA,0,1,16,6906,1,56,0
"6907",1966,NA,NA,NA,0,1,17,6907,1,56,0
"6908",1967,NA,NA,NA,0,1,18,6908,1,56,0
"6909",1968,NA,NA,NA,0,1,19,6909,1,56,0
"6910",1969,NA,NA,NA,0,1,20,6910,1,56,0
"6911",1970,NA,NA,NA,0,1,21,6911,1,56,0
"6912",1971,NA,NA,NA,0,1,22,6912,1,56,0
"6913",1972,NA,NA,NA,0,1,23,6913,1,56,0
"6914",1973,NA,NA,NA,0,1,24,6914,1,56,0
"6915",1974,NA,NA,NA,0,1,25,6915,1,56,0
"6916",1975,NA,NA,NA,0,1,26,6916,1,56,0
"6917",1976,7,5,53,0,1,1,6917,2,56,0
"6918",1977,7,5,53.3908236978716,0,1,2,6918,2,56,0
"6919",1978,7,6,56.5903756676098,0,1,3,6919,2,56,0
"6920",1979,6,5,48.9117765887585,0,1,4,6920,2,56,0
"6921",1980,6,6,50.14864351778,0,1,5,6921,2,56,0
"6922",1981,7,7,53.2163836644303,0,1,6,6922,2,56,0
"6923",1982,9,7,53.0951921251685,0,1,7,6923,2,56,0
"6924",1983,8,6,60.4432347252706,0,1,8,6924,2,56,0
"6925",1984,10,6,48.3960442468752,0,1,9,6925,2,56,0
"6926",1985,8,7,56.3637489532147,0,1,10,6926,2,56,0
"6927",1986,8,5,56.37888587015,0,1,11,6927,2,56,0
"6928",1987,9,10,40.467142351179,0,1,12,6928,2,56,1
"6929",1988,NA,NA,NA,0,1,13,6929,2,56,1
"6930",1989,NA,NA,NA,0,1,14,6930,2,56,0
"6931",1990,NA,NA,NA,0,1,15,6931,2,56,0
"6932",1991,NA,NA,NA,0,1,16,6932,2,56,0
"6933",1992,NA,NA,NA,0,1,17,6933,2,56,0
"6934",1993,NA,NA,NA,0,1,18,6934,2,56,0
"6935",1994,NA,NA,NA,0,1,19,6935,2,56,0
"6936",1995,NA,NA,NA,0,1,20,6936,2,56,0
"6937",1996,NA,NA,NA,0,1,21,6937,2,56,0
"6938",1997,NA,NA,NA,0,1,22,6938,2,56,1
"6939",1998,NA,NA,NA,0,1,23,6939,2,56,0
"6940",1999,NA,NA,NA,0,1,24,6940,2,56,0
"6941",2000,NA,NA,NA,0,1,25,6941,2,56,0
"6942",2001,NA,NA,NA,0,1,26,6942,2,56,0
"6943",2002,7,7,52,0,1,1,6943,3,56,0
"6944",2003,8,6,45.2869382389913,0,1,2,6944,3,56,1
"6945",2004,NA,NA,NA,0,1,3,6945,3,56,0
"6946",2005,NA,NA,NA,0,1,4,6946,3,56,0
"6947",2006,NA,NA,NA,0,1,5,6947,3,56,0
"6948",2007,NA,NA,NA,0,1,6,6948,3,56,0
"6949",2008,NA,NA,NA,0,1,7,6949,3,56,1
"6950",2009,NA,NA,NA,0,1,8,6950,3,56,0
"6951",2010,NA,NA,NA,0,1,9,6951,3,56,0
"6952",2011,NA,NA,NA,0,1,10,6952,3,56,0
"6953",2012,NA,NA,NA,0,1,11,6953,3,56,1
"6954",2013,NA,NA,NA,0,1,12,6954,3,56,1
"6955",2014,NA,NA,NA,0,1,13,6955,3,56,0
"6956",2015,NA,NA,NA,0,1,14,6956,3,56,0
"6957",2016,NA,NA,NA,0,1,15,6957,3,56,0
"6958",2017,NA,NA,NA,0,1,16,6958,3,56,0
"6959",2018,NA,NA,NA,0,1,17,6959,3,56,0
"6960",2019,NA,NA,NA,0,1,18,6960,3,56,0
"6961",2020,NA,NA,NA,0,1,19,6961,3,56,1
"6962",2021,NA,NA,NA,0,1,20,6962,3,56,0
"6963",2022,NA,NA,NA,0,1,21,6963,3,56,0
"6964",2023,NA,NA,NA,0,1,22,6964,3,56,0
"6965",2024,NA,NA,NA,0,1,23,6965,3,56,0
"6966",2025,NA,NA,NA,0,1,24,6966,3,56,0
"6967",2026,NA,NA,NA,0,1,25,6967,3,56,0
"6968",2027,NA,NA,NA,0,1,26,6968,3,56,0
"6969",2028,2,3,56,0,1,1,6969,4,56,0
"6970",2029,2,3,56.1985532217812,0,1,2,6970,4,56,0
"6971",2030,1,3,60.2142811540137,0,1,3,6971,4,56,0
"6972",2031,1,1,48.3059798237019,0,1,4,6972,4,56,0
"6973",2032,1,4,56.3005980640761,0,1,5,6973,4,56,0
"6974",2033,5,6,44.3769839148105,0,1,6,6974,4,56,1
"6975",2034,NA,NA,NA,0,1,7,6975,4,56,0
"6976",2035,NA,NA,NA,0,1,8,6976,4,56,0
"6977",2036,NA,NA,NA,0,1,9,6977,4,56,0
"6978",2037,NA,NA,NA,0,1,10,6978,4,56,0
"6979",2038,NA,NA,NA,0,1,11,6979,4,56,0
"6980",2039,NA,NA,NA,0,1,12,6980,4,56,0
"6981",2040,NA,NA,NA,0,1,13,6981,4,56,0
"6982",2041,NA,NA,NA,0,1,14,6982,4,56,0
"6983",2042,NA,NA,NA,0,1,15,6983,4,56,0
"6984",2043,NA,NA,NA,0,1,16,6984,4,56,0
"6985",2044,NA,NA,NA,0,1,17,6985,4,56,0
"6986",2045,NA,NA,NA,0,1,18,6986,4,56,0
"6987",2046,NA,NA,NA,0,1,19,6987,4,56,0
"6988",2047,NA,NA,NA,0,1,20,6988,4,56,0
"6989",2048,NA,NA,NA,0,1,21,6989,4,56,1
"6990",2049,NA,NA,NA,0,1,22,6990,4,56,0
"6991",2050,NA,NA,NA,0,1,23,6991,4,56,0
"6992",2051,NA,NA,NA,0,1,24,6992,4,56,0
"6993",2052,NA,NA,NA,0,1,25,6993,4,56,0
"6994",2053,NA,NA,NA,0,1,26,6994,4,56,0
"6995",2054,7,2,52,0,1,1,6995,5,56,0
"6996",2055,7,9,44.5078793137197,0,1,2,6996,5,56,1
"6997",2056,NA,NA,NA,0,1,3,6997,5,56,0
"6998",2057,NA,NA,NA,0,1,4,6998,5,56,0
"6999",2058,NA,NA,NA,0,1,5,6999,5,56,0
"7000",2059,NA,NA,NA,0,1,6,7000,5,56,1
"7001",2060,NA,NA,NA,0,1,7,7001,5,56,1
"7002",2061,NA,NA,NA,0,1,8,7002,5,56,0
"7003",2062,NA,NA,NA,0,1,9,7003,5,56,0
"7004",2063,NA,NA,NA,0,1,10,7004,5,56,0
"7005",2064,NA,NA,NA,0,1,11,7005,5,56,0
"7006",2065,NA,NA,NA,0,1,12,7006,5,56,0
"7007",2066,NA,NA,NA,0,1,13,7007,5,56,0
"7008",2067,NA,NA,NA,0,1,14,7008,5,56,0
"7009",2068,NA,NA,NA,0,1,15,7009,5,56,0
"7010",2069,NA,NA,NA,0,1,16,7010,5,56,0
"7011",2070,NA,NA,NA,0,1,17,7011,5,56,0
"7012",2071,NA,NA,NA,0,1,18,7012,5,56,0
"7013",2072,NA,NA,NA,0,1,19,7013,5,56,0
"7014",2073,NA,NA,NA,0,1,20,7014,5,56,0
"7015",2074,NA,NA,NA,0,1,21,7015,5,56,0
"7016",2075,NA,NA,NA,0,1,22,7016,5,56,0
"7017",2076,NA,NA,NA,0,1,23,7017,5,56,0
"7018",2077,NA,NA,NA,0,1,24,7018,5,56,0
"7019",2078,NA,NA,NA,0,1,25,7019,5,56,0
"7020",2079,NA,NA,NA,0,1,26,7020,5,56,0
"7021",2080,5,8,55,0,1,1,7021,1,57,0
"7022",2081,5,5,49.1862686330114,0,1,2,7022,1,57,0
"7023",2082,8,0,42.2803179702486,0,1,3,7023,1,57,1
"7024",2083,NA,NA,NA,0,1,4,7024,1,57,0
"7025",2084,NA,NA,NA,0,1,5,7025,1,57,1
"7026",2085,NA,NA,NA,0,1,6,7026,1,57,1
"7027",2086,NA,NA,NA,0,1,7,7027,1,57,0
"7028",2087,NA,NA,NA,0,1,8,7028,1,57,0
"7029",2088,NA,NA,NA,0,1,9,7029,1,57,1
"7030",2089,NA,NA,NA,0,1,10,7030,1,57,1
"7031",2090,NA,NA,NA,0,1,11,7031,1,57,0
"7032",2091,NA,NA,NA,0,1,12,7032,1,57,0
"7033",2092,NA,NA,NA,0,1,13,7033,1,57,0
"7034",2093,NA,NA,NA,0,1,14,7034,1,57,0
"7035",2094,NA,NA,NA,0,1,15,7035,1,57,0
"7036",2095,NA,NA,NA,0,1,16,7036,1,57,0
"7037",2096,NA,NA,NA,0,1,17,7037,1,57,0
"7038",2097,NA,NA,NA,0,1,18,7038,1,57,0
"7039",2098,NA,NA,NA,0,1,19,7039,1,57,0
"7040",2099,NA,NA,NA,0,1,20,7040,1,57,0
"7041",2100,NA,NA,NA,0,1,21,7041,1,57,0
"7042",2101,NA,NA,NA,0,1,22,7042,1,57,0
"7043",2102,NA,NA,NA,0,1,23,7043,1,57,0
"7044",2103,NA,NA,NA,0,1,24,7044,1,57,0
"7045",2104,NA,NA,NA,0,1,25,7045,1,57,0
"7046",2105,NA,NA,NA,0,1,26,7046,1,57,0
"7047",2106,7,5,53,0,1,1,7047,2,57,0
"7048",2107,7,5,53.3908236978716,0,1,2,7048,2,57,0
"7049",2108,6,5,48.9117765887585,0,1,3,7049,2,57,0
"7050",2109,10,4,43.4517410390476,0,1,4,7050,2,57,1
"7051",2110,NA,NA,NA,0,1,5,7051,2,57,0
"7052",2111,NA,NA,NA,0,1,6,7052,2,57,1
"7053",2112,NA,NA,NA,0,1,7,7053,2,57,1
"7054",2113,NA,NA,NA,0,1,8,7054,2,57,0
"7055",2114,NA,NA,NA,0,1,9,7055,2,57,0
"7056",2115,NA,NA,NA,0,1,10,7056,2,57,1
"7057",2116,NA,NA,NA,0,1,11,7057,2,57,0
"7058",2117,NA,NA,NA,0,1,12,7058,2,57,0
"7059",2118,NA,NA,NA,0,1,13,7059,2,57,0
"7060",2119,NA,NA,NA,0,1,14,7060,2,57,0
"7061",2120,NA,NA,NA,0,1,15,7061,2,57,0
"7062",2121,NA,NA,NA,0,1,16,7062,2,57,0
"7063",2122,NA,NA,NA,0,1,17,7063,2,57,0
"7064",2123,NA,NA,NA,0,1,18,7064,2,57,0
"7065",2124,NA,NA,NA,0,1,19,7065,2,57,0
"7066",2125,NA,NA,NA,0,1,20,7066,2,57,0
"7067",2126,NA,NA,NA,0,1,21,7067,2,57,1
"7068",2127,NA,NA,NA,0,1,22,7068,2,57,1
"7069",2128,NA,NA,NA,0,1,23,7069,2,57,0
"7070",2129,NA,NA,NA,0,1,24,7070,2,57,0
"7071",2130,NA,NA,NA,0,1,25,7071,2,57,0
"7072",2131,NA,NA,NA,0,1,26,7072,2,57,0
"7073",2132,3,2,52,0,1,1,7073,3,57,0
"7074",2133,4,6,54.4593312865976,0,1,2,7074,3,57,0
"7075",2134,5,6,66.4229138557838,0,1,3,7075,3,57,0
"7076",2135,5,7,90.8502041012801,0,1,4,7076,3,57,0
"7077",2136,4,7,66.29592759231,0,1,5,7077,3,57,0
"7078",2137,5,8,103.421042182012,0,1,6,7078,3,57,0
"7079",2138,4,8,72.5869678954669,0,1,7,7079,3,57,0
"7080",2139,6,8,119.192805570968,0,1,8,7080,3,57,0
"7081",2140,6,7,103.426699601163,0,1,9,7081,3,57,0
"7082",2141,6,9,103.411118009905,0,1,10,7082,3,57,0
"7083",2142,5,9,90.7763829180976,0,1,11,7083,3,57,0
"7084",2143,7,8,103.411221629152,0,1,12,7084,3,57,0
"7085",2144,7,7,90.7776394852742,0,1,13,7085,3,57,0
"7086",2145,7,9,90.7755307462081,0,1,14,7086,3,57,0
"7087",2146,6,10,72.5562687614233,0,1,15,7087,3,57,0
"7088",2147,6,6,72.6309568731535,0,1,16,7088,3,57,0
"7089",2148,8,7,66.069199006448,0,1,17,7089,3,57,0
"7090",2149,8,9,66.0690160220294,0,1,18,7090,3,57,0
"7091",2150,5,10,66.069062654937,0,1,19,7091,3,57,0
"7092",2151,8,8,72.5562835180814,0,1,20,7092,3,57,0
"7093",2152,7,6,66.0791231785543,0,1,21,7093,3,57,0
"7094",2153,6,5,50.9442057388647,0,1,22,7094,3,57,0
"7095",2154,4,9,66.0716786383024,0,1,23,7095,3,57,0
"7096",2155,7,10,66.0690152417989,0,1,24,7096,3,57,0
"7097",2156,8,10,53.3842781066331,0,1,25,7097,3,57,0
"7098",2157,3,10,44.4062992378498,0,1,26,7098,3,57,1
"7099",2158,2,9,53,0,1,1,7099,4,57,0
"7100",2159,8,10,40.0001587968383,0,1,2,7100,4,57,1
"7101",2160,NA,NA,NA,0,1,3,7101,4,57,0
"7102",2161,NA,NA,NA,0,1,4,7102,4,57,0
"7103",2162,NA,NA,NA,0,1,5,7103,4,57,0
"7104",2163,NA,NA,NA,0,1,6,7104,4,57,0
"7105",2164,NA,NA,NA,0,1,7,7105,4,57,0
"7106",2165,NA,NA,NA,0,1,8,7106,4,57,0
"7107",2166,NA,NA,NA,0,1,9,7107,4,57,0
"7108",2167,NA,NA,NA,0,1,10,7108,4,57,0
"7109",2168,NA,NA,NA,0,1,11,7109,4,57,0
"7110",2169,NA,NA,NA,0,1,12,7110,4,57,0
"7111",2170,NA,NA,NA,0,1,13,7111,4,57,0
"7112",2171,NA,NA,NA,0,1,14,7112,4,57,0
"7113",2172,NA,NA,NA,0,1,15,7113,4,57,0
"7114",2173,NA,NA,NA,0,1,16,7114,4,57,0
"7115",2174,NA,NA,NA,0,1,17,7115,4,57,0
"7116",2175,NA,NA,NA,0,1,18,7116,4,57,0
"7117",2176,NA,NA,NA,0,1,19,7117,4,57,0
"7118",2177,NA,NA,NA,0,1,20,7118,4,57,0
"7119",2178,NA,NA,NA,0,1,21,7119,4,57,0
"7120",2179,NA,NA,NA,0,1,22,7120,4,57,0
"7121",2180,NA,NA,NA,0,1,23,7121,4,57,0
"7122",2181,NA,NA,NA,0,1,24,7122,4,57,0
"7123",2182,NA,NA,NA,0,1,25,7123,4,57,0
"7124",2183,NA,NA,NA,0,1,26,7124,4,57,0
"7125",2184,3,7,53,0,1,1,7125,5,57,0
"7126",2185,3,7,53.7225534849795,0,1,2,7126,5,57,0
"7127",2186,4,7,47.8916535748256,0,1,3,7127,5,57,0
"7128",2187,8,6,102.017920336116,0,1,4,7128,5,57,0
"7129",2188,9,6,89.6547669467662,0,1,5,7129,5,57,0
"7130",2189,8,7,71.8431063233208,0,1,6,7130,5,57,0
"7131",2190,9,7,65.4937211348041,0,1,7,7131,5,57,0
"7132",2191,8,5,117.447821275195,0,1,8,7132,5,57,0
"7133",2192,9,5,102.011122146129,0,1,9,7133,5,57,0
"7134",2193,8,4,102.013730293198,0,1,10,7134,5,57,0
"7135",2194,7,4,89.6880807946321,0,1,11,7135,5,57,0
"7136",2195,7,5,102.076462728324,0,1,12,7136,5,57,0
"7137",2196,9,4,89.6545338211656,0,1,13,7137,5,57,0
"7138",2197,7,6,89.7363674589404,0,1,14,7138,5,57,0
"7139",2198,7,7,65.5590617169992,0,1,15,7139,5,57,0
"7140",2199,10,5,71.8374202397421,0,1,16,7140,5,57,0
"7141",2200,8,3,71.8383718664894,0,1,17,7141,5,57,0
"7142",2201,10,6,65.4934182657443,0,1,18,7142,5,57,0
"7143",2202,10,4,65.4934099492232,0,1,19,7143,5,57,0
"7144",2203,9,3,65.493457719103,0,1,20,7144,5,57,0
"7145",2204,7,3,65.5045011475304,0,1,21,7145,5,57,0
"7146",2205,8,0,40.2993874532413,0,1,22,7146,5,57,1
"7147",2206,NA,NA,NA,0,1,23,7147,5,57,0
"7148",2207,NA,NA,NA,0,1,24,7148,5,57,0
"7149",2208,NA,NA,NA,0,1,25,7149,5,57,0
"7150",2209,NA,NA,NA,0,1,26,7150,5,57,0
"7151",2210,10,1,50,0,1,1,7151,1,59,0
"7152",2211,10,1,50.6599081443641,0,1,2,7152,1,59,0
"7153",2212,3,4,50.5708364299434,0,1,3,7153,1,59,0
"7154",2213,4,3,65.7586536195449,0,1,4,7154,1,59,0
"7155",2214,4,4,48.4890480382196,0,1,5,7155,1,59,0
"7156",2215,3,3,72.108866865964,0,1,6,7156,1,59,0
"7157",2216,4,2,90.1350429472816,0,1,7,7157,1,59,0
"7158",2217,3,2,102.536412300792,0,1,8,7158,1,59,0
"7159",2218,3,2,102.536412300792,0,1,9,7159,1,59,0
"7160",2219,3,2,102.536412300792,0,1,10,7160,1,59,0
"7161",2220,3,1,118.096028901052,0,1,11,7161,1,59,0
"7162",2221,3,1,118.096028901052,0,1,12,7162,1,59,0
"7163",2222,3,1,118.096028901052,0,1,13,7163,1,59,0
"7164",2223,3,1,118.096028901052,0,1,14,7164,1,59,0
"7165",2224,4,1,102.582294315036,0,1,15,7165,1,59,0
"7166",2225,3,1,118.096028901052,0,1,16,7166,1,59,0
"7167",2226,3,1,118.096028901052,0,1,17,7167,1,59,0
"7168",2227,3,1,118.096028901052,0,1,18,7168,1,59,0
"7169",2228,3,1,118.096028901052,0,1,19,7169,1,59,0
"7170",2229,3,1,118.096028901052,0,1,20,7170,1,59,0
"7171",2230,3,1,118.096028901052,0,1,21,7171,1,59,0
"7172",2231,3,1,118.096028901052,0,1,22,7172,1,59,0
"7173",2232,3,1,118.096028901052,0,1,23,7173,1,59,0
"7174",2233,3,1,118.096028901052,0,1,24,7174,1,59,0
"7175",2234,3,1,118.096028901052,0,1,25,7175,1,59,0
"7176",2235,3,1,118.096028901052,0,1,26,7176,1,59,0
"7177",2236,6,7,55,0,1,1,7177,2,59,0
"7178",2237,6,6,48.3123565523634,0,1,2,7178,2,59,0
"7179",2238,3,3,104.812136625557,0,1,3,7179,2,59,0
"7180",2239,3,4,73.5412102200486,0,1,4,7180,2,59,0
"7181",2240,3,2,120.895682077843,0,1,5,7181,2,59,0
"7182",2241,3,2,120.895682077843,0,1,6,7182,2,59,0
"7183",2242,3,2,120.895682077843,0,1,7,7183,2,59,0
"7184",2243,3,2,120.895682077843,0,1,8,7184,2,59,0
"7185",2244,3,2,120.895682077843,0,1,9,7185,2,59,0
"7186",2245,3,2,120.895682077843,0,1,10,7186,2,59,0
"7187",2246,3,2,120.895682077843,0,1,11,7187,2,59,0
"7188",2247,3,2,120.895682077843,0,1,12,7188,2,59,0
"7189",2248,3,2,120.895682077843,0,1,13,7189,2,59,0
"7190",2249,3,2,120.895682077843,0,1,14,7190,2,59,0
"7191",2250,3,2,120.895682077843,0,1,15,7191,2,59,0
"7192",2251,3,2,120.895682077843,0,1,16,7192,2,59,0
"7193",2252,3,2,120.895682077843,0,1,17,7193,2,59,0
"7194",2253,3,2,120.895682077843,0,1,18,7194,2,59,0
"7195",2254,3,2,120.895682077843,0,1,19,7195,2,59,0
"7196",2255,3,2,120.895682077843,0,1,20,7196,2,59,0
"7197",2256,3,2,120.895682077843,0,1,21,7197,2,59,0
"7198",2257,3,2,120.895682077843,0,1,22,7198,2,59,0
"7199",2258,3,2,120.895682077843,0,1,23,7199,2,59,0
"7200",2259,3,2,120.895682077843,0,1,24,7200,2,59,0
"7201",2260,2,2,104.774618048096,0,1,25,7201,2,59,0
"7202",2261,3,2,120.895682077843,0,1,26,7202,2,59,0
"7203",2262,3,1,57,0,1,1,7203,3,59,0
"7204",2263,3,1,57.9830972175724,0,1,2,7204,3,59,0
"7205",2264,0,4,41.2269943331009,0,1,3,7205,3,59,1
"7206",2265,NA,NA,NA,0,1,4,7206,3,59,0
"7207",2266,NA,NA,NA,0,1,5,7207,3,59,0
"7208",2267,NA,NA,NA,0,1,6,7208,3,59,1
"7209",2268,NA,NA,NA,0,1,7,7209,3,59,0
"7210",2269,NA,NA,NA,0,1,8,7210,3,59,0
"7211",2270,NA,NA,NA,0,1,9,7211,3,59,0
"7212",2271,NA,NA,NA,0,1,10,7212,3,59,0
"7213",2272,NA,NA,NA,0,1,11,7213,3,59,0
"7214",2273,NA,NA,NA,0,1,12,7214,3,59,0
"7215",2274,NA,NA,NA,0,1,13,7215,3,59,0
"7216",2275,NA,NA,NA,0,1,14,7216,3,59,0
"7217",2276,NA,NA,NA,0,1,15,7217,3,59,0
"7218",2277,NA,NA,NA,0,1,16,7218,3,59,0
"7219",2278,NA,NA,NA,0,1,17,7219,3,59,0
"7220",2279,NA,NA,NA,0,1,18,7220,3,59,0
"7221",2280,NA,NA,NA,0,1,19,7221,3,59,0
"7222",2281,NA,NA,NA,0,1,20,7222,3,59,0
"7223",2282,NA,NA,NA,0,1,21,7223,3,59,0
"7224",2283,NA,NA,NA,0,1,22,7224,3,59,0
"7225",2284,NA,NA,NA,0,1,23,7225,3,59,0
"7226",2285,NA,NA,NA,0,1,24,7226,3,59,0
"7227",2286,NA,NA,NA,0,1,25,7227,3,59,0
"7228",2287,NA,NA,NA,0,1,26,7228,3,59,0
"7229",2288,2,10,50,0,1,1,7229,4,59,0
"7230",2289,1,1,44.3475312461985,0,1,2,7230,4,59,1
"7231",2290,NA,NA,NA,0,1,3,7231,4,59,0
"7232",2291,NA,NA,NA,0,1,4,7232,4,59,0
"7233",2292,NA,NA,NA,0,1,5,7233,4,59,0
"7234",2293,NA,NA,NA,0,1,6,7234,4,59,0
"7235",2294,NA,NA,NA,0,1,7,7235,4,59,0
"7236",2295,NA,NA,NA,0,1,8,7236,4,59,0
"7237",2296,NA,NA,NA,0,1,9,7237,4,59,0
"7238",2297,NA,NA,NA,0,1,10,7238,4,59,0
"7239",2298,NA,NA,NA,0,1,11,7239,4,59,0
"7240",2299,NA,NA,NA,0,1,12,7240,4,59,0
"7241",2300,NA,NA,NA,0,1,13,7241,4,59,0
"7242",2301,NA,NA,NA,0,1,14,7242,4,59,0
"7243",2302,NA,NA,NA,0,1,15,7243,4,59,0
"7244",2303,NA,NA,NA,0,1,16,7244,4,59,0
"7245",2304,NA,NA,NA,0,1,17,7245,4,59,0
"7246",2305,NA,NA,NA,0,1,18,7246,4,59,0
"7247",2306,NA,NA,NA,0,1,19,7247,4,59,0
"7248",2307,NA,NA,NA,0,1,20,7248,4,59,0
"7249",2308,NA,NA,NA,0,1,21,7249,4,59,0
"7250",2309,NA,NA,NA,0,1,22,7250,4,59,1
"7251",2310,NA,NA,NA,0,1,23,7251,4,59,0
"7252",2311,NA,NA,NA,0,1,24,7252,4,59,0
"7253",2312,NA,NA,NA,0,1,25,7253,4,59,0
"7254",2313,NA,NA,NA,0,1,26,7254,4,59,0
"7255",2314,5,6,50,0,1,1,7255,5,59,0
"7256",2315,7,2,40.0497145974951,0,1,2,7256,5,59,1
"7257",2316,NA,NA,NA,0,1,3,7257,5,59,1
"7258",2317,NA,NA,NA,0,1,4,7258,5,59,0
"7259",2318,NA,NA,NA,0,1,5,7259,5,59,0
"7260",2319,NA,NA,NA,0,1,6,7260,5,59,0
"7261",2320,NA,NA,NA,0,1,7,7261,5,59,1
"7262",2321,NA,NA,NA,0,1,8,7262,5,59,0
"7263",2322,NA,NA,NA,0,1,9,7263,5,59,1
"7264",2323,NA,NA,NA,0,1,10,7264,5,59,0
"7265",2324,NA,NA,NA,0,1,11,7265,5,59,1
"7266",2325,NA,NA,NA,0,1,12,7266,5,59,0
"7267",2326,NA,NA,NA,0,1,13,7267,5,59,0
"7268",2327,NA,NA,NA,0,1,14,7268,5,59,1
"7269",2328,NA,NA,NA,0,1,15,7269,5,59,0
"7270",2329,NA,NA,NA,0,1,16,7270,5,59,0
"7271",2330,NA,NA,NA,0,1,17,7271,5,59,0
"7272",2331,NA,NA,NA,0,1,18,7272,5,59,0
"7273",2332,NA,NA,NA,0,1,19,7273,5,59,0
"7274",2333,NA,NA,NA,0,1,20,7274,5,59,0
"7275",2334,NA,NA,NA,0,1,21,7275,5,59,0
"7276",2335,NA,NA,NA,0,1,22,7276,5,59,0
"7277",2336,NA,NA,NA,0,1,23,7277,5,59,0
"7278",2337,NA,NA,NA,0,1,24,7278,5,59,0
"7279",2338,NA,NA,NA,0,1,25,7279,5,59,0
"7280",2339,NA,NA,NA,0,1,26,7280,5,59,0
"7281",2340,7,8,51,0,1,1,7281,1,60,0
"7282",2341,6,10,42.467550043501,0,1,2,7282,1,60,1
"7283",2342,NA,NA,NA,0,1,3,7283,1,60,1
"7284",2343,NA,NA,NA,0,1,4,7284,1,60,1
"7285",2344,NA,NA,NA,0,1,5,7285,1,60,0
"7286",2345,NA,NA,NA,0,1,6,7286,1,60,0
"7287",2346,NA,NA,NA,0,1,7,7287,1,60,0
"7288",2347,NA,NA,NA,0,1,8,7288,1,60,0
"7289",2348,NA,NA,NA,0,1,9,7289,1,60,0
"7290",2349,NA,NA,NA,0,1,10,7290,1,60,0
"7291",2350,NA,NA,NA,0,1,11,7291,1,60,0
"7292",2351,NA,NA,NA,0,1,12,7292,1,60,0
"7293",2352,NA,NA,NA,0,1,13,7293,1,60,0
"7294",2353,NA,NA,NA,0,1,14,7294,1,60,0
"7295",2354,NA,NA,NA,0,1,15,7295,1,60,0
"7296",2355,NA,NA,NA,0,1,16,7296,1,60,0
"7297",2356,NA,NA,NA,0,1,17,7297,1,60,0
"7298",2357,NA,NA,NA,0,1,18,7298,1,60,0
"7299",2358,NA,NA,NA,0,1,19,7299,1,60,0
"7300",2359,NA,NA,NA,0,1,20,7300,1,60,0
"7301",2360,NA,NA,NA,0,1,21,7301,1,60,0
"7302",2361,NA,NA,NA,0,1,22,7302,1,60,0
"7303",2362,NA,NA,NA,0,1,23,7303,1,60,0
"7304",2363,NA,NA,NA,0,1,24,7304,1,60,0
"7305",2364,NA,NA,NA,0,1,25,7305,1,60,0
"7306",2365,NA,NA,NA,0,1,26,7306,1,60,0
"7307",2366,9,6,56,0,1,1,7307,2,60,0
"7308",2367,2,2,50.3700302879809,0,1,2,7308,2,60,0
"7309",2368,4,2,44.2798310841865,0,1,3,7309,2,60,1
"7310",2369,NA,NA,NA,0,1,4,7310,2,60,1
"7311",2370,NA,NA,NA,0,1,5,7311,2,60,0
"7312",2371,NA,NA,NA,0,1,6,7312,2,60,1
"7313",2372,NA,NA,NA,0,1,7,7313,2,60,0
"7314",2373,NA,NA,NA,0,1,8,7314,2,60,0
"7315",2374,NA,NA,NA,0,1,9,7315,2,60,0
"7316",2375,NA,NA,NA,0,1,10,7316,2,60,0
"7317",2376,NA,NA,NA,0,1,11,7317,2,60,0
"7318",2377,NA,NA,NA,0,1,12,7318,2,60,0
"7319",2378,NA,NA,NA,0,1,13,7319,2,60,0
"7320",2379,NA,NA,NA,0,1,14,7320,2,60,0
"7321",2380,NA,NA,NA,0,1,15,7321,2,60,0
"7322",2381,NA,NA,NA,0,1,16,7322,2,60,0
"7323",2382,NA,NA,NA,0,1,17,7323,2,60,0
"7324",2383,NA,NA,NA,0,1,18,7324,2,60,0
"7325",2384,NA,NA,NA,0,1,19,7325,2,60,0
"7326",2385,NA,NA,NA,0,1,20,7326,2,60,0
"7327",2386,NA,NA,NA,0,1,21,7327,2,60,0
"7328",2387,NA,NA,NA,0,1,22,7328,2,60,0
"7329",2388,NA,NA,NA,0,1,23,7329,2,60,0
"7330",2389,NA,NA,NA,0,1,24,7330,2,60,0
"7331",2390,NA,NA,NA,0,1,25,7331,2,60,0
"7332",2391,NA,NA,NA,0,1,26,7332,2,60,0
"7333",2392,4,9,53,0,1,1,7333,3,60,0
"7334",2393,2,9,53.3879330158142,0,1,2,7334,3,60,0
"7335",2394,3,8,55.3781399898945,0,1,3,7335,3,60,0
"7336",2395,3,9,56.7195050050699,0,1,4,7336,3,60,0
"7337",2396,5,0,40.917641651108,0,1,5,7337,3,60,1
"7338",2397,NA,NA,NA,0,1,6,7338,3,60,0
"7339",2398,NA,NA,NA,0,1,7,7339,3,60,1
"7340",2399,NA,NA,NA,0,1,8,7340,3,60,0
"7341",2400,NA,NA,NA,0,1,9,7341,3,60,0
"7342",2401,NA,NA,NA,0,1,10,7342,3,60,1
"7343",2402,NA,NA,NA,0,1,11,7343,3,60,0
"7344",2403,NA,NA,NA,0,1,12,7344,3,60,1
"7345",2404,NA,NA,NA,0,1,13,7345,3,60,0
"7346",2405,NA,NA,NA,0,1,14,7346,3,60,1
"7347",2406,NA,NA,NA,0,1,15,7347,3,60,0
"7348",2407,NA,NA,NA,0,1,16,7348,3,60,1
"7349",2408,NA,NA,NA,0,1,17,7349,3,60,1
"7350",2409,NA,NA,NA,0,1,18,7350,3,60,0
"7351",2410,NA,NA,NA,0,1,19,7351,3,60,0
"7352",2411,NA,NA,NA,0,1,20,7352,3,60,0
"7353",2412,NA,NA,NA,0,1,21,7353,3,60,0
"7354",2413,NA,NA,NA,0,1,22,7354,3,60,0
"7355",2414,NA,NA,NA,0,1,23,7355,3,60,0
"7356",2415,NA,NA,NA,0,1,24,7356,3,60,0
"7357",2416,NA,NA,NA,0,1,25,7357,3,60,0
"7358",2417,NA,NA,NA,0,1,26,7358,3,60,0
"7359",2418,6,0,49,0,1,1,7359,4,60,0
"7360",2419,8,0,49.0792193248303,0,1,2,7360,4,60,0
"7361",2420,10,8,40.1288053143898,0,1,3,7361,4,60,1
"7362",2421,NA,NA,NA,0,1,4,7362,4,60,0
"7363",2422,NA,NA,NA,0,1,5,7363,4,60,0
"7364",2423,NA,NA,NA,0,1,6,7364,4,60,0
"7365",2424,NA,NA,NA,0,1,7,7365,4,60,1
"7366",2425,NA,NA,NA,0,1,8,7366,4,60,0
"7367",2426,NA,NA,NA,0,1,9,7367,4,60,0
"7368",2427,NA,NA,NA,0,1,10,7368,4,60,0
"7369",2428,NA,NA,NA,0,1,11,7369,4,60,0
"7370",2429,NA,NA,NA,0,1,12,7370,4,60,0
"7371",2430,NA,NA,NA,0,1,13,7371,4,60,0
"7372",2431,NA,NA,NA,0,1,14,7372,4,60,0
"7373",2432,NA,NA,NA,0,1,15,7373,4,60,0
"7374",2433,NA,NA,NA,0,1,16,7374,4,60,0
"7375",2434,NA,NA,NA,0,1,17,7375,4,60,0
"7376",2435,NA,NA,NA,0,1,18,7376,4,60,0
"7377",2436,NA,NA,NA,0,1,19,7377,4,60,0
"7378",2437,NA,NA,NA,0,1,20,7378,4,60,0
"7379",2438,NA,NA,NA,0,1,21,7379,4,60,0
"7380",2439,NA,NA,NA,0,1,22,7380,4,60,0
"7381",2440,NA,NA,NA,0,1,23,7381,4,60,1
"7382",2441,NA,NA,NA,0,1,24,7382,4,60,1
"7383",2442,NA,NA,NA,0,1,25,7383,4,60,0
"7384",2443,NA,NA,NA,0,1,26,7384,4,60,0
"7385",2444,8,6,53,0,1,1,7385,5,60,0
"7386",2445,2,4,40.330604915301,0,1,2,7386,5,60,1
"7387",2446,NA,NA,NA,0,1,3,7387,5,60,1
"7388",2447,NA,NA,NA,0,1,4,7388,5,60,0
"7389",2448,NA,NA,NA,0,1,5,7389,5,60,0
"7390",2449,NA,NA,NA,0,1,6,7390,5,60,0
"7391",2450,NA,NA,NA,0,1,7,7391,5,60,0
"7392",2451,NA,NA,NA,0,1,8,7392,5,60,1
"7393",2452,NA,NA,NA,0,1,9,7393,5,60,0
"7394",2453,NA,NA,NA,0,1,10,7394,5,60,0
"7395",2454,NA,NA,NA,0,1,11,7395,5,60,1
"7396",2455,NA,NA,NA,0,1,12,7396,5,60,0
"7397",2456,NA,NA,NA,0,1,13,7397,5,60,0
"7398",2457,NA,NA,NA,0,1,14,7398,5,60,0
"7399",2458,NA,NA,NA,0,1,15,7399,5,60,0
"7400",2459,NA,NA,NA,0,1,16,7400,5,60,1
"7401",2460,NA,NA,NA,0,1,17,7401,5,60,0
"7402",2461,NA,NA,NA,0,1,18,7402,5,60,0
"7403",2462,NA,NA,NA,0,1,19,7403,5,60,0
"7404",2463,NA,NA,NA,0,1,20,7404,5,60,1
"7405",2464,NA,NA,NA,0,1,21,7405,5,60,0
"7406",2465,NA,NA,NA,0,1,22,7406,5,60,1
"7407",2466,NA,NA,NA,0,1,23,7407,5,60,0
"7408",2467,NA,NA,NA,0,1,24,7408,5,60,1
"7409",2468,NA,NA,NA,0,1,25,7409,5,60,1
"7410",2469,NA,NA,NA,0,1,26,7410,5,60,0
"7411",2470,0,10,51,0,1,1,7411,1,61,0
"7412",2471,0,10,51.5695045085653,0,1,2,7412,1,61,0
"7413",2472,4,6,73.729544378683,0,1,3,7413,1,61,0
"7414",2473,4,6,73.729544378683,0,1,4,7414,1,61,0
"7415",2474,4,6,73.729544378683,0,1,5,7415,1,61,0
"7416",2475,4,6,73.729544378683,0,1,6,7416,1,61,0
"7417",2476,4,6,73.729544378683,0,1,7,7417,1,61,0
"7418",2477,5,6,105.122273261949,0,1,8,7418,1,61,0
"7419",2478,5,6,105.122273261949,0,1,9,7419,1,61,0
"7420",2479,5,6,105.122273261949,0,1,10,7420,1,61,0
"7421",2480,5,6,105.122273261949,0,1,11,7421,1,61,0
"7422",2481,5,6,105.122273261949,0,1,12,7422,1,61,0
"7423",2482,5,6,105.122273261949,0,1,13,7423,1,61,0
"7424",2483,5,6,105.122273261949,0,1,14,7424,1,61,0
"7425",2484,5,6,105.122273261949,0,1,15,7425,1,61,0
"7426",2485,5,6,105.122273261949,0,1,16,7426,1,61,0
"7427",2486,5,6,105.122273261949,0,1,17,7427,1,61,0
"7428",2487,5,6,105.122273261949,0,1,18,7428,1,61,0
"7429",2488,5,6,105.122273261949,0,1,19,7429,1,61,0
"7430",2489,5,6,105.122273261949,0,1,20,7430,1,61,0
"7431",2490,5,6,105.122273261949,0,1,21,7431,1,61,0
"7432",2491,5,6,105.122273261949,0,1,22,7432,1,61,0
"7433",2492,5,6,105.122273261949,0,1,23,7433,1,61,0
"7434",2493,5,6,105.122273261949,0,1,24,7434,1,61,0
"7435",2494,5,6,105.122273261949,0,1,25,7435,1,61,0
"7436",2495,5,6,105.122273261949,0,1,26,7436,1,61,0
"7437",2496,1,7,62,0,1,1,7437,2,61,0
"7438",2497,1,7,62.1950830671822,0,1,2,7438,2,61,0
"7439",2498,1,7,62.1950830671822,0,1,3,7439,2,61,0
"7440",2499,0,7,51.3830184121592,0,1,4,7440,2,61,0
"7441",2500,1,7,62.1950830671822,0,1,5,7441,2,61,0
"7442",2501,1,7,62.1950830671822,0,1,6,7442,2,61,0
"7443",2502,1,7,62.1950830671822,0,1,7,7443,2,61,0
"7444",2503,1,7,62.1950830671822,0,1,8,7444,2,61,0
"7445",2504,4,4,43.0093616517539,0,1,9,7445,2,61,1
"7446",2505,NA,NA,NA,0,1,10,7446,2,61,0
"7447",2506,NA,NA,NA,0,1,11,7447,2,61,0
"7448",2507,NA,NA,NA,0,1,12,7448,2,61,0
"7449",2508,NA,NA,NA,0,1,13,7449,2,61,0
"7450",2509,NA,NA,NA,0,1,14,7450,2,61,0
"7451",2510,NA,NA,NA,0,1,15,7451,2,61,0
"7452",2511,NA,NA,NA,0,1,16,7452,2,61,0
"7453",2512,NA,NA,NA,0,1,17,7453,2,61,0
"7454",2513,NA,NA,NA,0,1,18,7454,2,61,0
"7455",2514,NA,NA,NA,0,1,19,7455,2,61,0
"7456",2515,NA,NA,NA,0,1,20,7456,2,61,0
"7457",2516,NA,NA,NA,0,1,21,7457,2,61,0
"7458",2517,NA,NA,NA,0,1,22,7458,2,61,0
"7459",2518,NA,NA,NA,0,1,23,7459,2,61,0
"7460",2519,NA,NA,NA,0,1,24,7460,2,61,0
"7461",2520,NA,NA,NA,0,1,25,7461,2,61,0
"7462",2521,NA,NA,NA,0,1,26,7462,2,61,0
"7463",2522,2,9,53,0,1,1,7463,3,61,0
"7464",2523,2,9,53.2530582020015,0,1,2,7464,3,61,0
"7465",2524,2,9,53.2530582020015,0,1,3,7465,3,61,0
"7466",2525,1,9,56.5501782222322,0,1,4,7466,3,61,0
"7467",2526,1,8,60.6790454398354,0,1,5,7467,3,61,0
"7468",2527,1,8,60.6790454398354,0,1,6,7468,3,61,0
"7469",2528,1,8,60.6790454398354,0,1,7,7469,3,61,0
"7470",2529,1,9,56.5501782222322,0,1,8,7470,3,61,0
"7471",2530,1,8,60.6790454398354,0,1,9,7471,3,61,0
"7472",2531,1,8,60.6790454398354,0,1,10,7472,3,61,0
"7473",2532,1,8,60.6790454398354,0,1,11,7473,3,61,0
"7474",2533,1,8,60.6790454398354,0,1,12,7474,3,61,0
"7475",2534,1,8,60.6790454398354,0,1,13,7475,3,61,0
"7476",2535,1,8,60.6790454398354,0,1,14,7476,3,61,0
"7477",2536,1,8,60.6790454398354,0,1,15,7477,3,61,0
"7478",2537,1,8,60.6790454398354,0,1,16,7478,3,61,0
"7479",2538,1,9,56.5501782222322,0,1,17,7479,3,61,0
"7480",2539,1,8,60.6790454398354,0,1,18,7480,3,61,0
"7481",2540,1,8,60.6790454398354,0,1,19,7481,3,61,0
"7482",2541,1,8,60.6790454398354,0,1,20,7482,3,61,0
"7483",2542,1,8,60.6790454398354,0,1,21,7483,3,61,0
"7484",2543,1,8,60.6790454398354,0,1,22,7484,3,61,0
"7485",2544,2,8,56.5712727053194,0,1,23,7485,3,61,0
"7486",2545,1,8,60.6790454398354,0,1,24,7486,3,61,0
"7487",2546,1,8,60.6790454398354,0,1,25,7487,3,61,0
"7488",2547,1,8,60.6790454398354,0,1,26,7488,3,61,0
"7489",2548,8,4,52,0,1,1,7489,4,61,0
"7490",2549,9,4,55.3384207246753,0,1,2,7490,4,61,0
"7491",2550,9,4,55.3384207246753,0,1,3,7491,4,61,0
"7492",2551,8,5,56.2368991726728,0,1,4,7492,4,61,0
"7493",2552,9,5,59.2303145831263,0,1,5,7493,4,61,0
"7494",2553,9,5,59.2303145831263,0,1,6,7494,4,61,0
"7495",2554,9,5,59.2303145831263,0,1,7,7495,4,61,0
"7496",2555,9,5,59.2303145831263,0,1,8,7496,4,61,0
"7497",2556,9,5,59.2303145831263,0,1,9,7497,4,61,0
"7498",2557,9,5,59.2303145831263,0,1,10,7498,4,61,0
"7499",2558,9,5,59.2303145831263,0,1,11,7499,4,61,0
"7500",2559,9,5,59.2303145831263,0,1,12,7500,4,61,0
"7501",2560,9,5,59.2303145831263,0,1,13,7501,4,61,0
"7502",2561,9,5,59.2303145831263,0,1,14,7502,4,61,0
"7503",2562,9,5,59.2303145831263,0,1,15,7503,4,61,0
"7504",2563,9,5,59.2303145831263,0,1,16,7504,4,61,0
"7505",2564,9,5,59.2303145831263,0,1,17,7505,4,61,0
"7506",2565,9,5,59.2303145831263,0,1,18,7506,4,61,0
"7507",2566,9,5,59.2303145831263,0,1,19,7507,4,61,0
"7508",2567,8,5,56.2368991726728,0,1,20,7508,4,61,0
"7509",2568,9,5,59.2303145831263,0,1,21,7509,4,61,0
"7510",2569,9,5,59.2303145831263,0,1,22,7510,4,61,0
"7511",2570,8,5,56.2368991726728,0,1,23,7511,4,61,0
"7512",2571,9,5,59.2303145831263,0,1,24,7512,4,61,0
"7513",2572,9,4,55.3384207246753,0,1,25,7513,4,61,0
"7514",2573,9,5,59.2303145831263,0,1,26,7514,4,61,0
"7515",2574,8,3,53,0,1,1,7515,5,61,0
"7516",2575,8,3,53.4730330795277,0,1,2,7516,5,61,0
"7517",2576,9,3,56.813726175488,0,1,3,7517,5,61,0
"7518",2577,9,3,56.813726175488,0,1,4,7518,5,61,0
"7519",2578,9,3,56.813726175488,0,1,5,7519,5,61,0
"7520",2579,9,4,61.2191632461105,0,1,6,7520,5,61,0
"7521",2580,9,4,61.2191632461105,0,1,7,7521,5,61,0
"7522",2581,10,4,56.9196463200751,0,1,8,7522,5,61,0
"7523",2582,9,3,56.813726175488,0,1,9,7523,5,61,0
"7524",2583,9,4,61.2191632461105,0,1,10,7524,5,61,0
"7525",2584,10,4,56.9196463200751,0,1,11,7525,5,61,0
"7526",2585,9,4,61.2191632461105,0,1,12,7526,5,61,0
"7527",2586,9,4,61.2191632461105,0,1,13,7527,5,61,0
"7528",2587,9,4,61.2191632461105,0,1,14,7528,5,61,0
"7529",2588,9,4,61.2191632461105,0,1,15,7529,5,61,0
"7530",2589,9,4,61.2191632461105,0,1,16,7530,5,61,0
"7531",2590,9,4,61.2191632461105,0,1,17,7531,5,61,0
"7532",2591,9,4,61.2191632461105,0,1,18,7532,5,61,0
"7533",2592,9,4,61.2191632461105,0,1,19,7533,5,61,0
"7534",2593,9,4,61.2191632461105,0,1,20,7534,5,61,0
"7535",2594,9,4,61.2191632461105,0,1,21,7535,5,61,0
"7536",2595,8,4,57.1022277188402,0,1,22,7536,5,61,0
"7537",2596,9,4,61.2191632461105,0,1,23,7537,5,61,0
"7538",2597,9,4,61.2191632461105,0,1,24,7538,5,61,0
"7539",2598,9,4,61.2191632461105,0,1,25,7539,5,61,0
"7540",2599,9,4,61.2191632461105,0,1,26,7540,5,61,0
"7541",2600,3,10,51,0,1,1,7541,1,62,0
"7542",2601,7,3,40.1307052859784,0,1,2,7542,1,62,1
"7543",2602,NA,NA,NA,0,1,3,7543,1,62,1
"7544",2603,NA,NA,NA,0,1,4,7544,1,62,0
"7545",2604,NA,NA,NA,0,1,5,7545,1,62,0
"7546",2605,NA,NA,NA,0,1,6,7546,1,62,0
"7547",2606,NA,NA,NA,0,1,7,7547,1,62,1
"7548",2607,NA,NA,NA,0,1,8,7548,1,62,0
"7549",2608,NA,NA,NA,0,1,9,7549,1,62,0
"7550",2609,NA,NA,NA,0,1,10,7550,1,62,0
"7551",2610,NA,NA,NA,0,1,11,7551,1,62,0
"7552",2611,NA,NA,NA,0,1,12,7552,1,62,0
"7553",2612,NA,NA,NA,0,1,13,7553,1,62,0
"7554",2613,NA,NA,NA,0,1,14,7554,1,62,0
"7555",2614,NA,NA,NA,0,1,15,7555,1,62,0
"7556",2615,NA,NA,NA,0,1,16,7556,1,62,0
"7557",2616,NA,NA,NA,0,1,17,7557,1,62,0
"7558",2617,NA,NA,NA,0,1,18,7558,1,62,1
"7559",2618,NA,NA,NA,0,1,19,7559,1,62,0
"7560",2619,NA,NA,NA,0,1,20,7560,1,62,0
"7561",2620,NA,NA,NA,0,1,21,7561,1,62,0
"7562",2621,NA,NA,NA,0,1,22,7562,1,62,1
"7563",2622,NA,NA,NA,0,1,23,7563,1,62,0
"7564",2623,NA,NA,NA,0,1,24,7564,1,62,0
"7565",2624,NA,NA,NA,0,1,25,7565,1,62,0
"7566",2625,NA,NA,NA,0,1,26,7566,1,62,0
"7567",2626,2,9,51,0,1,1,7567,2,62,0
"7568",2627,0,8,42.4998158935076,0,1,2,7568,2,62,1
"7569",2628,NA,NA,NA,0,1,3,7569,2,62,0
"7570",2629,NA,NA,NA,0,1,4,7570,2,62,0
"7571",2630,NA,NA,NA,0,1,5,7571,2,62,0
"7572",2631,NA,NA,NA,0,1,6,7572,2,62,0
"7573",2632,NA,NA,NA,0,1,7,7573,2,62,0
"7574",2633,NA,NA,NA,0,1,8,7574,2,62,0
"7575",2634,NA,NA,NA,0,1,9,7575,2,62,0
"7576",2635,NA,NA,NA,0,1,10,7576,2,62,0
"7577",2636,NA,NA,NA,0,1,11,7577,2,62,0
"7578",2637,NA,NA,NA,0,1,12,7578,2,62,0
"7579",2638,NA,NA,NA,0,1,13,7579,2,62,0
"7580",2639,NA,NA,NA,0,1,14,7580,2,62,0
"7581",2640,NA,NA,NA,0,1,15,7581,2,62,0
"7582",2641,NA,NA,NA,0,1,16,7582,2,62,0
"7583",2642,NA,NA,NA,0,1,17,7583,2,62,0
"7584",2643,NA,NA,NA,0,1,18,7584,2,62,0
"7585",2644,NA,NA,NA,0,1,19,7585,2,62,0
"7586",2645,NA,NA,NA,0,1,20,7586,2,62,0
"7587",2646,NA,NA,NA,0,1,21,7587,2,62,0
"7588",2647,NA,NA,NA,0,1,22,7588,2,62,0
"7589",2648,NA,NA,NA,0,1,23,7589,2,62,0
"7590",2649,NA,NA,NA,0,1,24,7590,2,62,0
"7591",2650,NA,NA,NA,0,1,25,7591,2,62,0
"7592",2651,NA,NA,NA,0,1,26,7592,2,62,0
"7593",2652,9,1,53,0,1,1,7593,3,62,0
"7594",2653,9,3,53.3215638125213,0,1,2,7594,3,62,0
"7595",2654,5,6,40.1376773571925,0,1,3,7595,3,62,1
"7596",2655,NA,NA,NA,0,1,4,7596,3,62,0
"7597",2656,NA,NA,NA,0,1,5,7597,3,62,0
"7598",2657,NA,NA,NA,0,1,6,7598,3,62,1
"7599",2658,NA,NA,NA,0,1,7,7599,3,62,0
"7600",2659,NA,NA,NA,0,1,8,7600,3,62,1
"7601",2660,NA,NA,NA,0,1,9,7601,3,62,0
"7602",2661,NA,NA,NA,0,1,10,7602,3,62,1
"7603",2662,NA,NA,NA,0,1,11,7603,3,62,0
"7604",2663,NA,NA,NA,0,1,12,7604,3,62,1
"7605",2664,NA,NA,NA,0,1,13,7605,3,62,0
"7606",2665,NA,NA,NA,0,1,14,7606,3,62,0
"7607",2666,NA,NA,NA,0,1,15,7607,3,62,0
"7608",2667,NA,NA,NA,0,1,16,7608,3,62,0
"7609",2668,NA,NA,NA,0,1,17,7609,3,62,0
"7610",2669,NA,NA,NA,0,1,18,7610,3,62,0
"7611",2670,NA,NA,NA,0,1,19,7611,3,62,0
"7612",2671,NA,NA,NA,0,1,20,7612,3,62,0
"7613",2672,NA,NA,NA,0,1,21,7613,3,62,0
"7614",2673,NA,NA,NA,0,1,22,7614,3,62,0
"7615",2674,NA,NA,NA,0,1,23,7615,3,62,0
"7616",2675,NA,NA,NA,0,1,24,7616,3,62,0
"7617",2676,NA,NA,NA,0,1,25,7617,3,62,0
"7618",2677,NA,NA,NA,0,1,26,7618,3,62,0
"7619",2678,0,4,52,0,1,1,7619,4,62,0
"7620",2679,7,10,41.7673218363163,0,1,2,7620,4,62,1
"7621",2680,NA,NA,NA,0,1,3,7621,4,62,0
"7622",2681,NA,NA,NA,0,1,4,7622,4,62,0
"7623",2682,NA,NA,NA,0,1,5,7623,4,62,1
"7624",2683,NA,NA,NA,0,1,6,7624,4,62,1
"7625",2684,NA,NA,NA,0,1,7,7625,4,62,0
"7626",2685,NA,NA,NA,0,1,8,7626,4,62,0
"7627",2686,NA,NA,NA,0,1,9,7627,4,62,0
"7628",2687,NA,NA,NA,0,1,10,7628,4,62,0
"7629",2688,NA,NA,NA,0,1,11,7629,4,62,0
"7630",2689,NA,NA,NA,0,1,12,7630,4,62,0
"7631",2690,NA,NA,NA,0,1,13,7631,4,62,0
"7632",2691,NA,NA,NA,0,1,14,7632,4,62,0
"7633",2692,NA,NA,NA,0,1,15,7633,4,62,0
"7634",2693,NA,NA,NA,0,1,16,7634,4,62,0
"7635",2694,NA,NA,NA,0,1,17,7635,4,62,0
"7636",2695,NA,NA,NA,0,1,18,7636,4,62,0
"7637",2696,NA,NA,NA,0,1,19,7637,4,62,0
"7638",2697,NA,NA,NA,0,1,20,7638,4,62,0
"7639",2698,NA,NA,NA,0,1,21,7639,4,62,0
"7640",2699,NA,NA,NA,0,1,22,7640,4,62,0
"7641",2700,NA,NA,NA,0,1,23,7641,4,62,0
"7642",2701,NA,NA,NA,0,1,24,7642,4,62,0
"7643",2702,NA,NA,NA,0,1,25,7643,4,62,0
"7644",2703,NA,NA,NA,0,1,26,7644,4,62,0
"7645",2704,5,8,55,0,1,1,7645,5,62,0
"7646",2705,5,6,46.9784993816933,0,1,2,7646,5,62,0
"7647",2706,2,0,40.000765000085,0,1,3,7647,5,62,1
"7648",2707,NA,NA,NA,0,1,4,7648,5,62,0
"7649",2708,NA,NA,NA,0,1,5,7649,5,62,0
"7650",2709,NA,NA,NA,0,1,6,7650,5,62,0
"7651",2710,NA,NA,NA,0,1,7,7651,5,62,0
"7652",2711,NA,NA,NA,0,1,8,7652,5,62,0
"7653",2712,NA,NA,NA,0,1,9,7653,5,62,0
"7654",2713,NA,NA,NA,0,1,10,7654,5,62,0
"7655",2714,NA,NA,NA,0,1,11,7655,5,62,0
"7656",2715,NA,NA,NA,0,1,12,7656,5,62,0
"7657",2716,NA,NA,NA,0,1,13,7657,5,62,0
"7658",2717,NA,NA,NA,0,1,14,7658,5,62,0
"7659",2718,NA,NA,NA,0,1,15,7659,5,62,0
"7660",2719,NA,NA,NA,0,1,16,7660,5,62,0
"7661",2720,NA,NA,NA,0,1,17,7661,5,62,0
"7662",2721,NA,NA,NA,0,1,18,7662,5,62,0
"7663",2722,NA,NA,NA,0,1,19,7663,5,62,0
"7664",2723,NA,NA,NA,0,1,20,7664,5,62,0
"7665",2724,NA,NA,NA,0,1,21,7665,5,62,0
"7666",2725,NA,NA,NA,0,1,22,7666,5,62,0
"7667",2726,NA,NA,NA,0,1,23,7667,5,62,0
"7668",2727,NA,NA,NA,0,1,24,7668,5,62,1
"7669",2728,NA,NA,NA,0,1,25,7669,5,62,0
"7670",2729,NA,NA,NA,0,1,26,7670,5,62,0
"7671",2730,4,8,52,0,1,1,7671,1,63,0
"7672",2731,4,7,53.8723266563286,0,1,2,7672,1,63,0
"7673",2732,1,9,46.8735939987807,0,1,3,7673,1,63,0
"7674",2733,5,1,44.3475312461985,0,1,4,7674,1,63,1
"7675",2734,NA,NA,NA,0,1,5,7675,1,63,0
"7676",2735,NA,NA,NA,0,1,6,7676,1,63,0
"7677",2736,NA,NA,NA,0,1,7,7677,1,63,1
"7678",2737,NA,NA,NA,0,1,8,7678,1,63,1
"7679",2738,NA,NA,NA,0,1,9,7679,1,63,1
"7680",2739,NA,NA,NA,0,1,10,7680,1,63,0
"7681",2740,NA,NA,NA,0,1,11,7681,1,63,0
"7682",2741,NA,NA,NA,0,1,12,7682,1,63,1
"7683",2742,NA,NA,NA,0,1,13,7683,1,63,0
"7684",2743,NA,NA,NA,0,1,14,7684,1,63,0
"7685",2744,NA,NA,NA,0,1,15,7685,1,63,0
"7686",2745,NA,NA,NA,0,1,16,7686,1,63,0
"7687",2746,NA,NA,NA,0,1,17,7687,1,63,0
"7688",2747,NA,NA,NA,0,1,18,7688,1,63,0
"7689",2748,NA,NA,NA,0,1,19,7689,1,63,0
"7690",2749,NA,NA,NA,0,1,20,7690,1,63,0
"7691",2750,NA,NA,NA,0,1,21,7691,1,63,0
"7692",2751,NA,NA,NA,0,1,22,7692,1,63,0
"7693",2752,NA,NA,NA,0,1,23,7693,1,63,0
"7694",2753,NA,NA,NA,0,1,24,7694,1,63,0
"7695",2754,NA,NA,NA,0,1,25,7695,1,63,0
"7696",2755,NA,NA,NA,0,1,26,7696,1,63,0
"7697",2756,2,4,55,0,1,1,7697,2,63,0
"7698",2757,1,3,55.4732604364245,0,1,2,7698,2,63,0
"7699",2758,0,7,40.2481857428893,0,1,3,7699,2,63,1
"7700",2759,NA,NA,NA,0,1,4,7700,2,63,1
"7701",2760,NA,NA,NA,0,1,5,7701,2,63,0
"7702",2761,NA,NA,NA,0,1,6,7702,2,63,1
"7703",2762,NA,NA,NA,0,1,7,7703,2,63,1
"7704",2763,NA,NA,NA,0,1,8,7704,2,63,0
"7705",2764,NA,NA,NA,0,1,9,7705,2,63,1
"7706",2765,NA,NA,NA,0,1,10,7706,2,63,1
"7707",2766,NA,NA,NA,0,1,11,7707,2,63,0
"7708",2767,NA,NA,NA,0,1,12,7708,2,63,1
"7709",2768,NA,NA,NA,0,1,13,7709,2,63,0
"7710",2769,NA,NA,NA,0,1,14,7710,2,63,1
"7711",2770,NA,NA,NA,0,1,15,7711,2,63,1
"7712",2771,NA,NA,NA,0,1,16,7712,2,63,0
"7713",2772,NA,NA,NA,0,1,17,7713,2,63,0
"7714",2773,NA,NA,NA,0,1,18,7714,2,63,0
"7715",2774,NA,NA,NA,0,1,19,7715,2,63,1
"7716",2775,NA,NA,NA,0,1,20,7716,2,63,0
"7717",2776,NA,NA,NA,0,1,21,7717,2,63,0
"7718",2777,NA,NA,NA,0,1,22,7718,2,63,1
"7719",2778,NA,NA,NA,0,1,23,7719,2,63,1
"7720",2779,NA,NA,NA,0,1,24,7720,2,63,0
"7721",2780,NA,NA,NA,0,1,25,7721,2,63,0
"7722",2781,NA,NA,NA,0,1,26,7722,2,63,0
"7723",2782,4,10,52,0,1,1,7723,3,63,0
"7724",2783,4,10,52.0205755788556,0,1,2,7724,3,63,0
"7725",2784,5,10,55.0145510666704,0,1,3,7725,3,63,0
"7726",2785,1,9,40.5355054661889,0,1,4,7726,3,63,1
"7727",2786,NA,NA,NA,0,1,5,7727,3,63,1
"7728",2787,NA,NA,NA,0,1,6,7728,3,63,0
"7729",2788,NA,NA,NA,0,1,7,7729,3,63,0
"7730",2789,NA,NA,NA,0,1,8,7730,3,63,0
"7731",2790,NA,NA,NA,0,1,9,7731,3,63,0
"7732",2791,NA,NA,NA,0,1,10,7732,3,63,0
"7733",2792,NA,NA,NA,0,1,11,7733,3,63,0
"7734",2793,NA,NA,NA,0,1,12,7734,3,63,0
"7735",2794,NA,NA,NA,0,1,13,7735,3,63,0
"7736",2795,NA,NA,NA,0,1,14,7736,3,63,0
"7737",2796,NA,NA,NA,0,1,15,7737,3,63,0
"7738",2797,NA,NA,NA,0,1,16,7738,3,63,0
"7739",2798,NA,NA,NA,0,1,17,7739,3,63,0
"7740",2799,NA,NA,NA,0,1,18,7740,3,63,0
"7741",2800,NA,NA,NA,0,1,19,7741,3,63,0
"7742",2801,NA,NA,NA,0,1,20,7742,3,63,0
"7743",2802,NA,NA,NA,0,1,21,7743,3,63,0
"7744",2803,NA,NA,NA,0,1,22,7744,3,63,0
"7745",2804,NA,NA,NA,0,1,23,7745,3,63,0
"7746",2805,NA,NA,NA,0,1,24,7746,3,63,0
"7747",2806,NA,NA,NA,0,1,25,7747,3,63,0
"7748",2807,NA,NA,NA,0,1,26,7748,3,63,0
"7749",2808,3,7,64,0,1,1,7749,4,63,0
"7750",2809,0,2,40.0440058401276,0,1,2,7750,4,63,1
"7751",2810,NA,NA,NA,0,1,3,7751,4,63,0
"7752",2811,NA,NA,NA,0,1,4,7752,4,63,1
"7753",2812,NA,NA,NA,0,1,5,7753,4,63,0
"7754",2813,NA,NA,NA,0,1,6,7754,4,63,1
"7755",2814,NA,NA,NA,0,1,7,7755,4,63,0
"7756",2815,NA,NA,NA,0,1,8,7756,4,63,0
"7757",2816,NA,NA,NA,0,1,9,7757,4,63,0
"7758",2817,NA,NA,NA,0,1,10,7758,4,63,0
"7759",2818,NA,NA,NA,0,1,11,7759,4,63,0
"7760",2819,NA,NA,NA,0,1,12,7760,4,63,1
"7761",2820,NA,NA,NA,0,1,13,7761,4,63,1
"7762",2821,NA,NA,NA,0,1,14,7762,4,63,0
"7763",2822,NA,NA,NA,0,1,15,7763,4,63,0
"7764",2823,NA,NA,NA,0,1,16,7764,4,63,0
"7765",2824,NA,NA,NA,0,1,17,7765,4,63,0
"7766",2825,NA,NA,NA,0,1,18,7766,4,63,0
"7767",2826,NA,NA,NA,0,1,19,7767,4,63,0
"7768",2827,NA,NA,NA,0,1,20,7768,4,63,0
"7769",2828,NA,NA,NA,0,1,21,7769,4,63,0
"7770",2829,NA,NA,NA,0,1,22,7770,4,63,0
"7771",2830,NA,NA,NA,0,1,23,7771,4,63,0
"7772",2831,NA,NA,NA,0,1,24,7772,4,63,0
"7773",2832,NA,NA,NA,0,1,25,7773,4,63,0
"7774",2833,NA,NA,NA,0,1,26,7774,4,63,0
"7775",2834,10,4,56,0,1,1,7775,5,63,0
"7776",2835,10,4,56.9196463200751,0,1,2,7776,5,63,0
"7777",2836,5,7,44.5432063317225,0,1,3,7777,5,63,1
"7778",2837,NA,NA,NA,0,1,4,7778,5,63,0
"7779",2838,NA,NA,NA,0,1,5,7779,5,63,1
"7780",2839,NA,NA,NA,0,1,6,7780,5,63,1
"7781",2840,NA,NA,NA,0,1,7,7781,5,63,0
"7782",2841,NA,NA,NA,0,1,8,7782,5,63,0
"7783",2842,NA,NA,NA,0,1,9,7783,5,63,0
"7784",2843,NA,NA,NA,0,1,10,7784,5,63,0
"7785",2844,NA,NA,NA,0,1,11,7785,5,63,0
"7786",2845,NA,NA,NA,0,1,12,7786,5,63,0
"7787",2846,NA,NA,NA,0,1,13,7787,5,63,0
"7788",2847,NA,NA,NA,0,1,14,7788,5,63,0
"7789",2848,NA,NA,NA,0,1,15,7789,5,63,0
"7790",2849,NA,NA,NA,0,1,16,7790,5,63,0
"7791",2850,NA,NA,NA,0,1,17,7791,5,63,0
"7792",2851,NA,NA,NA,0,1,18,7792,5,63,0
"7793",2852,NA,NA,NA,0,1,19,7793,5,63,0
"7794",2853,NA,NA,NA,0,1,20,7794,5,63,0
"7795",2854,NA,NA,NA,0,1,21,7795,5,63,0
"7796",2855,NA,NA,NA,0,1,22,7796,5,63,0
"7797",2856,NA,NA,NA,0,1,23,7797,5,63,0
"7798",2857,NA,NA,NA,0,1,24,7798,5,63,0
"7799",2858,NA,NA,NA,0,1,25,7799,5,63,0
"7800",2859,NA,NA,NA,0,1,26,7800,5,63,0
"7801",2860,2,8,52,0,1,1,7801,1,71,0
"7802",2861,1,8,54.5767085564804,0,1,2,7802,1,71,0
"7803",2862,1,8,54.5767085564804,0,1,3,7803,1,71,0
"7804",2863,2,8,52.5227873928033,0,1,4,7804,1,71,0
"7805",2864,2,8,52.5227873928033,0,1,5,7805,1,71,0
"7806",2865,1,8,54.5767085564804,0,1,6,7806,1,71,0
"7807",2866,1,8,54.5767085564804,0,1,7,7807,1,71,0
"7808",2867,1,8,54.5767085564804,0,1,8,7808,1,71,0
"7809",2868,1,7,47.669128085345,0,1,9,7809,1,71,0
"7810",2869,2,9,54.7616607069308,0,1,10,7810,1,71,0
"7811",2870,1,9,58.08536171196,0,1,11,7811,1,71,0
"7812",2871,1,9,58.08536171196,0,1,12,7812,1,71,0
"7813",2872,1,9,58.08536171196,0,1,13,7813,1,71,0
"7814",2873,1,9,58.08536171196,0,1,14,7814,1,71,0
"7815",2874,0,10,51.5695045085653,0,1,15,7815,1,71,0
"7816",2875,1,9,58.08536171196,0,1,16,7816,1,71,0
"7817",2876,1,9,58.08536171196,0,1,17,7817,1,71,0
"7818",2877,1,10,54.4565619644111,0,1,18,7818,1,71,0
"7819",2878,1,10,54.4565619644111,0,1,19,7819,1,71,0
"7820",2879,1,9,58.08536171196,0,1,20,7820,1,71,0
"7821",2880,1,9,58.08536171196,0,1,21,7821,1,71,0
"7822",2881,1,9,58.08536171196,0,1,22,7822,1,71,0
"7823",2882,0,9,54.4512787136123,0,1,23,7823,1,71,0
"7824",2883,1,9,58.08536171196,0,1,24,7824,1,71,0
"7825",2884,1,9,58.08536171196,0,1,25,7825,1,71,0
"7826",2885,2,9,54.7616607069308,0,1,26,7826,1,71,0
"7827",2886,1,0,52,0,1,1,7827,2,71,0
"7828",2887,1,0,52.227988091213,0,1,2,7828,2,71,0
"7829",2888,1,0,52.227988091213,0,1,3,7829,2,71,0
"7830",2889,1,1,55.2713287302576,0,1,4,7830,2,71,0
"7831",2890,0,1,47.8400028894301,0,1,5,7831,2,71,0
"7832",2891,2,1,59.0911405579218,0,1,6,7832,2,71,0
"7833",2892,2,1,59.0911405579218,0,1,7,7833,2,71,0
"7834",2893,2,2,55.2964093651036,0,1,8,7834,2,71,0
"7835",2894,2,1,59.0911405579218,0,1,9,7835,2,71,0
"7836",2895,2,1,59.0911405579218,0,1,10,7836,2,71,0
"7837",2896,2,1,59.0911405579218,0,1,11,7837,2,71,0
"7838",2897,2,1,59.0911405579218,0,1,12,7838,2,71,0
"7839",2898,2,1,59.0911405579218,0,1,13,7839,2,71,0
"7840",2899,2,1,59.0911405579218,0,1,14,7840,2,71,0
"7841",2900,3,1,55.512390437257,0,1,15,7841,2,71,0
"7842",2901,2,1,59.0911405579218,0,1,16,7842,2,71,0
"7843",2902,2,1,59.0911405579218,0,1,17,7843,2,71,0
"7844",2903,2,1,59.0911405579218,0,1,18,7844,2,71,0
"7845",2904,2,1,59.0911405579218,0,1,19,7845,2,71,0
"7846",2905,2,1,59.0911405579218,0,1,20,7846,2,71,0
"7847",2906,2,1,59.0911405579218,0,1,21,7847,2,71,0
"7848",2907,2,1,59.0911405579218,0,1,22,7848,2,71,0
"7849",2908,2,1,59.0911405579218,0,1,23,7849,2,71,0
"7850",2909,2,0,55.2809509950638,0,1,24,7850,2,71,0
"7851",2910,2,1,59.0911405579218,0,1,25,7851,2,71,0
"7852",2911,2,1,59.0911405579218,0,1,26,7852,2,71,0
"7853",2912,9,5,58,0,1,1,7853,3,71,0
"7854",2913,9,5,58.6266215525236,0,1,2,7854,3,71,0
"7855",2914,8,5,55.7370654207569,0,1,3,7855,3,71,0
"7856",2915,9,5,58.6266215525236,0,1,4,7856,3,71,0
"7857",2916,9,5,58.6266215525236,0,1,5,7857,3,71,0
"7858",2917,9,5,58.6266215525236,0,1,6,7858,3,71,0
"7859",2918,9,5,58.6266215525236,0,1,7,7859,3,71,0
"7860",2919,10,5,54.3879612226605,0,1,8,7860,3,71,0
"7861",2920,9,4,61.2191632461105,0,1,9,7861,3,71,0
"7862",2921,9,4,61.2191632461105,0,1,10,7862,3,71,0
"7863",2922,9,4,61.2191632461105,0,1,11,7863,3,71,0
"7864",2923,9,4,61.2191632461105,0,1,12,7864,3,71,0
"7865",2924,9,4,61.2191632461105,0,1,13,7865,3,71,0
"7866",2925,9,4,61.2191632461105,0,1,14,7866,3,71,0
"7867",2926,9,4,61.2191632461105,0,1,15,7867,3,71,0
"7868",2927,9,4,61.2191632461105,0,1,16,7868,3,71,0
"7869",2928,9,4,61.2191632461105,0,1,17,7869,3,71,0
"7870",2929,9,4,61.2191632461105,0,1,18,7870,3,71,0
"7871",2930,9,4,61.2191632461105,0,1,19,7871,3,71,0
"7872",2931,9,4,61.2191632461105,0,1,20,7872,3,71,0
"7873",2932,9,4,61.2191632461105,0,1,21,7873,3,71,0
"7874",2933,9,4,61.2191632461105,0,1,22,7874,3,71,0
"7875",2934,9,4,61.2191632461105,0,1,23,7875,3,71,0
"7876",2935,9,4,61.2191632461105,0,1,24,7876,3,71,0
"7877",2936,9,4,61.2191632461105,0,1,25,7877,3,71,0
"7878",2937,9,4,61.2191632461105,0,1,26,7878,3,71,0
"7879",2938,0,3,56,0,1,1,7879,4,71,0
"7880",2939,0,3,56.1813062846648,0,1,2,7880,4,71,0
"7881",2940,1,3,60.2142811540137,0,1,3,7881,4,71,0
"7882",2941,1,4,56.3005980640761,0,1,4,7882,4,71,0
"7883",2942,1,4,56.3005980640761,0,1,5,7883,4,71,0
"7884",2943,1,3,60.2142811540137,0,1,6,7884,4,71,0
"7885",2944,1,2,56.1783913226422,0,1,7,7885,4,71,0
"7886",2945,1,3,60.2142811540137,0,1,8,7886,4,71,0
"7887",2946,2,3,56.1985532217812,0,1,9,7887,4,71,0
"7888",2947,1,3,60.2142811540137,0,1,10,7888,4,71,0
"7889",2948,1,3,60.2142811540137,0,1,11,7889,4,71,0
"7890",2949,1,3,60.2142811540137,0,1,12,7890,4,71,0
"7891",2950,1,3,60.2142811540137,0,1,13,7891,4,71,0
"7892",2951,1,3,60.2142811540137,0,1,14,7892,4,71,0
"7893",2952,1,3,60.2142811540137,0,1,15,7893,4,71,0
"7894",2953,1,3,60.2142811540137,0,1,16,7894,4,71,0
"7895",2954,1,3,60.2142811540137,0,1,17,7895,4,71,0
"7896",2955,1,3,60.2142811540137,0,1,18,7896,4,71,0
"7897",2956,1,3,60.2142811540137,0,1,19,7897,4,71,0
"7898",2957,1,3,60.2142811540137,0,1,20,7898,4,71,0
"7899",2958,1,3,60.2142811540137,0,1,21,7899,4,71,0
"7900",2959,1,3,60.2142811540137,0,1,22,7900,4,71,0
"7901",2960,1,3,60.2142811540137,0,1,23,7901,4,71,0
"7902",2961,1,3,60.2142811540137,0,1,24,7902,4,71,0
"7903",2962,1,3,60.2142811540137,0,1,25,7903,4,71,0
"7904",2963,1,3,60.2142811540137,0,1,26,7904,4,71,0
"7905",2964,5,3,52,0,1,1,7905,5,71,0
"7906",2965,5,3,52.9108289489955,0,1,2,7906,5,71,0
"7907",2966,5,3,52.9108289489955,0,1,3,7907,5,71,0
"7908",2967,5,4,56.2403332645488,0,1,4,7908,5,71,0
"7909",2968,5,4,56.2403332645488,0,1,5,7909,5,71,0
"7910",2969,5,4,56.2403332645488,0,1,6,7910,5,71,0
"7911",2970,5,5,53.8662431642796,0,1,7,7911,5,71,0
"7912",2971,6,4,60.1613961109419,0,1,8,7912,5,71,0
"7913",2972,6,4,60.1613961109419,0,1,9,7913,5,71,0
"7914",2973,6,4,60.1613961109419,0,1,10,7914,5,71,0
"7915",2974,7,4,56.1185865603916,0,1,11,7915,5,71,0
"7916",2975,6,4,60.1613961109419,0,1,12,7916,5,71,0
"7917",2976,6,4,60.1613961109419,0,1,13,7917,5,71,0
"7918",2977,6,4,60.1613961109419,0,1,14,7918,5,71,0
"7919",2978,6,4,60.1613961109419,0,1,15,7919,5,71,0
"7920",2979,6,4,60.1613961109419,0,1,16,7920,5,71,0
"7921",2980,9,10,40.0230266947449,0,1,17,7921,5,71,1
"7922",2981,NA,NA,NA,0,1,18,7922,5,71,0
"7923",2982,NA,NA,NA,0,1,19,7923,5,71,0
"7924",2983,NA,NA,NA,0,1,20,7924,5,71,0
"7925",2984,NA,NA,NA,0,1,21,7925,5,71,0
"7926",2985,NA,NA,NA,0,1,22,7926,5,71,0
"7927",2986,NA,NA,NA,0,1,23,7927,5,71,0
"7928",2987,NA,NA,NA,0,1,24,7928,5,71,0
"7929",2988,NA,NA,NA,0,1,25,7929,5,71,0
"7930",2989,NA,NA,NA,0,1,26,7930,5,71,0
"7931",2990,2,7,51,0,1,1,7931,1,75,0
"7932",2991,1,5,41.1501656109877,0,1,2,7932,1,75,1
"7933",2992,NA,NA,NA,0,1,3,7933,1,75,0
"7934",2993,NA,NA,NA,0,1,4,7934,1,75,0
"7935",2994,NA,NA,NA,0,1,5,7935,1,75,0
"7936",2995,NA,NA,NA,0,1,6,7936,1,75,0
"7937",2996,NA,NA,NA,0,1,7,7937,1,75,0
"7938",2997,NA,NA,NA,0,1,8,7938,1,75,0
"7939",2998,NA,NA,NA,0,1,9,7939,1,75,0
"7940",2999,NA,NA,NA,0,1,10,7940,1,75,0
"7941",3000,NA,NA,NA,0,1,11,7941,1,75,0
"7942",3001,NA,NA,NA,0,1,12,7942,1,75,0
"7943",3002,NA,NA,NA,0,1,13,7943,1,75,0
"7944",3003,NA,NA,NA,0,1,14,7944,1,75,0
"7945",3004,NA,NA,NA,0,1,15,7945,1,75,0
"7946",3005,NA,NA,NA,0,1,16,7946,1,75,0
"7947",3006,NA,NA,NA,0,1,17,7947,1,75,0
"7948",3007,NA,NA,NA,0,1,18,7948,1,75,1
"7949",3008,NA,NA,NA,0,1,19,7949,1,75,0
"7950",3009,NA,NA,NA,0,1,20,7950,1,75,0
"7951",3010,NA,NA,NA,0,1,21,7951,1,75,0
"7952",3011,NA,NA,NA,0,1,22,7952,1,75,0
"7953",3012,NA,NA,NA,0,1,23,7953,1,75,0
"7954",3013,NA,NA,NA,0,1,24,7954,1,75,0
"7955",3014,NA,NA,NA,0,1,25,7955,1,75,0
"7956",3015,NA,NA,NA,0,1,26,7956,1,75,0
"7957",3016,1,0,50,0,1,1,7957,2,75,0
"7958",3017,6,4,40.107760240629,0,1,2,7958,2,75,1
"7959",3018,NA,NA,NA,0,1,3,7959,2,75,1
"7960",3019,NA,NA,NA,0,1,4,7960,2,75,1
"7961",3020,NA,NA,NA,0,1,5,7961,2,75,1
"7962",3021,NA,NA,NA,0,1,6,7962,2,75,1
"7963",3022,NA,NA,NA,0,1,7,7963,2,75,1
"7964",3023,NA,NA,NA,0,1,8,7964,2,75,0
"7965",3024,NA,NA,NA,0,1,9,7965,2,75,0
"7966",3025,NA,NA,NA,0,1,10,7966,2,75,0
"7967",3026,NA,NA,NA,0,1,11,7967,2,75,0
"7968",3027,NA,NA,NA,0,1,12,7968,2,75,0
"7969",3028,NA,NA,NA,0,1,13,7969,2,75,0
"7970",3029,NA,NA,NA,0,1,14,7970,2,75,0
"7971",3030,NA,NA,NA,0,1,15,7971,2,75,0
"7972",3031,NA,NA,NA,0,1,16,7972,2,75,0
"7973",3032,NA,NA,NA,0,1,17,7973,2,75,0
"7974",3033,NA,NA,NA,0,1,18,7974,2,75,0
"7975",3034,NA,NA,NA,0,1,19,7975,2,75,0
"7976",3035,NA,NA,NA,0,1,20,7976,2,75,0
"7977",3036,NA,NA,NA,0,1,21,7977,2,75,0
"7978",3037,NA,NA,NA,0,1,22,7978,2,75,0
"7979",3038,NA,NA,NA,0,1,23,7979,2,75,0
"7980",3039,NA,NA,NA,0,1,24,7980,2,75,0
"7981",3040,NA,NA,NA,0,1,25,7981,2,75,0
"7982",3041,NA,NA,NA,0,1,26,7982,2,75,0
"7983",3042,6,6,53,0,1,1,7983,3,75,0
"7984",3043,6,5,50.8170601805217,0,1,2,7984,3,75,0
"7985",3044,6,6,53.7327038541262,0,1,3,7985,3,75,0
"7986",3045,6,7,51.6762265863936,0,1,4,7986,3,75,0
"7987",3046,8,8,45.5418448646999,0,1,5,7987,3,75,1
"7988",3047,NA,NA,NA,0,1,6,7988,3,75,0
"7989",3048,NA,NA,NA,0,1,7,7989,3,75,0
"7990",3049,NA,NA,NA,0,1,8,7990,3,75,0
"7991",3050,NA,NA,NA,0,1,9,7991,3,75,0
"7992",3051,NA,NA,NA,0,1,10,7992,3,75,0
"7993",3052,NA,NA,NA,0,1,11,7993,3,75,0
"7994",3053,NA,NA,NA,0,1,12,7994,3,75,1
"7995",3054,NA,NA,NA,0,1,13,7995,3,75,0
"7996",3055,NA,NA,NA,0,1,14,7996,3,75,0
"7997",3056,NA,NA,NA,0,1,15,7997,3,75,0
"7998",3057,NA,NA,NA,0,1,16,7998,3,75,0
"7999",3058,NA,NA,NA,0,1,17,7999,3,75,0
"8000",3059,NA,NA,NA,0,1,18,8000,3,75,0
"8001",3060,NA,NA,NA,0,1,19,8001,3,75,0
"8002",3061,NA,NA,NA,0,1,20,8002,3,75,0
"8003",3062,NA,NA,NA,0,1,21,8003,3,75,0
"8004",3063,NA,NA,NA,0,1,22,8004,3,75,0
"8005",3064,NA,NA,NA,0,1,23,8005,3,75,0
"8006",3065,NA,NA,NA,0,1,24,8006,3,75,1
"8007",3066,NA,NA,NA,0,1,25,8007,3,75,0
"8008",3067,NA,NA,NA,0,1,26,8008,3,75,0
"8009",3068,2,2,56,0,1,1,8009,4,75,0
"8010",3069,1,2,48.6062752292269,0,1,2,8010,4,75,0
"8011",3070,4,0,46.894363716278,0,1,3,8011,4,75,0
"8012",3071,4,2,57.0683845170413,0,1,4,8012,4,75,0
"8013",3072,1,5,41.1859702630419,0,1,5,8013,4,75,1
"8014",3073,NA,NA,NA,0,1,6,8014,4,75,1
"8015",3074,NA,NA,NA,0,1,7,8015,4,75,0
"8016",3075,NA,NA,NA,0,1,8,8016,4,75,0
"8017",3076,NA,NA,NA,0,1,9,8017,4,75,0
"8018",3077,NA,NA,NA,0,1,10,8018,4,75,0
"8019",3078,NA,NA,NA,0,1,11,8019,4,75,0
"8020",3079,NA,NA,NA,0,1,12,8020,4,75,0
"8021",3080,NA,NA,NA,0,1,13,8021,4,75,0
"8022",3081,NA,NA,NA,0,1,14,8022,4,75,0
"8023",3082,NA,NA,NA,0,1,15,8023,4,75,0
"8024",3083,NA,NA,NA,0,1,16,8024,4,75,0
"8025",3084,NA,NA,NA,0,1,17,8025,4,75,0
"8026",3085,NA,NA,NA,0,1,18,8026,4,75,0
"8027",3086,NA,NA,NA,0,1,19,8027,4,75,0
"8028",3087,NA,NA,NA,0,1,20,8028,4,75,0
"8029",3088,NA,NA,NA,0,1,21,8029,4,75,0
"8030",3089,NA,NA,NA,0,1,22,8030,4,75,0
"8031",3090,NA,NA,NA,0,1,23,8031,4,75,0
"8032",3091,NA,NA,NA,0,1,24,8032,4,75,0
"8033",3092,NA,NA,NA,0,1,25,8033,4,75,0
"8034",3093,NA,NA,NA,0,1,26,8034,4,75,0
"8035",3094,3,5,53,0,1,1,8035,5,75,0
"8036",3095,4,5,49.1943750955626,0,1,2,8036,5,75,0
"8037",3096,10,0,40.123080885114,0,1,3,8037,5,75,1
"8038",3097,NA,NA,NA,0,1,4,8038,5,75,0
"8039",3098,NA,NA,NA,0,1,5,8039,5,75,0
"8040",3099,NA,NA,NA,0,1,6,8040,5,75,1
"8041",3100,NA,NA,NA,0,1,7,8041,5,75,0
"8042",3101,NA,NA,NA,0,1,8,8042,5,75,0
"8043",3102,NA,NA,NA,0,1,9,8043,5,75,0
"8044",3103,NA,NA,NA,0,1,10,8044,5,75,0
"8045",3104,NA,NA,NA,0,1,11,8045,5,75,0
"8046",3105,NA,NA,NA,0,1,12,8046,5,75,0
"8047",3106,NA,NA,NA,0,1,13,8047,5,75,0
"8048",3107,NA,NA,NA,0,1,14,8048,5,75,0
"8049",3108,NA,NA,NA,0,1,15,8049,5,75,0
"8050",3109,NA,NA,NA,0,1,16,8050,5,75,0
"8051",3110,NA,NA,NA,0,1,17,8051,5,75,0
"8052",3111,NA,NA,NA,0,1,18,8052,5,75,0
"8053",3112,NA,NA,NA,0,1,19,8053,5,75,0
"8054",3113,NA,NA,NA,0,1,20,8054,5,75,0
"8055",3114,NA,NA,NA,0,1,21,8055,5,75,0
"8056",3115,NA,NA,NA,0,1,22,8056,5,75,0
"8057",3116,NA,NA,NA,0,1,23,8057,5,75,0
"8058",3117,NA,NA,NA,0,1,24,8058,5,75,0
"8059",3118,NA,NA,NA,0,1,25,8059,5,75,0
"8060",3119,NA,NA,NA,0,1,26,8060,5,75,0
"8061",3120,4,7,52,0,1,1,8061,1,79,0
"8062",3121,5,5,66.4010973981741,0,1,2,8062,1,79,0
"8063",3122,4,5,55.0287711492021,0,1,3,8063,1,79,0
"8064",3123,6,5,72.025883436955,0,1,4,8064,1,79,0
"8065",3124,6,4,101.790391036261,0,1,5,8065,1,79,0
"8066",3125,6,3,117.08734881339,0,1,6,8066,1,79,0
"8067",3126,6,3,117.08734881339,0,1,7,8067,1,79,0
"8068",3127,6,3,117.08734881339,0,1,8,8068,1,79,0
"8069",3128,6,3,117.08734881339,0,1,9,8069,1,79,0
"8070",3129,6,3,117.08734881339,0,1,10,8070,1,79,0
"8071",3130,6,3,117.08734881339,0,1,11,8071,1,79,0
"8072",3131,6,3,117.08734881339,0,1,12,8072,1,79,0
"8073",3132,6,3,117.08734881339,0,1,13,8073,1,79,0
"8074",3133,6,3,117.08734881339,0,1,14,8074,1,79,0
"8075",3134,6,3,117.08734881339,0,1,15,8075,1,79,0
"8076",3135,6,3,117.08734881339,0,1,16,8076,1,79,0
"8077",3136,6,3,117.08734881339,0,1,17,8077,1,79,0
"8078",3137,6,3,117.08734881339,0,1,18,8078,1,79,0
"8079",3138,6,3,117.08734881339,0,1,19,8079,1,79,0
"8080",3139,6,3,117.08734881339,0,1,20,8080,1,79,0
"8081",3140,6,3,117.08734881339,0,1,21,8081,1,79,0
"8082",3141,6,3,117.08734881339,0,1,22,8082,1,79,0
"8083",3142,6,3,117.08734881339,0,1,23,8083,1,79,0
"8084",3143,6,3,117.08734881339,0,1,24,8084,1,79,0
"8085",3144,6,3,117.08734881339,0,1,25,8085,1,79,0
"8086",3145,6,3,117.08734881339,0,1,26,8086,1,79,0
"8087",3146,4,2,59,0,1,1,8087,2,79,0
"8088",3147,4,2,59.5781048356791,0,1,2,8088,2,79,0
"8089",3148,5,2,58.1599168838521,0,1,3,8089,2,79,0
"8090",3149,4,3,55.125434195726,0,1,4,8090,2,79,0
"8091",3150,4,1,56.5370323182295,0,1,5,8091,2,79,0
"8092",3151,3,3,57.792058185847,0,1,6,8092,2,79,0
"8093",3152,5,3,51.9285366528507,0,1,7,8093,2,79,0
"8094",3153,3,2,62.312800325404,0,1,8,8094,2,79,0
"8095",3154,2,2,57.6812315518143,0,1,9,8095,2,79,0
"8096",3155,5,1,58.6162902884744,0,1,10,8096,2,79,0
"8097",3156,2,1,54.1681242630355,0,1,11,8097,2,79,0
"8098",3157,3,1,57.9830972175724,0,1,12,8098,2,79,0
"8099",3158,6,1,76.8881046265576,0,1,13,8099,2,79,0
"8100",3159,7,1,107.697866111028,0,1,14,8100,2,79,0
"8101",3160,8,1,123.98271460116,0,1,15,8101,2,79,0
"8102",3161,8,1,123.98271460116,0,1,16,8102,2,79,0
"8103",3162,8,1,123.98271460116,0,1,17,8103,2,79,0
"8104",3163,8,1,123.98271460116,0,1,18,8104,2,79,0
"8105",3164,8,1,123.98271460116,0,1,19,8105,2,79,0
"8106",3165,8,1,123.98271460116,0,1,20,8106,2,79,0
"8107",3166,8,1,123.98271460116,0,1,21,8107,2,79,0
"8108",3167,8,1,123.98271460116,0,1,22,8108,2,79,0
"8109",3168,8,1,123.98271460116,0,1,23,8109,2,79,0
"8110",3169,8,1,123.98271460116,0,1,24,8110,2,79,0
"8111",3170,8,1,123.98271460116,0,1,25,8111,2,79,0
"8112",3171,8,1,123.98271460116,0,1,26,8112,2,79,0
"8113",3172,7,7,53,0,1,1,8113,3,79,0
"8114",3173,8,7,56.3637489532147,0,1,2,8114,3,79,0
"8115",3174,9,8,46.7231875003773,0,1,3,8115,3,79,0
"8116",3175,7,7,53.2163836644303,0,1,4,8116,3,79,0
"8117",3176,4,0,40.1219751878157,0,1,5,8117,3,79,1
"8118",3177,NA,NA,NA,0,1,6,8118,3,79,0
"8119",3178,NA,NA,NA,0,1,7,8119,3,79,0
"8120",3179,NA,NA,NA,0,1,8,8120,3,79,0
"8121",3180,NA,NA,NA,0,1,9,8121,3,79,0
"8122",3181,NA,NA,NA,0,1,10,8122,3,79,0
"8123",3182,NA,NA,NA,0,1,11,8123,3,79,0
"8124",3183,NA,NA,NA,0,1,12,8124,3,79,0
"8125",3184,NA,NA,NA,0,1,13,8125,3,79,0
"8126",3185,NA,NA,NA,0,1,14,8126,3,79,0
"8127",3186,NA,NA,NA,0,1,15,8127,3,79,0
"8128",3187,NA,NA,NA,0,1,16,8128,3,79,0
"8129",3188,NA,NA,NA,0,1,17,8129,3,79,0
"8130",3189,NA,NA,NA,0,1,18,8130,3,79,0
"8131",3190,NA,NA,NA,0,1,19,8131,3,79,0
"8132",3191,NA,NA,NA,0,1,20,8132,3,79,0
"8133",3192,NA,NA,NA,0,1,21,8133,3,79,0
"8134",3193,NA,NA,NA,0,1,22,8134,3,79,0
"8135",3194,NA,NA,NA,0,1,23,8135,3,79,0
"8136",3195,NA,NA,NA,0,1,24,8136,3,79,0
"8137",3196,NA,NA,NA,0,1,25,8137,3,79,0
"8138",3197,NA,NA,NA,0,1,26,8138,3,79,0
"8139",3198,3,8,55,0,1,1,8139,4,79,0
"8140",3199,3,8,55.3781399898945,0,1,2,8140,4,79,0
"8141",3200,2,10,50.5475198378171,0,1,3,8141,4,79,0
"8142",3201,3,9,56.7195050050699,0,1,4,8142,4,79,0
"8143",3202,2,9,53.3879330158142,0,1,5,8143,4,79,0
"8144",3203,1,9,46.8735939987807,0,1,6,8144,4,79,0
"8145",3204,6,4,50.5836242558335,0,1,7,8145,4,79,0
"8146",3205,4,8,52.3138518771992,0,1,8,8146,4,79,0
"8147",3206,3,10,53.1722582202307,0,1,9,8147,4,79,0
"8148",3207,2,7,53.8723266563286,0,1,10,8148,4,79,0
"8149",3208,2,8,52.3138518771992,0,1,11,8149,4,79,0
"8150",3209,4,9,53.3879330158142,0,1,12,8150,4,79,0
"8151",3210,3,6,74.3459757692926,0,1,13,8151,4,79,0
"8152",3211,4,6,67.502107438147,0,1,14,8152,4,79,0
"8153",3212,3,5,103.038212172735,0,1,15,8153,4,79,0
"8154",3213,3,4,118.202993356357,0,1,16,8154,4,79,0
"8155",3214,3,4,118.202993356357,0,1,17,8155,4,79,0
"8156",3215,3,4,118.202993356357,0,1,18,8156,4,79,0
"8157",3216,3,4,118.202993356357,0,1,19,8157,4,79,0
"8158",3217,3,4,118.202993356357,0,1,20,8158,4,79,0
"8159",3218,3,4,118.202993356357,0,1,21,8159,4,79,0
"8160",3219,3,4,118.202993356357,0,1,22,8160,4,79,0
"8161",3220,3,4,118.202993356357,0,1,23,8161,4,79,0
"8162",3221,3,4,118.202993356357,0,1,24,8162,4,79,0
"8163",3222,3,4,118.202993356357,0,1,25,8163,4,79,0
"8164",3223,2,4,102.62006180049,0,1,26,8164,4,79,0
"8165",3224,1,1,53,0,1,1,8165,5,79,0
"8166",3225,1,0,50.9597252714007,0,1,2,8166,5,79,0
"8167",3226,1,1,53.7119132912893,0,1,3,8167,5,79,0
"8168",3227,1,10,50.7836840205826,0,1,4,8168,5,79,0
"8169",3228,0,1,47.0476111125324,0,1,5,8169,5,79,0
"8170",3229,2,1,57.112129350463,0,1,6,8170,5,79,0
"8171",3230,3,1,53.6961722758673,0,1,7,8171,5,79,0
"8172",3231,2,10,48.6348992299144,0,1,8,8172,5,79,0
"8173",3232,2,0,53.6863740747426,0,1,9,8173,5,79,0
"8174",3233,1,1,53.7119132912893,0,1,10,8174,5,79,0
"8175",3234,2,2,53.9318434248587,0,1,11,8175,5,79,0
"8176",3235,3,2,51.0848776393592,0,1,12,8176,5,79,0
"8177",3236,3,10,44.4333051605464,0,1,13,8177,5,79,1
"8178",3237,NA,NA,NA,0,1,14,8178,5,79,0
"8179",3238,NA,NA,NA,0,1,15,8179,5,79,0
"8180",3239,NA,NA,NA,0,1,16,8180,5,79,0
"8181",3240,NA,NA,NA,0,1,17,8181,5,79,0
"8182",3241,NA,NA,NA,0,1,18,8182,5,79,0
"8183",3242,NA,NA,NA,0,1,19,8183,5,79,0
"8184",3243,NA,NA,NA,0,1,20,8184,5,79,0
"8185",3244,NA,NA,NA,0,1,21,8185,5,79,0
"8186",3245,NA,NA,NA,0,1,22,8186,5,79,0
"8187",3246,NA,NA,NA,0,1,23,8187,5,79,0
"8188",3247,NA,NA,NA,0,1,24,8188,5,79,0
"8189",3248,NA,NA,NA,0,1,25,8189,5,79,0
"8190",3249,NA,NA,NA,0,1,26,8190,5,79,0
"8191",3250,5,5,53,0,1,1,8191,1,80,0
"8192",3251,5,10,67.1054701417951,0,1,2,8192,1,80,0
"8193",3252,7,8,42.343181920982,0,1,3,8193,1,80,1
"8194",3253,NA,NA,NA,0,1,4,8194,1,80,1
"8195",3254,NA,NA,NA,0,1,5,8195,1,80,0
"8196",3255,NA,NA,NA,0,1,6,8196,1,80,1
"8197",3256,NA,NA,NA,0,1,7,8197,1,80,0
"8198",3257,NA,NA,NA,0,1,8,8198,1,80,0
"8199",3258,NA,NA,NA,0,1,9,8199,1,80,0
"8200",3259,NA,NA,NA,0,1,10,8200,1,80,0
"8201",3260,NA,NA,NA,0,1,11,8201,1,80,0
"8202",3261,NA,NA,NA,0,1,12,8202,1,80,0
"8203",3262,NA,NA,NA,0,1,13,8203,1,80,0
"8204",3263,NA,NA,NA,0,1,14,8204,1,80,0
"8205",3264,NA,NA,NA,0,1,15,8205,1,80,0
"8206",3265,NA,NA,NA,0,1,16,8206,1,80,0
"8207",3266,NA,NA,NA,0,1,17,8207,1,80,0
"8208",3267,NA,NA,NA,0,1,18,8208,1,80,0
"8209",3268,NA,NA,NA,0,1,19,8209,1,80,0
"8210",3269,NA,NA,NA,0,1,20,8210,1,80,0
"8211",3270,NA,NA,NA,0,1,21,8211,1,80,0
"8212",3271,NA,NA,NA,0,1,22,8212,1,80,0
"8213",3272,NA,NA,NA,0,1,23,8213,1,80,0
"8214",3273,NA,NA,NA,0,1,24,8214,1,80,0
"8215",3274,NA,NA,NA,0,1,25,8215,1,80,0
"8216",3275,NA,NA,NA,0,1,26,8216,1,80,0
"8217",3276,2,6,62,0,1,1,8217,2,80,0
"8218",3277,2,5,51.5089963743017,0,1,2,8218,2,80,0
"8219",3278,2,7,67.9947757341506,0,1,3,8219,2,80,0
"8220",3279,1,6,57.7724331727383,0,1,4,8220,2,80,0
"8221",3280,10,8,48.6918756755474,0,1,5,8221,2,80,0
"8222",3281,2,6,62.4164640166022,0,1,6,8222,2,80,0
"8223",3282,3,7,64.4593263189505,0,1,7,8223,2,80,0
"8224",3283,8,5,66.4073601828626,0,1,8,8224,2,80,0
"8225",3284,3,8,59.5854974337311,0,1,9,8225,2,80,0
"8226",3285,8,6,91.4345143625533,0,1,10,8226,2,80,0
"8227",3286,2,7,67.9947757341506,0,1,11,8227,2,80,0
"8228",3287,8,6,91.4345143625533,0,1,12,8228,2,80,0
"8229",3288,7,6,104.310348306917,0,1,13,8229,2,80,0
"8230",3289,2,8,62.4164640166022,0,1,14,8230,2,80,0
"8231",3290,8,6,91.4345143625533,0,1,15,8231,2,80,0
"8232",3291,6,7,105.0154752929,0,1,16,8232,2,80,0
"8233",3292,7,7,120.313905748197,0,1,17,8233,2,80,0
"8234",3293,7,7,120.313905748197,0,1,18,8234,2,80,0
"8235",3294,8,7,104.233935089325,0,1,19,8235,2,80,0
"8236",3295,6,6,92.0603228354384,0,1,20,8236,2,80,0
"8237",3296,7,7,120.313905748197,0,1,21,8237,2,80,0
"8238",3297,7,8,104.310348306917,0,1,22,8238,2,80,0
"8239",3298,6,9,66.7286609660774,0,1,23,8239,2,80,0
"8240",3299,6,8,92.0603228354384,0,1,24,8240,2,80,0
"8241",3300,5,6,69.4036785744752,0,1,25,8241,2,80,0
"8242",3301,8,8,91.4345143625533,0,1,26,8242,2,80,0
"8243",3302,2,10,50,0,1,1,8243,3,80,0
"8244",3303,5,7,47.1222899861713,0,1,2,8244,3,80,0
"8245",3304,0,6,44.6482223587751,0,1,3,8245,3,80,1
"8246",3305,NA,NA,NA,0,1,4,8246,3,80,1
"8247",3306,NA,NA,NA,0,1,5,8247,3,80,0
"8248",3307,NA,NA,NA,0,1,6,8248,3,80,1
"8249",3308,NA,NA,NA,0,1,7,8249,3,80,1
"8250",3309,NA,NA,NA,0,1,8,8250,3,80,0
"8251",3310,NA,NA,NA,0,1,9,8251,3,80,1
"8252",3311,NA,NA,NA,0,1,10,8252,3,80,1
"8253",3312,NA,NA,NA,0,1,11,8253,3,80,1
"8254",3313,NA,NA,NA,0,1,12,8254,3,80,1
"8255",3314,NA,NA,NA,0,1,13,8255,3,80,1
"8256",3315,NA,NA,NA,0,1,14,8256,3,80,1
"8257",3316,NA,NA,NA,0,1,15,8257,3,80,1
"8258",3317,NA,NA,NA,0,1,16,8258,3,80,1
"8259",3318,NA,NA,NA,0,1,17,8259,3,80,0
"8260",3319,NA,NA,NA,0,1,18,8260,3,80,0
"8261",3320,NA,NA,NA,0,1,19,8261,3,80,0
"8262",3321,NA,NA,NA,0,1,20,8262,3,80,0
"8263",3322,NA,NA,NA,0,1,21,8263,3,80,0
"8264",3323,NA,NA,NA,0,1,22,8264,3,80,0
"8265",3324,NA,NA,NA,0,1,23,8265,3,80,0
"8266",3325,NA,NA,NA,0,1,24,8266,3,80,0
"8267",3326,NA,NA,NA,0,1,25,8267,3,80,0
"8268",3327,NA,NA,NA,0,1,26,8268,3,80,0
"8269",3328,0,8,51,0,1,1,8269,4,80,0
"8270",3329,2,8,52.5227873928033,0,1,2,8270,4,80,0
"8271",3330,8,7,66.7440293653031,0,1,3,8271,4,80,0
"8272",3331,9,0,40.0036883251294,0,1,4,8272,4,80,1
"8273",3332,NA,NA,NA,0,1,5,8273,4,80,0
"8274",3333,NA,NA,NA,0,1,6,8274,4,80,0
"8275",3334,NA,NA,NA,0,1,7,8275,4,80,0
"8276",3335,NA,NA,NA,0,1,8,8276,4,80,1
"8277",3336,NA,NA,NA,0,1,9,8277,4,80,0
"8278",3337,NA,NA,NA,0,1,10,8278,4,80,0
"8279",3338,NA,NA,NA,0,1,11,8279,4,80,0
"8280",3339,NA,NA,NA,0,1,12,8280,4,80,0
"8281",3340,NA,NA,NA,0,1,13,8281,4,80,0
"8282",3341,NA,NA,NA,0,1,14,8282,4,80,0
"8283",3342,NA,NA,NA,0,1,15,8283,4,80,0
"8284",3343,NA,NA,NA,0,1,16,8284,4,80,0
"8285",3344,NA,NA,NA,0,1,17,8285,4,80,0
"8286",3345,NA,NA,NA,0,1,18,8286,4,80,0
"8287",3346,NA,NA,NA,0,1,19,8287,4,80,0
"8288",3347,NA,NA,NA,0,1,20,8288,4,80,0
"8289",3348,NA,NA,NA,0,1,21,8289,4,80,0
"8290",3349,NA,NA,NA,0,1,22,8290,4,80,0
"8291",3350,NA,NA,NA,0,1,23,8291,4,80,0
"8292",3351,NA,NA,NA,0,1,24,8292,4,80,0
"8293",3352,NA,NA,NA,0,1,25,8293,4,80,0
"8294",3353,NA,NA,NA,0,1,26,8294,4,80,0
"8295",3354,5,10,55,0,1,1,8295,5,80,0
"8296",3355,3,10,46.1712800647819,0,1,2,8296,5,80,0
"8297",3356,10,6,53.5017505098743,0,1,3,8297,5,80,0
"8298",3357,9,4,103.923087098237,0,1,4,8298,5,80,0
"8299",3358,10,4,72.8184245129704,0,1,5,8299,5,80,0
"8300",3359,4,4,42.3383489762056,0,1,6,8300,5,80,1
"8301",3360,NA,NA,NA,0,1,7,8301,5,80,0
"8302",3361,NA,NA,NA,0,1,8,8302,5,80,0
"8303",3362,NA,NA,NA,0,1,9,8303,5,80,0
"8304",3363,NA,NA,NA,0,1,10,8304,5,80,0
"8305",3364,NA,NA,NA,0,1,11,8305,5,80,0
"8306",3365,NA,NA,NA,0,1,12,8306,5,80,0
"8307",3366,NA,NA,NA,0,1,13,8307,5,80,1
"8308",3367,NA,NA,NA,0,1,14,8308,5,80,0
"8309",3368,NA,NA,NA,0,1,15,8309,5,80,0
"8310",3369,NA,NA,NA,0,1,16,8310,5,80,0
"8311",3370,NA,NA,NA,0,1,17,8311,5,80,0
"8312",3371,NA,NA,NA,0,1,18,8312,5,80,0
"8313",3372,NA,NA,NA,0,1,19,8313,5,80,0
"8314",3373,NA,NA,NA,0,1,20,8314,5,80,1
"8315",3374,NA,NA,NA,0,1,21,8315,5,80,0
"8316",3375,NA,NA,NA,0,1,22,8316,5,80,0
"8317",3376,NA,NA,NA,0,1,23,8317,5,80,0
"8318",3377,NA,NA,NA,0,1,24,8318,5,80,0
"8319",3378,NA,NA,NA,0,1,25,8319,5,80,0
"8320",3379,NA,NA,NA,0,1,26,8320,5,80,0
"8321",3380,3,2,51,0,1,1,8321,1,82,0
"8322",3381,9,7,40.0000531616619,0,1,2,8322,1,82,1
"8323",3382,NA,NA,NA,0,1,3,8323,1,82,1
"8324",3383,NA,NA,NA,0,1,4,8324,1,82,1
"8325",3384,NA,NA,NA,0,1,5,8325,1,82,1
"8326",3385,NA,NA,NA,0,1,6,8326,1,82,0
"8327",3386,NA,NA,NA,0,1,7,8327,1,82,0
"8328",3387,NA,NA,NA,0,1,8,8328,1,82,0
"8329",3388,NA,NA,NA,0,1,9,8329,1,82,0
"8330",3389,NA,NA,NA,0,1,10,8330,1,82,0
"8331",3390,NA,NA,NA,0,1,11,8331,1,82,0
"8332",3391,NA,NA,NA,0,1,12,8332,1,82,0
"8333",3392,NA,NA,NA,0,1,13,8333,1,82,0
"8334",3393,NA,NA,NA,0,1,14,8334,1,82,0
"8335",3394,NA,NA,NA,0,1,15,8335,1,82,0
"8336",3395,NA,NA,NA,0,1,16,8336,1,82,0
"8337",3396,NA,NA,NA,0,1,17,8337,1,82,0
"8338",3397,NA,NA,NA,0,1,18,8338,1,82,0
"8339",3398,NA,NA,NA,0,1,19,8339,1,82,0
"8340",3399,NA,NA,NA,0,1,20,8340,1,82,0
"8341",3400,NA,NA,NA,0,1,21,8341,1,82,0
"8342",3401,NA,NA,NA,0,1,22,8342,1,82,0
"8343",3402,NA,NA,NA,0,1,23,8343,1,82,0
"8344",3403,NA,NA,NA,0,1,24,8344,1,82,0
"8345",3404,NA,NA,NA,0,1,25,8345,1,82,0
"8346",3405,NA,NA,NA,0,1,26,8346,1,82,0
"8347",3406,4,8,52,0,1,1,8347,2,82,0
"8348",3407,4,8,52.3138518771992,0,1,2,8348,2,82,0
"8349",3408,7,10,40.3762721525243,0,1,3,8349,2,82,1
"8350",3409,NA,NA,NA,0,1,4,8350,2,82,0
"8351",3410,NA,NA,NA,0,1,5,8351,2,82,0
"8352",3411,NA,NA,NA,0,1,6,8352,2,82,0
"8353",3412,NA,NA,NA,0,1,7,8353,2,82,0
"8354",3413,NA,NA,NA,0,1,8,8354,2,82,0
"8355",3414,NA,NA,NA,0,1,9,8355,2,82,0
"8356",3415,NA,NA,NA,0,1,10,8356,2,82,0
"8357",3416,NA,NA,NA,0,1,11,8357,2,82,0
"8358",3417,NA,NA,NA,0,1,12,8358,2,82,0
"8359",3418,NA,NA,NA,0,1,13,8359,2,82,0
"8360",3419,NA,NA,NA,0,1,14,8360,2,82,0
"8361",3420,NA,NA,NA,0,1,15,8361,2,82,0
"8362",3421,NA,NA,NA,0,1,16,8362,2,82,0
"8363",3422,NA,NA,NA,0,1,17,8363,2,82,0
"8364",3423,NA,NA,NA,0,1,18,8364,2,82,0
"8365",3424,NA,NA,NA,0,1,19,8365,2,82,0
"8366",3425,NA,NA,NA,0,1,20,8366,2,82,0
"8367",3426,NA,NA,NA,0,1,21,8367,2,82,0
"8368",3427,NA,NA,NA,0,1,22,8368,2,82,0
"8369",3428,NA,NA,NA,0,1,23,8369,2,82,0
"8370",3429,NA,NA,NA,0,1,24,8370,2,82,0
"8371",3430,NA,NA,NA,0,1,25,8371,2,82,0
"8372",3431,NA,NA,NA,0,1,26,8372,2,82,0
"8373",3432,1,5,53,0,1,1,8373,3,82,0
"8374",3433,7,10,40.2420710883588,0,1,2,8374,3,82,1
"8375",3434,NA,NA,NA,0,1,3,8375,3,82,0
"8376",3435,NA,NA,NA,0,1,4,8376,3,82,1
"8377",3436,NA,NA,NA,0,1,5,8377,3,82,0
"8378",3437,NA,NA,NA,0,1,6,8378,3,82,0
"8379",3438,NA,NA,NA,0,1,7,8379,3,82,0
"8380",3439,NA,NA,NA,0,1,8,8380,3,82,0
"8381",3440,NA,NA,NA,0,1,9,8381,3,82,0
"8382",3441,NA,NA,NA,0,1,10,8382,3,82,0
"8383",3442,NA,NA,NA,0,1,11,8383,3,82,1
"8384",3443,NA,NA,NA,0,1,12,8384,3,82,0
"8385",3444,NA,NA,NA,0,1,13,8385,3,82,0
"8386",3445,NA,NA,NA,0,1,14,8386,3,82,0
"8387",3446,NA,NA,NA,0,1,15,8387,3,82,0
"8388",3447,NA,NA,NA,0,1,16,8388,3,82,0
"8389",3448,NA,NA,NA,0,1,17,8389,3,82,0
"8390",3449,NA,NA,NA,0,1,18,8390,3,82,0
"8391",3450,NA,NA,NA,0,1,19,8391,3,82,0
"8392",3451,NA,NA,NA,0,1,20,8392,3,82,0
"8393",3452,NA,NA,NA,0,1,21,8393,3,82,0
"8394",3453,NA,NA,NA,0,1,22,8394,3,82,0
"8395",3454,NA,NA,NA,0,1,23,8395,3,82,0
"8396",3455,NA,NA,NA,0,1,24,8396,3,82,0
"8397",3456,NA,NA,NA,0,1,25,8397,3,82,0
"8398",3457,NA,NA,NA,0,1,26,8398,3,82,0
"8399",3458,6,5,50,0,1,1,8399,4,82,0
"8400",3459,6,5,50.8170601805217,0,1,2,8400,4,82,0
"8401",3460,6,4,45.5294078074406,0,1,3,8401,4,82,1
"8402",3461,NA,NA,NA,0,1,4,8402,4,82,1
"8403",3462,NA,NA,NA,0,1,5,8403,4,82,0
"8404",3463,NA,NA,NA,0,1,6,8404,4,82,1
"8405",3464,NA,NA,NA,0,1,7,8405,4,82,0
"8406",3465,NA,NA,NA,0,1,8,8406,4,82,0
"8407",3466,NA,NA,NA,0,1,9,8407,4,82,0
"8408",3467,NA,NA,NA,0,1,10,8408,4,82,0
"8409",3468,NA,NA,NA,0,1,11,8409,4,82,0
"8410",3469,NA,NA,NA,0,1,12,8410,4,82,0
"8411",3470,NA,NA,NA,0,1,13,8411,4,82,0
"8412",3471,NA,NA,NA,0,1,14,8412,4,82,0
"8413",3472,NA,NA,NA,0,1,15,8413,4,82,0
"8414",3473,NA,NA,NA,0,1,16,8414,4,82,0
"8415",3474,NA,NA,NA,0,1,17,8415,4,82,0
"8416",3475,NA,NA,NA,0,1,18,8416,4,82,0
"8417",3476,NA,NA,NA,0,1,19,8417,4,82,0
"8418",3477,NA,NA,NA,0,1,20,8418,4,82,0
"8419",3478,NA,NA,NA,0,1,21,8419,4,82,0
"8420",3479,NA,NA,NA,0,1,22,8420,4,82,0
"8421",3480,NA,NA,NA,0,1,23,8421,4,82,0
"8422",3481,NA,NA,NA,0,1,24,8422,4,82,0
"8423",3482,NA,NA,NA,0,1,25,8423,4,82,0
"8424",3483,NA,NA,NA,0,1,26,8424,4,82,1
"8425",3484,4,8,59,0,1,1,8425,5,82,0
"8426",3485,4,8,59.4802406649498,0,1,2,8426,5,82,0
"8427",3486,0,8,40.0976172269532,0,1,3,8427,5,82,1
"8428",3487,NA,NA,NA,0,1,4,8428,5,82,0
"8429",3488,NA,NA,NA,0,1,5,8429,5,82,1
"8430",3489,NA,NA,NA,0,1,6,8430,5,82,0
"8431",3490,NA,NA,NA,0,1,7,8431,5,82,0
"8432",3491,NA,NA,NA,0,1,8,8432,5,82,0
"8433",3492,NA,NA,NA,0,1,9,8433,5,82,0
"8434",3493,NA,NA,NA,0,1,10,8434,5,82,0
"8435",3494,NA,NA,NA,0,1,11,8435,5,82,0
"8436",3495,NA,NA,NA,0,1,12,8436,5,82,0
"8437",3496,NA,NA,NA,0,1,13,8437,5,82,0
"8438",3497,NA,NA,NA,0,1,14,8438,5,82,0
"8439",3498,NA,NA,NA,0,1,15,8439,5,82,0
"8440",3499,NA,NA,NA,0,1,16,8440,5,82,0
"8441",3500,NA,NA,NA,0,1,17,8441,5,82,0
"8442",3501,NA,NA,NA,0,1,18,8442,5,82,0
"8443",3502,NA,NA,NA,0,1,19,8443,5,82,0
"8444",3503,NA,NA,NA,0,1,20,8444,5,82,0
"8445",3504,NA,NA,NA,0,1,21,8445,5,82,0
"8446",3505,NA,NA,NA,0,1,22,8446,5,82,1
"8447",3506,NA,NA,NA,0,1,23,8447,5,82,0
"8448",3507,NA,NA,NA,0,1,24,8448,5,82,0
"8449",3508,NA,NA,NA,0,1,25,8449,5,82,0
"8450",3509,NA,NA,NA,0,1,26,8450,5,82,0
"8451",3510,2,7,56,0,1,1,8451,1,83,0
"8452",3511,2,7,56.9943662421435,0,1,2,8452,1,83,0
"8453",3512,2,6,61.230859336854,0,1,3,8453,1,83,0
"8454",3513,1,6,56.9848433800353,0,1,4,8454,1,83,0
"8455",3514,1,7,53.6000668329386,0,1,5,8455,1,83,0
"8456",3515,3,6,57.2234148017901,0,1,6,8456,1,83,0
"8457",3516,2,5,57.009664919666,0,1,7,8457,1,83,0
"8458",3517,1,5,53.6009180207323,0,1,8,8458,1,83,0
"8459",3518,3,4,47.2219308655302,0,1,9,8459,1,83,0
"8460",3519,1,8,46.9823976608192,0,1,10,8460,1,83,0
"8461",3520,3,7,53.7225534849795,0,1,11,8461,1,83,0
"8462",3521,3,5,53.8988576709668,0,1,12,8462,1,83,0
"8463",3522,1,3,42.2990861810136,0,1,13,8463,1,83,1
"8464",3523,NA,NA,NA,0,1,14,8464,1,83,1
"8465",3524,NA,NA,NA,0,1,15,8465,1,83,0
"8466",3525,NA,NA,NA,0,1,16,8466,1,83,0
"8467",3526,NA,NA,NA,0,1,17,8467,1,83,0
"8468",3527,NA,NA,NA,0,1,18,8468,1,83,0
"8469",3528,NA,NA,NA,0,1,19,8469,1,83,0
"8470",3529,NA,NA,NA,0,1,20,8470,1,83,0
"8471",3530,NA,NA,NA,0,1,21,8471,1,83,1
"8472",3531,NA,NA,NA,0,1,22,8472,1,83,0
"8473",3532,NA,NA,NA,0,1,23,8473,1,83,0
"8474",3533,NA,NA,NA,0,1,24,8474,1,83,0
"8475",3534,NA,NA,NA,0,1,25,8475,1,83,0
"8476",3535,NA,NA,NA,0,1,26,8476,1,83,0
"8477",3536,0,8,51,0,1,1,8477,2,83,0
"8478",3537,0,8,51.5799301485307,0,1,2,8478,2,83,0
"8479",3538,1,8,54.5767085564804,0,1,3,8479,2,83,0
"8480",3539,2,8,52.5227873928033,0,1,4,8480,2,83,0
"8481",3540,1,7,47.669128085345,0,1,5,8481,2,83,0
"8482",3541,2,9,54.7616607069308,0,1,6,8482,2,83,0
"8483",3542,1,9,58.08536171196,0,1,7,8483,2,83,0
"8484",3543,1,10,54.4565619644111,0,1,8,8484,2,83,0
"8485",3544,0,9,54.4512787136123,0,1,9,8485,2,83,0
"8486",3545,0,10,51.5695045085653,0,1,10,8486,2,83,0
"8487",3546,2,10,51.6350174839078,0,1,11,8487,2,83,0
"8488",3547,2,7,47.7978398170962,0,1,12,8488,2,83,0
"8489",3548,2,9,54.7616607069308,0,1,13,8489,2,83,0
"8490",3549,3,9,48.9056167911113,0,1,14,8490,2,83,0
"8491",3550,10,1,40.0089715759282,0,1,15,8491,2,83,1
"8492",3551,NA,NA,NA,0,1,16,8492,2,83,1
"8493",3552,NA,NA,NA,0,1,17,8493,2,83,0
"8494",3553,NA,NA,NA,0,1,18,8494,2,83,0
"8495",3554,NA,NA,NA,0,1,19,8495,2,83,0
"8496",3555,NA,NA,NA,0,1,20,8496,2,83,0
"8497",3556,NA,NA,NA,0,1,21,8497,2,83,0
"8498",3557,NA,NA,NA,0,1,22,8498,2,83,0
"8499",3558,NA,NA,NA,0,1,23,8499,2,83,0
"8500",3559,NA,NA,NA,0,1,24,8500,2,83,0
"8501",3560,NA,NA,NA,0,1,25,8501,2,83,0
"8502",3561,NA,NA,NA,0,1,26,8502,2,83,0
"8503",3562,3,9,54,0,1,1,8503,3,83,0
"8504",3563,3,9,54.8754810469809,0,1,2,8504,3,83,0
"8505",3564,3,10,47.6274076001778,0,1,3,8505,3,83,0
"8506",3565,4,9,51.9051284893932,0,1,4,8506,3,83,0
"8507",3566,3,8,58.7998697833986,0,1,5,8507,3,83,0
"8508",3567,2,8,55.1656531414362,0,1,6,8508,3,83,0
"8509",3568,2,9,51.9210636079902,0,1,7,8509,3,83,0
"8510",3569,4,8,54.9820145158932,0,1,8,8510,3,83,0
"8511",3570,3,7,56.6988738873465,0,1,9,8511,3,83,0
"8512",3571,2,7,54.1982056944266,0,1,10,8512,3,83,0
"8513",3572,4,7,52.8412895883584,0,1,11,8513,3,83,0
"8514",3573,5,7,46.4184250255564,0,1,12,8514,3,83,0
"8515",3574,3,6,56.3675783528353,0,1,13,8515,3,83,0
"8516",3575,3,5,69.064448806287,0,1,14,8516,3,83,0
"8517",3576,3,4,92.2499399686077,0,1,15,8517,3,83,0
"8518",3577,3,3,104.662233333701,0,1,16,8518,3,83,0
"8519",3578,3,3,104.662233333701,0,1,17,8519,3,83,0
"8520",3579,3,3,104.662233333701,0,1,18,8520,3,83,0
"8521",3580,3,3,104.662233333701,0,1,19,8521,3,83,0
"8522",3581,3,3,104.662233333701,0,1,20,8522,3,83,0
"8523",3582,3,3,104.662233333701,0,1,21,8523,3,83,0
"8524",3583,3,3,104.662233333701,0,1,22,8524,3,83,0
"8525",3584,3,3,104.662233333701,0,1,23,8525,3,83,0
"8526",3585,2,3,120.721221338618,0,1,24,8526,3,83,0
"8527",3586,2,3,120.721221338618,0,1,25,8527,3,83,0
"8528",3587,2,3,120.721221338618,0,1,26,8528,3,83,0
"8529",3588,7,8,50,0,1,1,8529,4,83,0
"8530",3589,7,8,50.3195136897172,0,1,2,8530,4,83,0
"8531",3590,0,2,40.0012656663842,0,1,3,8531,4,83,1
"8532",3591,NA,NA,NA,0,1,4,8532,4,83,1
"8533",3592,NA,NA,NA,0,1,5,8533,4,83,1
"8534",3593,NA,NA,NA,0,1,6,8534,4,83,0
"8535",3594,NA,NA,NA,0,1,7,8535,4,83,0
"8536",3595,NA,NA,NA,0,1,8,8536,4,83,0
"8537",3596,NA,NA,NA,0,1,9,8537,4,83,0
"8538",3597,NA,NA,NA,0,1,10,8538,4,83,0
"8539",3598,NA,NA,NA,0,1,11,8539,4,83,0
"8540",3599,NA,NA,NA,0,1,12,8540,4,83,0
"8541",3600,NA,NA,NA,0,1,13,8541,4,83,1
"8542",3601,NA,NA,NA,0,1,14,8542,4,83,0
"8543",3602,NA,NA,NA,0,1,15,8543,4,83,0
"8544",3603,NA,NA,NA,0,1,16,8544,4,83,0
"8545",3604,NA,NA,NA,0,1,17,8545,4,83,0
"8546",3605,NA,NA,NA,0,1,18,8546,4,83,0
"8547",3606,NA,NA,NA,0,1,19,8547,4,83,0
"8548",3607,NA,NA,NA,0,1,20,8548,4,83,0
"8549",3608,NA,NA,NA,0,1,21,8549,4,83,0
"8550",3609,NA,NA,NA,0,1,22,8550,4,83,0
"8551",3610,NA,NA,NA,0,1,23,8551,4,83,0
"8552",3611,NA,NA,NA,0,1,24,8552,4,83,0
"8553",3612,NA,NA,NA,0,1,25,8553,4,83,0
"8554",3613,NA,NA,NA,0,1,26,8554,4,83,0
"8555",3614,0,9,53,0,1,1,8555,5,83,0
"8556",3615,0,9,53.2520542315606,0,1,2,8556,5,83,0
"8557",3616,0,8,56.5532280151442,0,1,3,8557,5,83,0
"8558",3617,0,7,53.2941446447889,0,1,4,8558,5,83,0
"8559",3618,1,7,56.6780376080248,0,1,5,8559,5,83,0
"8560",3619,1,8,60.6790454398354,0,1,6,8560,5,83,0
"8561",3620,2,8,56.5712727053194,0,1,7,8561,5,83,0
"8562",3621,2,7,53.5020942801781,0,1,8,8562,5,83,0
"8563",3622,1,9,56.5501782222322,0,1,9,8563,5,83,0
"8564",3623,2,9,53.2530582020015,0,1,10,8564,5,83,0
"8565",3624,3,8,48.5239448271898,0,1,11,8565,5,83,0
"8566",3625,3,7,47.1162439091651,0,1,12,8566,5,83,0
"8567",3626,1,8,60.6790454398354,0,1,13,8567,5,83,0
"8568",3627,0,6,47.1162439091651,0,1,14,8568,5,83,0
"8569",3628,0,8,56.5532280151442,0,1,15,8569,5,83,0
"8570",3629,1,10,48.4968484813948,0,1,16,8570,5,83,0
"8571",3630,1,8,60.6790454398354,0,1,17,8571,5,83,0
"8572",3631,1,7,56.6780376080248,0,1,18,8572,5,83,0
"8573",3632,1,8,60.6790454398354,0,1,19,8573,5,83,0
"8574",3633,4,8,42.8188104305993,0,1,20,8574,5,83,1
"8575",3634,NA,NA,NA,0,1,21,8575,5,83,0
"8576",3635,NA,NA,NA,0,1,22,8576,5,83,0
"8577",3636,NA,NA,NA,0,1,23,8577,5,83,0
"8578",3637,NA,NA,NA,0,1,24,8578,5,83,1
"8579",3638,NA,NA,NA,0,1,25,8579,5,83,1
"8580",3639,NA,NA,NA,0,1,26,8580,5,83,0
"8581",3640,10,5,55,0,1,1,8581,1,85,0
"8582",3641,10,4,52.2521357091674,0,1,2,8582,1,85,0
"8583",3642,6,3,42.003228825943,0,1,3,8583,1,85,1
"8584",3643,NA,NA,NA,0,1,4,8584,1,85,1
"8585",3644,NA,NA,NA,0,1,5,8585,1,85,0
"8586",3645,NA,NA,NA,0,1,6,8586,1,85,1
"8587",3646,NA,NA,NA,0,1,7,8587,1,85,0
"8588",3647,NA,NA,NA,0,1,8,8588,1,85,0
"8589",3648,NA,NA,NA,0,1,9,8589,1,85,0
"8590",3649,NA,NA,NA,0,1,10,8590,1,85,0
"8591",3650,NA,NA,NA,0,1,11,8591,1,85,0
"8592",3651,NA,NA,NA,0,1,12,8592,1,85,0
"8593",3652,NA,NA,NA,0,1,13,8593,1,85,0
"8594",3653,NA,NA,NA,0,1,14,8594,1,85,0
"8595",3654,NA,NA,NA,0,1,15,8595,1,85,0
"8596",3655,NA,NA,NA,0,1,16,8596,1,85,1
"8597",3656,NA,NA,NA,0,1,17,8597,1,85,0
"8598",3657,NA,NA,NA,0,1,18,8598,1,85,0
"8599",3658,NA,NA,NA,0,1,19,8599,1,85,0
"8600",3659,NA,NA,NA,0,1,20,8600,1,85,0
"8601",3660,NA,NA,NA,0,1,21,8601,1,85,0
"8602",3661,NA,NA,NA,0,1,22,8602,1,85,0
"8603",3662,NA,NA,NA,0,1,23,8603,1,85,0
"8604",3663,NA,NA,NA,0,1,24,8604,1,85,0
"8605",3664,NA,NA,NA,0,1,25,8605,1,85,0
"8606",3665,NA,NA,NA,0,1,26,8606,1,85,0
"8607",3666,7,7,53,0,1,1,8607,2,85,0
"8608",3667,4,7,55.1057568839564,0,1,2,8608,2,85,0
"8609",3668,0,9,72.3230186804997,0,1,3,8609,2,85,0
"8610",3669,8,8,45.5418448646999,0,1,4,8610,2,85,1
"8611",3670,NA,NA,NA,0,1,5,8611,2,85,0
"8612",3671,NA,NA,NA,0,1,6,8612,2,85,0
"8613",3672,NA,NA,NA,0,1,7,8613,2,85,0
"8614",3673,NA,NA,NA,0,1,8,8614,2,85,0
"8615",3674,NA,NA,NA,0,1,9,8615,2,85,0
"8616",3675,NA,NA,NA,0,1,10,8616,2,85,0
"8617",3676,NA,NA,NA,0,1,11,8617,2,85,0
"8618",3677,NA,NA,NA,0,1,12,8618,2,85,0
"8619",3678,NA,NA,NA,0,1,13,8619,2,85,0
"8620",3679,NA,NA,NA,0,1,14,8620,2,85,0
"8621",3680,NA,NA,NA,0,1,15,8621,2,85,0
"8622",3681,NA,NA,NA,0,1,16,8622,2,85,0
"8623",3682,NA,NA,NA,0,1,17,8623,2,85,0
"8624",3683,NA,NA,NA,0,1,18,8624,2,85,0
"8625",3684,NA,NA,NA,0,1,19,8625,2,85,0
"8626",3685,NA,NA,NA,0,1,20,8626,2,85,0
"8627",3686,NA,NA,NA,0,1,21,8627,2,85,0
"8628",3687,NA,NA,NA,0,1,22,8628,2,85,0
"8629",3688,NA,NA,NA,0,1,23,8629,2,85,0
"8630",3689,NA,NA,NA,0,1,24,8630,2,85,0
"8631",3690,NA,NA,NA,0,1,25,8631,2,85,0
"8632",3691,NA,NA,NA,0,1,26,8632,2,85,0
"8633",3692,7,6,56,0,1,1,8633,3,85,0
"8634",3693,7,0,40.006631042281,0,1,2,8634,3,85,1
"8635",3694,NA,NA,NA,0,1,3,8635,3,85,1
"8636",3695,NA,NA,NA,0,1,4,8636,3,85,0
"8637",3696,NA,NA,NA,0,1,5,8637,3,85,1
"8638",3697,NA,NA,NA,0,1,6,8638,3,85,1
"8639",3698,NA,NA,NA,0,1,7,8639,3,85,0
"8640",3699,NA,NA,NA,0,1,8,8640,3,85,0
"8641",3700,NA,NA,NA,0,1,9,8641,3,85,0
"8642",3701,NA,NA,NA,0,1,10,8642,3,85,0
"8643",3702,NA,NA,NA,0,1,11,8643,3,85,1
"8644",3703,NA,NA,NA,0,1,12,8644,3,85,0
"8645",3704,NA,NA,NA,0,1,13,8645,3,85,0
"8646",3705,NA,NA,NA,0,1,14,8646,3,85,0
"8647",3706,NA,NA,NA,0,1,15,8647,3,85,0
"8648",3707,NA,NA,NA,0,1,16,8648,3,85,1
"8649",3708,NA,NA,NA,0,1,17,8649,3,85,0
"8650",3709,NA,NA,NA,0,1,18,8650,3,85,0
"8651",3710,NA,NA,NA,0,1,19,8651,3,85,0
"8652",3711,NA,NA,NA,0,1,20,8652,3,85,0
"8653",3712,NA,NA,NA,0,1,21,8653,3,85,1
"8654",3713,NA,NA,NA,0,1,22,8654,3,85,0
"8655",3714,NA,NA,NA,0,1,23,8655,3,85,0
"8656",3715,NA,NA,NA,0,1,24,8656,3,85,1
"8657",3716,NA,NA,NA,0,1,25,8657,3,85,1
"8658",3717,NA,NA,NA,0,1,26,8658,3,85,1
"8659",3718,1,8,54,0,1,1,8659,4,85,0
"8660",3719,10,0,40.0007785024855,0,1,2,8660,4,85,1
"8661",3720,NA,NA,NA,0,1,3,8661,4,85,1
"8662",3721,NA,NA,NA,0,1,4,8662,4,85,1
"8663",3722,NA,NA,NA,0,1,5,8663,4,85,0
"8664",3723,NA,NA,NA,0,1,6,8664,4,85,0
"8665",3724,NA,NA,NA,0,1,7,8665,4,85,0
"8666",3725,NA,NA,NA,0,1,8,8666,4,85,0
"8667",3726,NA,NA,NA,0,1,9,8667,4,85,0
"8668",3727,NA,NA,NA,0,1,10,8668,4,85,0
"8669",3728,NA,NA,NA,0,1,11,8669,4,85,0
"8670",3729,NA,NA,NA,0,1,12,8670,4,85,0
"8671",3730,NA,NA,NA,0,1,13,8671,4,85,0
"8672",3731,NA,NA,NA,0,1,14,8672,4,85,0
"8673",3732,NA,NA,NA,0,1,15,8673,4,85,0
"8674",3733,NA,NA,NA,0,1,16,8674,4,85,0
"8675",3734,NA,NA,NA,0,1,17,8675,4,85,0
"8676",3735,NA,NA,NA,0,1,18,8676,4,85,0
"8677",3736,NA,NA,NA,0,1,19,8677,4,85,0
"8678",3737,NA,NA,NA,0,1,20,8678,4,85,0
"8679",3738,NA,NA,NA,0,1,21,8679,4,85,0
"8680",3739,NA,NA,NA,0,1,22,8680,4,85,0
"8681",3740,NA,NA,NA,0,1,23,8681,4,85,0
"8682",3741,NA,NA,NA,0,1,24,8682,4,85,0
"8683",3742,NA,NA,NA,0,1,25,8683,4,85,0
"8684",3743,NA,NA,NA,0,1,26,8684,4,85,0
"8685",3744,3,9,54,0,1,1,8685,5,85,0
"8686",3745,10,3,40.0000550473661,0,1,2,8686,5,85,1
"8687",3746,NA,NA,NA,0,1,3,8687,5,85,1
"8688",3747,NA,NA,NA,0,1,4,8688,5,85,1
"8689",3748,NA,NA,NA,0,1,5,8689,5,85,1
"8690",3749,NA,NA,NA,0,1,6,8690,5,85,0
"8691",3750,NA,NA,NA,0,1,7,8691,5,85,1
"8692",3751,NA,NA,NA,0,1,8,8692,5,85,1
"8693",3752,NA,NA,NA,0,1,9,8693,5,85,0
"8694",3753,NA,NA,NA,0,1,10,8694,5,85,0
"8695",3754,NA,NA,NA,0,1,11,8695,5,85,0
"8696",3755,NA,NA,NA,0,1,12,8696,5,85,1
"8697",3756,NA,NA,NA,0,1,13,8697,5,85,0
"8698",3757,NA,NA,NA,0,1,14,8698,5,85,1
"8699",3758,NA,NA,NA,0,1,15,8699,5,85,0
"8700",3759,NA,NA,NA,0,1,16,8700,5,85,1
"8701",3760,NA,NA,NA,0,1,17,8701,5,85,1
"8702",3761,NA,NA,NA,0,1,18,8702,5,85,0
"8703",3762,NA,NA,NA,0,1,19,8703,5,85,0
"8704",3763,NA,NA,NA,0,1,20,8704,5,85,0
"8705",3764,NA,NA,NA,0,1,21,8705,5,85,0
"8706",3765,NA,NA,NA,0,1,22,8706,5,85,0
"8707",3766,NA,NA,NA,0,1,23,8707,5,85,0
"8708",3767,NA,NA,NA,0,1,24,8708,5,85,0
"8709",3768,NA,NA,NA,0,1,25,8709,5,85,0
"8710",3769,NA,NA,NA,0,1,26,8710,5,85,0
"8711",3770,6,2,59,0,1,1,8711,1,86,0
"8712",3771,6,2,59.7333927165308,0,1,2,8712,1,86,0
"8713",3772,6,2,59.7333927165308,0,1,3,8713,1,86,0
"8714",3773,6,2,59.7333927165308,0,1,4,8714,1,86,0
"8715",3774,6,2,59.7333927165308,0,1,5,8715,1,86,0
"8716",3775,6,2,59.7333927165308,0,1,6,8716,1,86,0
"8717",3776,6,2,59.7333927165308,0,1,7,8717,1,86,0
"8718",3777,6,2,59.7333927165308,0,1,8,8718,1,86,0
"8719",3778,6,2,59.7333927165308,0,1,9,8719,1,86,0
"8720",3779,6,2,59.7333927165308,0,1,10,8720,1,86,0
"8721",3780,6,2,59.7333927165308,0,1,11,8721,1,86,0
"8722",3781,6,2,59.7333927165308,0,1,12,8722,1,86,0
"8723",3782,6,2,59.7333927165308,0,1,13,8723,1,86,0
"8724",3783,6,2,59.7333927165308,0,1,14,8724,1,86,0
"8725",3784,6,2,59.7333927165308,0,1,15,8725,1,86,0
"8726",3785,6,2,59.7333927165308,0,1,16,8726,1,86,0
"8727",3786,6,2,59.7333927165308,0,1,17,8727,1,86,0
"8728",3787,6,2,59.7333927165308,0,1,18,8728,1,86,0
"8729",3788,6,2,59.7333927165308,0,1,19,8729,1,86,0
"8730",3789,6,2,59.7333927165308,0,1,20,8730,1,86,0
"8731",3790,6,2,59.7333927165308,0,1,21,8731,1,86,0
"8732",3791,6,2,59.7333927165308,0,1,22,8732,1,86,0
"8733",3792,6,2,59.7333927165308,0,1,23,8733,1,86,0
"8734",3793,6,2,59.7333927165308,0,1,24,8734,1,86,0
"8735",3794,6,2,59.7333927165308,0,1,25,8735,1,86,0
"8736",3795,6,2,59.7333927165308,0,1,26,8736,1,86,0
"8737",3796,1,7,51,0,1,1,8737,2,86,0
"8738",3797,1,6,46.558078194965,0,1,2,8738,2,86,0
"8739",3798,1,6,46.558078194965,0,1,3,8739,2,86,0
"8740",3799,1,6,46.558078194965,0,1,4,8740,2,86,0
"8741",3800,1,6,46.558078194965,0,1,5,8741,2,86,0
"8742",3801,1,6,46.558078194965,0,1,6,8742,2,86,0
"8743",3802,1,6,46.558078194965,0,1,7,8743,2,86,0
"8744",3803,1,6,46.558078194965,0,1,8,8744,2,86,0
"8745",3804,1,6,46.558078194965,0,1,9,8745,2,86,0
"8746",3805,1,6,46.558078194965,0,1,10,8746,2,86,0
"8747",3806,1,6,46.558078194965,0,1,11,8747,2,86,0
"8748",3807,1,6,46.558078194965,0,1,12,8748,2,86,0
"8749",3808,1,6,46.558078194965,0,1,13,8749,2,86,0
"8750",3809,1,6,46.558078194965,0,1,14,8750,2,86,0
"8751",3810,1,6,46.558078194965,0,1,15,8751,2,86,0
"8752",3811,6,9,40.3893788997917,0,1,16,8752,2,86,1
"8753",3812,NA,NA,NA,0,1,17,8753,2,86,0
"8754",3813,NA,NA,NA,0,1,18,8754,2,86,0
"8755",3814,NA,NA,NA,0,1,19,8755,2,86,0
"8756",3815,NA,NA,NA,0,1,20,8756,2,86,0
"8757",3816,NA,NA,NA,0,1,21,8757,2,86,0
"8758",3817,NA,NA,NA,0,1,22,8758,2,86,0
"8759",3818,NA,NA,NA,0,1,23,8759,2,86,0
"8760",3819,NA,NA,NA,0,1,24,8760,2,86,0
"8761",3820,NA,NA,NA,0,1,25,8761,2,86,0
"8762",3821,NA,NA,NA,0,1,26,8762,2,86,0
"8763",3822,1,9,56,0,1,1,8763,3,86,0
"8764",3823,1,9,56.5501782222322,0,1,2,8764,3,86,0
"8765",3824,1,9,56.5501782222322,0,1,3,8765,3,86,0
"8766",3825,1,9,56.5501782222322,0,1,4,8766,3,86,0
"8767",3826,1,9,56.5501782222322,0,1,5,8767,3,86,0
"8768",3827,1,9,56.5501782222322,0,1,6,8768,3,86,0
"8769",3828,1,9,56.5501782222322,0,1,7,8769,3,86,0
"8770",3829,1,9,56.5501782222322,0,1,8,8770,3,86,0
"8771",3830,1,9,56.5501782222322,0,1,9,8771,3,86,0
"8772",3831,1,9,56.5501782222322,0,1,10,8772,3,86,0
"8773",3832,1,9,56.5501782222322,0,1,11,8773,3,86,0
"8774",3833,1,9,56.5501782222322,0,1,12,8774,3,86,0
"8775",3834,1,9,56.5501782222322,0,1,13,8775,3,86,0
"8776",3835,1,9,56.5501782222322,0,1,14,8776,3,86,0
"8777",3836,1,9,56.5501782222322,0,1,15,8777,3,86,0
"8778",3837,1,9,56.5501782222322,0,1,16,8778,3,86,0
"8779",3838,1,9,56.5501782222322,0,1,17,8779,3,86,0
"8780",3839,1,9,56.5501782222322,0,1,18,8780,3,86,0
"8781",3840,1,9,56.5501782222322,0,1,19,8781,3,86,0
"8782",3841,1,9,56.5501782222322,0,1,20,8782,3,86,0
"8783",3842,1,9,56.5501782222322,0,1,21,8783,3,86,0
"8784",3843,1,9,56.5501782222322,0,1,22,8784,3,86,0
"8785",3844,1,9,56.5501782222322,0,1,23,8785,3,86,0
"8786",3845,1,9,56.5501782222322,0,1,24,8786,3,86,0
"8787",3846,1,9,56.5501782222322,0,1,25,8787,3,86,0
"8788",3847,1,9,56.5501782222322,0,1,26,8788,3,86,0
"8789",3848,1,4,52,0,1,1,8789,4,86,0
"8790",3849,1,4,52.3978158585524,0,1,2,8790,4,86,0
"8791",3850,1,4,52.3978158585524,0,1,3,8791,4,86,0
"8792",3851,1,4,52.3978158585524,0,1,4,8792,4,86,0
"8793",3852,1,4,52.3978158585524,0,1,5,8793,4,86,0
"8794",3853,1,4,52.3978158585524,0,1,6,8794,4,86,0
"8795",3854,1,4,52.3978158585524,0,1,7,8795,4,86,0
"8796",3855,1,4,52.3978158585524,0,1,8,8796,4,86,0
"8797",3856,1,4,52.3978158585524,0,1,9,8797,4,86,0
"8798",3857,1,4,52.3978158585524,0,1,10,8798,4,86,0
"8799",3858,1,4,52.3978158585524,0,1,11,8799,4,86,0
"8800",3859,1,4,52.3978158585524,0,1,12,8800,4,86,0
"8801",3860,1,4,52.3978158585524,0,1,13,8801,4,86,0
"8802",3861,1,4,52.3978158585524,0,1,14,8802,4,86,0
"8803",3862,1,4,52.3978158585524,0,1,15,8803,4,86,0
"8804",3863,1,4,52.3978158585524,0,1,16,8804,4,86,0
"8805",3864,1,4,52.3978158585524,0,1,17,8805,4,86,0
"8806",3865,1,4,52.3978158585524,0,1,18,8806,4,86,0
"8807",3866,1,4,52.3978158585524,0,1,19,8807,4,86,0
"8808",3867,1,4,52.3978158585524,0,1,20,8808,4,86,0
"8809",3868,1,4,52.3978158585524,0,1,21,8809,4,86,0
"8810",3869,1,4,52.3978158585524,0,1,22,8810,4,86,0
"8811",3870,1,4,52.3978158585524,0,1,23,8811,4,86,0
"8812",3871,1,4,52.3978158585524,0,1,24,8812,4,86,0
"8813",3872,1,4,52.3978158585524,0,1,25,8813,4,86,0
"8814",3873,1,4,52.3978158585524,0,1,26,8814,4,86,0
"8815",3874,1,2,52,0,1,1,8815,5,86,0
"8816",3875,0,2,46.2778022477636,0,1,2,8816,5,86,0
"8817",3876,0,2,46.2778022477636,0,1,3,8817,5,86,0
"8818",3877,0,2,46.2778022477636,0,1,4,8818,5,86,0
"8819",3878,0,2,46.2778022477636,0,1,5,8819,5,86,0
"8820",3879,0,2,46.2778022477636,0,1,6,8820,5,86,0
"8821",3880,0,2,46.2778022477636,0,1,7,8821,5,86,0
"8822",3881,0,2,46.2778022477636,0,1,8,8822,5,86,0
"8823",3882,0,2,46.2778022477636,0,1,9,8823,5,86,0
"8824",3883,0,2,46.2778022477636,0,1,10,8824,5,86,0
"8825",3884,0,2,46.2778022477636,0,1,11,8825,5,86,0
"8826",3885,0,2,46.2778022477636,0,1,12,8826,5,86,0
"8827",3886,0,2,46.2778022477636,0,1,13,8827,5,86,0
"8828",3887,0,2,46.2778022477636,0,1,14,8828,5,86,0
"8829",3888,0,2,46.2778022477636,0,1,15,8829,5,86,0
"8830",3889,0,2,46.2778022477636,0,1,16,8830,5,86,0
"8831",3890,0,2,46.2778022477636,0,1,17,8831,5,86,0
"8832",3891,0,2,46.2778022477636,0,1,18,8832,5,86,0
"8833",3892,0,2,46.2778022477636,0,1,19,8833,5,86,0
"8834",3893,0,2,46.2778022477636,0,1,20,8834,5,86,0
"8835",3894,0,2,46.2778022477636,0,1,21,8835,5,86,0
"8836",3895,0,2,46.2778022477636,0,1,22,8836,5,86,0
"8837",3896,0,2,46.2778022477636,0,1,23,8837,5,86,0
"8838",3897,0,2,46.2778022477636,0,1,24,8838,5,86,0
"8839",3898,0,2,46.2778022477636,0,1,25,8839,5,86,0
"8840",3899,0,2,46.2778022477636,0,1,26,8840,5,86,0
"8841",3900,2,7,56,0,1,1,8841,1,91,0
"8842",3901,2,7,56.9943662421435,0,1,2,8842,1,91,0
"8843",3902,4,8,43.8841671248204,0,1,3,8843,1,91,1
"8844",3903,NA,NA,NA,0,1,4,8844,1,91,0
"8845",3904,NA,NA,NA,0,1,5,8845,1,91,0
"8846",3905,NA,NA,NA,0,1,6,8846,1,91,0
"8847",3906,NA,NA,NA,0,1,7,8847,1,91,1
"8848",3907,NA,NA,NA,0,1,8,8848,1,91,0
"8849",3908,NA,NA,NA,0,1,9,8849,1,91,0
"8850",3909,NA,NA,NA,0,1,10,8850,1,91,0
"8851",3910,NA,NA,NA,0,1,11,8851,1,91,0
"8852",3911,NA,NA,NA,0,1,12,8852,1,91,0
"8853",3912,NA,NA,NA,0,1,13,8853,1,91,1
"8854",3913,NA,NA,NA,0,1,14,8854,1,91,0
"8855",3914,NA,NA,NA,0,1,15,8855,1,91,0
"8856",3915,NA,NA,NA,0,1,16,8856,1,91,0
"8857",3916,NA,NA,NA,0,1,17,8857,1,91,0
"8858",3917,NA,NA,NA,0,1,18,8858,1,91,0
"8859",3918,NA,NA,NA,0,1,19,8859,1,91,0
"8860",3919,NA,NA,NA,0,1,20,8860,1,91,0
"8861",3920,NA,NA,NA,0,1,21,8861,1,91,1
"8862",3921,NA,NA,NA,0,1,22,8862,1,91,0
"8863",3922,NA,NA,NA,0,1,23,8863,1,91,0
"8864",3923,NA,NA,NA,0,1,24,8864,1,91,0
"8865",3924,NA,NA,NA,0,1,25,8865,1,91,0
"8866",3925,NA,NA,NA,0,1,26,8866,1,91,0
"8867",3926,4,9,55,0,1,1,8867,2,91,0
"8868",3927,7,5,91.4040995743966,0,1,2,8868,2,91,0
"8869",3928,7,6,67.3217266756826,0,1,3,8869,2,91,0
"8870",3929,7,4,103.950811030869,0,1,4,8870,2,91,0
"8871",3930,8,4,119.83749767917,0,1,5,8871,2,91,0
"8872",3931,8,5,103.993488903549,0,1,6,8872,2,91,0
"8873",3932,8,4,119.83749767917,0,1,7,8873,2,91,0
"8874",3933,8,4,119.83749767917,0,1,8,8874,2,91,0
"8875",3934,8,4,119.83749767917,0,1,9,8875,2,91,0
"8876",3935,8,4,119.83749767917,0,1,10,8876,2,91,0
"8877",3936,8,4,119.83749767917,0,1,11,8877,2,91,0
"8878",3937,8,4,119.83749767917,0,1,12,8878,2,91,0
"8879",3938,8,4,119.83749767917,0,1,13,8879,2,91,0
"8880",3939,8,4,119.83749767917,0,1,14,8880,2,91,0
"8881",3940,8,4,119.83749767917,0,1,15,8881,2,91,0
"8882",3941,8,4,119.83749767917,0,1,16,8882,2,91,0
"8883",3942,8,4,119.83749767917,0,1,17,8883,2,91,0
"8884",3943,8,4,119.83749767917,0,1,18,8884,2,91,0
"8885",3944,8,4,119.83749767917,0,1,19,8885,2,91,0
"8886",3945,8,4,119.83749767917,0,1,20,8886,2,91,0
"8887",3946,8,4,119.83749767917,0,1,21,8887,2,91,0
"8888",3947,8,4,119.83749767917,0,1,22,8888,2,91,0
"8889",3948,8,4,119.83749767917,0,1,23,8889,2,91,0
"8890",3949,8,4,119.83749767917,0,1,24,8890,2,91,0
"8891",3950,8,4,119.83749767917,0,1,25,8891,2,91,0
"8892",3951,8,4,119.83749767917,0,1,26,8892,2,91,0
"8893",3952,4,8,52,0,1,1,8893,3,91,0
"8894",3953,7,9,40.4776010333396,0,1,2,8894,3,91,1
"8895",3954,NA,NA,NA,0,1,3,8895,3,91,1
"8896",3955,NA,NA,NA,0,1,4,8896,3,91,0
"8897",3956,NA,NA,NA,0,1,5,8897,3,91,1
"8898",3957,NA,NA,NA,0,1,6,8898,3,91,1
"8899",3958,NA,NA,NA,0,1,7,8899,3,91,0
"8900",3959,NA,NA,NA,0,1,8,8900,3,91,0
"8901",3960,NA,NA,NA,0,1,9,8901,3,91,1
"8902",3961,NA,NA,NA,0,1,10,8902,3,91,0
"8903",3962,NA,NA,NA,0,1,11,8903,3,91,0
"8904",3963,NA,NA,NA,0,1,12,8904,3,91,0
"8905",3964,NA,NA,NA,0,1,13,8905,3,91,0
"8906",3965,NA,NA,NA,0,1,14,8906,3,91,0
"8907",3966,NA,NA,NA,0,1,15,8907,3,91,0
"8908",3967,NA,NA,NA,0,1,16,8908,3,91,0
"8909",3968,NA,NA,NA,0,1,17,8909,3,91,0
"8910",3969,NA,NA,NA,0,1,18,8910,3,91,0
"8911",3970,NA,NA,NA,0,1,19,8911,3,91,0
"8912",3971,NA,NA,NA,0,1,20,8912,3,91,0
"8913",3972,NA,NA,NA,0,1,21,8913,3,91,0
"8914",3973,NA,NA,NA,0,1,22,8914,3,91,0
"8915",3974,NA,NA,NA,0,1,23,8915,3,91,0
"8916",3975,NA,NA,NA,0,1,24,8916,3,91,0
"8917",3976,NA,NA,NA,0,1,25,8917,3,91,0
"8918",3977,NA,NA,NA,0,1,26,8918,3,91,0
"8919",3978,6,1,51,0,1,1,8919,4,91,0
"8920",3979,2,0,40.0474946249031,0,1,2,8920,4,91,1
"8921",3980,NA,NA,NA,0,1,3,8921,4,91,0
"8922",3981,NA,NA,NA,0,1,4,8922,4,91,0
"8923",3982,NA,NA,NA,0,1,5,8923,4,91,0
"8924",3983,NA,NA,NA,0,1,6,8924,4,91,0
"8925",3984,NA,NA,NA,0,1,7,8925,4,91,0
"8926",3985,NA,NA,NA,0,1,8,8926,4,91,0
"8927",3986,NA,NA,NA,0,1,9,8927,4,91,0
"8928",3987,NA,NA,NA,0,1,10,8928,4,91,0
"8929",3988,NA,NA,NA,0,1,11,8929,4,91,0
"8930",3989,NA,NA,NA,0,1,12,8930,4,91,0
"8931",3990,NA,NA,NA,0,1,13,8931,4,91,0
"8932",3991,NA,NA,NA,0,1,14,8932,4,91,0
"8933",3992,NA,NA,NA,0,1,15,8933,4,91,0
"8934",3993,NA,NA,NA,0,1,16,8934,4,91,0
"8935",3994,NA,NA,NA,0,1,17,8935,4,91,0
"8936",3995,NA,NA,NA,0,1,18,8936,4,91,0
"8937",3996,NA,NA,NA,0,1,19,8937,4,91,0
"8938",3997,NA,NA,NA,0,1,20,8938,4,91,0
"8939",3998,NA,NA,NA,0,1,21,8939,4,91,0
"8940",3999,NA,NA,NA,0,1,22,8940,4,91,0
"8941",4000,NA,NA,NA,0,1,23,8941,4,91,0
"8942",4001,NA,NA,NA,0,1,24,8942,4,91,0
"8943",4002,NA,NA,NA,0,1,25,8943,4,91,0
"8944",4003,NA,NA,NA,0,1,26,8944,4,91,0
"8945",4004,8,3,53,0,1,1,8945,5,91,0
"8946",4005,8,3,53.4730330795277,0,1,2,8946,5,91,0
"8947",4006,5,4,40.6410041932199,0,1,3,8947,5,91,1
"8948",4007,NA,NA,NA,0,1,4,8948,5,91,1
"8949",4008,NA,NA,NA,0,1,5,8949,5,91,0
"8950",4009,NA,NA,NA,0,1,6,8950,5,91,0
"8951",4010,NA,NA,NA,0,1,7,8951,5,91,0
"8952",4011,NA,NA,NA,0,1,8,8952,5,91,1
"8953",4012,NA,NA,NA,0,1,9,8953,5,91,0
"8954",4013,NA,NA,NA,0,1,10,8954,5,91,0
"8955",4014,NA,NA,NA,0,1,11,8955,5,91,0
"8956",4015,NA,NA,NA,0,1,12,8956,5,91,0
"8957",4016,NA,NA,NA,0,1,13,8957,5,91,0
"8958",4017,NA,NA,NA,0,1,14,8958,5,91,0
"8959",4018,NA,NA,NA,0,1,15,8959,5,91,1
"8960",4019,NA,NA,NA,0,1,16,8960,5,91,0
"8961",4020,NA,NA,NA,0,1,17,8961,5,91,0
"8962",4021,NA,NA,NA,0,1,18,8962,5,91,1
"8963",4022,NA,NA,NA,0,1,19,8963,5,91,1
"8964",4023,NA,NA,NA,0,1,20,8964,5,91,1
"8965",4024,NA,NA,NA,0,1,21,8965,5,91,0
"8966",4025,NA,NA,NA,0,1,22,8966,5,91,0
"8967",4026,NA,NA,NA,0,1,23,8967,5,91,0
"8968",4027,NA,NA,NA,0,1,24,8968,5,91,0
"8969",4028,NA,NA,NA,0,1,25,8969,5,91,0
"8970",4029,NA,NA,NA,0,1,26,8970,5,91,0
"8971",4030,3,7,51,0,1,1,8971,1,93,0
"8972",4031,2,6,48.8589743373875,0,1,2,8972,1,93,0
"8973",4032,3,6,47.9290993331774,0,1,3,8973,1,93,0
"8974",4033,4,6,44.739861136944,0,1,4,8974,1,93,1
"8975",4034,NA,NA,NA,0,1,5,8975,1,93,1
"8976",4035,NA,NA,NA,0,1,6,8976,1,93,0
"8977",4036,NA,NA,NA,0,1,7,8977,1,93,1
"8978",4037,NA,NA,NA,0,1,8,8978,1,93,0
"8979",4038,NA,NA,NA,0,1,9,8979,1,93,0
"8980",4039,NA,NA,NA,0,1,10,8980,1,93,0
"8981",4040,NA,NA,NA,0,1,11,8981,1,93,0
"8982",4041,NA,NA,NA,0,1,12,8982,1,93,0
"8983",4042,NA,NA,NA,0,1,13,8983,1,93,0
"8984",4043,NA,NA,NA,0,1,14,8984,1,93,0
"8985",4044,NA,NA,NA,0,1,15,8985,1,93,0
"8986",4045,NA,NA,NA,0,1,16,8986,1,93,0
"8987",4046,NA,NA,NA,0,1,17,8987,1,93,0
"8988",4047,NA,NA,NA,0,1,18,8988,1,93,0
"8989",4048,NA,NA,NA,0,1,19,8989,1,93,0
"8990",4049,NA,NA,NA,0,1,20,8990,1,93,0
"8991",4050,NA,NA,NA,0,1,21,8991,1,93,0
"8992",4051,NA,NA,NA,0,1,22,8992,1,93,0
"8993",4052,NA,NA,NA,0,1,23,8993,1,93,0
"8994",4053,NA,NA,NA,0,1,24,8994,1,93,0
"8995",4054,NA,NA,NA,0,1,25,8995,1,93,0
"8996",4055,NA,NA,NA,0,1,26,8996,1,93,0
"8997",4056,4,8,52,0,1,1,8997,2,93,0
"8998",4057,3,7,57.3244394551779,0,1,2,8998,2,93,0
"8999",4058,2,7,53.8723266563286,0,1,3,8999,2,93,0
"9000",4059,3,6,74.3459757692926,0,1,4,9000,2,93,0
"9001",4060,3,5,103.038212172735,0,1,5,9001,2,93,0
"9002",4061,3,4,118.202993356357,0,1,6,9002,2,93,0
"9003",4062,3,4,118.202993356357,0,1,7,9003,2,93,0
"9004",4063,3,4,118.202993356357,0,1,8,9004,2,93,0
"9005",4064,3,4,118.202993356357,0,1,9,9005,2,93,0
"9006",4065,3,4,118.202993356357,0,1,10,9006,2,93,0
"9007",4066,3,4,118.202993356357,0,1,11,9007,2,93,0
"9008",4067,3,4,118.202993356357,0,1,12,9008,2,93,0
"9009",4068,3,4,118.202993356357,0,1,13,9009,2,93,0
"9010",4069,3,4,118.202993356357,0,1,14,9010,2,93,0
"9011",4070,3,4,118.202993356357,0,1,15,9011,2,93,0
"9012",4071,3,4,118.202993356357,0,1,16,9012,2,93,0
"9013",4072,3,4,118.202993356357,0,1,17,9013,2,93,0
"9014",4073,3,4,118.202993356357,0,1,18,9014,2,93,0
"9015",4074,3,4,118.202993356357,0,1,19,9015,2,93,0
"9016",4075,3,4,118.202993356357,0,1,20,9016,2,93,0
"9017",4076,3,4,118.202993356357,0,1,21,9017,2,93,0
"9018",4077,3,4,118.202993356357,0,1,22,9018,2,93,0
"9019",4078,3,4,118.202993356357,0,1,23,9019,2,93,0
"9020",4079,3,4,118.202993356357,0,1,24,9020,2,93,0
"9021",4080,3,4,118.202993356357,0,1,25,9021,2,93,0
"9022",4081,3,4,118.202993356357,0,1,26,9022,2,93,0
"9023",4082,2,2,55,0,1,1,9023,3,93,0
"9024",4083,3,3,55.5135090999876,0,1,2,9024,3,93,0
"9025",4084,3,2,52.3926659295967,0,1,3,9025,3,93,0
"9026",4085,2,2,55.4728357621481,0,1,4,9026,3,93,0
"9027",4086,2,3,59.331030923842,0,1,5,9027,3,93,0
"9028",4087,2,4,55.5366955298451,0,1,6,9028,3,93,0
"9029",4088,2,4,55.5366955298451,0,1,7,9029,3,93,0
"9030",4089,6,5,50.9442057388647,0,1,8,9030,3,93,0
"9031",4090,7,5,48.6124459936063,0,1,9,9031,3,93,0
"9032",4091,1,3,55.4732604364245,0,1,10,9032,3,93,0
"9033",4092,7,2,40.0810858118786,0,1,11,9033,3,93,1
"9034",4093,NA,NA,NA,0,1,12,9034,3,93,0
"9035",4094,NA,NA,NA,0,1,13,9035,3,93,0
"9036",4095,NA,NA,NA,0,1,14,9036,3,93,0
"9037",4096,NA,NA,NA,0,1,15,9037,3,93,1
"9038",4097,NA,NA,NA,0,1,16,9038,3,93,0
"9039",4098,NA,NA,NA,0,1,17,9039,3,93,0
"9040",4099,NA,NA,NA,0,1,18,9040,3,93,1
"9041",4100,NA,NA,NA,0,1,19,9041,3,93,0
"9042",4101,NA,NA,NA,0,1,20,9042,3,93,0
"9043",4102,NA,NA,NA,0,1,21,9043,3,93,0
"9044",4103,NA,NA,NA,0,1,22,9044,3,93,0
"9045",4104,NA,NA,NA,0,1,23,9045,3,93,0
"9046",4105,NA,NA,NA,0,1,24,9046,3,93,0
"9047",4106,NA,NA,NA,0,1,25,9047,3,93,0
"9048",4107,NA,NA,NA,0,1,26,9048,3,93,0
"9049",4108,8,3,50,0,1,1,9049,4,93,0
"9050",4109,3,9,40.0000521002674,0,1,2,9050,4,93,1
"9051",4110,NA,NA,NA,0,1,3,9051,4,93,0
"9052",4111,NA,NA,NA,0,1,4,9052,4,93,0
"9053",4112,NA,NA,NA,0,1,5,9053,4,93,0
"9054",4113,NA,NA,NA,0,1,6,9054,4,93,0
"9055",4114,NA,NA,NA,0,1,7,9055,4,93,0
"9056",4115,NA,NA,NA,0,1,8,9056,4,93,0
"9057",4116,NA,NA,NA,0,1,9,9057,4,93,0
"9058",4117,NA,NA,NA,0,1,10,9058,4,93,0
"9059",4118,NA,NA,NA,0,1,11,9059,4,93,0
"9060",4119,NA,NA,NA,0,1,12,9060,4,93,0
"9061",4120,NA,NA,NA,0,1,13,9061,4,93,0
"9062",4121,NA,NA,NA,0,1,14,9062,4,93,0
"9063",4122,NA,NA,NA,0,1,15,9063,4,93,0
"9064",4123,NA,NA,NA,0,1,16,9064,4,93,0
"9065",4124,NA,NA,NA,0,1,17,9065,4,93,0
"9066",4125,NA,NA,NA,0,1,18,9066,4,93,0
"9067",4126,NA,NA,NA,0,1,19,9067,4,93,0
"9068",4127,NA,NA,NA,0,1,20,9068,4,93,0
"9069",4128,NA,NA,NA,0,1,21,9069,4,93,0
"9070",4129,NA,NA,NA,0,1,22,9070,4,93,0
"9071",4130,NA,NA,NA,0,1,23,9071,4,93,0
"9072",4131,NA,NA,NA,0,1,24,9072,4,93,0
"9073",4132,NA,NA,NA,0,1,25,9073,4,93,0
"9074",4133,NA,NA,NA,0,1,26,9074,4,93,0
"9075",4134,2,4,53,0,1,1,9075,5,93,0
"9076",4135,2,4,53.1933493017401,0,1,2,9076,5,93,0
"9077",4136,2,2,52.9553230714029,0,1,3,9077,5,93,0
"9078",4137,1,3,60.2142811540137,0,1,4,9078,5,93,0
"9079",4138,1,2,56.1783913226422,0,1,5,9079,5,93,0
"9080",4139,0,3,56.1813062846648,0,1,6,9080,5,93,0
"9081",4140,1,4,56.3005980640761,0,1,7,9081,5,93,0
"9082",4141,1,1,48.3059798237019,0,1,8,9082,5,93,0
"9083",4142,2,3,56.1985532217812,0,1,9,9083,5,93,0
"9084",4143,0,4,52.9945930886882,0,1,10,9084,5,93,0
"9085",4144,0,2,52.9543634863453,0,1,11,9085,5,93,0
"9086",4145,0,4,52.9945930886882,0,1,12,9086,5,93,0
"9087",4146,3,3,48.3318782440943,0,1,13,9087,5,93,0
"9088",4147,2,3,56.1985532217812,0,1,14,9088,5,93,0
"9089",4148,9,10,40.0207547697752,0,1,15,9089,5,93,1
"9090",4149,NA,NA,NA,0,1,16,9090,5,93,1
"9091",4150,NA,NA,NA,0,1,17,9091,5,93,0
"9092",4151,NA,NA,NA,0,1,18,9092,5,93,0
"9093",4152,NA,NA,NA,0,1,19,9093,5,93,1
"9094",4153,NA,NA,NA,0,1,20,9094,5,93,0
"9095",4154,NA,NA,NA,0,1,21,9095,5,93,0
"9096",4155,NA,NA,NA,0,1,22,9096,5,93,0
"9097",4156,NA,NA,NA,0,1,23,9097,5,93,0
"9098",4157,NA,NA,NA,0,1,24,9098,5,93,0
"9099",4158,NA,NA,NA,0,1,25,9099,5,93,0
"9100",4159,NA,NA,NA,0,1,26,9100,5,93,0
"9101",4160,4,2,53,0,1,1,9101,1,100,0
"9102",4161,4,1,56.117055112528,0,1,2,9102,1,100,0
"9103",4162,4,0,52.8127012876477,0,1,3,9103,1,100,0
"9104",4163,5,1,60.2186332264043,0,1,4,9104,1,100,0
"9105",4164,5,1,60.2186332264043,0,1,5,9105,1,100,0
"9106",4165,5,1,60.2186332264043,0,1,6,9106,1,100,0
"9107",4166,5,1,60.2186332264043,0,1,7,9107,1,100,0
"9108",4167,6,1,56.3032952320711,0,1,8,9108,1,100,0
"9109",4168,5,1,60.2186332264043,0,1,9,9109,1,100,0
"9110",4169,5,2,57.8582361610825,0,1,10,9110,1,100,0
"9111",4170,5,1,60.2186332264043,0,1,11,9111,1,100,0
"9112",4171,5,1,60.2186332264043,0,1,12,9112,1,100,0
"9113",4172,6,4,75.7952725883708,0,1,13,9113,1,100,0
"9114",4173,6,4,75.7952725883708,0,1,14,9114,1,100,0
"9115",4174,6,4,75.7952725883708,0,1,15,9115,1,100,0
"9116",4175,6,4,75.7952725883708,0,1,16,9116,1,100,0
"9117",4176,6,4,75.7952725883708,0,1,17,9117,1,100,0
"9118",4177,6,4,75.7952725883708,0,1,18,9118,1,100,0
"9119",4178,6,4,75.7952725883708,0,1,19,9119,1,100,0
"9120",4179,6,4,75.7952725883708,0,1,20,9120,1,100,0
"9121",4180,6,4,75.7952725883708,0,1,21,9121,1,100,0
"9122",4181,6,4,75.7952725883708,0,1,22,9122,1,100,0
"9123",4182,6,4,75.7952725883708,0,1,23,9123,1,100,0
"9124",4183,6,4,75.7952725883708,0,1,24,9124,1,100,0
"9125",4184,6,4,75.7952725883708,0,1,25,9125,1,100,0
"9126",4185,7,4,68.0409644870392,0,1,26,9126,1,100,0
"9127",4186,5,7,54,0,1,1,9127,2,100,0
"9128",4187,6,7,58.2755679521502,0,1,2,9128,2,100,0
"9129",4188,6,7,58.2755679521502,0,1,3,9129,2,100,0
"9130",4189,7,7,54.6028741639911,0,1,4,9130,2,100,0
"9131",4190,6,8,54.6082809878472,0,1,5,9131,2,100,0
"9132",4191,6,7,58.2755679521502,0,1,6,9132,2,100,0
"9133",4192,6,7,58.2755679521502,0,1,7,9133,2,100,0
"9134",4193,6,7,58.2755679521502,0,1,8,9134,2,100,0
"9135",4194,6,7,58.2755679521502,0,1,9,9135,2,100,0
"9136",4195,6,7,58.2755679521502,0,1,10,9136,2,100,0
"9137",4196,6,7,58.2755679521502,0,1,11,9137,2,100,0
"9138",4197,6,7,58.2755679521502,0,1,12,9138,2,100,0
"9139",4198,6,6,54.7312377591548,0,1,13,9139,2,100,0
"9140",4199,5,7,54.9205158641271,0,1,14,9140,2,100,0
"9141",4200,6,7,58.2755679521502,0,1,15,9141,2,100,0
"9142",4201,6,7,58.2755679521502,0,1,16,9142,2,100,0
"9143",4202,6,7,58.2755679521502,0,1,17,9143,2,100,0
"9144",4203,6,7,58.2755679521502,0,1,18,9144,2,100,0
"9145",4204,6,7,58.2755679521502,0,1,19,9145,2,100,0
"9146",4205,7,7,54.6028741639911,0,1,20,9146,2,100,0
"9147",4206,6,7,58.2755679521502,0,1,21,9147,2,100,0
"9148",4207,6,7,58.2755679521502,0,1,22,9148,2,100,0
"9149",4208,6,7,58.2755679521502,0,1,23,9149,2,100,0
"9150",4209,6,7,58.2755679521502,0,1,24,9150,2,100,0
"9151",4210,6,7,58.2755679521502,0,1,25,9151,2,100,0
"9152",4211,6,7,58.2755679521502,0,1,26,9152,2,100,0
"9153",4212,1,9,50,0,1,1,9153,3,100,0
"9154",4213,1,9,50.9097777273725,0,1,2,9154,3,100,0
"9155",4214,2,9,53.6251006466423,0,1,3,9155,3,100,0
"9156",4215,2,9,53.6251006466423,0,1,4,9156,3,100,0
"9157",4216,2,8,57.0360632751569,0,1,5,9157,3,100,0
"9158",4217,2,8,57.0360632751569,0,1,6,9158,3,100,0
"9159",4218,2,8,57.0360632751569,0,1,7,9159,3,100,0
"9160",4219,3,9,50.9106735415885,0,1,8,9160,3,100,0
"9161",4220,2,8,57.0360632751569,0,1,9,9161,3,100,0
"9162",4221,1,8,53.6351227772656,0,1,10,9162,3,100,0
"9163",4222,2,8,57.0360632751569,0,1,11,9163,3,100,0
"9164",4223,2,7,53.8761799886141,0,1,12,9164,3,100,0
"9165",4224,3,8,53.6512235401195,0,1,13,9165,3,100,0
"9166",4225,2,8,57.0360632751569,0,1,14,9166,3,100,0
"9167",4226,2,8,57.0360632751569,0,1,15,9167,3,100,0
"9168",4227,2,8,57.0360632751569,0,1,16,9168,3,100,0
"9169",4228,2,8,57.0360632751569,0,1,17,9169,3,100,0
"9170",4229,2,8,57.0360632751569,0,1,18,9170,3,100,0
"9171",4230,2,8,57.0360632751569,0,1,19,9171,3,100,0
"9172",4231,2,8,57.0360632751569,0,1,20,9172,3,100,0
"9173",4232,2,8,57.0360632751569,0,1,21,9173,3,100,0
"9174",4233,2,8,57.0360632751569,0,1,22,9174,3,100,0
"9175",4234,2,8,57.0360632751569,0,1,23,9175,3,100,0
"9176",4235,2,8,57.0360632751569,0,1,24,9176,3,100,0
"9177",4236,2,8,57.0360632751569,0,1,25,9177,3,100,0
"9178",4237,2,8,57.0360632751569,0,1,26,9178,3,100,0
"9179",4238,0,8,51,0,1,1,9179,4,100,0
"9180",4239,0,8,51.5799301485307,0,1,2,9180,4,100,0
"9181",4240,1,8,54.5767085564804,0,1,3,9181,4,100,0
"9182",4241,1,9,58.08536171196,0,1,4,9182,4,100,0
"9183",4242,1,9,58.08536171196,0,1,5,9183,4,100,0
"9184",4243,1,9,58.08536171196,0,1,6,9184,4,100,0
"9185",4244,2,9,54.7616607069308,0,1,7,9185,4,100,0
"9186",4245,1,9,58.08536171196,0,1,8,9186,4,100,0
"9187",4246,1,10,54.4565619644111,0,1,9,9187,4,100,0
"9188",4247,1,9,58.08536171196,0,1,10,9188,4,100,0
"9189",4248,0,9,54.4512787136123,0,1,11,9189,4,100,0
"9190",4249,1,9,58.08536171196,0,1,12,9190,4,100,0
"9191",4250,1,9,58.08536171196,0,1,13,9191,4,100,0
"9192",4251,1,9,58.08536171196,0,1,14,9192,4,100,0
"9193",4252,1,9,58.08536171196,0,1,15,9193,4,100,0
"9194",4253,1,9,58.08536171196,0,1,16,9194,4,100,0
"9195",4254,1,9,58.08536171196,0,1,17,9195,4,100,0
"9196",4255,1,9,58.08536171196,0,1,18,9196,4,100,0
"9197",4256,1,9,58.08536171196,0,1,19,9197,4,100,0
"9198",4257,1,9,58.08536171196,0,1,20,9198,4,100,0
"9199",4258,1,9,58.08536171196,0,1,21,9199,4,100,0
"9200",4259,1,9,58.08536171196,0,1,22,9200,4,100,0
"9201",4260,1,9,58.08536171196,0,1,23,9201,4,100,0
"9202",4261,1,9,58.08536171196,0,1,24,9202,4,100,0
"9203",4262,2,8,52.5227873928033,0,1,25,9203,4,100,0
"9204",4263,1,9,58.08536171196,0,1,26,9204,4,100,0
"9205",4264,0,9,53,0,1,1,9205,5,100,0
"9206",4265,0,9,53.2520542315606,0,1,2,9206,5,100,0
"9207",4266,1,9,56.5501782222322,0,1,3,9207,5,100,0
"9208",4267,1,9,56.5501782222322,0,1,4,9208,5,100,0
"9209",4268,1,9,56.5501782222322,0,1,5,9209,5,100,0
"9210",4269,1,8,60.6790454398354,0,1,6,9210,5,100,0
"9211",4270,1,8,60.6790454398354,0,1,7,9211,5,100,0
"9212",4271,1,9,56.5501782222322,0,1,8,9212,5,100,0
"9213",4272,1,8,60.6790454398354,0,1,9,9213,5,100,0
"9214",4273,1,8,60.6790454398354,0,1,10,9214,5,100,0
"9215",4274,2,8,56.5712727053194,0,1,11,9215,5,100,0
"9216",4275,1,8,60.6790454398354,0,1,12,9216,5,100,0
"9217",4276,1,8,60.6790454398354,0,1,13,9217,5,100,0
"9218",4277,2,8,56.5712727053194,0,1,14,9218,5,100,0
"9219",4278,0,8,56.5532280151442,0,1,15,9219,5,100,0
"9220",4279,1,8,60.6790454398354,0,1,16,9220,5,100,0
"9221",4280,1,8,60.6790454398354,0,1,17,9221,5,100,0
"9222",4281,1,8,60.6790454398354,0,1,18,9222,5,100,0
"9223",4282,1,8,60.6790454398354,0,1,19,9223,5,100,0
"9224",4283,1,7,56.6780376080248,0,1,20,9224,5,100,0
"9225",4284,1,8,60.6790454398354,0,1,21,9225,5,100,0
"9226",4285,2,9,53.2530582020015,0,1,22,9226,5,100,0
"9227",4286,1,8,60.6790454398354,0,1,23,9227,5,100,0
"9228",4287,1,8,60.6790454398354,0,1,24,9228,5,100,0
"9229",4288,1,8,60.6790454398354,0,1,25,9229,5,100,0
"9230",4289,1,8,60.6790454398354,0,1,26,9230,5,100,0
"9231",4290,5,2,55,0,1,1,9231,1,103,0
"9232",4291,5,2,55.8096787064886,0,1,2,9232,1,103,0
"9233",4292,4,2,48.1333461208774,0,1,3,9233,1,103,0
"9234",4293,6,2,59.7333927165308,0,1,4,9234,1,103,0
"9235",4294,6,2,59.7333927165308,0,1,5,9235,1,103,0
"9236",4295,6,2,59.7333927165308,0,1,6,9236,1,103,0
"9237",4296,6,2,59.7333927165308,0,1,7,9237,1,103,0
"9238",4297,6,2,59.7333927165308,0,1,8,9238,1,103,0
"9239",4298,6,2,59.7333927165308,0,1,9,9239,1,103,0
"9240",4299,6,2,59.7333927165308,0,1,10,9240,1,103,0
"9241",4300,7,2,55.7990479728925,0,1,11,9241,1,103,0
"9242",4301,6,2,59.7333927165308,0,1,12,9242,1,103,0
"9243",4302,6,2,59.7333927165308,0,1,13,9243,1,103,0
"9244",4303,6,2,59.7333927165308,0,1,14,9244,1,103,0
"9245",4304,6,2,59.7333927165308,0,1,15,9245,1,103,0
"9246",4305,6,2,59.7333927165308,0,1,16,9246,1,103,0
"9247",4306,6,2,59.7333927165308,0,1,17,9247,1,103,0
"9248",4307,6,2,59.7333927165308,0,1,18,9248,1,103,0
"9249",4308,6,2,59.7333927165308,0,1,19,9249,1,103,0
"9250",4309,6,2,59.7333927165308,0,1,20,9250,1,103,0
"9251",4310,6,2,59.7333927165308,0,1,21,9251,1,103,0
"9252",4311,3,1,41.3724290560377,0,1,22,9252,1,103,1
"9253",4312,NA,NA,NA,0,1,23,9253,1,103,0
"9254",4313,NA,NA,NA,0,1,24,9254,1,103,0
"9255",4314,NA,NA,NA,0,1,25,9255,1,103,0
"9256",4315,NA,NA,NA,0,1,26,9256,1,103,0
"9257",4316,2,3,54,0,1,1,9257,2,103,0
"9258",4317,1,3,47.2603486583423,0,1,2,9258,2,103,0
"9259",4318,2,4,47.2635144766437,0,1,3,9259,2,103,0
"9260",4319,3,3,57.792058185847,0,1,4,9260,2,103,0
"9261",4320,3,2,62.312800325404,0,1,5,9261,2,103,0
"9262",4321,3,2,62.312800325404,0,1,6,9262,2,103,0
"9263",4322,3,2,62.312800325404,0,1,7,9263,2,103,0
"9264",4323,3,2,62.312800325404,0,1,8,9264,2,103,0
"9265",4324,3,2,62.312800325404,0,1,9,9265,2,103,0
"9266",4325,3,1,57.9830972175724,0,1,10,9266,2,103,0
"9267",4326,3,2,62.312800325404,0,1,11,9267,2,103,0
"9268",4327,3,2,62.312800325404,0,1,12,9268,2,103,0
"9269",4328,4,2,59.5781048356791,0,1,13,9269,2,103,0
"9270",4329,3,2,62.312800325404,0,1,14,9270,2,103,0
"9271",4330,3,2,62.312800325404,0,1,15,9271,2,103,0
"9272",4331,3,2,62.312800325404,0,1,16,9272,2,103,0
"9273",4332,3,2,62.312800325404,0,1,17,9273,2,103,0
"9274",4333,3,2,62.312800325404,0,1,18,9274,2,103,0
"9275",4334,3,2,62.312800325404,0,1,19,9275,2,103,0
"9276",4335,3,2,62.312800325404,0,1,20,9276,2,103,0
"9277",4336,3,2,62.312800325404,0,1,21,9277,2,103,0
"9278",4337,4,2,59.5781048356791,0,1,22,9278,2,103,0
"9279",4338,3,2,62.312800325404,0,1,23,9279,2,103,0
"9280",4339,3,2,62.312800325404,0,1,24,9280,2,103,0
"9281",4340,4,2,59.5781048356791,0,1,25,9281,2,103,0
"9282",4341,3,2,62.312800325404,0,1,26,9282,2,103,0
"9283",4342,6,7,51,0,1,1,9283,3,103,0
"9284",4343,6,7,51.6762265863936,0,1,2,9284,3,103,0
"9285",4344,6,8,47.319110991974,0,1,3,9285,3,103,0
"9286",4345,5,7,49.8951644463778,0,1,4,9286,3,103,0
"9287",4346,6,7,51.6762265863936,0,1,5,9287,3,103,0
"9288",4347,7,6,56.8116179642695,0,1,6,9288,3,103,0
"9289",4348,7,7,53.5537107695798,0,1,7,9289,3,103,0
"9290",4349,7,6,56.8116179642695,0,1,8,9290,3,103,0
"9291",4350,8,6,53.4323222135967,0,1,9,9291,3,103,0
"9292",4351,10,4,40.9330762872948,0,1,10,9292,3,103,1
"9293",4352,NA,NA,NA,0,1,11,9293,3,103,0
"9294",4353,NA,NA,NA,0,1,12,9294,3,103,0
"9295",4354,NA,NA,NA,0,1,13,9295,3,103,0
"9296",4355,NA,NA,NA,0,1,14,9296,3,103,0
"9297",4356,NA,NA,NA,0,1,15,9297,3,103,0
"9298",4357,NA,NA,NA,0,1,16,9298,3,103,0
"9299",4358,NA,NA,NA,0,1,17,9299,3,103,0
"9300",4359,NA,NA,NA,0,1,18,9300,3,103,0
"9301",4360,NA,NA,NA,0,1,19,9301,3,103,0
"9302",4361,NA,NA,NA,0,1,20,9302,3,103,0
"9303",4362,NA,NA,NA,0,1,21,9303,3,103,0
"9304",4363,NA,NA,NA,0,1,22,9304,3,103,0
"9305",4364,NA,NA,NA,0,1,23,9305,3,103,0
"9306",4365,NA,NA,NA,0,1,24,9306,3,103,0
"9307",4366,NA,NA,NA,0,1,25,9307,3,103,0
"9308",4367,NA,NA,NA,0,1,26,9308,3,103,0
"9309",4368,9,6,55,0,1,1,9309,4,103,0
"9310",4369,10,5,55.3075691434935,0,1,2,9310,4,103,0
"9311",4370,9,6,55.5444054910443,0,1,3,9311,4,103,0
"9312",4371,10,6,52.2700098991509,0,1,4,9312,4,103,0
"9313",4372,9,6,55.5444054910443,0,1,5,9313,4,103,0
"9314",4373,10,5,55.3075691434935,0,1,6,9314,4,103,0
"9315",4374,9,5,59.2303145831263,0,1,7,9315,4,103,0
"9316",4375,9,5,59.2303145831263,0,1,8,9316,4,103,0
"9317",4376,9,5,59.2303145831263,0,1,9,9317,4,103,0
"9318",4377,9,5,59.2303145831263,0,1,10,9318,4,103,0
"9319",4378,9,5,59.2303145831263,0,1,11,9319,4,103,0
"9320",4379,8,5,56.2368991726728,0,1,12,9320,4,103,0
"9321",4380,9,5,59.2303145831263,0,1,13,9321,4,103,0
"9322",4381,9,5,59.2303145831263,0,1,14,9322,4,103,0
"9323",4382,9,5,59.2303145831263,0,1,15,9323,4,103,0
"9324",4383,9,5,59.2303145831263,0,1,16,9324,4,103,0
"9325",4384,9,5,59.2303145831263,0,1,17,9325,4,103,0
"9326",4385,9,4,55.3384207246753,0,1,18,9326,4,103,0
"9327",4386,9,5,59.2303145831263,0,1,19,9327,4,103,0
"9328",4387,9,5,59.2303145831263,0,1,20,9328,4,103,0
"9329",4388,9,5,59.2303145831263,0,1,21,9329,4,103,0
"9330",4389,9,5,59.2303145831263,0,1,22,9330,4,103,0
"9331",4390,9,5,59.2303145831263,0,1,23,9331,4,103,0
"9332",4391,9,5,59.2303145831263,0,1,24,9332,4,103,0
"9333",4392,9,5,59.2303145831263,0,1,25,9333,4,103,0
"9334",4393,9,5,59.2303145831263,0,1,26,9334,4,103,0
"9335",4394,3,2,52,0,1,1,9335,5,103,0
"9336",4395,3,2,52.5298978041246,0,1,2,9336,5,103,0
"9337",4396,4,2,48.5130145702241,0,1,3,9337,5,103,0
"9338",4397,3,2,52.5298978041246,0,1,4,9338,5,103,0
"9339",4398,3,2,52.5298978041246,0,1,5,9339,5,103,0
"9340",4399,3,2,52.5298978041246,0,1,6,9340,5,103,0
"9341",4400,2,3,47.8609806182409,0,1,7,9341,5,103,0
"9342",4401,3,2,52.5298978041246,0,1,8,9342,5,103,0
"9343",4402,3,2,52.5298978041246,0,1,9,9343,5,103,0
"9344",4403,3,2,52.5298978041246,0,1,10,9344,5,103,0
"9345",4404,3,3,46.5199813328165,0,1,11,9345,5,103,0
"9346",4405,3,1,55.512390437257,0,1,12,9346,5,103,0
"9347",4406,3,1,55.512390437257,0,1,13,9347,5,103,0
"9348",4407,3,1,55.512390437257,0,1,14,9348,5,103,0
"9349",4408,3,1,55.512390437257,0,1,15,9349,5,103,0
"9350",4409,3,1,55.512390437257,0,1,16,9350,5,103,0
"9351",4410,2,1,59.0911405579218,0,1,17,9351,5,103,0
"9352",4411,2,0,55.2809509950638,0,1,18,9352,5,103,0
"9353",4412,1,1,55.2713287302576,0,1,19,9353,5,103,0
"9354",4413,2,1,59.0911405579218,0,1,20,9354,5,103,0
"9355",4414,2,1,59.0911405579218,0,1,21,9355,5,103,0
"9356",4415,2,1,59.0911405579218,0,1,22,9356,5,103,0
"9357",4416,2,1,59.0911405579218,0,1,23,9357,5,103,0
"9358",4417,2,1,59.0911405579218,0,1,24,9358,5,103,0
"9359",4418,2,1,59.0911405579218,0,1,25,9359,5,103,0
"9360",4419,2,1,59.0911405579218,0,1,26,9360,5,103,0
"9361",4420,6,10,52,0,1,1,9361,1,104,0
"9362",4421,5,10,55.0145510666704,0,1,2,9362,1,104,0
"9363",4422,4,10,52.0205755788556,0,1,3,9363,1,104,0
"9364",4423,5,9,58.7881445554827,0,1,4,9364,1,104,0
"9365",4424,6,9,55.1377992203185,0,1,5,9365,1,104,0
"9366",4425,4,9,55.0197424221829,0,1,6,9366,1,104,0
"9367",4426,4,0,40.0651386522805,0,1,7,9367,1,104,1
"9368",4427,NA,NA,NA,0,1,8,9368,1,104,0
"9369",4428,NA,NA,NA,0,1,9,9369,1,104,0
"9370",4429,NA,NA,NA,0,1,10,9370,1,104,0
"9371",4430,NA,NA,NA,0,1,11,9371,1,104,0
"9372",4431,NA,NA,NA,0,1,12,9372,1,104,0
"9373",4432,NA,NA,NA,0,1,13,9373,1,104,0
"9374",4433,NA,NA,NA,0,1,14,9374,1,104,0
"9375",4434,NA,NA,NA,0,1,15,9375,1,104,0
"9376",4435,NA,NA,NA,0,1,16,9376,1,104,1
"9377",4436,NA,NA,NA,0,1,17,9377,1,104,0
"9378",4437,NA,NA,NA,0,1,18,9378,1,104,1
"9379",4438,NA,NA,NA,0,1,19,9379,1,104,0
"9380",4439,NA,NA,NA,0,1,20,9380,1,104,0
"9381",4440,NA,NA,NA,0,1,21,9381,1,104,1
"9382",4441,NA,NA,NA,0,1,22,9382,1,104,0
"9383",4442,NA,NA,NA,0,1,23,9383,1,104,0
"9384",4443,NA,NA,NA,0,1,24,9384,1,104,0
"9385",4444,NA,NA,NA,0,1,25,9385,1,104,0
"9386",4445,NA,NA,NA,0,1,26,9386,1,104,0
"9387",4446,10,2,53,0,1,1,9387,2,104,0
"9388",4447,10,1,50.6599081443641,0,1,2,9388,2,104,0
"9389",4448,10,2,53.3119610904503,0,1,3,9389,2,104,0
"9390",4449,9,1,53.3369907867474,0,1,4,9390,2,104,0
"9391",4450,9,3,53.3215638125213,0,1,5,9391,2,104,0
"9392",4451,9,2,56.6441467729446,0,1,6,9392,2,104,0
"9393",4452,3,4,50.5708364299434,0,1,7,9393,2,104,0
"9394",4453,2,4,48.4627559333641,0,1,8,9394,2,104,0
"9395",4454,10,3,50.6590498183987,0,1,9,9395,2,104,0
"9396",4455,8,3,50.7825636594672,0,1,10,9396,2,104,0
"9397",4456,8,2,53.5525332032407,0,1,11,9397,2,104,0
"9398",4457,8,1,50.9603463553358,0,1,12,9398,2,104,0
"9399",4458,4,4,48.4890480382196,0,1,13,9399,2,104,0
"9400",4459,8,5,41.8100438773869,0,1,14,9400,2,104,1
"9401",4460,NA,NA,NA,0,1,15,9401,2,104,0
"9402",4461,NA,NA,NA,0,1,16,9402,2,104,0
"9403",4462,NA,NA,NA,0,1,17,9403,2,104,0
"9404",4463,NA,NA,NA,0,1,18,9404,2,104,0
"9405",4464,NA,NA,NA,0,1,19,9405,2,104,0
"9406",4465,NA,NA,NA,0,1,20,9406,2,104,0
"9407",4466,NA,NA,NA,0,1,21,9407,2,104,0
"9408",4467,NA,NA,NA,0,1,22,9408,2,104,0
"9409",4468,NA,NA,NA,0,1,23,9409,2,104,0
"9410",4469,NA,NA,NA,0,1,24,9410,2,104,0
"9411",4470,NA,NA,NA,0,1,25,9411,2,104,0
"9412",4471,NA,NA,NA,0,1,26,9412,2,104,0
"9413",4472,6,2,50,0,1,1,9413,3,104,0
"9414",4473,6,3,53.4396697280577,0,1,2,9414,3,104,0
"9415",4474,7,4,55.609292989113,0,1,3,9415,3,104,0
"9416",4475,8,4,46.0417571555784,0,1,4,9416,3,104,0
"9417",4476,10,1,41.9168042704248,0,1,5,9417,3,104,1
"9418",4477,NA,NA,NA,0,1,6,9418,3,104,0
"9419",4478,NA,NA,NA,0,1,7,9419,3,104,0
"9420",4479,NA,NA,NA,0,1,8,9420,3,104,0
"9421",4480,NA,NA,NA,0,1,9,9421,3,104,0
"9422",4481,NA,NA,NA,0,1,10,9422,3,104,0
"9423",4482,NA,NA,NA,0,1,11,9423,3,104,0
"9424",4483,NA,NA,NA,0,1,12,9424,3,104,0
"9425",4484,NA,NA,NA,0,1,13,9425,3,104,0
"9426",4485,NA,NA,NA,0,1,14,9426,3,104,0
"9427",4486,NA,NA,NA,0,1,15,9427,3,104,0
"9428",4487,NA,NA,NA,0,1,16,9428,3,104,0
"9429",4488,NA,NA,NA,0,1,17,9429,3,104,0
"9430",4489,NA,NA,NA,0,1,18,9430,3,104,0
"9431",4490,NA,NA,NA,0,1,19,9431,3,104,0
"9432",4491,NA,NA,NA,0,1,20,9432,3,104,0
"9433",4492,NA,NA,NA,0,1,21,9433,3,104,0
"9434",4493,NA,NA,NA,0,1,22,9434,3,104,0
"9435",4494,NA,NA,NA,0,1,23,9435,3,104,0
"9436",4495,NA,NA,NA,0,1,24,9436,3,104,0
"9437",4496,NA,NA,NA,0,1,25,9437,3,104,0
"9438",4497,NA,NA,NA,0,1,26,9438,3,104,0
"9439",4498,5,6,52,0,1,1,9439,4,104,0
"9440",4499,6,6,54.7312377591548,0,1,2,9440,4,104,0
"9441",4500,6,7,58.2755679521502,0,1,3,9441,4,104,0
"9442",4501,5,6,52.6664215640624,0,1,4,9442,4,104,0
"9443",4502,6,8,54.6082809878472,0,1,5,9443,4,104,0
"9444",4503,5,7,54.9205158641271,0,1,6,9444,4,104,0
"9445",4504,7,9,46.0019770869081,0,1,7,9445,4,104,0
"9446",4505,7,7,54.6028741639911,0,1,8,9446,4,104,0
"9447",4506,7,6,51.7015112776947,0,1,9,9447,4,104,0
"9448",4507,8,7,47.4956376527631,0,1,10,9448,4,104,0
"9449",4508,7,6,51.7015112776947,0,1,11,9449,4,104,0
"9450",4509,7,8,51.6908417863102,0,1,12,9450,4,104,0
"9451",4510,1,10,40.0374296179377,0,1,13,9451,4,104,1
"9452",4511,NA,NA,NA,0,1,14,9452,4,104,0
"9453",4512,NA,NA,NA,0,1,15,9453,4,104,1
"9454",4513,NA,NA,NA,0,1,16,9454,4,104,0
"9455",4514,NA,NA,NA,0,1,17,9455,4,104,1
"9456",4515,NA,NA,NA,0,1,18,9456,4,104,1
"9457",4516,NA,NA,NA,0,1,19,9457,4,104,0
"9458",4517,NA,NA,NA,0,1,20,9458,4,104,0
"9459",4518,NA,NA,NA,0,1,21,9459,4,104,1
"9460",4519,NA,NA,NA,0,1,22,9460,4,104,1
"9461",4520,NA,NA,NA,0,1,23,9461,4,104,0
"9462",4521,NA,NA,NA,0,1,24,9462,4,104,0
"9463",4522,NA,NA,NA,0,1,25,9463,4,104,0
"9464",4523,NA,NA,NA,0,1,26,9464,4,104,0
"9465",4524,7,3,59,0,1,1,9465,5,104,0
"9466",4525,8,3,50.1307687920377,0,1,2,9466,5,104,0
"9467",4526,7,3,59.738779899663,0,1,3,9467,5,104,0
"9468",4527,7,2,55.7990479728925,0,1,4,9468,5,104,0
"9469",4528,6,3,64.6826693539916,0,1,5,9469,5,104,0
"9470",4529,5,4,56.7710838783843,0,1,6,9470,5,104,0
"9471",4530,6,4,60.0498805575611,0,1,7,9471,5,104,0
"9472",4531,5,3,59.8612900205776,0,1,8,9472,5,104,0
"9473",4532,6,2,59.7333927165308,0,1,9,9473,5,104,0
"9474",4533,4,4,50.0059077014246,0,1,10,9474,5,104,0
"9475",4534,6,3,64.6826693539916,0,1,11,9475,5,104,0
"9476",4535,7,4,55.8658497222592,0,1,12,9476,5,104,0
"9477",4536,5,5,52.7200868860306,0,1,13,9477,5,104,0
"9478",4537,5,3,59.8612900205776,0,1,14,9478,5,104,0
"9479",4538,5,2,55.8096787064886,0,1,15,9479,5,104,0
"9480",4539,7,3,59.738779899663,0,1,16,9480,5,104,0
"9481",4540,5,3,59.8612900205776,0,1,17,9481,5,104,0
"9482",4541,0,0,40.0011260884887,0,1,18,9482,5,104,1
"9483",4542,NA,NA,NA,0,1,19,9483,5,104,0
"9484",4543,NA,NA,NA,0,1,20,9484,5,104,0
"9485",4544,NA,NA,NA,0,1,21,9485,5,104,0
"9486",4545,NA,NA,NA,0,1,22,9486,5,104,0
"9487",4546,NA,NA,NA,0,1,23,9487,5,104,0
"9488",4547,NA,NA,NA,0,1,24,9488,5,104,0
"9489",4548,NA,NA,NA,0,1,25,9489,5,104,1
"9490",4549,NA,NA,NA,0,1,26,9490,5,104,0
"9491",4550,1,10,54,0,1,1,9491,1,105,0
"9492",4551,1,10,54.4565619644111,0,1,2,9492,1,105,0
"9493",4552,1,9,58.08536171196,0,1,3,9493,1,105,0
"9494",4553,0,9,54.4512787136123,0,1,4,9494,1,105,0
"9495",4554,3,8,50.4596556479949,0,1,5,9495,1,105,0
"9496",4555,1,8,54.5767085564804,0,1,6,9496,1,105,0
"9497",4556,0,10,51.5695045085653,0,1,7,9497,1,105,0
"9498",4557,2,8,52.5227873928033,0,1,8,9498,1,105,0
"9499",4558,2,9,54.7616607069308,0,1,9,9499,1,105,0
"9500",4559,3,9,48.9056167911113,0,1,10,9500,1,105,0
"9501",4560,5,8,67.1565935735631,0,1,11,9501,1,105,0
"9502",4561,5,7,92.3018753410922,0,1,12,9502,1,105,0
"9503",4562,5,6,105.122273261949,0,1,13,9503,1,105,0
"9504",4563,5,6,105.122273261949,0,1,14,9504,1,105,0
"9505",4564,5,6,105.122273261949,0,1,15,9505,1,105,0
"9506",4565,5,6,105.122273261949,0,1,16,9506,1,105,0
"9507",4566,5,6,105.122273261949,0,1,17,9507,1,105,0
"9508",4567,5,6,105.122273261949,0,1,18,9508,1,105,0
"9509",4568,5,6,105.122273261949,0,1,19,9509,1,105,0
"9510",4569,5,6,105.122273261949,0,1,20,9510,1,105,0
"9511",4570,5,6,105.122273261949,0,1,21,9511,1,105,0
"9512",4571,5,6,105.122273261949,0,1,22,9512,1,105,0
"9513",4572,5,6,105.122273261949,0,1,23,9513,1,105,0
"9514",4573,5,6,105.122273261949,0,1,24,9514,1,105,0
"9515",4574,5,6,105.122273261949,0,1,25,9515,1,105,0
"9516",4575,5,6,105.122273261949,0,1,26,9516,1,105,0
"9517",4576,5,8,51,0,1,1,9517,2,105,0
"9518",4577,5,9,46.0110506811425,0,1,2,9518,2,105,0
"9519",4578,5,8,51.7578870831274,0,1,3,9519,2,105,0
"9520",4579,4,9,43.1249613913472,0,1,4,9520,2,105,1
"9521",4580,NA,NA,NA,0,1,5,9521,2,105,0
"9522",4581,NA,NA,NA,0,1,6,9522,2,105,0
"9523",4582,NA,NA,NA,0,1,7,9523,2,105,0
"9524",4583,NA,NA,NA,0,1,8,9524,2,105,0
"9525",4584,NA,NA,NA,0,1,9,9525,2,105,0
"9526",4585,NA,NA,NA,0,1,10,9526,2,105,0
"9527",4586,NA,NA,NA,0,1,11,9527,2,105,0
"9528",4587,NA,NA,NA,0,1,12,9528,2,105,0
"9529",4588,NA,NA,NA,0,1,13,9529,2,105,0
"9530",4589,NA,NA,NA,0,1,14,9530,2,105,0
"9531",4590,NA,NA,NA,0,1,15,9531,2,105,0
"9532",4591,NA,NA,NA,0,1,16,9532,2,105,0
"9533",4592,NA,NA,NA,0,1,17,9533,2,105,0
"9534",4593,NA,NA,NA,0,1,18,9534,2,105,0
"9535",4594,NA,NA,NA,0,1,19,9535,2,105,0
"9536",4595,NA,NA,NA,0,1,20,9536,2,105,0
"9537",4596,NA,NA,NA,0,1,21,9537,2,105,0
"9538",4597,NA,NA,NA,0,1,22,9538,2,105,0
"9539",4598,NA,NA,NA,0,1,23,9539,2,105,0
"9540",4599,NA,NA,NA,0,1,24,9540,2,105,0
"9541",4600,NA,NA,NA,0,1,25,9541,2,105,0
"9542",4601,NA,NA,NA,0,1,26,9542,2,105,0
"9543",4602,3,6,57,0,1,1,9543,3,105,0
"9544",4603,3,4,47.2219308655302,0,1,2,9544,3,105,0
"9545",4604,3,6,57.2234148017901,0,1,3,9545,3,105,0
"9546",4605,2,7,56.9943662421435,0,1,4,9546,3,105,0
"9547",4606,2,5,57.009664919666,0,1,5,9547,3,105,0
"9548",4607,2,6,61.230859336854,0,1,6,9548,3,105,0
"9549",4608,1,6,56.9848433800353,0,1,7,9549,3,105,0
"9550",4609,1,5,53.6009180207323,0,1,8,9550,3,105,0
"9551",4610,3,7,53.7225534849795,0,1,9,9551,3,105,0
"9552",4611,3,5,53.8988576709668,0,1,10,9552,3,105,0
"9553",4612,7,4,89.6880807946321,0,1,11,9553,3,105,0
"9554",4613,7,3,65.5045011475304,0,1,12,9554,3,105,0
"9555",4614,7,5,102.076462728324,0,1,13,9555,3,105,0
"9556",4615,7,5,102.076462728324,0,1,14,9556,3,105,0
"9557",4616,6,5,72.3225564266128,0,1,15,9557,3,105,0
"9558",4617,8,5,117.447821275195,0,1,16,9558,3,105,0
"9559",4618,8,5,117.447821275195,0,1,17,9559,3,105,0
"9560",4619,8,5,117.447821275195,0,1,18,9560,3,105,0
"9561",4620,9,5,102.011122146129,0,1,19,9561,3,105,0
"9562",4621,8,5,117.447821275195,0,1,20,9562,3,105,0
"9563",4622,8,5,117.447821275195,0,1,21,9563,3,105,0
"9564",4623,8,5,117.447821275195,0,1,22,9564,3,105,0
"9565",4624,8,4,102.013730293198,0,1,23,9565,3,105,0
"9566",4625,8,5,117.447821275195,0,1,24,9566,3,105,0
"9567",4626,8,5,117.447821275195,0,1,25,9567,3,105,0
"9568",4627,8,5,117.447821275195,0,1,26,9568,3,105,0
"9569",4628,10,7,51,0,1,1,9569,4,105,0
"9570",4629,10,7,51.6353763505366,0,1,2,9570,4,105,0
"9571",4630,10,8,54.5308265957766,0,1,3,9571,4,105,0
"9572",4631,9,7,54.7492631769039,0,1,4,9572,4,105,0
"9573",4632,9,8,58.4196006370846,0,1,5,9573,4,105,0
"9574",4633,8,8,56.7649553952625,0,1,6,9574,4,105,0
"9575",4634,8,7,53.4243268432186,0,1,7,9575,4,105,0
"9576",4635,8,9,53.4243268432186,0,1,8,9576,4,105,0
"9577",4636,9,9,54.7492631769039,0,1,9,9577,4,105,0
"9578",4637,10,9,51.6353763505366,0,1,10,9578,4,105,0
"9579",4638,8,10,46.8922792127972,0,1,11,9579,4,105,0
"9580",4639,7,8,58.1571961222066,0,1,12,9580,4,105,0
"9581",4640,6,7,68.0153153759228,0,1,13,9581,4,105,0
"9582",4641,5,7,91.1574192123161,0,1,14,9582,4,105,0
"9583",4642,4,7,103.426531986596,0,1,15,9583,4,105,0
"9584",4643,4,7,103.426531986596,0,1,16,9584,4,105,0
"9585",4644,4,7,103.426531986596,0,1,17,9585,4,105,0
"9586",4645,4,7,103.426531986596,0,1,18,9586,4,105,0
"9587",4646,4,7,103.426531986596,0,1,19,9587,4,105,0
"9588",4647,3,7,90.7479628897879,0,1,20,9588,4,105,0
"9589",4648,4,7,103.426531986596,0,1,21,9589,4,105,0
"9590",4649,4,7,103.426531986596,0,1,22,9590,4,105,0
"9591",4650,4,8,119.21015273616,0,1,23,9591,4,105,0
"9592",4651,4,8,119.21015273616,0,1,24,9592,4,105,0
"9593",4652,4,8,119.21015273616,0,1,25,9593,4,105,0
"9594",4653,4,8,119.21015273616,0,1,26,9594,4,105,0
"9595",4654,5,3,55,0,1,1,9595,5,105,0
"9596",4655,5,3,55.5979665201421,0,1,2,9596,5,105,0
"9597",4656,5,2,49.3704311786403,0,1,3,9597,5,105,0
"9598",4657,6,4,53.318857893778,0,1,4,9598,5,105,0
"9599",4658,6,3,55.8325212389158,0,1,5,9599,5,105,0
"9600",4659,5,4,58.1173347023035,0,1,6,9600,5,105,0
"9601",4660,5,5,54.0588113357141,0,1,7,9601,5,105,0
"9602",4661,4,4,61.5669147519555,0,1,8,9602,5,105,0
"9603",4662,3,2,47.08447525392,0,1,9,9603,5,105,0
"9604",4663,4,5,57.2087487737599,0,1,10,9604,5,105,0
"9605",4664,4,3,57.4170507765896,0,1,11,9605,5,105,0
"9606",4665,7,0,53.7689027896627,0,1,12,9606,5,105,0
"9607",4666,7,2,74.4830135060714,0,1,13,9607,5,105,0
"9608",4667,8,2,105.092284466109,0,1,14,9608,5,105,0
"9609",4668,9,2,121.010084917168,0,1,15,9609,5,105,0
"9610",4669,9,2,121.010084917168,0,1,16,9610,5,105,0
"9611",4670,9,2,121.010084917168,0,1,17,9611,5,105,0
"9612",4671,9,2,121.010084917168,0,1,18,9612,5,105,0
"9613",4672,9,2,121.010084917168,0,1,19,9613,5,105,0
"9614",4673,9,2,121.010084917168,0,1,20,9614,5,105,0
"9615",4674,9,2,121.010084917168,0,1,21,9615,5,105,0
"9616",4675,9,2,121.010084917168,0,1,22,9616,5,105,0
"9617",4676,9,2,121.010084917168,0,1,23,9617,5,105,0
"9618",4677,9,2,121.010084917168,0,1,24,9618,5,105,0
"9619",4678,9,2,121.010084917168,0,1,25,9619,5,105,0
"9620",4679,9,2,121.010084917168,0,1,26,9620,5,105,0
"9621",4680,8,7,56,0,1,1,9621,1,107,0
"9622",4681,8,8,48.39948208637,0,1,2,9622,1,107,0
"9623",4682,8,7,56.3637489532147,0,1,3,9623,1,107,0
"9624",4683,7,6,56.5903756676098,0,1,4,9624,1,107,0
"9625",4684,5,4,49.4397899114584,0,1,5,9625,1,107,0
"9626",4685,8,6,60.4432347252706,0,1,6,9626,1,107,0
"9627",4686,9,6,56.3543267811017,0,1,7,9627,1,107,0
"9628",4687,9,5,53.0960343129269,0,1,8,9628,1,107,0
"9629",4688,3,0,40.2372205330687,0,1,9,9629,1,107,1
"9630",4689,NA,NA,NA,0,1,10,9630,1,107,0
"9631",4690,NA,NA,NA,0,1,11,9631,1,107,0
"9632",4691,NA,NA,NA,0,1,12,9632,1,107,0
"9633",4692,NA,NA,NA,0,1,13,9633,1,107,0
"9634",4693,NA,NA,NA,0,1,14,9634,1,107,0
"9635",4694,NA,NA,NA,0,1,15,9635,1,107,0
"9636",4695,NA,NA,NA,0,1,16,9636,1,107,0
"9637",4696,NA,NA,NA,0,1,17,9637,1,107,0
"9638",4697,NA,NA,NA,0,1,18,9638,1,107,0
"9639",4698,NA,NA,NA,0,1,19,9639,1,107,0
"9640",4699,NA,NA,NA,0,1,20,9640,1,107,0
"9641",4700,NA,NA,NA,0,1,21,9641,1,107,0
"9642",4701,NA,NA,NA,0,1,22,9642,1,107,0
"9643",4702,NA,NA,NA,0,1,23,9643,1,107,0
"9644",4703,NA,NA,NA,0,1,24,9644,1,107,0
"9645",4704,NA,NA,NA,0,1,25,9645,1,107,0
"9646",4705,NA,NA,NA,0,1,26,9646,1,107,0
"9647",4706,4,8,54,0,1,1,9647,2,107,0
"9648",4707,3,8,58.5108679550985,0,1,2,9648,2,107,0
"9649",4708,10,10,40.0001828227529,0,1,3,9649,2,107,1
"9650",4709,NA,NA,NA,0,1,4,9650,2,107,0
"9651",4710,NA,NA,NA,0,1,5,9651,2,107,1
"9652",4711,NA,NA,NA,0,1,6,9652,2,107,0
"9653",4712,NA,NA,NA,0,1,7,9653,2,107,0
"9654",4713,NA,NA,NA,0,1,8,9654,2,107,1
"9655",4714,NA,NA,NA,0,1,9,9655,2,107,0
"9656",4715,NA,NA,NA,0,1,10,9656,2,107,0
"9657",4716,NA,NA,NA,0,1,11,9657,2,107,0
"9658",4717,NA,NA,NA,0,1,12,9658,2,107,0
"9659",4718,NA,NA,NA,0,1,13,9659,2,107,0
"9660",4719,NA,NA,NA,0,1,14,9660,2,107,0
"9661",4720,NA,NA,NA,0,1,15,9661,2,107,0
"9662",4721,NA,NA,NA,0,1,16,9662,2,107,0
"9663",4722,NA,NA,NA,0,1,17,9663,2,107,0
"9664",4723,NA,NA,NA,0,1,18,9664,2,107,0
"9665",4724,NA,NA,NA,0,1,19,9665,2,107,0
"9666",4725,NA,NA,NA,0,1,20,9666,2,107,0
"9667",4726,NA,NA,NA,0,1,21,9667,2,107,0
"9668",4727,NA,NA,NA,0,1,22,9668,2,107,0
"9669",4728,NA,NA,NA,0,1,23,9669,2,107,0
"9670",4729,NA,NA,NA,0,1,24,9670,2,107,0
"9671",4730,NA,NA,NA,0,1,25,9671,2,107,0
"9672",4731,NA,NA,NA,0,1,26,9672,2,107,0
"9673",4732,1,0,52,0,1,1,9673,3,107,0
"9674",4733,8,4,72.1706038295335,0,1,2,9674,3,107,0
"9675",4734,8,2,118.255612251936,0,1,3,9675,3,107,0
"9676",4735,8,2,118.255612251936,0,1,4,9676,3,107,0
"9677",4736,8,2,118.255612251936,0,1,5,9677,3,107,0
"9678",4737,8,2,118.255612251936,0,1,6,9678,3,107,0
"9679",4738,8,2,118.255612251936,0,1,7,9679,3,107,0
"9680",4739,8,2,118.255612251936,0,1,8,9680,3,107,0
"9681",4740,8,1,102.664491199625,0,1,9,9681,3,107,0
"9682",4741,8,2,118.255612251936,0,1,10,9682,3,107,0
"9683",4742,8,2,118.255612251936,0,1,11,9683,3,107,0
"9684",4743,8,2,118.255612251936,0,1,12,9684,3,107,0
"9685",4744,8,2,118.255612251936,0,1,13,9685,3,107,0
"9686",4745,8,2,118.255612251936,0,1,14,9686,3,107,0
"9687",4746,8,2,118.255612251936,0,1,15,9687,3,107,0
"9688",4747,8,2,118.255612251936,0,1,16,9688,3,107,0
"9689",4748,9,2,102.658378896099,0,1,17,9689,3,107,0
"9690",4749,8,2,118.255612251936,0,1,18,9690,3,107,0
"9691",4750,9,2,102.658378896099,0,1,19,9691,3,107,0
"9692",4751,8,2,118.255612251936,0,1,20,9692,3,107,0
"9693",4752,8,2,118.255612251936,0,1,21,9693,3,107,0
"9694",4753,8,2,118.255612251936,0,1,22,9694,3,107,0
"9695",4754,8,2,118.255612251936,0,1,23,9695,3,107,0
"9696",4755,8,2,118.255612251936,0,1,24,9696,3,107,0
"9697",4756,8,2,118.255612251936,0,1,25,9697,3,107,0
"9698",4757,8,2,118.255612251936,0,1,26,9698,3,107,0
"9699",4758,2,8,55,0,1,1,9699,4,107,0
"9700",4759,2,8,55.1656531414362,0,1,2,9700,4,107,0
"9701",4760,3,9,54.8754810469809,0,1,3,9701,4,107,0
"9702",4761,1,9,46.1282529311011,0,1,4,9702,4,107,0
"9703",4762,4,8,54.9820145158932,0,1,5,9703,4,107,0
"9704",4763,2,9,51.9210636079902,0,1,6,9704,4,107,0
"9705",4764,3,9,54.8754810469809,0,1,7,9705,4,107,0
"9706",4765,5,8,47.6684049800704,0,1,8,9706,4,107,0
"9707",4766,4,7,52.8412895883584,0,1,9,9707,4,107,0
"9708",4767,4,3,73.2193022823947,0,1,10,9708,4,107,0
"9709",4768,6,3,42.3139071384913,0,1,11,9709,4,107,1
"9710",4769,NA,NA,NA,0,1,12,9710,4,107,0
"9711",4770,NA,NA,NA,0,1,13,9711,4,107,0
"9712",4771,NA,NA,NA,0,1,14,9712,4,107,0
"9713",4772,NA,NA,NA,0,1,15,9713,4,107,0
"9714",4773,NA,NA,NA,0,1,16,9714,4,107,0
"9715",4774,NA,NA,NA,0,1,17,9715,4,107,0
"9716",4775,NA,NA,NA,0,1,18,9716,4,107,0
"9717",4776,NA,NA,NA,0,1,19,9717,4,107,0
"9718",4777,NA,NA,NA,0,1,20,9718,4,107,0
"9719",4778,NA,NA,NA,0,1,21,9719,4,107,0
"9720",4779,NA,NA,NA,0,1,22,9720,4,107,0
"9721",4780,NA,NA,NA,0,1,23,9721,4,107,0
"9722",4781,NA,NA,NA,0,1,24,9722,4,107,0
"9723",4782,NA,NA,NA,0,1,25,9723,4,107,0
"9724",4783,NA,NA,NA,0,1,26,9724,4,107,0
"9725",4784,2,9,54,0,1,1,9725,5,107,0
"9726",4785,3,7,51.8533844240773,0,1,2,9726,5,107,0
"9727",4786,2,10,51.6350174839078,0,1,3,9727,5,107,0
"9728",4787,4,8,55.6860401646596,0,1,4,9728,5,107,0
"9729",4788,1,10,54.4565619644111,0,1,5,9729,5,107,0
"9730",4789,3,9,48.9056167911113,0,1,6,9730,5,107,0
"9731",4790,1,8,54.5767085564804,0,1,7,9731,5,107,0
"9732",4791,4,8,55.6860401646596,0,1,8,9732,5,107,0
"9733",4792,2,8,52.5227873928033,0,1,9,9733,5,107,0
"9734",4793,1,9,58.08536171196,0,1,10,9734,5,107,0
"9735",4794,1,9,58.08536171196,0,1,11,9735,5,107,0
"9736",4795,6,7,105.081197022791,0,1,12,9736,5,107,0
"9737",4796,6,7,105.081197022791,0,1,13,9737,5,107,0
"9738",4797,6,7,105.081197022791,0,1,14,9738,5,107,0
"9739",4798,6,7,105.081197022791,0,1,15,9739,5,107,0
"9740",4799,6,7,105.081197022791,0,1,16,9740,5,107,0
"9741",4800,6,7,105.081197022791,0,1,17,9741,5,107,0
"9742",4801,6,7,105.081197022791,0,1,18,9742,5,107,0
"9743",4802,6,8,73.4549311575297,0,1,19,9743,5,107,0
"9744",4803,6,6,121.250207238753,0,1,20,9744,5,107,0
"9745",4804,6,6,121.250207238753,0,1,21,9745,5,107,0
"9746",4805,6,6,121.250207238753,0,1,22,9746,5,107,0
"9747",4806,6,6,121.250207238753,0,1,23,9747,5,107,0
"9748",4807,6,6,121.250207238753,0,1,24,9748,5,107,0
"9749",4808,6,6,121.250207238753,0,1,25,9749,5,107,0
"9750",4809,6,6,121.250207238753,0,1,26,9750,5,107,0
"9751",4810,1,2,52,0,1,1,9751,1,112,0
"9752",4811,3,8,50.777105807854,0,1,2,9752,1,112,0
"9753",4812,7,5,48.6124459936063,0,1,3,9753,1,112,0
"9754",4813,2,8,42.3368196102696,0,1,4,9754,1,112,1
"9755",4814,NA,NA,NA,0,1,5,9755,1,112,0
"9756",4815,NA,NA,NA,0,1,6,9756,1,112,0
"9757",4816,NA,NA,NA,0,1,7,9757,1,112,0
"9758",4817,NA,NA,NA,0,1,8,9758,1,112,0
"9759",4818,NA,NA,NA,0,1,9,9759,1,112,0
"9760",4819,NA,NA,NA,0,1,10,9760,1,112,0
"9761",4820,NA,NA,NA,0,1,11,9761,1,112,0
"9762",4821,NA,NA,NA,0,1,12,9762,1,112,0
"9763",4822,NA,NA,NA,0,1,13,9763,1,112,1
"9764",4823,NA,NA,NA,0,1,14,9764,1,112,0
"9765",4824,NA,NA,NA,0,1,15,9765,1,112,0
"9766",4825,NA,NA,NA,0,1,16,9766,1,112,0
"9767",4826,NA,NA,NA,0,1,17,9767,1,112,0
"9768",4827,NA,NA,NA,0,1,18,9768,1,112,0
"9769",4828,NA,NA,NA,0,1,19,9769,1,112,0
"9770",4829,NA,NA,NA,0,1,20,9770,1,112,0
"9771",4830,NA,NA,NA,0,1,21,9771,1,112,0
"9772",4831,NA,NA,NA,0,1,22,9772,1,112,0
"9773",4832,NA,NA,NA,0,1,23,9773,1,112,0
"9774",4833,NA,NA,NA,0,1,24,9774,1,112,0
"9775",4834,NA,NA,NA,0,1,25,9775,1,112,0
"9776",4835,NA,NA,NA,0,1,26,9776,1,112,0
"9777",4836,5,10,55,0,1,1,9777,2,112,0
"9778",4837,5,10,55.0145510666704,0,1,2,9778,2,112,0
"9779",4838,10,6,53.5017505098743,0,1,3,9779,2,112,0
"9780",4839,5,10,55.0145510666704,0,1,4,9780,2,112,0
"9781",4840,1,10,40.4287951438204,0,1,5,9781,2,112,1
"9782",4841,NA,NA,NA,0,1,6,9782,2,112,1
"9783",4842,NA,NA,NA,0,1,7,9783,2,112,0
"9784",4843,NA,NA,NA,0,1,8,9784,2,112,0
"9785",4844,NA,NA,NA,0,1,9,9785,2,112,0
"9786",4845,NA,NA,NA,0,1,10,9786,2,112,1
"9787",4846,NA,NA,NA,0,1,11,9787,2,112,0
"9788",4847,NA,NA,NA,0,1,12,9788,2,112,0
"9789",4848,NA,NA,NA,0,1,13,9789,2,112,0
"9790",4849,NA,NA,NA,0,1,14,9790,2,112,0
"9791",4850,NA,NA,NA,0,1,15,9791,2,112,0
"9792",4851,NA,NA,NA,0,1,16,9792,2,112,0
"9793",4852,NA,NA,NA,0,1,17,9793,2,112,0
"9794",4853,NA,NA,NA,0,1,18,9794,2,112,0
"9795",4854,NA,NA,NA,0,1,19,9795,2,112,0
"9796",4855,NA,NA,NA,0,1,20,9796,2,112,0
"9797",4856,NA,NA,NA,0,1,21,9797,2,112,0
"9798",4857,NA,NA,NA,0,1,22,9798,2,112,0
"9799",4858,NA,NA,NA,0,1,23,9799,2,112,0
"9800",4859,NA,NA,NA,0,1,24,9800,2,112,0
"9801",4860,NA,NA,NA,0,1,25,9801,2,112,0
"9802",4861,NA,NA,NA,0,1,26,9802,2,112,0
"9803",4862,7,5,52,0,1,1,9803,3,112,0
"9804",4863,7,5,52.9666499374019,0,1,2,9804,3,112,0
"9805",4864,9,4,42.722826006172,0,1,3,9805,3,112,1
"9806",4865,NA,NA,NA,0,1,4,9806,3,112,1
"9807",4866,NA,NA,NA,0,1,5,9807,3,112,0
"9808",4867,NA,NA,NA,0,1,6,9808,3,112,0
"9809",4868,NA,NA,NA,0,1,7,9809,3,112,0
"9810",4869,NA,NA,NA,0,1,8,9810,3,112,0
"9811",4870,NA,NA,NA,0,1,9,9811,3,112,0
"9812",4871,NA,NA,NA,0,1,10,9812,3,112,0
"9813",4872,NA,NA,NA,0,1,11,9813,3,112,0
"9814",4873,NA,NA,NA,0,1,12,9814,3,112,0
"9815",4874,NA,NA,NA,0,1,13,9815,3,112,0
"9816",4875,NA,NA,NA,0,1,14,9816,3,112,0
"9817",4876,NA,NA,NA,0,1,15,9817,3,112,0
"9818",4877,NA,NA,NA,0,1,16,9818,3,112,0
"9819",4878,NA,NA,NA,0,1,17,9819,3,112,0
"9820",4879,NA,NA,NA,0,1,18,9820,3,112,0
"9821",4880,NA,NA,NA,0,1,19,9821,3,112,0
"9822",4881,NA,NA,NA,0,1,20,9822,3,112,0
"9823",4882,NA,NA,NA,0,1,21,9823,3,112,0
"9824",4883,NA,NA,NA,0,1,22,9824,3,112,0
"9825",4884,NA,NA,NA,0,1,23,9825,3,112,0
"9826",4885,NA,NA,NA,0,1,24,9826,3,112,0
"9827",4886,NA,NA,NA,0,1,25,9827,3,112,0
"9828",4887,NA,NA,NA,0,1,26,9828,3,112,0
"9829",4888,3,9,50,0,1,1,9829,4,112,0
"9830",4889,5,3,66.8388845132839,0,1,2,9830,4,112,0
"9831",4890,5,3,66.8388845132839,0,1,3,9831,4,112,0
"9832",4891,5,4,53.8407478851672,0,1,4,9832,4,112,0
"9833",4892,3,9,50.9106735415885,0,1,5,9833,4,112,0
"9834",4893,0,1,48.8323727464258,0,1,6,9834,4,112,0
"9835",4894,4,3,92.2847118621174,0,1,7,9835,4,112,0
"9836",4895,4,3,92.2847118621174,0,1,8,9836,4,112,0
"9837",4896,4,3,92.2847118621174,0,1,9,9837,4,112,0
"9838",4897,4,3,92.2847118621174,0,1,10,9838,4,112,0
"9839",4898,4,3,92.2847118621174,0,1,11,9839,4,112,0
"9840",4899,4,3,92.2847118621174,0,1,12,9840,4,112,0
"9841",4900,4,3,92.2847118621174,0,1,13,9841,4,112,0
"9842",4901,4,3,92.2847118621174,0,1,14,9842,4,112,0
"9843",4902,4,3,92.2847118621174,0,1,15,9843,4,112,0
"9844",4903,4,3,92.2847118621174,0,1,16,9844,4,112,0
"9845",4904,4,3,92.2847118621174,0,1,17,9845,4,112,0
"9846",4905,4,3,92.2847118621174,0,1,18,9846,4,112,0
"9847",4906,4,3,92.2847118621174,0,1,19,9847,4,112,0
"9848",4907,4,3,92.2847118621174,0,1,20,9848,4,112,0
"9849",4908,4,3,92.2847118621174,0,1,21,9849,4,112,0
"9850",4909,4,3,92.2847118621174,0,1,22,9850,4,112,0
"9851",4910,4,3,92.2847118621174,0,1,23,9851,4,112,0
"9852",4911,4,3,92.2847118621174,0,1,24,9852,4,112,0
"9853",4912,4,3,92.2847118621174,0,1,25,9853,4,112,0
"9854",4913,4,3,92.2847118621174,0,1,26,9854,4,112,0
"9855",4914,2,1,53,0,1,1,9855,5,112,0
"9856",4915,7,6,119.463135687562,0,1,2,9856,5,112,0
"9857",4916,7,6,119.463135687562,0,1,3,9857,5,112,0
"9858",4917,7,6,119.463135687562,0,1,4,9858,5,112,0
"9859",4918,7,6,119.463135687562,0,1,5,9859,5,112,0
"9860",4919,7,6,119.463135687562,0,1,6,9860,5,112,0
"9861",4920,7,6,119.463135687562,0,1,7,9861,5,112,0
"9862",4921,7,6,119.463135687562,0,1,8,9862,5,112,0
"9863",4922,7,6,119.463135687562,0,1,9,9863,5,112,0
"9864",4923,7,6,119.463135687562,0,1,10,9864,5,112,0
"9865",4924,7,6,119.463135687562,0,1,11,9865,5,112,0
"9866",4925,7,6,119.463135687562,0,1,12,9866,5,112,0
"9867",4926,7,6,119.463135687562,0,1,13,9867,5,112,0
"9868",4927,7,6,119.463135687562,0,1,14,9868,5,112,0
"9869",4928,7,6,119.463135687562,0,1,15,9869,5,112,0
"9870",4929,7,6,119.463135687562,0,1,16,9870,5,112,0
"9871",4930,7,6,119.463135687562,0,1,17,9871,5,112,0
"9872",4931,7,6,119.463135687562,0,1,18,9872,5,112,0
"9873",4932,7,6,119.463135687562,0,1,19,9873,5,112,0
"9874",4933,7,6,119.463135687562,0,1,20,9874,5,112,0
"9875",4934,7,6,119.463135687562,0,1,21,9875,5,112,0
"9876",4935,7,6,119.463135687562,0,1,22,9876,5,112,0
"9877",4936,7,6,119.463135687562,0,1,23,9877,5,112,0
"9878",4937,7,6,119.463135687562,0,1,24,9878,5,112,0
"9879",4938,7,6,119.463135687562,0,1,25,9879,5,112,0
"9880",4939,7,6,119.463135687562,0,1,26,9880,5,112,0
"9881",0,6,9,55,1,0,1,9881,1,8,0
"9882",1,9,5,91.1992458808946,1,0,2,9882,1,8,0
"9883",2,9,5,91.1992458808946,1,0,3,9883,1,8,0
"9884",3,10,5,66.2807858680521,1,0,4,9884,1,8,0
"9885",4,8,5,103.993488903549,1,0,5,9885,1,8,0
"9886",5,7,5,91.4040995743966,1,0,6,9886,1,8,0
"9887",6,8,6,73.1614962516108,1,0,7,9887,1,8,0
"9888",7,8,4,119.83749767917,1,0,8,9888,1,8,0
"9889",8,8,4,119.83749767917,1,0,9,9889,1,8,0
"9890",9,8,4,119.83749767917,1,0,10,9890,1,8,0
"9891",10,8,4,119.83749767917,1,0,11,9891,1,8,0
"9892",11,8,4,119.83749767917,1,0,12,9892,1,8,0
"9893",12,8,4,119.83749767917,1,0,13,9893,1,8,0
"9894",13,8,4,119.83749767917,1,0,14,9894,1,8,0
"9895",14,8,4,119.83749767917,1,0,15,9895,1,8,0
"9896",15,8,4,119.83749767917,1,0,16,9896,1,8,0
"9897",16,8,4,119.83749767917,1,0,17,9897,1,8,0
"9898",17,8,4,119.83749767917,1,0,18,9898,1,8,0
"9899",18,8,4,119.83749767917,1,0,19,9899,1,8,0
"9900",19,9,4,103.923087098237,1,0,20,9900,1,8,0
"9901",20,8,4,119.83749767917,1,0,21,9901,1,8,0
"9902",21,8,4,119.83749767917,1,0,22,9902,1,8,0
"9903",22,8,4,119.83749767917,1,0,23,9903,1,8,0
"9904",23,8,4,119.83749767917,1,0,24,9904,1,8,0
"9905",24,8,4,119.83749767917,1,0,25,9905,1,8,0
"9906",25,8,4,119.83749767917,1,0,26,9906,1,8,0
"9907",26,3,3,55,1,0,1,9907,2,8,0
"9908",27,3,2,52.3926659295967,1,0,2,9908,2,8,0
"9909",28,4,4,47.2907468018974,1,0,3,9909,2,8,0
"9910",29,1,3,55.4732604364245,1,0,4,9910,2,8,0
"9911",30,2,4,55.5366955298451,1,0,5,9911,2,8,0
"9912",31,2,3,59.331030923842,1,0,6,9912,2,8,0
"9913",32,2,3,59.331030923842,1,0,7,9913,2,8,0
"9914",33,3,2,52.3926659295967,1,0,8,9914,2,8,0
"9915",34,2,3,59.331030923842,1,0,9,9915,2,8,0
"9916",35,2,4,55.5366955298451,1,0,10,9916,2,8,0
"9917",36,2,3,59.331030923842,1,0,11,9917,2,8,0
"9918",37,3,3,55.5135090999876,1,0,12,9918,2,8,0
"9919",38,3,3,55.5135090999876,1,0,13,9919,2,8,0
"9920",39,2,2,55.4728357621481,1,0,14,9920,2,8,0
"9921",40,1,3,55.4732604364245,1,0,15,9921,2,8,0
"9922",41,2,4,55.5366955298451,1,0,16,9922,2,8,0
"9923",42,2,3,59.331030923842,1,0,17,9923,2,8,0
"9924",43,2,2,55.4728357621481,1,0,18,9924,2,8,0
"9925",44,2,3,59.331030923842,1,0,19,9925,2,8,0
"9926",45,2,3,59.331030923842,1,0,20,9926,2,8,0
"9927",46,2,2,55.4728357621481,1,0,21,9927,2,8,0
"9928",47,1,4,52.3978158585524,1,0,22,9928,2,8,0
"9929",48,3,3,55.5135090999876,1,0,23,9929,2,8,0
"9930",49,2,3,59.331030923842,1,0,24,9930,2,8,0
"9931",50,2,3,59.331030923842,1,0,25,9931,2,8,0
"9932",51,1,3,55.4732604364245,1,0,26,9932,2,8,0
"9933",52,4,2,59,1,0,1,9933,3,8,0
"9934",53,4,2,59.5781048356791,1,0,2,9934,3,8,0
"9935",54,4,2,59.5781048356791,1,0,3,9935,3,8,0
"9936",55,5,3,51.9285366528507,1,0,4,9936,3,8,0
"9937",56,4,2,59.5781048356791,1,0,5,9937,3,8,0
"9938",57,4,3,55.125434195726,1,0,6,9938,3,8,0
"9939",58,5,3,51.9285366528507,1,0,7,9939,3,8,0
"9940",59,4,2,59.5781048356791,1,0,8,9940,3,8,0
"9941",60,2,2,57.6812315518143,1,0,9,9941,3,8,0
"9942",61,4,2,59.5781048356791,1,0,10,9942,3,8,0
"9943",62,4,1,56.5370323182295,1,0,11,9943,3,8,0
"9944",63,1,3,47.2603486583423,1,0,12,9944,3,8,0
"9945",64,3,3,57.792058185847,1,0,13,9945,3,8,0
"9946",65,1,2,49.0675282169054,1,0,14,9946,3,8,0
"9947",66,2,2,57.6812315518143,1,0,15,9947,3,8,0
"9948",67,4,2,59.5781048356791,1,0,16,9948,3,8,0
"9949",68,2,1,54.1681242630355,1,0,17,9949,3,8,0
"9950",69,4,2,59.5781048356791,1,0,18,9950,3,8,0
"9951",70,4,2,59.5781048356791,1,0,19,9951,3,8,0
"9952",71,3,2,62.312800325404,1,0,20,9952,3,8,0
"9953",72,4,2,59.5781048356791,1,0,21,9953,3,8,0
"9954",73,3,2,62.312800325404,1,0,22,9954,3,8,0
"9955",74,2,3,54.1515469791542,1,0,23,9955,3,8,0
"9956",75,2,2,57.6812315518143,1,0,24,9956,3,8,0
"9957",76,4,2,59.5781048356791,1,0,25,9957,3,8,0
"9958",77,4,2,59.5781048356791,1,0,26,9958,3,8,0
"9959",78,6,0,49,1,0,1,9959,4,8,0
"9960",79,9,7,41.8551927922362,1,0,2,9960,4,8,1
"9961",80,NA,NA,NA,1,0,3,9961,4,8,0
"9962",81,NA,NA,NA,1,0,4,9962,4,8,0
"9963",82,NA,NA,NA,1,0,5,9963,4,8,0
"9964",83,NA,NA,NA,1,0,6,9964,4,8,0
"9965",84,NA,NA,NA,1,0,7,9965,4,8,0
"9966",85,NA,NA,NA,1,0,8,9966,4,8,0
"9967",86,NA,NA,NA,1,0,9,9967,4,8,0
"9968",87,NA,NA,NA,1,0,10,9968,4,8,0
"9969",88,NA,NA,NA,1,0,11,9969,4,8,0
"9970",89,NA,NA,NA,1,0,12,9970,4,8,0
"9971",90,NA,NA,NA,1,0,13,9971,4,8,0
"9972",91,NA,NA,NA,1,0,14,9972,4,8,0
"9973",92,NA,NA,NA,1,0,15,9973,4,8,0
"9974",93,NA,NA,NA,1,0,16,9974,4,8,0
"9975",94,NA,NA,NA,1,0,17,9975,4,8,0
"9976",95,NA,NA,NA,1,0,18,9976,4,8,0
"9977",96,NA,NA,NA,1,0,19,9977,4,8,0
"9978",97,NA,NA,NA,1,0,20,9978,4,8,1
"9979",98,NA,NA,NA,1,0,21,9979,4,8,0
"9980",99,NA,NA,NA,1,0,22,9980,4,8,0
"9981",100,NA,NA,NA,1,0,23,9981,4,8,0
"9982",101,NA,NA,NA,1,0,24,9982,4,8,0
"9983",102,NA,NA,NA,1,0,25,9983,4,8,0
"9984",103,NA,NA,NA,1,0,26,9984,4,8,0
"9985",104,4,2,57,1,0,1,9985,5,8,0
"9986",105,4,2,57.0683845170413,1,0,2,9986,5,8,0
"9987",106,4,3,54.8764669845258,1,0,3,9987,5,8,0
"9988",107,4,2,57.0683845170413,1,0,4,9988,5,8,0
"9989",108,6,4,67.3177139482092,1,0,5,9989,5,8,0
"9990",109,6,5,91.3226404570337,1,0,6,9990,5,8,0
"9991",110,6,6,103.696350408496,1,0,7,9991,5,8,0
"9992",111,6,6,103.696350408496,1,0,8,9992,5,8,0
"9993",112,6,6,103.696350408496,1,0,9,9993,5,8,0
"9994",113,6,6,103.696350408496,1,0,10,9994,5,8,0
"9995",114,5,5,67.3177139482092,1,0,11,9995,5,8,0
"9996",115,7,6,119.463135687562,1,0,12,9996,5,8,0
"9997",116,7,6,119.463135687562,1,0,13,9997,5,8,0
"9998",117,7,6,119.463135687562,1,0,14,9998,5,8,0
"9999",118,7,6,119.463135687562,1,0,15,9999,5,8,0
"10000",119,7,6,119.463135687562,1,0,16,10000,5,8,0
"10001",120,7,6,119.463135687562,1,0,17,10001,5,8,0
"10002",121,7,6,119.463135687562,1,0,18,10002,5,8,0
"10003",122,7,6,119.463135687562,1,0,19,10003,5,8,0
"10004",123,7,6,119.463135687562,1,0,20,10004,5,8,0
"10005",124,7,6,119.463135687562,1,0,21,10005,5,8,0
"10006",125,7,6,119.463135687562,1,0,22,10006,5,8,0
"10007",126,7,6,119.463135687562,1,0,23,10007,5,8,0
"10008",127,7,6,119.463135687562,1,0,24,10008,5,8,0
"10009",128,7,6,119.463135687562,1,0,25,10009,5,8,0
"10010",129,7,6,119.463135687562,1,0,26,10010,5,8,0
"10011",130,4,8,59,1,0,1,10011,1,9,0
"10012",131,4,8,59.4802406649498,1,0,2,10012,1,9,0
"10013",132,5,5,47.7894349094305,1,0,3,10013,1,9,0
"10014",133,2,8,43.3104766470514,1,0,4,10014,1,9,1
"10015",134,NA,NA,NA,1,0,5,10015,1,9,1
"10016",135,NA,NA,NA,1,0,6,10016,1,9,1
"10017",136,NA,NA,NA,1,0,7,10017,1,9,0
"10018",137,NA,NA,NA,1,0,8,10018,1,9,1
"10019",138,NA,NA,NA,1,0,9,10019,1,9,1
"10020",139,NA,NA,NA,1,0,10,10020,1,9,0
"10021",140,NA,NA,NA,1,0,11,10021,1,9,1
"10022",141,NA,NA,NA,1,0,12,10022,1,9,1
"10023",142,NA,NA,NA,1,0,13,10023,1,9,0
"10024",143,NA,NA,NA,1,0,14,10024,1,9,1
"10025",144,NA,NA,NA,1,0,15,10025,1,9,0
"10026",145,NA,NA,NA,1,0,16,10026,1,9,0
"10027",146,NA,NA,NA,1,0,17,10027,1,9,0
"10028",147,NA,NA,NA,1,0,18,10028,1,9,0
"10029",148,NA,NA,NA,1,0,19,10029,1,9,0
"10030",149,NA,NA,NA,1,0,20,10030,1,9,0
"10031",150,NA,NA,NA,1,0,21,10031,1,9,0
"10032",151,NA,NA,NA,1,0,22,10032,1,9,0
"10033",152,NA,NA,NA,1,0,23,10033,1,9,0
"10034",153,NA,NA,NA,1,0,24,10034,1,9,0
"10035",154,NA,NA,NA,1,0,25,10035,1,9,0
"10036",155,NA,NA,NA,1,0,26,10036,1,9,0
"10037",156,7,6,50,1,0,1,10037,2,9,0
"10038",157,7,6,50.300921275928,1,0,2,10038,2,9,0
"10039",158,0,5,41.9074097267738,1,0,3,10039,2,9,1
"10040",159,NA,NA,NA,1,0,4,10040,2,9,1
"10041",160,NA,NA,NA,1,0,5,10041,2,9,0
"10042",161,NA,NA,NA,1,0,6,10042,2,9,0
"10043",162,NA,NA,NA,1,0,7,10043,2,9,0
"10044",163,NA,NA,NA,1,0,8,10044,2,9,0
"10045",164,NA,NA,NA,1,0,9,10045,2,9,0
"10046",165,NA,NA,NA,1,0,10,10046,2,9,0
"10047",166,NA,NA,NA,1,0,11,10047,2,9,0
"10048",167,NA,NA,NA,1,0,12,10048,2,9,0
"10049",168,NA,NA,NA,1,0,13,10049,2,9,0
"10050",169,NA,NA,NA,1,0,14,10050,2,9,0
"10051",170,NA,NA,NA,1,0,15,10051,2,9,0
"10052",171,NA,NA,NA,1,0,16,10052,2,9,0
"10053",172,NA,NA,NA,1,0,17,10053,2,9,0
"10054",173,NA,NA,NA,1,0,18,10054,2,9,0
"10055",174,NA,NA,NA,1,0,19,10055,2,9,0
"10056",175,NA,NA,NA,1,0,20,10056,2,9,0
"10057",176,NA,NA,NA,1,0,21,10057,2,9,0
"10058",177,NA,NA,NA,1,0,22,10058,2,9,0
"10059",178,NA,NA,NA,1,0,23,10059,2,9,0
"10060",179,NA,NA,NA,1,0,24,10060,2,9,0
"10061",180,NA,NA,NA,1,0,25,10061,2,9,0
"10062",181,NA,NA,NA,1,0,26,10062,2,9,0
"10063",182,3,10,53,1,0,1,10063,3,9,0
"10064",183,3,10,53.1722582202307,1,0,2,10064,3,9,0
"10065",184,0,10,41.7826712971007,1,0,3,10065,3,9,1
"10066",185,NA,NA,NA,1,0,4,10066,3,9,0
"10067",186,NA,NA,NA,1,0,5,10067,3,9,1
"10068",187,NA,NA,NA,1,0,6,10068,3,9,1
"10069",188,NA,NA,NA,1,0,7,10069,3,9,0
"10070",189,NA,NA,NA,1,0,8,10070,3,9,1
"10071",190,NA,NA,NA,1,0,9,10071,3,9,1
"10072",191,NA,NA,NA,1,0,10,10072,3,9,0
"10073",192,NA,NA,NA,1,0,11,10073,3,9,0
"10074",193,NA,NA,NA,1,0,12,10074,3,9,0
"10075",194,NA,NA,NA,1,0,13,10075,3,9,1
"10076",195,NA,NA,NA,1,0,14,10076,3,9,0
"10077",196,NA,NA,NA,1,0,15,10077,3,9,0
"10078",197,NA,NA,NA,1,0,16,10078,3,9,0
"10079",198,NA,NA,NA,1,0,17,10079,3,9,0
"10080",199,NA,NA,NA,1,0,18,10080,3,9,0
"10081",200,NA,NA,NA,1,0,19,10081,3,9,0
"10082",201,NA,NA,NA,1,0,20,10082,3,9,0
"10083",202,NA,NA,NA,1,0,21,10083,3,9,0
"10084",203,NA,NA,NA,1,0,22,10084,3,9,0
"10085",204,NA,NA,NA,1,0,23,10085,3,9,0
"10086",205,NA,NA,NA,1,0,24,10086,3,9,0
"10087",206,NA,NA,NA,1,0,25,10087,3,9,0
"10088",207,NA,NA,NA,1,0,26,10088,3,9,0
"10089",208,2,4,55,1,0,1,10089,4,9,0
"10090",209,2,4,55.5366955298451,1,0,2,10090,4,9,0
"10091",210,6,3,40.8580955814452,1,0,3,10091,4,9,1
"10092",211,NA,NA,NA,1,0,4,10092,4,9,1
"10093",212,NA,NA,NA,1,0,5,10093,4,9,0
"10094",213,NA,NA,NA,1,0,6,10094,4,9,0
"10095",214,NA,NA,NA,1,0,7,10095,4,9,0
"10096",215,NA,NA,NA,1,0,8,10096,4,9,0
"10097",216,NA,NA,NA,1,0,9,10097,4,9,0
"10098",217,NA,NA,NA,1,0,10,10098,4,9,0
"10099",218,NA,NA,NA,1,0,11,10099,4,9,0
"10100",219,NA,NA,NA,1,0,12,10100,4,9,0
"10101",220,NA,NA,NA,1,0,13,10101,4,9,0
"10102",221,NA,NA,NA,1,0,14,10102,4,9,0
"10103",222,NA,NA,NA,1,0,15,10103,4,9,0
"10104",223,NA,NA,NA,1,0,16,10104,4,9,0
"10105",224,NA,NA,NA,1,0,17,10105,4,9,0
"10106",225,NA,NA,NA,1,0,18,10106,4,9,0
"10107",226,NA,NA,NA,1,0,19,10107,4,9,0
"10108",227,NA,NA,NA,1,0,20,10108,4,9,0
"10109",228,NA,NA,NA,1,0,21,10109,4,9,0
"10110",229,NA,NA,NA,1,0,22,10110,4,9,0
"10111",230,NA,NA,NA,1,0,23,10111,4,9,0
"10112",231,NA,NA,NA,1,0,24,10112,4,9,0
"10113",232,NA,NA,NA,1,0,25,10113,4,9,0
"10114",233,NA,NA,NA,1,0,26,10114,4,9,0
"10115",234,1,4,56,1,0,1,10115,5,9,0
"10116",235,1,4,56.3005980640761,1,0,2,10116,5,9,0
"10117",236,10,4,40.0000058214813,1,0,3,10117,5,9,1
"10118",237,NA,NA,NA,1,0,4,10118,5,9,1
"10119",238,NA,NA,NA,1,0,5,10119,5,9,0
"10120",239,NA,NA,NA,1,0,6,10120,5,9,0
"10121",240,NA,NA,NA,1,0,7,10121,5,9,0
"10122",241,NA,NA,NA,1,0,8,10122,5,9,1
"10123",242,NA,NA,NA,1,0,9,10123,5,9,1
"10124",243,NA,NA,NA,1,0,10,10124,5,9,0
"10125",244,NA,NA,NA,1,0,11,10125,5,9,0
"10126",245,NA,NA,NA,1,0,12,10126,5,9,0
"10127",246,NA,NA,NA,1,0,13,10127,5,9,0
"10128",247,NA,NA,NA,1,0,14,10128,5,9,0
"10129",248,NA,NA,NA,1,0,15,10129,5,9,0
"10130",249,NA,NA,NA,1,0,16,10130,5,9,0
"10131",250,NA,NA,NA,1,0,17,10131,5,9,0
"10132",251,NA,NA,NA,1,0,18,10132,5,9,0
"10133",252,NA,NA,NA,1,0,19,10133,5,9,0
"10134",253,NA,NA,NA,1,0,20,10134,5,9,0
"10135",254,NA,NA,NA,1,0,21,10135,5,9,0
"10136",255,NA,NA,NA,1,0,22,10136,5,9,0
"10137",256,NA,NA,NA,1,0,23,10137,5,9,0
"10138",257,NA,NA,NA,1,0,24,10138,5,9,0
"10139",258,NA,NA,NA,1,0,25,10139,5,9,0
"10140",259,NA,NA,NA,1,0,26,10140,5,9,0
"10141",260,2,2,56,1,0,1,10141,1,10,0
"10142",261,10,9,41.4551052656339,1,0,2,10142,1,10,1
"10143",262,NA,NA,NA,1,0,3,10143,1,10,0
"10144",263,NA,NA,NA,1,0,4,10144,1,10,1
"10145",264,NA,NA,NA,1,0,5,10145,1,10,0
"10146",265,NA,NA,NA,1,0,6,10146,1,10,0
"10147",266,NA,NA,NA,1,0,7,10147,1,10,0
"10148",267,NA,NA,NA,1,0,8,10148,1,10,0
"10149",268,NA,NA,NA,1,0,9,10149,1,10,1
"10150",269,NA,NA,NA,1,0,10,10150,1,10,0
"10151",270,NA,NA,NA,1,0,11,10151,1,10,0
"10152",271,NA,NA,NA,1,0,12,10152,1,10,0
"10153",272,NA,NA,NA,1,0,13,10153,1,10,0
"10154",273,NA,NA,NA,1,0,14,10154,1,10,1
"10155",274,NA,NA,NA,1,0,15,10155,1,10,0
"10156",275,NA,NA,NA,1,0,16,10156,1,10,0
"10157",276,NA,NA,NA,1,0,17,10157,1,10,0
"10158",277,NA,NA,NA,1,0,18,10158,1,10,0
"10159",278,NA,NA,NA,1,0,19,10159,1,10,0
"10160",279,NA,NA,NA,1,0,20,10160,1,10,0
"10161",280,NA,NA,NA,1,0,21,10161,1,10,0
"10162",281,NA,NA,NA,1,0,22,10162,1,10,0
"10163",282,NA,NA,NA,1,0,23,10163,1,10,0
"10164",283,NA,NA,NA,1,0,24,10164,1,10,0
"10165",284,NA,NA,NA,1,0,25,10165,1,10,0
"10166",285,NA,NA,NA,1,0,26,10166,1,10,0
"10167",286,3,1,53,1,0,1,10167,2,10,0
"10168",287,3,1,53.6961722758673,1,0,2,10168,2,10,0
"10169",288,10,7,40.0000012173612,1,0,3,10169,2,10,1
"10170",289,NA,NA,NA,1,0,4,10170,2,10,0
"10171",290,NA,NA,NA,1,0,5,10171,2,10,0
"10172",291,NA,NA,NA,1,0,6,10172,2,10,0
"10173",292,NA,NA,NA,1,0,7,10173,2,10,0
"10174",293,NA,NA,NA,1,0,8,10174,2,10,0
"10175",294,NA,NA,NA,1,0,9,10175,2,10,0
"10176",295,NA,NA,NA,1,0,10,10176,2,10,0
"10177",296,NA,NA,NA,1,0,11,10177,2,10,1
"10178",297,NA,NA,NA,1,0,12,10178,2,10,0
"10179",298,NA,NA,NA,1,0,13,10179,2,10,1
"10180",299,NA,NA,NA,1,0,14,10180,2,10,0
"10181",300,NA,NA,NA,1,0,15,10181,2,10,1
"10182",301,NA,NA,NA,1,0,16,10182,2,10,0
"10183",302,NA,NA,NA,1,0,17,10183,2,10,0
"10184",303,NA,NA,NA,1,0,18,10184,2,10,0
"10185",304,NA,NA,NA,1,0,19,10185,2,10,0
"10186",305,NA,NA,NA,1,0,20,10186,2,10,0
"10187",306,NA,NA,NA,1,0,21,10187,2,10,0
"10188",307,NA,NA,NA,1,0,22,10188,2,10,0
"10189",308,NA,NA,NA,1,0,23,10189,2,10,0
"10190",309,NA,NA,NA,1,0,24,10190,2,10,0
"10191",310,NA,NA,NA,1,0,25,10191,2,10,0
"10192",311,NA,NA,NA,1,0,26,10192,2,10,0
"10193",312,9,4,55,1,0,1,10193,3,10,0
"10194",313,7,3,43.5382339629775,1,0,2,10194,3,10,1
"10195",314,NA,NA,NA,1,0,3,10195,3,10,0
"10196",315,NA,NA,NA,1,0,4,10196,3,10,0
"10197",316,NA,NA,NA,1,0,5,10197,3,10,0
"10198",317,NA,NA,NA,1,0,6,10198,3,10,0
"10199",318,NA,NA,NA,1,0,7,10199,3,10,0
"10200",319,NA,NA,NA,1,0,8,10200,3,10,0
"10201",320,NA,NA,NA,1,0,9,10201,3,10,0
"10202",321,NA,NA,NA,1,0,10,10202,3,10,1
"10203",322,NA,NA,NA,1,0,11,10203,3,10,0
"10204",323,NA,NA,NA,1,0,12,10204,3,10,0
"10205",324,NA,NA,NA,1,0,13,10205,3,10,0
"10206",325,NA,NA,NA,1,0,14,10206,3,10,0
"10207",326,NA,NA,NA,1,0,15,10207,3,10,0
"10208",327,NA,NA,NA,1,0,16,10208,3,10,0
"10209",328,NA,NA,NA,1,0,17,10209,3,10,0
"10210",329,NA,NA,NA,1,0,18,10210,3,10,0
"10211",330,NA,NA,NA,1,0,19,10211,3,10,0
"10212",331,NA,NA,NA,1,0,20,10212,3,10,0
"10213",332,NA,NA,NA,1,0,21,10213,3,10,0
"10214",333,NA,NA,NA,1,0,22,10214,3,10,0
"10215",334,NA,NA,NA,1,0,23,10215,3,10,0
"10216",335,NA,NA,NA,1,0,24,10216,3,10,0
"10217",336,NA,NA,NA,1,0,25,10217,3,10,0
"10218",337,NA,NA,NA,1,0,26,10218,3,10,0
"10219",338,4,8,52,1,0,1,10219,4,10,0
"10220",339,3,7,43.2101531592291,1,0,2,10220,4,10,1
"10221",340,NA,NA,NA,1,0,3,10221,4,10,0
"10222",341,NA,NA,NA,1,0,4,10222,4,10,0
"10223",342,NA,NA,NA,1,0,5,10223,4,10,0
"10224",343,NA,NA,NA,1,0,6,10224,4,10,0
"10225",344,NA,NA,NA,1,0,7,10225,4,10,0
"10226",345,NA,NA,NA,1,0,8,10226,4,10,0
"10227",346,NA,NA,NA,1,0,9,10227,4,10,0
"10228",347,NA,NA,NA,1,0,10,10228,4,10,0
"10229",348,NA,NA,NA,1,0,11,10229,4,10,0
"10230",349,NA,NA,NA,1,0,12,10230,4,10,0
"10231",350,NA,NA,NA,1,0,13,10231,4,10,1
"10232",351,NA,NA,NA,1,0,14,10232,4,10,0
"10233",352,NA,NA,NA,1,0,15,10233,4,10,0
"10234",353,NA,NA,NA,1,0,16,10234,4,10,0
"10235",354,NA,NA,NA,1,0,17,10235,4,10,0
"10236",355,NA,NA,NA,1,0,18,10236,4,10,0
"10237",356,NA,NA,NA,1,0,19,10237,4,10,0
"10238",357,NA,NA,NA,1,0,20,10238,4,10,0
"10239",358,NA,NA,NA,1,0,21,10239,4,10,0
"10240",359,NA,NA,NA,1,0,22,10240,4,10,0
"10241",360,NA,NA,NA,1,0,23,10241,4,10,0
"10242",361,NA,NA,NA,1,0,24,10242,4,10,0
"10243",362,NA,NA,NA,1,0,25,10243,4,10,0
"10244",363,NA,NA,NA,1,0,26,10244,4,10,0
"10245",364,0,9,54,1,0,1,10245,5,10,0
"10246",365,1,10,54.4565619644111,1,0,2,10246,5,10,0
"10247",366,0,9,54.4512787136123,1,0,3,10247,5,10,0
"10248",367,2,10,51.6350174839078,1,0,4,10248,5,10,0
"10249",368,2,8,52.5227873928033,1,0,5,10249,5,10,0
"10250",369,1,7,47.669128085345,1,0,6,10250,5,10,0
"10251",370,2,8,52.5227873928033,1,0,7,10251,5,10,0
"10252",371,0,10,51.5695045085653,1,0,8,10252,5,10,0
"10253",372,3,4,44.5487496758448,1,0,9,10253,5,10,1
"10254",373,NA,NA,NA,1,0,10,10254,5,10,0
"10255",374,NA,NA,NA,1,0,11,10255,5,10,0
"10256",375,NA,NA,NA,1,0,12,10256,5,10,0
"10257",376,NA,NA,NA,1,0,13,10257,5,10,0
"10258",377,NA,NA,NA,1,0,14,10258,5,10,0
"10259",378,NA,NA,NA,1,0,15,10259,5,10,0
"10260",379,NA,NA,NA,1,0,16,10260,5,10,0
"10261",380,NA,NA,NA,1,0,17,10261,5,10,0
"10262",381,NA,NA,NA,1,0,18,10262,5,10,0
"10263",382,NA,NA,NA,1,0,19,10263,5,10,0
"10264",383,NA,NA,NA,1,0,20,10264,5,10,1
"10265",384,NA,NA,NA,1,0,21,10265,5,10,1
"10266",385,NA,NA,NA,1,0,22,10266,5,10,0
"10267",386,NA,NA,NA,1,0,23,10267,5,10,0
"10268",387,NA,NA,NA,1,0,24,10268,5,10,0
"10269",388,NA,NA,NA,1,0,25,10269,5,10,0
"10270",389,NA,NA,NA,1,0,26,10270,5,10,0
"10271",390,1,5,53,1,0,1,10271,1,13,0
"10272",391,6,10,40.1403880288935,1,0,2,10272,1,13,1
"10273",392,NA,NA,NA,1,0,3,10273,1,13,1
"10274",393,NA,NA,NA,1,0,4,10274,1,13,1
"10275",394,NA,NA,NA,1,0,5,10275,1,13,1
"10276",395,NA,NA,NA,1,0,6,10276,1,13,0
"10277",396,NA,NA,NA,1,0,7,10277,1,13,0
"10278",397,NA,NA,NA,1,0,8,10278,1,13,1
"10279",398,NA,NA,NA,1,0,9,10279,1,13,0
"10280",399,NA,NA,NA,1,0,10,10280,1,13,1
"10281",400,NA,NA,NA,1,0,11,10281,1,13,0
"10282",401,NA,NA,NA,1,0,12,10282,1,13,1
"10283",402,NA,NA,NA,1,0,13,10283,1,13,0
"10284",403,NA,NA,NA,1,0,14,10284,1,13,1
"10285",404,NA,NA,NA,1,0,15,10285,1,13,1
"10286",405,NA,NA,NA,1,0,16,10286,1,13,0
"10287",406,NA,NA,NA,1,0,17,10287,1,13,0
"10288",407,NA,NA,NA,1,0,18,10288,1,13,1
"10289",408,NA,NA,NA,1,0,19,10289,1,13,1
"10290",409,NA,NA,NA,1,0,20,10290,1,13,0
"10291",410,NA,NA,NA,1,0,21,10291,1,13,0
"10292",411,NA,NA,NA,1,0,22,10292,1,13,0
"10293",412,NA,NA,NA,1,0,23,10293,1,13,0
"10294",413,NA,NA,NA,1,0,24,10294,1,13,0
"10295",414,NA,NA,NA,1,0,25,10295,1,13,0
"10296",415,NA,NA,NA,1,0,26,10296,1,13,0
"10297",416,7,2,52,1,0,1,10297,2,13,0
"10298",417,9,4,41.7390094902317,1,0,2,10298,2,13,1
"10299",418,NA,NA,NA,1,0,3,10299,2,13,1
"10300",419,NA,NA,NA,1,0,4,10300,2,13,0
"10301",420,NA,NA,NA,1,0,5,10301,2,13,0
"10302",421,NA,NA,NA,1,0,6,10302,2,13,0
"10303",422,NA,NA,NA,1,0,7,10303,2,13,0
"10304",423,NA,NA,NA,1,0,8,10304,2,13,0
"10305",424,NA,NA,NA,1,0,9,10305,2,13,0
"10306",425,NA,NA,NA,1,0,10,10306,2,13,0
"10307",426,NA,NA,NA,1,0,11,10307,2,13,0
"10308",427,NA,NA,NA,1,0,12,10308,2,13,0
"10309",428,NA,NA,NA,1,0,13,10309,2,13,0
"10310",429,NA,NA,NA,1,0,14,10310,2,13,0
"10311",430,NA,NA,NA,1,0,15,10311,2,13,0
"10312",431,NA,NA,NA,1,0,16,10312,2,13,0
"10313",432,NA,NA,NA,1,0,17,10313,2,13,0
"10314",433,NA,NA,NA,1,0,18,10314,2,13,0
"10315",434,NA,NA,NA,1,0,19,10315,2,13,0
"10316",435,NA,NA,NA,1,0,20,10316,2,13,0
"10317",436,NA,NA,NA,1,0,21,10317,2,13,0
"10318",437,NA,NA,NA,1,0,22,10318,2,13,0
"10319",438,NA,NA,NA,1,0,23,10319,2,13,0
"10320",439,NA,NA,NA,1,0,24,10320,2,13,0
"10321",440,NA,NA,NA,1,0,25,10321,2,13,0
"10322",441,NA,NA,NA,1,0,26,10322,2,13,0
"10323",442,5,8,52,1,0,1,10323,3,13,0
"10324",443,6,8,53.1174114696994,1,0,2,10324,3,13,0
"10325",444,6,9,46.9243273949592,1,0,3,10325,3,13,0
"10326",445,4,7,51.2365686444855,1,0,4,10326,3,13,0
"10327",446,5,8,52.2023346825309,1,0,5,10327,3,13,0
"10328",447,6,2,40.0620913775813,1,0,6,10328,3,13,1
"10329",448,NA,NA,NA,1,0,7,10329,3,13,0
"10330",449,NA,NA,NA,1,0,8,10330,3,13,1
"10331",450,NA,NA,NA,1,0,9,10331,3,13,1
"10332",451,NA,NA,NA,1,0,10,10332,3,13,0
"10333",452,NA,NA,NA,1,0,11,10333,3,13,0
"10334",453,NA,NA,NA,1,0,12,10334,3,13,0
"10335",454,NA,NA,NA,1,0,13,10335,3,13,0
"10336",455,NA,NA,NA,1,0,14,10336,3,13,0
"10337",456,NA,NA,NA,1,0,15,10337,3,13,0
"10338",457,NA,NA,NA,1,0,16,10338,3,13,0
"10339",458,NA,NA,NA,1,0,17,10339,3,13,0
"10340",459,NA,NA,NA,1,0,18,10340,3,13,0
"10341",460,NA,NA,NA,1,0,19,10341,3,13,0
"10342",461,NA,NA,NA,1,0,20,10342,3,13,0
"10343",462,NA,NA,NA,1,0,21,10343,3,13,0
"10344",463,NA,NA,NA,1,0,22,10344,3,13,0
"10345",464,NA,NA,NA,1,0,23,10345,3,13,0
"10346",465,NA,NA,NA,1,0,24,10346,3,13,0
"10347",466,NA,NA,NA,1,0,25,10347,3,13,0
"10348",467,NA,NA,NA,1,0,26,10348,3,13,0
"10349",468,7,5,53,1,0,1,10349,4,13,0
"10350",469,4,9,72.6301384231556,1,0,2,10350,4,13,0
"10351",470,4,10,65.9470494587795,1,0,3,10351,4,13,0
"10352",471,10,3,40.3071621218062,1,0,4,10352,4,13,1
"10353",472,NA,NA,NA,1,0,5,10353,4,13,1
"10354",473,NA,NA,NA,1,0,6,10354,4,13,1
"10355",474,NA,NA,NA,1,0,7,10355,4,13,0
"10356",475,NA,NA,NA,1,0,8,10356,4,13,0
"10357",476,NA,NA,NA,1,0,9,10357,4,13,1
"10358",477,NA,NA,NA,1,0,10,10358,4,13,1
"10359",478,NA,NA,NA,1,0,11,10359,4,13,0
"10360",479,NA,NA,NA,1,0,12,10360,4,13,1
"10361",480,NA,NA,NA,1,0,13,10361,4,13,1
"10362",481,NA,NA,NA,1,0,14,10362,4,13,0
"10363",482,NA,NA,NA,1,0,15,10363,4,13,0
"10364",483,NA,NA,NA,1,0,16,10364,4,13,0
"10365",484,NA,NA,NA,1,0,17,10365,4,13,0
"10366",485,NA,NA,NA,1,0,18,10366,4,13,0
"10367",486,NA,NA,NA,1,0,19,10367,4,13,0
"10368",487,NA,NA,NA,1,0,20,10368,4,13,0
"10369",488,NA,NA,NA,1,0,21,10369,4,13,0
"10370",489,NA,NA,NA,1,0,22,10370,4,13,0
"10371",490,NA,NA,NA,1,0,23,10371,4,13,0
"10372",491,NA,NA,NA,1,0,24,10372,4,13,0
"10373",492,NA,NA,NA,1,0,25,10373,4,13,0
"10374",493,NA,NA,NA,1,0,26,10374,4,13,0
"10375",494,5,4,58,1,0,1,10375,5,13,0
"10376",495,6,6,43.9363909912228,1,0,2,10376,5,13,1
"10377",496,NA,NA,NA,1,0,3,10377,5,13,0
"10378",497,NA,NA,NA,1,0,4,10378,5,13,0
"10379",498,NA,NA,NA,1,0,5,10379,5,13,0
"10380",499,NA,NA,NA,1,0,6,10380,5,13,0
"10381",500,NA,NA,NA,1,0,7,10381,5,13,0
"10382",501,NA,NA,NA,1,0,8,10382,5,13,0
"10383",502,NA,NA,NA,1,0,9,10383,5,13,0
"10384",503,NA,NA,NA,1,0,10,10384,5,13,0
"10385",504,NA,NA,NA,1,0,11,10385,5,13,0
"10386",505,NA,NA,NA,1,0,12,10386,5,13,0
"10387",506,NA,NA,NA,1,0,13,10387,5,13,0
"10388",507,NA,NA,NA,1,0,14,10388,5,13,0
"10389",508,NA,NA,NA,1,0,15,10389,5,13,0
"10390",509,NA,NA,NA,1,0,16,10390,5,13,0
"10391",510,NA,NA,NA,1,0,17,10391,5,13,0
"10392",511,NA,NA,NA,1,0,18,10392,5,13,0
"10393",512,NA,NA,NA,1,0,19,10393,5,13,0
"10394",513,NA,NA,NA,1,0,20,10394,5,13,0
"10395",514,NA,NA,NA,1,0,21,10395,5,13,0
"10396",515,NA,NA,NA,1,0,22,10396,5,13,0
"10397",516,NA,NA,NA,1,0,23,10397,5,13,0
"10398",517,NA,NA,NA,1,0,24,10398,5,13,0
"10399",518,NA,NA,NA,1,0,25,10399,5,13,0
"10400",519,NA,NA,NA,1,0,26,10400,5,13,0
"10401",520,1,7,62,1,0,1,10401,1,14,0
"10402",521,2,7,67.9947757341506,1,0,2,10402,1,14,0
"10403",522,1,7,62.1950830671822,1,0,3,10403,1,14,0
"10404",523,1,5,49.1246714377466,1,0,4,10404,1,14,0
"10405",524,3,7,64.4593263189505,1,0,5,10405,1,14,0
"10406",525,1,8,57.7724331727383,1,0,6,10406,1,14,0
"10407",526,2,8,62.4164640166022,1,0,7,10407,1,14,0
"10408",527,3,8,59.5854974337311,1,0,8,10408,1,14,0
"10409",528,4,7,62.2363420667803,1,0,9,10409,1,14,0
"10410",529,10,6,48.6918756755474,1,0,10,10410,1,14,0
"10411",530,8,1,40.0215480846656,1,0,11,10411,1,14,1
"10412",531,NA,NA,NA,1,0,12,10412,1,14,0
"10413",532,NA,NA,NA,1,0,13,10413,1,14,0
"10414",533,NA,NA,NA,1,0,14,10414,1,14,0
"10415",534,NA,NA,NA,1,0,15,10415,1,14,0
"10416",535,NA,NA,NA,1,0,16,10416,1,14,0
"10417",536,NA,NA,NA,1,0,17,10417,1,14,0
"10418",537,NA,NA,NA,1,0,18,10418,1,14,0
"10419",538,NA,NA,NA,1,0,19,10419,1,14,0
"10420",539,NA,NA,NA,1,0,20,10420,1,14,0
"10421",540,NA,NA,NA,1,0,21,10421,1,14,0
"10422",541,NA,NA,NA,1,0,22,10422,1,14,0
"10423",542,NA,NA,NA,1,0,23,10423,1,14,0
"10424",543,NA,NA,NA,1,0,24,10424,1,14,0
"10425",544,NA,NA,NA,1,0,25,10425,1,14,0
"10426",545,NA,NA,NA,1,0,26,10426,1,14,0
"10427",546,1,7,51,1,0,1,10427,2,14,0
"10428",547,0,8,46.9984347360453,1,0,2,10428,2,14,0
"10429",548,5,10,40.946656689732,1,0,3,10429,2,14,1
"10430",549,NA,NA,NA,1,0,4,10430,2,14,1
"10431",550,NA,NA,NA,1,0,5,10431,2,14,1
"10432",551,NA,NA,NA,1,0,6,10432,2,14,1
"10433",552,NA,NA,NA,1,0,7,10433,2,14,1
"10434",553,NA,NA,NA,1,0,8,10434,2,14,1
"10435",554,NA,NA,NA,1,0,9,10435,2,14,0
"10436",555,NA,NA,NA,1,0,10,10436,2,14,1
"10437",556,NA,NA,NA,1,0,11,10437,2,14,1
"10438",557,NA,NA,NA,1,0,12,10438,2,14,1
"10439",558,NA,NA,NA,1,0,13,10439,2,14,1
"10440",559,NA,NA,NA,1,0,14,10440,2,14,0
"10441",560,NA,NA,NA,1,0,15,10441,2,14,0
"10442",561,NA,NA,NA,1,0,16,10442,2,14,0
"10443",562,NA,NA,NA,1,0,17,10443,2,14,0
"10444",563,NA,NA,NA,1,0,18,10444,2,14,0
"10445",564,NA,NA,NA,1,0,19,10445,2,14,0
"10446",565,NA,NA,NA,1,0,20,10446,2,14,0
"10447",566,NA,NA,NA,1,0,21,10447,2,14,0
"10448",567,NA,NA,NA,1,0,22,10448,2,14,0
"10449",568,NA,NA,NA,1,0,23,10449,2,14,0
"10450",569,NA,NA,NA,1,0,24,10450,2,14,0
"10451",570,NA,NA,NA,1,0,25,10451,2,14,0
"10452",571,NA,NA,NA,1,0,26,10452,2,14,0
"10453",572,5,7,54,1,0,1,10453,3,14,0
"10454",573,5,10,41.976569986705,1,0,2,10454,3,14,1
"10455",574,NA,NA,NA,1,0,3,10455,3,14,0
"10456",575,NA,NA,NA,1,0,4,10456,3,14,0
"10457",576,NA,NA,NA,1,0,5,10457,3,14,0
"10458",577,NA,NA,NA,1,0,6,10458,3,14,1
"10459",578,NA,NA,NA,1,0,7,10459,3,14,0
"10460",579,NA,NA,NA,1,0,8,10460,3,14,0
"10461",580,NA,NA,NA,1,0,9,10461,3,14,0
"10462",581,NA,NA,NA,1,0,10,10462,3,14,0
"10463",582,NA,NA,NA,1,0,11,10463,3,14,1
"10464",583,NA,NA,NA,1,0,12,10464,3,14,0
"10465",584,NA,NA,NA,1,0,13,10465,3,14,1
"10466",585,NA,NA,NA,1,0,14,10466,3,14,0
"10467",586,NA,NA,NA,1,0,15,10467,3,14,0
"10468",587,NA,NA,NA,1,0,16,10468,3,14,0
"10469",588,NA,NA,NA,1,0,17,10469,3,14,0
"10470",589,NA,NA,NA,1,0,18,10470,3,14,0
"10471",590,NA,NA,NA,1,0,19,10471,3,14,0
"10472",591,NA,NA,NA,1,0,20,10472,3,14,0
"10473",592,NA,NA,NA,1,0,21,10473,3,14,0
"10474",593,NA,NA,NA,1,0,22,10474,3,14,0
"10475",594,NA,NA,NA,1,0,23,10475,3,14,0
"10476",595,NA,NA,NA,1,0,24,10476,3,14,0
"10477",596,NA,NA,NA,1,0,25,10477,3,14,0
"10478",597,NA,NA,NA,1,0,26,10478,3,14,0
"10479",598,6,5,56,1,0,1,10479,4,14,0
"10480",599,3,6,52.2605135543559,1,0,2,10480,4,14,0
"10481",600,6,5,56.4277486073921,1,0,3,10481,4,14,0
"10482",601,5,6,51.2030835980968,1,0,4,10482,4,14,0
"10483",602,4,9,105.950864974162,1,0,5,10483,4,14,0
"10484",603,4,9,105.950864974162,1,0,6,10484,4,14,0
"10485",604,4,9,105.950864974162,1,0,7,10485,4,14,0
"10486",605,5,9,73.906164807181,1,0,8,10486,4,14,0
"10487",606,4,8,93.0199832155622,1,0,9,10487,4,14,0
"10488",607,3,9,122.333257500787,1,0,10,10488,4,14,0
"10489",608,3,9,122.333257500787,1,0,11,10489,4,14,0
"10490",609,3,8,105.996666209671,1,0,12,10490,4,14,0
"10491",610,3,9,122.333257500787,1,0,13,10491,4,14,0
"10492",611,3,9,122.333257500787,1,0,14,10492,4,14,0
"10493",612,3,9,122.333257500787,1,0,15,10493,4,14,0
"10494",613,3,10,105.919803741519,1,0,16,10494,4,14,0
"10495",614,3,9,122.333257500787,1,0,17,10495,4,14,0
"10496",615,3,9,122.333257500787,1,0,18,10496,4,14,0
"10497",616,3,9,122.333257500787,1,0,19,10497,4,14,0
"10498",617,3,9,122.333257500787,1,0,20,10498,4,14,0
"10499",618,4,10,92.786495653558,1,0,21,10499,4,14,0
"10500",619,3,9,122.333257500787,1,0,22,10500,4,14,0
"10501",620,3,9,122.333257500787,1,0,23,10501,4,14,0
"10502",621,3,9,122.333257500787,1,0,24,10502,4,14,0
"10503",622,3,9,122.333257500787,1,0,25,10503,4,14,0
"10504",623,3,9,122.333257500787,1,0,26,10504,4,14,0
"10505",624,6,8,53,1,0,1,10505,5,14,0
"10506",625,0,6,49.0305897799923,1,0,2,10506,5,14,0
"10507",626,6,8,53.1174114696994,1,0,3,10507,5,14,0
"10508",627,2,8,93.773048709854,1,0,4,10508,5,14,0
"10509",628,2,7,67.8781573200825,1,0,5,10509,5,14,0
"10510",629,2,8,93.773048709854,1,0,6,10510,5,14,0
"10511",630,2,9,106.884257494203,1,0,7,10511,5,14,0
"10512",631,2,9,106.884257494203,1,0,8,10512,5,14,0
"10513",632,1,9,123.318322117674,1,0,9,10513,5,14,0
"10514",633,1,9,123.318322117674,1,0,10,10514,5,14,0
"10515",634,1,8,106.745372876225,1,0,11,10515,5,14,0
"10516",635,1,9,123.318322117674,1,0,12,10516,5,14,0
"10517",636,1,9,123.318322117674,1,0,13,10517,5,14,0
"10518",637,1,9,123.318322117674,1,0,14,10518,5,14,0
"10519",638,1,9,123.318322117674,1,0,15,10519,5,14,0
"10520",639,1,9,123.318322117674,1,0,16,10520,5,14,0
"10521",640,1,9,123.318322117674,1,0,17,10521,5,14,0
"10522",641,1,9,123.318322117674,1,0,18,10522,5,14,0
"10523",642,1,10,106.70406114105,1,0,19,10523,5,14,0
"10524",643,2,9,106.884257494203,1,0,20,10524,5,14,0
"10525",644,1,9,123.318322117674,1,0,21,10525,5,14,0
"10526",645,1,9,123.318322117674,1,0,22,10526,5,14,0
"10527",646,1,9,123.318322117674,1,0,23,10527,5,14,0
"10528",647,1,9,123.318322117674,1,0,24,10528,5,14,0
"10529",648,1,9,123.318322117674,1,0,25,10529,5,14,0
"10530",649,0,9,106.697873633235,1,0,26,10530,5,14,0
"10531",650,2,7,53,1,0,1,10531,1,16,0
"10532",651,2,7,53.8761799886141,1,0,2,10532,1,16,0
"10533",652,0,9,45.6011514394738,1,0,3,10533,1,16,1
"10534",653,NA,NA,NA,1,0,4,10534,1,16,1
"10535",654,NA,NA,NA,1,0,5,10535,1,16,1
"10536",655,NA,NA,NA,1,0,6,10536,1,16,1
"10537",656,NA,NA,NA,1,0,7,10537,1,16,1
"10538",657,NA,NA,NA,1,0,8,10538,1,16,0
"10539",658,NA,NA,NA,1,0,9,10539,1,16,0
"10540",659,NA,NA,NA,1,0,10,10540,1,16,0
"10541",660,NA,NA,NA,1,0,11,10541,1,16,0
"10542",661,NA,NA,NA,1,0,12,10542,1,16,0
"10543",662,NA,NA,NA,1,0,13,10543,1,16,0
"10544",663,NA,NA,NA,1,0,14,10544,1,16,0
"10545",664,NA,NA,NA,1,0,15,10545,1,16,0
"10546",665,NA,NA,NA,1,0,16,10546,1,16,0
"10547",666,NA,NA,NA,1,0,17,10547,1,16,0
"10548",667,NA,NA,NA,1,0,18,10548,1,16,0
"10549",668,NA,NA,NA,1,0,19,10549,1,16,0
"10550",669,NA,NA,NA,1,0,20,10550,1,16,0
"10551",670,NA,NA,NA,1,0,21,10551,1,16,0
"10552",671,NA,NA,NA,1,0,22,10552,1,16,0
"10553",672,NA,NA,NA,1,0,23,10553,1,16,0
"10554",673,NA,NA,NA,1,0,24,10554,1,16,0
"10555",674,NA,NA,NA,1,0,25,10555,1,16,0
"10556",675,NA,NA,NA,1,0,26,10556,1,16,0
"10557",676,10,3,50,1,0,1,10557,2,16,0
"10558",677,5,2,66.1820443290924,1,0,2,10558,2,16,0
"10559",678,10,3,50.6590498183987,1,0,3,10559,2,16,0
"10560",679,0,8,40.0001972563458,1,0,4,10560,2,16,1
"10561",680,NA,NA,NA,1,0,5,10561,2,16,0
"10562",681,NA,NA,NA,1,0,6,10562,2,16,0
"10563",682,NA,NA,NA,1,0,7,10563,2,16,1
"10564",683,NA,NA,NA,1,0,8,10564,2,16,0
"10565",684,NA,NA,NA,1,0,9,10565,2,16,0
"10566",685,NA,NA,NA,1,0,10,10566,2,16,0
"10567",686,NA,NA,NA,1,0,11,10567,2,16,0
"10568",687,NA,NA,NA,1,0,12,10568,2,16,0
"10569",688,NA,NA,NA,1,0,13,10569,2,16,0
"10570",689,NA,NA,NA,1,0,14,10570,2,16,0
"10571",690,NA,NA,NA,1,0,15,10571,2,16,0
"10572",691,NA,NA,NA,1,0,16,10572,2,16,0
"10573",692,NA,NA,NA,1,0,17,10573,2,16,0
"10574",693,NA,NA,NA,1,0,18,10574,2,16,0
"10575",694,NA,NA,NA,1,0,19,10575,2,16,0
"10576",695,NA,NA,NA,1,0,20,10576,2,16,0
"10577",696,NA,NA,NA,1,0,21,10577,2,16,0
"10578",697,NA,NA,NA,1,0,22,10578,2,16,0
"10579",698,NA,NA,NA,1,0,23,10579,2,16,0
"10580",699,NA,NA,NA,1,0,24,10580,2,16,0
"10581",700,NA,NA,NA,1,0,25,10581,2,16,0
"10582",701,NA,NA,NA,1,0,26,10582,2,16,0
"10583",702,0,9,54,1,0,1,10583,3,16,0
"10584",703,0,9,54.4512787136123,1,0,2,10584,3,16,0
"10585",704,5,6,105.122273261949,1,0,3,10585,3,16,0
"10586",705,5,6,105.122273261949,1,0,4,10586,3,16,0
"10587",706,5,6,105.122273261949,1,0,5,10587,3,16,0
"10588",707,5,6,105.122273261949,1,0,6,10588,3,16,0
"10589",708,5,6,105.122273261949,1,0,7,10589,3,16,0
"10590",709,5,6,105.122273261949,1,0,8,10590,3,16,0
"10591",710,5,6,105.122273261949,1,0,9,10591,3,16,0
"10592",711,5,6,105.122273261949,1,0,10,10592,3,16,0
"10593",712,5,6,105.122273261949,1,0,11,10593,3,16,0
"10594",713,5,6,105.122273261949,1,0,12,10594,3,16,0
"10595",714,5,6,105.122273261949,1,0,13,10595,3,16,0
"10596",715,5,6,105.122273261949,1,0,14,10596,3,16,0
"10597",716,5,6,105.122273261949,1,0,15,10597,3,16,0
"10598",717,5,6,105.122273261949,1,0,16,10598,3,16,0
"10599",718,5,6,105.122273261949,1,0,17,10599,3,16,0
"10600",719,5,6,105.122273261949,1,0,18,10600,3,16,0
"10601",720,5,6,105.122273261949,1,0,19,10601,3,16,0
"10602",721,5,6,105.122273261949,1,0,20,10602,3,16,0
"10603",722,5,6,105.122273261949,1,0,21,10603,3,16,0
"10604",723,5,6,105.122273261949,1,0,22,10604,3,16,0
"10605",724,5,6,105.122273261949,1,0,23,10605,3,16,0
"10606",725,5,6,105.122273261949,1,0,24,10606,3,16,0
"10607",726,5,6,105.122273261949,1,0,25,10607,3,16,0
"10608",727,5,6,105.122273261949,1,0,26,10608,3,16,0
"10609",728,4,1,53,1,0,1,10609,4,16,0
"10610",729,4,1,53.4629275365827,1,0,2,10610,4,16,0
"10611",730,10,3,41.4554180982199,1,0,3,10611,4,16,1
"10612",731,NA,NA,NA,1,0,4,10612,4,16,1
"10613",732,NA,NA,NA,1,0,5,10613,4,16,1
"10614",733,NA,NA,NA,1,0,6,10614,4,16,0
"10615",734,NA,NA,NA,1,0,7,10615,4,16,1
"10616",735,NA,NA,NA,1,0,8,10616,4,16,0
"10617",736,NA,NA,NA,1,0,9,10617,4,16,0
"10618",737,NA,NA,NA,1,0,10,10618,4,16,1
"10619",738,NA,NA,NA,1,0,11,10619,4,16,1
"10620",739,NA,NA,NA,1,0,12,10620,4,16,1
"10621",740,NA,NA,NA,1,0,13,10621,4,16,1
"10622",741,NA,NA,NA,1,0,14,10622,4,16,1
"10623",742,NA,NA,NA,1,0,15,10623,4,16,1
"10624",743,NA,NA,NA,1,0,16,10624,4,16,0
"10625",744,NA,NA,NA,1,0,17,10625,4,16,0
"10626",745,NA,NA,NA,1,0,18,10626,4,16,0
"10627",746,NA,NA,NA,1,0,19,10627,4,16,0
"10628",747,NA,NA,NA,1,0,20,10628,4,16,0
"10629",748,NA,NA,NA,1,0,21,10629,4,16,0
"10630",749,NA,NA,NA,1,0,22,10630,4,16,0
"10631",750,NA,NA,NA,1,0,23,10631,4,16,0
"10632",751,NA,NA,NA,1,0,24,10632,4,16,0
"10633",752,NA,NA,NA,1,0,25,10633,4,16,0
"10634",753,NA,NA,NA,1,0,26,10634,4,16,0
"10635",754,2,8,55,1,0,1,10635,5,16,0
"10636",755,2,8,55.1656531414362,1,0,2,10636,5,16,0
"10637",756,5,5,45.5200664513249,1,0,3,10637,5,16,1
"10638",757,NA,NA,NA,1,0,4,10638,5,16,1
"10639",758,NA,NA,NA,1,0,5,10639,5,16,0
"10640",759,NA,NA,NA,1,0,6,10640,5,16,1
"10641",760,NA,NA,NA,1,0,7,10641,5,16,0
"10642",761,NA,NA,NA,1,0,8,10642,5,16,0
"10643",762,NA,NA,NA,1,0,9,10643,5,16,0
"10644",763,NA,NA,NA,1,0,10,10644,5,16,1
"10645",764,NA,NA,NA,1,0,11,10645,5,16,0
"10646",765,NA,NA,NA,1,0,12,10646,5,16,0
"10647",766,NA,NA,NA,1,0,13,10647,5,16,0
"10648",767,NA,NA,NA,1,0,14,10648,5,16,0
"10649",768,NA,NA,NA,1,0,15,10649,5,16,0
"10650",769,NA,NA,NA,1,0,16,10650,5,16,0
"10651",770,NA,NA,NA,1,0,17,10651,5,16,0
"10652",771,NA,NA,NA,1,0,18,10652,5,16,0
"10653",772,NA,NA,NA,1,0,19,10653,5,16,0
"10654",773,NA,NA,NA,1,0,20,10654,5,16,0
"10655",774,NA,NA,NA,1,0,21,10655,5,16,0
"10656",775,NA,NA,NA,1,0,22,10656,5,16,0
"10657",776,NA,NA,NA,1,0,23,10657,5,16,0
"10658",777,NA,NA,NA,1,0,24,10658,5,16,0
"10659",778,NA,NA,NA,1,0,25,10659,5,16,0
"10660",779,NA,NA,NA,1,0,26,10660,5,16,0
"10661",780,4,7,55,1,0,1,10661,1,18,0
"10662",781,5,7,59.5870759596529,1,0,2,10662,1,18,0
"10663",782,0,9,40.0754293826581,1,0,3,10663,1,18,1
"10664",783,NA,NA,NA,1,0,4,10664,1,18,0
"10665",784,NA,NA,NA,1,0,5,10665,1,18,0
"10666",785,NA,NA,NA,1,0,6,10666,1,18,0
"10667",786,NA,NA,NA,1,0,7,10667,1,18,1
"10668",787,NA,NA,NA,1,0,8,10668,1,18,0
"10669",788,NA,NA,NA,1,0,9,10669,1,18,0
"10670",789,NA,NA,NA,1,0,10,10670,1,18,0
"10671",790,NA,NA,NA,1,0,11,10671,1,18,0
"10672",791,NA,NA,NA,1,0,12,10672,1,18,0
"10673",792,NA,NA,NA,1,0,13,10673,1,18,0
"10674",793,NA,NA,NA,1,0,14,10674,1,18,0
"10675",794,NA,NA,NA,1,0,15,10675,1,18,0
"10676",795,NA,NA,NA,1,0,16,10676,1,18,0
"10677",796,NA,NA,NA,1,0,17,10677,1,18,0
"10678",797,NA,NA,NA,1,0,18,10678,1,18,0
"10679",798,NA,NA,NA,1,0,19,10679,1,18,0
"10680",799,NA,NA,NA,1,0,20,10680,1,18,1
"10681",800,NA,NA,NA,1,0,21,10681,1,18,1
"10682",801,NA,NA,NA,1,0,22,10682,1,18,0
"10683",802,NA,NA,NA,1,0,23,10683,1,18,0
"10684",803,NA,NA,NA,1,0,24,10684,1,18,0
"10685",804,NA,NA,NA,1,0,25,10685,1,18,0
"10686",805,NA,NA,NA,1,0,26,10686,1,18,0
"10687",806,2,10,50,1,0,1,10687,2,18,0
"10688",807,9,0,40.0007487844243,1,0,2,10688,2,18,1
"10689",808,NA,NA,NA,1,0,3,10689,2,18,0
"10690",809,NA,NA,NA,1,0,4,10690,2,18,0
"10691",810,NA,NA,NA,1,0,5,10691,2,18,0
"10692",811,NA,NA,NA,1,0,6,10692,2,18,0
"10693",812,NA,NA,NA,1,0,7,10693,2,18,0
"10694",813,NA,NA,NA,1,0,8,10694,2,18,0
"10695",814,NA,NA,NA,1,0,9,10695,2,18,0
"10696",815,NA,NA,NA,1,0,10,10696,2,18,0
"10697",816,NA,NA,NA,1,0,11,10697,2,18,1
"10698",817,NA,NA,NA,1,0,12,10698,2,18,0
"10699",818,NA,NA,NA,1,0,13,10699,2,18,0
"10700",819,NA,NA,NA,1,0,14,10700,2,18,0
"10701",820,NA,NA,NA,1,0,15,10701,2,18,0
"10702",821,NA,NA,NA,1,0,16,10702,2,18,0
"10703",822,NA,NA,NA,1,0,17,10703,2,18,0
"10704",823,NA,NA,NA,1,0,18,10704,2,18,0
"10705",824,NA,NA,NA,1,0,19,10705,2,18,0
"10706",825,NA,NA,NA,1,0,20,10706,2,18,0
"10707",826,NA,NA,NA,1,0,21,10707,2,18,0
"10708",827,NA,NA,NA,1,0,22,10708,2,18,0
"10709",828,NA,NA,NA,1,0,23,10709,2,18,0
"10710",829,NA,NA,NA,1,0,24,10710,2,18,0
"10711",830,NA,NA,NA,1,0,25,10711,2,18,0
"10712",831,NA,NA,NA,1,0,26,10712,2,18,0
"10713",832,7,5,53,1,0,1,10713,3,18,0
"10714",833,8,5,50.753658000521,1,0,2,10714,3,18,0
"10715",834,1,2,40.0013357565927,1,0,3,10715,3,18,1
"10716",835,NA,NA,NA,1,0,4,10716,3,18,0
"10717",836,NA,NA,NA,1,0,5,10717,3,18,0
"10718",837,NA,NA,NA,1,0,6,10718,3,18,0
"10719",838,NA,NA,NA,1,0,7,10719,3,18,0
"10720",839,NA,NA,NA,1,0,8,10720,3,18,0
"10721",840,NA,NA,NA,1,0,9,10721,3,18,0
"10722",841,NA,NA,NA,1,0,10,10722,3,18,0
"10723",842,NA,NA,NA,1,0,11,10723,3,18,0
"10724",843,NA,NA,NA,1,0,12,10724,3,18,0
"10725",844,NA,NA,NA,1,0,13,10725,3,18,0
"10726",845,NA,NA,NA,1,0,14,10726,3,18,0
"10727",846,NA,NA,NA,1,0,15,10727,3,18,0
"10728",847,NA,NA,NA,1,0,16,10728,3,18,0
"10729",848,NA,NA,NA,1,0,17,10729,3,18,0
"10730",849,NA,NA,NA,1,0,18,10730,3,18,0
"10731",850,NA,NA,NA,1,0,19,10731,3,18,0
"10732",851,NA,NA,NA,1,0,20,10732,3,18,0
"10733",852,NA,NA,NA,1,0,21,10733,3,18,0
"10734",853,NA,NA,NA,1,0,22,10734,3,18,0
"10735",854,NA,NA,NA,1,0,23,10735,3,18,0
"10736",855,NA,NA,NA,1,0,24,10736,3,18,0
"10737",856,NA,NA,NA,1,0,25,10737,3,18,0
"10738",857,NA,NA,NA,1,0,26,10738,3,18,0
"10739",858,2,2,56,1,0,1,10739,4,18,0
"10740",859,2,2,56.7700257945888,1,0,2,10740,4,18,0
"10741",860,2,2,56.7700257945888,1,0,3,10741,4,18,0
"10742",861,1,2,48.6062752292269,1,0,4,10742,4,18,0
"10743",862,3,2,60.9970981326317,1,0,5,10743,4,18,0
"10744",863,3,0,48.6062752292269,1,0,6,10744,4,18,0
"10745",864,4,2,57.0683845170413,1,0,7,10745,4,18,0
"10746",865,2,3,53.4629275365827,1,0,8,10746,4,18,0
"10747",866,9,2,40.9400069494274,1,0,9,10747,4,18,1
"10748",867,NA,NA,NA,1,0,10,10748,4,18,0
"10749",868,NA,NA,NA,1,0,11,10749,4,18,1
"10750",869,NA,NA,NA,1,0,12,10750,4,18,0
"10751",870,NA,NA,NA,1,0,13,10751,4,18,1
"10752",871,NA,NA,NA,1,0,14,10752,4,18,0
"10753",872,NA,NA,NA,1,0,15,10753,4,18,0
"10754",873,NA,NA,NA,1,0,16,10754,4,18,0
"10755",874,NA,NA,NA,1,0,17,10755,4,18,0
"10756",875,NA,NA,NA,1,0,18,10756,4,18,0
"10757",876,NA,NA,NA,1,0,19,10757,4,18,0
"10758",877,NA,NA,NA,1,0,20,10758,4,18,0
"10759",878,NA,NA,NA,1,0,21,10759,4,18,0
"10760",879,NA,NA,NA,1,0,22,10760,4,18,0
"10761",880,NA,NA,NA,1,0,23,10761,4,18,0
"10762",881,NA,NA,NA,1,0,24,10762,4,18,0
"10763",882,NA,NA,NA,1,0,25,10763,4,18,0
"10764",883,NA,NA,NA,1,0,26,10764,4,18,0
"10765",884,1,8,54,1,0,1,10765,5,18,0
"10766",885,1,8,54.5767085564804,1,0,2,10766,5,18,0
"10767",886,2,8,52.5227873928033,1,0,3,10767,5,18,0
"10768",887,2,9,54.7616607069308,1,0,4,10768,5,18,0
"10769",888,3,10,46.2536522953666,1,0,5,10769,5,18,0
"10770",889,0,2,40.00104815909,1,0,6,10770,5,18,1
"10771",890,NA,NA,NA,1,0,7,10771,5,18,0
"10772",891,NA,NA,NA,1,0,8,10772,5,18,1
"10773",892,NA,NA,NA,1,0,9,10773,5,18,1
"10774",893,NA,NA,NA,1,0,10,10774,5,18,0
"10775",894,NA,NA,NA,1,0,11,10775,5,18,0
"10776",895,NA,NA,NA,1,0,12,10776,5,18,1
"10777",896,NA,NA,NA,1,0,13,10777,5,18,0
"10778",897,NA,NA,NA,1,0,14,10778,5,18,0
"10779",898,NA,NA,NA,1,0,15,10779,5,18,0
"10780",899,NA,NA,NA,1,0,16,10780,5,18,1
"10781",900,NA,NA,NA,1,0,17,10781,5,18,1
"10782",901,NA,NA,NA,1,0,18,10782,5,18,0
"10783",902,NA,NA,NA,1,0,19,10783,5,18,0
"10784",903,NA,NA,NA,1,0,20,10784,5,18,0
"10785",904,NA,NA,NA,1,0,21,10785,5,18,0
"10786",905,NA,NA,NA,1,0,22,10786,5,18,0
"10787",906,NA,NA,NA,1,0,23,10787,5,18,0
"10788",907,NA,NA,NA,1,0,24,10788,5,18,0
"10789",908,NA,NA,NA,1,0,25,10789,5,18,0
"10790",909,NA,NA,NA,1,0,26,10790,5,18,0
"10791",910,8,4,57,1,0,1,10791,1,26,0
"10792",911,5,8,48.7081632810955,1,0,2,10792,1,26,0
"10793",912,5,4,40.6410041932199,1,0,3,10793,1,26,1
"10794",913,NA,NA,NA,1,0,4,10794,1,26,0
"10795",914,NA,NA,NA,1,0,5,10795,1,26,0
"10796",915,NA,NA,NA,1,0,6,10796,1,26,1
"10797",916,NA,NA,NA,1,0,7,10797,1,26,1
"10798",917,NA,NA,NA,1,0,8,10798,1,26,1
"10799",918,NA,NA,NA,1,0,9,10799,1,26,0
"10800",919,NA,NA,NA,1,0,10,10800,1,26,0
"10801",920,NA,NA,NA,1,0,11,10801,1,26,1
"10802",921,NA,NA,NA,1,0,12,10802,1,26,1
"10803",922,NA,NA,NA,1,0,13,10803,1,26,1
"10804",923,NA,NA,NA,1,0,14,10804,1,26,0
"10805",924,NA,NA,NA,1,0,15,10805,1,26,0
"10806",925,NA,NA,NA,1,0,16,10806,1,26,0
"10807",926,NA,NA,NA,1,0,17,10807,1,26,0
"10808",927,NA,NA,NA,1,0,18,10808,1,26,0
"10809",928,NA,NA,NA,1,0,19,10809,1,26,0
"10810",929,NA,NA,NA,1,0,20,10810,1,26,0
"10811",930,NA,NA,NA,1,0,21,10811,1,26,0
"10812",931,NA,NA,NA,1,0,22,10812,1,26,0
"10813",932,NA,NA,NA,1,0,23,10813,1,26,0
"10814",933,NA,NA,NA,1,0,24,10814,1,26,0
"10815",934,NA,NA,NA,1,0,25,10815,1,26,0
"10816",935,NA,NA,NA,1,0,26,10816,1,26,0
"10817",936,10,1,50,1,0,1,10817,2,26,0
"10818",937,7,5,40.9886016705764,1,0,2,10818,2,26,1
"10819",938,NA,NA,NA,1,0,3,10819,2,26,0
"10820",939,NA,NA,NA,1,0,4,10820,2,26,0
"10821",940,NA,NA,NA,1,0,5,10821,2,26,0
"10822",941,NA,NA,NA,1,0,6,10822,2,26,0
"10823",942,NA,NA,NA,1,0,7,10823,2,26,0
"10824",943,NA,NA,NA,1,0,8,10824,2,26,0
"10825",944,NA,NA,NA,1,0,9,10825,2,26,0
"10826",945,NA,NA,NA,1,0,10,10826,2,26,0
"10827",946,NA,NA,NA,1,0,11,10827,2,26,0
"10828",947,NA,NA,NA,1,0,12,10828,2,26,0
"10829",948,NA,NA,NA,1,0,13,10829,2,26,0
"10830",949,NA,NA,NA,1,0,14,10830,2,26,0
"10831",950,NA,NA,NA,1,0,15,10831,2,26,0
"10832",951,NA,NA,NA,1,0,16,10832,2,26,0
"10833",952,NA,NA,NA,1,0,17,10833,2,26,0
"10834",953,NA,NA,NA,1,0,18,10834,2,26,0
"10835",954,NA,NA,NA,1,0,19,10835,2,26,0
"10836",955,NA,NA,NA,1,0,20,10836,2,26,0
"10837",956,NA,NA,NA,1,0,21,10837,2,26,0
"10838",957,NA,NA,NA,1,0,22,10838,2,26,0
"10839",958,NA,NA,NA,1,0,23,10839,2,26,0
"10840",959,NA,NA,NA,1,0,24,10840,2,26,0
"10841",960,NA,NA,NA,1,0,25,10841,2,26,0
"10842",961,NA,NA,NA,1,0,26,10842,2,26,0
"10843",962,2,2,52,1,0,1,10843,3,26,0
"10844",963,2,1,46.6509329717515,1,0,2,10844,3,26,0
"10845",964,5,10,65.4351565325827,1,0,3,10845,3,26,0
"10846",965,1,1,48.3059798237019,1,0,4,10846,3,26,0
"10847",966,2,2,52.9553230714029,1,0,5,10847,3,26,0
"10848",967,4,10,89.5409502711099,1,0,6,10848,3,26,0
"10849",968,3,10,101.869251008432,1,0,7,10849,3,26,0
"10850",969,2,10,89.5412011875555,1,0,8,10850,3,26,0
"10851",970,3,9,117.267936882155,1,0,9,10851,3,26,0
"10852",971,2,9,101.874523028906,1,0,10,10852,3,26,0
"10853",972,3,8,101.901206155037,1,0,11,10853,3,26,0
"10854",973,4,9,101.870013225293,1,0,12,10854,3,26,0
"10855",974,2,8,89.6034413143849,1,0,13,10855,3,26,0
"10856",975,4,8,89.5514696812966,1,0,14,10856,3,26,0
"10857",976,3,9,117.267936882155,1,0,15,10857,3,26,0
"10858",977,3,9,117.267936882155,1,0,16,10858,3,26,0
"10859",978,3,9,117.267936882155,1,0,17,10859,3,26,0
"10860",979,3,9,117.267936882155,1,0,18,10860,3,26,0
"10861",980,3,9,117.267936882155,1,0,19,10861,3,26,0
"10862",981,3,9,117.267936882155,1,0,20,10862,3,26,0
"10863",982,3,9,117.267936882155,1,0,21,10863,3,26,0
"10864",983,3,9,117.267936882155,1,0,22,10864,3,26,0
"10865",984,3,10,101.869251008432,1,0,23,10865,3,26,0
"10866",985,3,9,117.267936882155,1,0,24,10866,3,26,0
"10867",986,3,9,117.267936882155,1,0,25,10867,3,26,0
"10868",987,3,9,117.267936882155,1,0,26,10868,3,26,0
"10869",988,4,8,54,1,0,1,10869,4,26,0
"10870",989,1,3,40.3273319103481,1,0,2,10870,4,26,1
"10871",990,NA,NA,NA,1,0,3,10871,4,26,1
"10872",991,NA,NA,NA,1,0,4,10872,4,26,0
"10873",992,NA,NA,NA,1,0,5,10873,4,26,0
"10874",993,NA,NA,NA,1,0,6,10874,4,26,0
"10875",994,NA,NA,NA,1,0,7,10875,4,26,0
"10876",995,NA,NA,NA,1,0,8,10876,4,26,0
"10877",996,NA,NA,NA,1,0,9,10877,4,26,0
"10878",997,NA,NA,NA,1,0,10,10878,4,26,1
"10879",998,NA,NA,NA,1,0,11,10879,4,26,1
"10880",999,NA,NA,NA,1,0,12,10880,4,26,0
"10881",1000,NA,NA,NA,1,0,13,10881,4,26,0
"10882",1001,NA,NA,NA,1,0,14,10882,4,26,0
"10883",1002,NA,NA,NA,1,0,15,10883,4,26,0
"10884",1003,NA,NA,NA,1,0,16,10884,4,26,0
"10885",1004,NA,NA,NA,1,0,17,10885,4,26,0
"10886",1005,NA,NA,NA,1,0,18,10886,4,26,0
"10887",1006,NA,NA,NA,1,0,19,10887,4,26,0
"10888",1007,NA,NA,NA,1,0,20,10888,4,26,0
"10889",1008,NA,NA,NA,1,0,21,10889,4,26,0
"10890",1009,NA,NA,NA,1,0,22,10890,4,26,0
"10891",1010,NA,NA,NA,1,0,23,10891,4,26,0
"10892",1011,NA,NA,NA,1,0,24,10892,4,26,0
"10893",1012,NA,NA,NA,1,0,25,10893,4,26,0
"10894",1013,NA,NA,NA,1,0,26,10894,4,26,0
"10895",1014,6,2,50,1,0,1,10895,5,26,0
"10896",1015,6,3,53.4396697280577,1,0,2,10896,5,26,0
"10897",1016,6,2,50.9287816732922,1,0,3,10897,5,26,0
"10898",1017,4,8,66.671720634456,1,0,4,10898,5,26,0
"10899",1018,3,8,53.6937071578813,1,0,5,10899,5,26,0
"10900",1019,1,8,40.9514855976262,1,0,6,10900,5,26,1
"10901",1020,NA,NA,NA,1,0,7,10901,5,26,0
"10902",1021,NA,NA,NA,1,0,8,10902,5,26,0
"10903",1022,NA,NA,NA,1,0,9,10903,5,26,0
"10904",1023,NA,NA,NA,1,0,10,10904,5,26,0
"10905",1024,NA,NA,NA,1,0,11,10905,5,26,0
"10906",1025,NA,NA,NA,1,0,12,10906,5,26,0
"10907",1026,NA,NA,NA,1,0,13,10907,5,26,0
"10908",1027,NA,NA,NA,1,0,14,10908,5,26,0
"10909",1028,NA,NA,NA,1,0,15,10909,5,26,0
"10910",1029,NA,NA,NA,1,0,16,10910,5,26,0
"10911",1030,NA,NA,NA,1,0,17,10911,5,26,0
"10912",1031,NA,NA,NA,1,0,18,10912,5,26,0
"10913",1032,NA,NA,NA,1,0,19,10913,5,26,0
"10914",1033,NA,NA,NA,1,0,20,10914,5,26,0
"10915",1034,NA,NA,NA,1,0,21,10915,5,26,0
"10916",1035,NA,NA,NA,1,0,22,10916,5,26,0
"10917",1036,NA,NA,NA,1,0,23,10917,5,26,0
"10918",1037,NA,NA,NA,1,0,24,10918,5,26,0
"10919",1038,NA,NA,NA,1,0,25,10919,5,26,0
"10920",1039,NA,NA,NA,1,0,26,10920,5,26,0
"10921",1040,4,7,52,1,0,1,10921,1,29,0
"10922",1041,10,1,40.0000220868397,1,0,2,10922,1,29,1
"10923",1042,NA,NA,NA,1,0,3,10923,1,29,1
"10924",1043,NA,NA,NA,1,0,4,10924,1,29,0
"10925",1044,NA,NA,NA,1,0,5,10925,1,29,1
"10926",1045,NA,NA,NA,1,0,6,10926,1,29,0
"10927",1046,NA,NA,NA,1,0,7,10927,1,29,0
"10928",1047,NA,NA,NA,1,0,8,10928,1,29,0
"10929",1048,NA,NA,NA,1,0,9,10929,1,29,0
"10930",1049,NA,NA,NA,1,0,10,10930,1,29,0
"10931",1050,NA,NA,NA,1,0,11,10931,1,29,0
"10932",1051,NA,NA,NA,1,0,12,10932,1,29,0
"10933",1052,NA,NA,NA,1,0,13,10933,1,29,0
"10934",1053,NA,NA,NA,1,0,14,10934,1,29,0
"10935",1054,NA,NA,NA,1,0,15,10935,1,29,0
"10936",1055,NA,NA,NA,1,0,16,10936,1,29,0
"10937",1056,NA,NA,NA,1,0,17,10937,1,29,0
"10938",1057,NA,NA,NA,1,0,18,10938,1,29,0
"10939",1058,NA,NA,NA,1,0,19,10939,1,29,0
"10940",1059,NA,NA,NA,1,0,20,10940,1,29,0
"10941",1060,NA,NA,NA,1,0,21,10941,1,29,0
"10942",1061,NA,NA,NA,1,0,22,10942,1,29,0
"10943",1062,NA,NA,NA,1,0,23,10943,1,29,0
"10944",1063,NA,NA,NA,1,0,24,10944,1,29,0
"10945",1064,NA,NA,NA,1,0,25,10945,1,29,0
"10946",1065,NA,NA,NA,1,0,26,10946,1,29,0
"10947",1066,5,3,52,1,0,1,10947,2,29,0
"10948",1067,3,9,122.333257500787,1,0,2,10948,2,29,0
"10949",1068,2,9,105.921112076748,1,0,3,10949,2,29,0
"10950",1069,3,10,105.919803741519,1,0,4,10950,2,29,0
"10951",1070,3,8,105.996666209671,1,0,5,10951,2,29,0
"10952",1071,2,10,92.7839138658349,1,0,6,10952,2,29,0
"10953",1072,4,10,92.786495653558,1,0,7,10953,2,29,0
"10954",1073,4,9,105.950864974162,1,0,8,10954,2,29,0
"10955",1074,3,9,122.333257500787,1,0,9,10955,2,29,0
"10956",1075,3,9,122.333257500787,1,0,10,10956,2,29,0
"10957",1076,3,9,122.333257500787,1,0,11,10957,2,29,0
"10958",1077,3,9,122.333257500787,1,0,12,10958,2,29,0
"10959",1078,3,9,122.333257500787,1,0,13,10959,2,29,0
"10960",1079,2,8,92.8001373874606,1,0,14,10960,2,29,0
"10961",1080,3,9,122.333257500787,1,0,15,10961,2,29,0
"10962",1081,3,9,122.333257500787,1,0,16,10962,2,29,0
"10963",1082,3,9,122.333257500787,1,0,17,10963,2,29,0
"10964",1083,3,9,122.333257500787,1,0,18,10964,2,29,0
"10965",1084,3,10,105.919803741519,1,0,19,10965,2,29,0
"10966",1085,4,8,93.0199832155622,1,0,20,10966,2,29,0
"10967",1086,3,9,122.333257500787,1,0,21,10967,2,29,0
"10968",1087,3,9,122.333257500787,1,0,22,10968,2,29,0
"10969",1088,3,9,122.333257500787,1,0,23,10969,2,29,0
"10970",1089,3,9,122.333257500787,1,0,24,10970,2,29,0
"10971",1090,3,9,122.333257500787,1,0,25,10971,2,29,0
"10972",1091,3,9,122.333257500787,1,0,26,10972,2,29,0
"10973",1092,2,1,54,1,0,1,10973,3,29,0
"10974",1093,5,2,58.1599168838521,1,0,2,10974,3,29,0
"10975",1094,3,1,57.9830972175724,1,0,3,10975,3,29,0
"10976",1095,4,1,56.5370323182295,1,0,4,10976,3,29,0
"10977",1096,2,1,54.1681242630355,1,0,5,10977,3,29,0
"10978",1097,5,1,58.6162902884744,1,0,6,10978,3,29,0
"10979",1098,4,2,59.5781048356791,1,0,7,10979,3,29,0
"10980",1099,4,3,55.125434195726,1,0,8,10980,3,29,0
"10981",1100,3,2,62.312800325404,1,0,9,10981,3,29,0
"10982",1101,2,2,57.6812315518143,1,0,10,10982,3,29,0
"10983",1102,10,1,74.498590313917,1,0,11,10983,3,29,0
"10984",1103,10,2,67.6244593053537,1,0,12,10984,3,29,0
"10985",1104,10,0,67.6242169143396,1,0,13,10985,3,29,0
"10986",1105,9,1,107.19936059976,1,0,14,10986,3,29,0
"10987",1106,8,1,123.98271460116,1,0,15,10987,3,29,0
"10988",1107,8,1,123.98271460116,1,0,16,10988,3,29,0
"10989",1108,7,1,107.697866111028,1,0,17,10989,3,29,0
"10990",1109,8,0,107.228486260567,1,0,18,10990,3,29,0
"10991",1110,9,2,93.8116960208156,1,0,19,10991,3,29,0
"10992",1111,8,2,107.278692044471,1,0,20,10992,3,29,0
"10993",1112,8,1,123.98271460116,1,0,21,10993,3,29,0
"10994",1113,8,1,123.98271460116,1,0,22,10994,3,29,0
"10995",1114,8,1,123.98271460116,1,0,23,10995,3,29,0
"10996",1115,7,0,94.0632807109986,1,0,24,10996,3,29,0
"10997",1116,9,0,93.8073394475817,1,0,25,10997,3,29,0
"10998",1117,8,1,123.98271460116,1,0,26,10998,3,29,0
"10999",1118,10,9,51,1,0,1,10999,4,29,0
"11000",1119,10,9,51.6353763505366,1,0,2,11000,4,29,0
"11001",1120,5,8,103.887885124346,1,0,3,11001,4,29,0
"11002",1121,5,7,91.1574192123161,1,0,4,11002,4,29,0
"11003",1122,4,8,119.21015273616,1,0,5,11003,4,29,0
"11004",1123,4,9,103.426531986596,1,0,6,11004,4,29,0
"11005",1124,4,7,103.426531986596,1,0,7,11005,4,29,0
"11006",1125,5,9,91.1574192123161,1,0,8,11006,4,29,0
"11007",1126,4,8,119.21015273616,1,0,9,11007,4,29,0
"11008",1127,4,8,119.21015273616,1,0,10,11008,4,29,0
"11009",1128,3,8,103.376536059051,1,0,11,11009,4,29,0
"11010",1129,4,8,119.21015273616,1,0,12,11010,4,29,0
"11011",1130,10,4,40.4150803385218,1,0,13,11011,4,29,1
"11012",1131,NA,NA,NA,1,0,14,11012,4,29,0
"11013",1132,NA,NA,NA,1,0,15,11013,4,29,0
"11014",1133,NA,NA,NA,1,0,16,11014,4,29,0
"11015",1134,NA,NA,NA,1,0,17,11015,4,29,0
"11016",1135,NA,NA,NA,1,0,18,11016,4,29,0
"11017",1136,NA,NA,NA,1,0,19,11017,4,29,0
"11018",1137,NA,NA,NA,1,0,20,11018,4,29,0
"11019",1138,NA,NA,NA,1,0,21,11019,4,29,0
"11020",1139,NA,NA,NA,1,0,22,11020,4,29,0
"11021",1140,NA,NA,NA,1,0,23,11021,4,29,0
"11022",1141,NA,NA,NA,1,0,24,11022,4,29,0
"11023",1142,NA,NA,NA,1,0,25,11023,4,29,0
"11024",1143,NA,NA,NA,1,0,26,11024,4,29,0
"11025",1144,5,5,54,1,0,1,11025,5,29,0
"11026",1145,5,4,58.1173347023035,1,0,2,11026,5,29,0
"11027",1146,6,4,53.318857893778,1,0,3,11027,5,29,0
"11028",1147,4,4,61.5669147519555,1,0,4,11028,5,29,0
"11029",1148,7,4,56.5873715726913,1,0,5,11029,5,29,0
"11030",1149,8,6,42.1039644417753,1,0,6,11030,5,29,1
"11031",1150,NA,NA,NA,1,0,7,11031,5,29,0
"11032",1151,NA,NA,NA,1,0,8,11032,5,29,0
"11033",1152,NA,NA,NA,1,0,9,11033,5,29,0
"11034",1153,NA,NA,NA,1,0,10,11034,5,29,0
"11035",1154,NA,NA,NA,1,0,11,11035,5,29,0
"11036",1155,NA,NA,NA,1,0,12,11036,5,29,0
"11037",1156,NA,NA,NA,1,0,13,11037,5,29,0
"11038",1157,NA,NA,NA,1,0,14,11038,5,29,0
"11039",1158,NA,NA,NA,1,0,15,11039,5,29,0
"11040",1159,NA,NA,NA,1,0,16,11040,5,29,0
"11041",1160,NA,NA,NA,1,0,17,11041,5,29,0
"11042",1161,NA,NA,NA,1,0,18,11042,5,29,0
"11043",1162,NA,NA,NA,1,0,19,11043,5,29,0
"11044",1163,NA,NA,NA,1,0,20,11044,5,29,0
"11045",1164,NA,NA,NA,1,0,21,11045,5,29,0
"11046",1165,NA,NA,NA,1,0,22,11046,5,29,0
"11047",1166,NA,NA,NA,1,0,23,11047,5,29,0
"11048",1167,NA,NA,NA,1,0,24,11048,5,29,0
"11049",1168,NA,NA,NA,1,0,25,11049,5,29,0
"11050",1169,NA,NA,NA,1,0,26,11050,5,29,0
"11051",1170,3,1,55,1,0,1,11051,1,33,0
"11052",1171,10,3,65.7595177166983,1,0,2,11052,1,33,0
"11053",1172,10,4,53.2253764121024,1,0,3,11053,1,33,0
"11054",1173,10,2,72.1697482147986,1,0,4,11054,1,33,0
"11055",1174,10,1,65.7595251941447,1,0,5,11055,1,33,0
"11056",1175,9,3,90.1728256992534,1,0,6,11056,1,33,0
"11057",1176,9,2,102.658378896099,1,0,7,11057,1,33,0
"11058",1177,8,2,118.255612251936,1,0,8,11058,1,33,0
"11059",1178,8,3,102.66072390066,1,0,9,11059,1,33,0
"11060",1179,8,2,118.255612251936,1,0,10,11060,1,33,0
"11061",1180,7,2,102.717127102862,1,0,11,11061,1,33,0
"11062",1181,7,3,90.2029880343178,1,0,12,11062,1,33,0
"11063",1182,8,2,118.255612251936,1,0,13,11063,1,33,0
"11064",1183,8,1,102.664491199625,1,0,14,11064,1,33,0
"11065",1184,9,1,90.1730353042267,1,0,15,11065,1,33,0
"11066",1185,8,2,118.255612251936,1,0,16,11066,1,33,0
"11067",1186,7,1,90.2464029357981,1,0,17,11067,1,33,0
"11068",1187,8,2,118.255612251936,1,0,18,11068,1,33,0
"11069",1188,8,2,118.255612251936,1,0,19,11069,1,33,0
"11070",1189,8,2,118.255612251936,1,0,20,11070,1,33,0
"11071",1190,8,2,118.255612251936,1,0,21,11071,1,33,0
"11072",1191,8,2,118.255612251936,1,0,22,11072,1,33,0
"11073",1192,8,2,118.255612251936,1,0,23,11073,1,33,0
"11074",1193,8,2,118.255612251936,1,0,24,11074,1,33,0
"11075",1194,8,2,118.255612251936,1,0,25,11075,1,33,0
"11076",1195,8,2,118.255612251936,1,0,26,11076,1,33,0
"11077",1196,8,5,50,1,0,1,11077,2,33,0
"11078",1197,9,6,46.8947501352241,1,0,2,11078,2,33,0
"11079",1198,10,4,40.9330762872948,1,0,3,11079,2,33,1
"11080",1199,NA,NA,NA,1,0,4,11080,2,33,1
"11081",1200,NA,NA,NA,1,0,5,11081,2,33,1
"11082",1201,NA,NA,NA,1,0,6,11082,2,33,1
"11083",1202,NA,NA,NA,1,0,7,11083,2,33,0
"11084",1203,NA,NA,NA,1,0,8,11084,2,33,0
"11085",1204,NA,NA,NA,1,0,9,11085,2,33,0
"11086",1205,NA,NA,NA,1,0,10,11086,2,33,0
"11087",1206,NA,NA,NA,1,0,11,11087,2,33,0
"11088",1207,NA,NA,NA,1,0,12,11088,2,33,0
"11089",1208,NA,NA,NA,1,0,13,11089,2,33,0
"11090",1209,NA,NA,NA,1,0,14,11090,2,33,0
"11091",1210,NA,NA,NA,1,0,15,11091,2,33,0
"11092",1211,NA,NA,NA,1,0,16,11092,2,33,0
"11093",1212,NA,NA,NA,1,0,17,11093,2,33,0
"11094",1213,NA,NA,NA,1,0,18,11094,2,33,0
"11095",1214,NA,NA,NA,1,0,19,11095,2,33,0
"11096",1215,NA,NA,NA,1,0,20,11096,2,33,0
"11097",1216,NA,NA,NA,1,0,21,11097,2,33,0
"11098",1217,NA,NA,NA,1,0,22,11098,2,33,0
"11099",1218,NA,NA,NA,1,0,23,11099,2,33,0
"11100",1219,NA,NA,NA,1,0,24,11100,2,33,0
"11101",1220,NA,NA,NA,1,0,25,11101,2,33,0
"11102",1221,NA,NA,NA,1,0,26,11102,2,33,0
"11103",1222,3,10,53,1,0,1,11103,3,33,0
"11104",1223,3,10,53.1722582202307,1,0,2,11104,3,33,0
"11105",1224,4,10,50.5475198378171,1,0,3,11105,3,33,0
"11106",1225,4,9,53.3879330158142,1,0,4,11106,3,33,0
"11107",1226,2,10,50.5475198378171,1,0,5,11107,3,33,0
"11108",1227,10,3,40.0011679244452,1,0,6,11108,3,33,1
"11109",1228,NA,NA,NA,1,0,7,11109,3,33,1
"11110",1229,NA,NA,NA,1,0,8,11110,3,33,0
"11111",1230,NA,NA,NA,1,0,9,11111,3,33,0
"11112",1231,NA,NA,NA,1,0,10,11112,3,33,0
"11113",1232,NA,NA,NA,1,0,11,11113,3,33,1
"11114",1233,NA,NA,NA,1,0,12,11114,3,33,1
"11115",1234,NA,NA,NA,1,0,13,11115,3,33,1
"11116",1235,NA,NA,NA,1,0,14,11116,3,33,0
"11117",1236,NA,NA,NA,1,0,15,11117,3,33,1
"11118",1237,NA,NA,NA,1,0,16,11118,3,33,0
"11119",1238,NA,NA,NA,1,0,17,11119,3,33,0
"11120",1239,NA,NA,NA,1,0,18,11120,3,33,0
"11121",1240,NA,NA,NA,1,0,19,11121,3,33,0
"11122",1241,NA,NA,NA,1,0,20,11122,3,33,0
"11123",1242,NA,NA,NA,1,0,21,11123,3,33,0
"11124",1243,NA,NA,NA,1,0,22,11124,3,33,0
"11125",1244,NA,NA,NA,1,0,23,11125,3,33,0
"11126",1245,NA,NA,NA,1,0,24,11126,3,33,0
"11127",1246,NA,NA,NA,1,0,25,11127,3,33,0
"11128",1247,NA,NA,NA,1,0,26,11128,3,33,0
"11129",1248,1,7,56,1,0,1,11129,4,33,0
"11130",1249,1,7,56.6780376080248,1,0,2,11130,4,33,0
"11131",1250,2,8,56.5712727053194,1,0,3,11131,4,33,0
"11132",1251,1,8,60.6790454398354,1,0,4,11132,4,33,0
"11133",1252,9,2,40.0271184787564,1,0,5,11133,4,33,1
"11134",1253,NA,NA,NA,1,0,6,11134,4,33,0
"11135",1254,NA,NA,NA,1,0,7,11135,4,33,0
"11136",1255,NA,NA,NA,1,0,8,11136,4,33,0
"11137",1256,NA,NA,NA,1,0,9,11137,4,33,1
"11138",1257,NA,NA,NA,1,0,10,11138,4,33,0
"11139",1258,NA,NA,NA,1,0,11,11139,4,33,0
"11140",1259,NA,NA,NA,1,0,12,11140,4,33,0
"11141",1260,NA,NA,NA,1,0,13,11141,4,33,0
"11142",1261,NA,NA,NA,1,0,14,11142,4,33,0
"11143",1262,NA,NA,NA,1,0,15,11143,4,33,0
"11144",1263,NA,NA,NA,1,0,16,11144,4,33,0
"11145",1264,NA,NA,NA,1,0,17,11145,4,33,0
"11146",1265,NA,NA,NA,1,0,18,11146,4,33,0
"11147",1266,NA,NA,NA,1,0,19,11147,4,33,0
"11148",1267,NA,NA,NA,1,0,20,11148,4,33,0
"11149",1268,NA,NA,NA,1,0,21,11149,4,33,0
"11150",1269,NA,NA,NA,1,0,22,11150,4,33,0
"11151",1270,NA,NA,NA,1,0,23,11151,4,33,0
"11152",1271,NA,NA,NA,1,0,24,11152,4,33,0
"11153",1272,NA,NA,NA,1,0,25,11153,4,33,0
"11154",1273,NA,NA,NA,1,0,26,11154,4,33,0
"11155",1274,2,0,53,1,0,1,11155,5,33,0
"11156",1275,2,0,53.6863740747426,1,0,2,11156,5,33,0
"11157",1276,3,0,50.9588494728118,1,0,3,11157,5,33,0
"11158",1277,1,0,50.9597252714007,1,0,4,11158,5,33,0
"11159",1278,8,4,40.0009771894742,1,0,5,11159,5,33,1
"11160",1279,NA,NA,NA,1,0,6,11160,5,33,0
"11161",1280,NA,NA,NA,1,0,7,11161,5,33,1
"11162",1281,NA,NA,NA,1,0,8,11162,5,33,0
"11163",1282,NA,NA,NA,1,0,9,11163,5,33,0
"11164",1283,NA,NA,NA,1,0,10,11164,5,33,0
"11165",1284,NA,NA,NA,1,0,11,11165,5,33,0
"11166",1285,NA,NA,NA,1,0,12,11166,5,33,1
"11167",1286,NA,NA,NA,1,0,13,11167,5,33,0
"11168",1287,NA,NA,NA,1,0,14,11168,5,33,0
"11169",1288,NA,NA,NA,1,0,15,11169,5,33,0
"11170",1289,NA,NA,NA,1,0,16,11170,5,33,1
"11171",1290,NA,NA,NA,1,0,17,11171,5,33,0
"11172",1291,NA,NA,NA,1,0,18,11172,5,33,1
"11173",1292,NA,NA,NA,1,0,19,11173,5,33,1
"11174",1293,NA,NA,NA,1,0,20,11174,5,33,1
"11175",1294,NA,NA,NA,1,0,21,11175,5,33,0
"11176",1295,NA,NA,NA,1,0,22,11176,5,33,0
"11177",1296,NA,NA,NA,1,0,23,11177,5,33,0
"11178",1297,NA,NA,NA,1,0,24,11178,5,33,0
"11179",1298,NA,NA,NA,1,0,25,11179,5,33,0
"11180",1299,NA,NA,NA,1,0,26,11180,5,33,0
"11181",1300,9,3,53,1,0,1,11181,1,34,0
"11182",1301,9,3,53.3215638125213,1,0,2,11182,1,34,0
"11183",1302,9,3,53.3215638125213,1,0,3,11183,1,34,0
"11184",1303,9,3,53.3215638125213,1,0,4,11184,1,34,0
"11185",1304,9,3,53.3215638125213,1,0,5,11185,1,34,0
"11186",1305,9,3,53.3215638125213,1,0,6,11186,1,34,0
"11187",1306,9,3,53.3215638125213,1,0,7,11187,1,34,0
"11188",1307,9,3,53.3215638125213,1,0,8,11188,1,34,0
"11189",1308,9,3,53.3215638125213,1,0,9,11189,1,34,0
"11190",1309,9,3,53.3215638125213,1,0,10,11190,1,34,0
"11191",1310,9,3,53.3215638125213,1,0,11,11191,1,34,0
"11192",1311,9,3,53.3215638125213,1,0,12,11192,1,34,0
"11193",1312,9,3,53.3215638125213,1,0,13,11193,1,34,0
"11194",1313,9,3,53.3215638125213,1,0,14,11194,1,34,0
"11195",1314,9,3,53.3215638125213,1,0,15,11195,1,34,0
"11196",1315,9,3,53.3215638125213,1,0,16,11196,1,34,0
"11197",1316,9,3,53.3215638125213,1,0,17,11197,1,34,0
"11198",1317,9,3,53.3215638125213,1,0,18,11198,1,34,0
"11199",1318,9,3,53.3215638125213,1,0,19,11199,1,34,0
"11200",1319,9,3,53.3215638125213,1,0,20,11200,1,34,0
"11201",1320,9,3,53.3215638125213,1,0,21,11201,1,34,0
"11202",1321,9,3,53.3215638125213,1,0,22,11202,1,34,0
"11203",1322,9,3,53.3215638125213,1,0,23,11203,1,34,0
"11204",1323,9,3,53.3215638125213,1,0,24,11204,1,34,0
"11205",1324,9,3,53.3215638125213,1,0,25,11205,1,34,0
"11206",1325,9,3,53.3215638125213,1,0,26,11206,1,34,0
"11207",1326,3,4,57,1,0,1,11207,2,34,0
"11208",1327,2,3,47.0585210418654,1,0,2,11208,2,34,0
"11209",1328,2,3,47.0585210418654,1,0,3,11209,2,34,0
"11210",1329,2,3,47.0585210418654,1,0,4,11210,2,34,0
"11211",1330,2,3,47.0585210418654,1,0,5,11211,2,34,0
"11212",1331,2,3,47.0585210418654,1,0,6,11212,2,34,0
"11213",1332,2,3,47.0585210418654,1,0,7,11213,2,34,0
"11214",1333,2,3,47.0585210418654,1,0,8,11214,2,34,0
"11215",1334,2,3,47.0585210418654,1,0,9,11215,2,34,0
"11216",1335,2,3,47.0585210418654,1,0,10,11216,2,34,0
"11217",1336,2,3,47.0585210418654,1,0,11,11217,2,34,0
"11218",1337,2,3,47.0585210418654,1,0,12,11218,2,34,0
"11219",1338,2,3,47.0585210418654,1,0,13,11219,2,34,0
"11220",1339,2,3,47.0585210418654,1,0,14,11220,2,34,0
"11221",1340,2,3,47.0585210418654,1,0,15,11221,2,34,0
"11222",1341,2,3,47.0585210418654,1,0,16,11222,2,34,0
"11223",1342,2,3,47.0585210418654,1,0,17,11223,2,34,0
"11224",1343,2,3,47.0585210418654,1,0,18,11224,2,34,0
"11225",1344,2,3,47.0585210418654,1,0,19,11225,2,34,0
"11226",1345,2,3,47.0585210418654,1,0,20,11226,2,34,0
"11227",1346,2,3,47.0585210418654,1,0,21,11227,2,34,0
"11228",1347,2,3,47.0585210418654,1,0,22,11228,2,34,0
"11229",1348,2,3,47.0585210418654,1,0,23,11229,2,34,0
"11230",1349,2,3,47.0585210418654,1,0,24,11230,2,34,0
"11231",1350,2,3,47.0585210418654,1,0,25,11231,2,34,0
"11232",1351,2,3,47.0585210418654,1,0,26,11232,2,34,0
"11233",1352,3,9,54,1,0,1,11233,3,34,0
"11234",1353,3,9,54.7935525645209,1,0,2,11234,3,34,0
"11235",1354,3,9,54.7935525645209,1,0,3,11235,3,34,0
"11236",1355,3,9,54.7935525645209,1,0,4,11236,3,34,0
"11237",1356,3,9,54.7935525645209,1,0,5,11237,3,34,0
"11238",1357,3,9,54.7935525645209,1,0,6,11238,3,34,0
"11239",1358,3,9,54.7935525645209,1,0,7,11239,3,34,0
"11240",1359,3,9,54.7935525645209,1,0,8,11240,3,34,0
"11241",1360,3,9,54.7935525645209,1,0,9,11241,3,34,0
"11242",1361,3,9,54.7935525645209,1,0,10,11242,3,34,0
"11243",1362,3,9,54.7935525645209,1,0,11,11243,3,34,0
"11244",1363,3,9,54.7935525645209,1,0,12,11244,3,34,0
"11245",1364,3,9,54.7935525645209,1,0,13,11245,3,34,0
"11246",1365,3,9,54.7935525645209,1,0,14,11246,3,34,0
"11247",1366,3,9,54.7935525645209,1,0,15,11247,3,34,0
"11248",1367,3,9,54.7935525645209,1,0,16,11248,3,34,0
"11249",1368,3,9,54.7935525645209,1,0,17,11249,3,34,0
"11250",1369,3,9,54.7935525645209,1,0,18,11250,3,34,0
"11251",1370,3,9,54.7935525645209,1,0,19,11251,3,34,0
"11252",1371,3,9,54.7935525645209,1,0,20,11252,3,34,0
"11253",1372,3,9,54.7935525645209,1,0,21,11253,3,34,0
"11254",1373,3,9,54.7935525645209,1,0,22,11254,3,34,0
"11255",1374,3,9,54.7935525645209,1,0,23,11255,3,34,0
"11256",1375,3,9,54.7935525645209,1,0,24,11256,3,34,0
"11257",1376,3,9,54.7935525645209,1,0,25,11257,3,34,0
"11258",1377,3,9,54.7935525645209,1,0,26,11258,3,34,0
"11259",1378,7,5,53,1,0,1,11259,4,34,0
"11260",1379,2,10,102.958413281561,1,0,2,11260,4,34,0
"11261",1380,2,10,102.958413281561,1,0,3,11261,4,34,0
"11262",1381,2,10,102.958413281561,1,0,4,11262,4,34,0
"11263",1382,2,10,102.958413281561,1,0,5,11263,4,34,0
"11264",1383,2,10,102.958413281561,1,0,6,11264,4,34,0
"11265",1384,2,10,102.958413281561,1,0,7,11265,4,34,0
"11266",1385,2,10,102.958413281561,1,0,8,11266,4,34,0
"11267",1386,2,10,102.958413281561,1,0,9,11267,4,34,0
"11268",1387,2,10,102.958413281561,1,0,10,11268,4,34,0
"11269",1388,2,10,102.958413281561,1,0,11,11269,4,34,0
"11270",1389,2,10,102.958413281561,1,0,12,11270,4,34,0
"11271",1390,2,10,102.958413281561,1,0,13,11271,4,34,0
"11272",1391,2,10,102.958413281561,1,0,14,11272,4,34,0
"11273",1392,2,10,102.958413281561,1,0,15,11273,4,34,0
"11274",1393,2,10,102.958413281561,1,0,16,11274,4,34,0
"11275",1394,2,10,102.958413281561,1,0,17,11275,4,34,0
"11276",1395,2,10,102.958413281561,1,0,18,11276,4,34,0
"11277",1396,2,10,102.958413281561,1,0,19,11277,4,34,0
"11278",1397,2,10,102.958413281561,1,0,20,11278,4,34,0
"11279",1398,2,10,102.958413281561,1,0,21,11279,4,34,0
"11280",1399,2,10,102.958413281561,1,0,22,11280,4,34,0
"11281",1400,2,10,102.958413281561,1,0,23,11281,4,34,0
"11282",1401,2,10,102.958413281561,1,0,24,11282,4,34,0
"11283",1402,2,10,102.958413281561,1,0,25,11283,4,34,0
"11284",1403,2,10,102.958413281561,1,0,26,11284,4,34,0
"11285",1404,2,10,50,1,0,1,11285,5,34,0
"11286",1405,5,3,65.7252478430328,1,0,2,11286,5,34,0
"11287",1406,5,3,65.7252478430328,1,0,3,11287,5,34,0
"11288",1407,5,3,65.7252478430328,1,0,4,11288,5,34,0
"11289",1408,5,3,65.7252478430328,1,0,5,11289,5,34,0
"11290",1409,5,3,65.7252478430328,1,0,6,11290,5,34,0
"11291",1410,5,3,65.7252478430328,1,0,7,11291,5,34,0
"11292",1411,5,3,65.7252478430328,1,0,8,11292,5,34,0
"11293",1412,5,3,65.7252478430328,1,0,9,11293,5,34,0
"11294",1413,5,3,65.7252478430328,1,0,10,11294,5,34,0
"11295",1414,5,3,65.7252478430328,1,0,11,11295,5,34,0
"11296",1415,5,3,65.7252478430328,1,0,12,11296,5,34,0
"11297",1416,5,3,65.7252478430328,1,0,13,11297,5,34,0
"11298",1417,5,3,65.7252478430328,1,0,14,11298,5,34,0
"11299",1418,5,3,65.7252478430328,1,0,15,11299,5,34,0
"11300",1419,5,3,65.7252478430328,1,0,16,11300,5,34,0
"11301",1420,5,3,65.7252478430328,1,0,17,11301,5,34,0
"11302",1421,5,3,65.7252478430328,1,0,18,11302,5,34,0
"11303",1422,5,3,65.7252478430328,1,0,19,11303,5,34,0
"11304",1423,4,0,41.7873218813526,1,0,20,11304,5,34,1
"11305",1424,NA,NA,NA,1,0,21,11305,5,34,0
"11306",1425,NA,NA,NA,1,0,22,11306,5,34,0
"11307",1426,NA,NA,NA,1,0,23,11307,5,34,0
"11308",1427,NA,NA,NA,1,0,24,11308,5,34,0
"11309",1428,NA,NA,NA,1,0,25,11309,5,34,0
"11310",1429,NA,NA,NA,1,0,26,11310,5,34,0
"11311",1430,3,1,56,1,0,1,11311,1,35,0
"11312",1431,4,6,51.2306479526684,1,0,2,11312,1,35,0
"11313",1432,5,6,72.9070705434918,1,0,3,11313,1,35,0
"11314",1433,9,9,44.4202196139599,1,0,4,11314,1,35,1
"11315",1434,NA,NA,NA,1,0,5,11315,1,35,0
"11316",1435,NA,NA,NA,1,0,6,11316,1,35,0
"11317",1436,NA,NA,NA,1,0,7,11317,1,35,0
"11318",1437,NA,NA,NA,1,0,8,11318,1,35,0
"11319",1438,NA,NA,NA,1,0,9,11319,1,35,1
"11320",1439,NA,NA,NA,1,0,10,11320,1,35,0
"11321",1440,NA,NA,NA,1,0,11,11321,1,35,0
"11322",1441,NA,NA,NA,1,0,12,11322,1,35,0
"11323",1442,NA,NA,NA,1,0,13,11323,1,35,1
"11324",1443,NA,NA,NA,1,0,14,11324,1,35,0
"11325",1444,NA,NA,NA,1,0,15,11325,1,35,0
"11326",1445,NA,NA,NA,1,0,16,11326,1,35,0
"11327",1446,NA,NA,NA,1,0,17,11327,1,35,0
"11328",1447,NA,NA,NA,1,0,18,11328,1,35,0
"11329",1448,NA,NA,NA,1,0,19,11329,1,35,0
"11330",1449,NA,NA,NA,1,0,20,11330,1,35,0
"11331",1450,NA,NA,NA,1,0,21,11331,1,35,0
"11332",1451,NA,NA,NA,1,0,22,11332,1,35,0
"11333",1452,NA,NA,NA,1,0,23,11333,1,35,0
"11334",1453,NA,NA,NA,1,0,24,11334,1,35,0
"11335",1454,NA,NA,NA,1,0,25,11335,1,35,0
"11336",1455,NA,NA,NA,1,0,26,11336,1,35,0
"11337",1456,2,1,54,1,0,1,11337,2,35,0
"11338",1457,5,1,58.6162902884744,1,0,2,11338,2,35,0
"11339",1458,2,7,40.0682765312053,1,0,3,11339,2,35,1
"11340",1459,NA,NA,NA,1,0,4,11340,2,35,1
"11341",1460,NA,NA,NA,1,0,5,11341,2,35,1
"11342",1461,NA,NA,NA,1,0,6,11342,2,35,1
"11343",1462,NA,NA,NA,1,0,7,11343,2,35,0
"11344",1463,NA,NA,NA,1,0,8,11344,2,35,1
"11345",1464,NA,NA,NA,1,0,9,11345,2,35,1
"11346",1465,NA,NA,NA,1,0,10,11346,2,35,0
"11347",1466,NA,NA,NA,1,0,11,11347,2,35,0
"11348",1467,NA,NA,NA,1,0,12,11348,2,35,1
"11349",1468,NA,NA,NA,1,0,13,11349,2,35,0
"11350",1469,NA,NA,NA,1,0,14,11350,2,35,1
"11351",1470,NA,NA,NA,1,0,15,11351,2,35,0
"11352",1471,NA,NA,NA,1,0,16,11352,2,35,0
"11353",1472,NA,NA,NA,1,0,17,11353,2,35,0
"11354",1473,NA,NA,NA,1,0,18,11354,2,35,0
"11355",1474,NA,NA,NA,1,0,19,11355,2,35,0
"11356",1475,NA,NA,NA,1,0,20,11356,2,35,0
"11357",1476,NA,NA,NA,1,0,21,11357,2,35,0
"11358",1477,NA,NA,NA,1,0,22,11358,2,35,0
"11359",1478,NA,NA,NA,1,0,23,11359,2,35,0
"11360",1479,NA,NA,NA,1,0,24,11360,2,35,0
"11361",1480,NA,NA,NA,1,0,25,11361,2,35,0
"11362",1481,NA,NA,NA,1,0,26,11362,2,35,0
"11363",1482,1,10,54,1,0,1,11363,3,35,0
"11364",1483,9,4,44.5200737175196,1,0,2,11364,3,35,1
"11365",1484,NA,NA,NA,1,0,3,11365,3,35,0
"11366",1485,NA,NA,NA,1,0,4,11366,3,35,1
"11367",1486,NA,NA,NA,1,0,5,11367,3,35,1
"11368",1487,NA,NA,NA,1,0,6,11368,3,35,1
"11369",1488,NA,NA,NA,1,0,7,11369,3,35,1
"11370",1489,NA,NA,NA,1,0,8,11370,3,35,0
"11371",1490,NA,NA,NA,1,0,9,11371,3,35,0
"11372",1491,NA,NA,NA,1,0,10,11372,3,35,1
"11373",1492,NA,NA,NA,1,0,11,11373,3,35,0
"11374",1493,NA,NA,NA,1,0,12,11374,3,35,1
"11375",1494,NA,NA,NA,1,0,13,11375,3,35,1
"11376",1495,NA,NA,NA,1,0,14,11376,3,35,0
"11377",1496,NA,NA,NA,1,0,15,11377,3,35,1
"11378",1497,NA,NA,NA,1,0,16,11378,3,35,0
"11379",1498,NA,NA,NA,1,0,17,11379,3,35,0
"11380",1499,NA,NA,NA,1,0,18,11380,3,35,0
"11381",1500,NA,NA,NA,1,0,19,11381,3,35,1
"11382",1501,NA,NA,NA,1,0,20,11382,3,35,1
"11383",1502,NA,NA,NA,1,0,21,11383,3,35,0
"11384",1503,NA,NA,NA,1,0,22,11384,3,35,0
"11385",1504,NA,NA,NA,1,0,23,11385,3,35,1
"11386",1505,NA,NA,NA,1,0,24,11386,3,35,0
"11387",1506,NA,NA,NA,1,0,25,11387,3,35,0
"11388",1507,NA,NA,NA,1,0,26,11388,3,35,0
"11389",1508,6,8,54,1,0,1,11389,4,35,0
"11390",1509,9,5,41.0144401503248,1,0,2,11390,4,35,1
"11391",1510,NA,NA,NA,1,0,3,11391,4,35,0
"11392",1511,NA,NA,NA,1,0,4,11392,4,35,0
"11393",1512,NA,NA,NA,1,0,5,11393,4,35,1
"11394",1513,NA,NA,NA,1,0,6,11394,4,35,1
"11395",1514,NA,NA,NA,1,0,7,11395,4,35,1
"11396",1515,NA,NA,NA,1,0,8,11396,4,35,0
"11397",1516,NA,NA,NA,1,0,9,11397,4,35,0
"11398",1517,NA,NA,NA,1,0,10,11398,4,35,0
"11399",1518,NA,NA,NA,1,0,11,11399,4,35,0
"11400",1519,NA,NA,NA,1,0,12,11400,4,35,1
"11401",1520,NA,NA,NA,1,0,13,11401,4,35,1
"11402",1521,NA,NA,NA,1,0,14,11402,4,35,0
"11403",1522,NA,NA,NA,1,0,15,11403,4,35,0
"11404",1523,NA,NA,NA,1,0,16,11404,4,35,0
"11405",1524,NA,NA,NA,1,0,17,11405,4,35,0
"11406",1525,NA,NA,NA,1,0,18,11406,4,35,0
"11407",1526,NA,NA,NA,1,0,19,11407,4,35,0
"11408",1527,NA,NA,NA,1,0,20,11408,4,35,0
"11409",1528,NA,NA,NA,1,0,21,11409,4,35,0
"11410",1529,NA,NA,NA,1,0,22,11410,4,35,0
"11411",1530,NA,NA,NA,1,0,23,11411,4,35,0
"11412",1531,NA,NA,NA,1,0,24,11412,4,35,0
"11413",1532,NA,NA,NA,1,0,25,11413,4,35,0
"11414",1533,NA,NA,NA,1,0,26,11414,4,35,0
"11415",1534,2,2,55,1,0,1,11415,5,35,0
"11416",1535,4,5,40.5264625609292,1,0,2,11416,5,35,1
"11417",1536,NA,NA,NA,1,0,3,11417,5,35,1
"11418",1537,NA,NA,NA,1,0,4,11418,5,35,0
"11419",1538,NA,NA,NA,1,0,5,11419,5,35,0
"11420",1539,NA,NA,NA,1,0,6,11420,5,35,0
"11421",1540,NA,NA,NA,1,0,7,11421,5,35,0
"11422",1541,NA,NA,NA,1,0,8,11422,5,35,0
"11423",1542,NA,NA,NA,1,0,9,11423,5,35,1
"11424",1543,NA,NA,NA,1,0,10,11424,5,35,1
"11425",1544,NA,NA,NA,1,0,11,11425,5,35,0
"11426",1545,NA,NA,NA,1,0,12,11426,5,35,0
"11427",1546,NA,NA,NA,1,0,13,11427,5,35,0
"11428",1547,NA,NA,NA,1,0,14,11428,5,35,0
"11429",1548,NA,NA,NA,1,0,15,11429,5,35,0
"11430",1549,NA,NA,NA,1,0,16,11430,5,35,1
"11431",1550,NA,NA,NA,1,0,17,11431,5,35,0
"11432",1551,NA,NA,NA,1,0,18,11432,5,35,0
"11433",1552,NA,NA,NA,1,0,19,11433,5,35,0
"11434",1553,NA,NA,NA,1,0,20,11434,5,35,0
"11435",1554,NA,NA,NA,1,0,21,11435,5,35,0
"11436",1555,NA,NA,NA,1,0,22,11436,5,35,0
"11437",1556,NA,NA,NA,1,0,23,11437,5,35,0
"11438",1557,NA,NA,NA,1,0,24,11438,5,35,0
"11439",1558,NA,NA,NA,1,0,25,11439,5,35,0
"11440",1559,NA,NA,NA,1,0,26,11440,5,35,0
"11441",1560,2,2,55,1,0,1,11441,1,36,0
"11442",1561,2,2,55.4728357621481,1,0,2,11442,1,36,0
"11443",1562,0,3,47.943731850173,1,0,3,11443,1,36,0
"11444",1563,5,3,42.8601286163078,1,0,4,11444,1,36,1
"11445",1564,NA,NA,NA,1,0,5,11445,1,36,1
"11446",1565,NA,NA,NA,1,0,6,11446,1,36,0
"11447",1566,NA,NA,NA,1,0,7,11447,1,36,0
"11448",1567,NA,NA,NA,1,0,8,11448,1,36,0
"11449",1568,NA,NA,NA,1,0,9,11449,1,36,0
"11450",1569,NA,NA,NA,1,0,10,11450,1,36,0
"11451",1570,NA,NA,NA,1,0,11,11451,1,36,0
"11452",1571,NA,NA,NA,1,0,12,11452,1,36,0
"11453",1572,NA,NA,NA,1,0,13,11453,1,36,1
"11454",1573,NA,NA,NA,1,0,14,11454,1,36,0
"11455",1574,NA,NA,NA,1,0,15,11455,1,36,0
"11456",1575,NA,NA,NA,1,0,16,11456,1,36,0
"11457",1576,NA,NA,NA,1,0,17,11457,1,36,0
"11458",1577,NA,NA,NA,1,0,18,11458,1,36,0
"11459",1578,NA,NA,NA,1,0,19,11459,1,36,0
"11460",1579,NA,NA,NA,1,0,20,11460,1,36,0
"11461",1580,NA,NA,NA,1,0,21,11461,1,36,0
"11462",1581,NA,NA,NA,1,0,22,11462,1,36,1
"11463",1582,NA,NA,NA,1,0,23,11463,1,36,0
"11464",1583,NA,NA,NA,1,0,24,11464,1,36,0
"11465",1584,NA,NA,NA,1,0,25,11465,1,36,1
"11466",1585,NA,NA,NA,1,0,26,11466,1,36,0
"11467",1586,1,6,56,1,0,1,11467,2,36,0
"11468",1587,1,6,56.9848433800353,1,0,2,11468,2,36,0
"11469",1588,1,7,53.6000668329386,1,0,3,11469,2,36,0
"11470",1589,1,6,56.9848433800353,1,0,4,11470,2,36,0
"11471",1590,1,5,53.6009180207323,1,0,5,11471,2,36,0
"11472",1591,2,6,61.230859336854,1,0,6,11472,2,36,0
"11473",1592,1,4,46.9833594437754,1,0,7,11473,2,36,0
"11474",1593,3,6,57.2234148017901,1,0,8,11474,2,36,0
"11475",1594,3,9,42.307044037026,1,0,9,11475,2,36,1
"11476",1595,NA,NA,NA,1,0,10,11476,2,36,0
"11477",1596,NA,NA,NA,1,0,11,11477,2,36,0
"11478",1597,NA,NA,NA,1,0,12,11478,2,36,0
"11479",1598,NA,NA,NA,1,0,13,11479,2,36,0
"11480",1599,NA,NA,NA,1,0,14,11480,2,36,0
"11481",1600,NA,NA,NA,1,0,15,11481,2,36,0
"11482",1601,NA,NA,NA,1,0,16,11482,2,36,0
"11483",1602,NA,NA,NA,1,0,17,11483,2,36,0
"11484",1603,NA,NA,NA,1,0,18,11484,2,36,0
"11485",1604,NA,NA,NA,1,0,19,11485,2,36,0
"11486",1605,NA,NA,NA,1,0,20,11486,2,36,0
"11487",1606,NA,NA,NA,1,0,21,11487,2,36,0
"11488",1607,NA,NA,NA,1,0,22,11488,2,36,0
"11489",1608,NA,NA,NA,1,0,23,11489,2,36,0
"11490",1609,NA,NA,NA,1,0,24,11490,2,36,0
"11491",1610,NA,NA,NA,1,0,25,11491,2,36,0
"11492",1611,NA,NA,NA,1,0,26,11492,2,36,0
"11493",1612,1,10,54,1,0,1,11493,3,36,0
"11494",1613,0,10,51.5695045085653,1,0,2,11494,3,36,0
"11495",1614,0,9,54.4512787136123,1,0,3,11495,3,36,0
"11496",1615,1,9,58.08536171196,1,0,4,11496,3,36,0
"11497",1616,0,7,45.9614046665713,1,0,5,11497,3,36,1
"11498",1617,NA,NA,NA,1,0,6,11498,3,36,0
"11499",1618,NA,NA,NA,1,0,7,11499,3,36,0
"11500",1619,NA,NA,NA,1,0,8,11500,3,36,0
"11501",1620,NA,NA,NA,1,0,9,11501,3,36,0
"11502",1621,NA,NA,NA,1,0,10,11502,3,36,0
"11503",1622,NA,NA,NA,1,0,11,11503,3,36,0
"11504",1623,NA,NA,NA,1,0,12,11504,3,36,0
"11505",1624,NA,NA,NA,1,0,13,11505,3,36,1
"11506",1625,NA,NA,NA,1,0,14,11506,3,36,0
"11507",1626,NA,NA,NA,1,0,15,11507,3,36,0
"11508",1627,NA,NA,NA,1,0,16,11508,3,36,0
"11509",1628,NA,NA,NA,1,0,17,11509,3,36,0
"11510",1629,NA,NA,NA,1,0,18,11510,3,36,0
"11511",1630,NA,NA,NA,1,0,19,11511,3,36,0
"11512",1631,NA,NA,NA,1,0,20,11512,3,36,0
"11513",1632,NA,NA,NA,1,0,21,11513,3,36,0
"11514",1633,NA,NA,NA,1,0,22,11514,3,36,0
"11515",1634,NA,NA,NA,1,0,23,11515,3,36,0
"11516",1635,NA,NA,NA,1,0,24,11516,3,36,1
"11517",1636,NA,NA,NA,1,0,25,11517,3,36,0
"11518",1637,NA,NA,NA,1,0,26,11518,3,36,0
"11519",1638,2,9,51,1,0,1,11519,4,36,0
"11520",1639,3,8,58.7998697833986,1,0,2,11520,4,36,0
"11521",1640,5,7,46.4184250255564,1,0,3,11521,4,36,0
"11522",1641,4,8,54.9820145158932,1,0,4,11522,4,36,0
"11523",1642,2,8,55.1656531414362,1,0,5,11523,4,36,0
"11524",1643,3,10,47.6274076001778,1,0,6,11524,4,36,0
"11525",1644,2,7,54.1982056944266,1,0,7,11525,4,36,0
"11526",1645,2,9,51.9210636079902,1,0,8,11526,4,36,0
"11527",1646,4,8,54.9820145158932,1,0,9,11527,4,36,0
"11528",1647,3,9,54.8754810469809,1,0,10,11528,4,36,0
"11529",1648,4,7,52.8412895883584,1,0,11,11529,4,36,0
"11530",1649,3,9,54.8754810469809,1,0,12,11530,4,36,0
"11531",1650,3,7,56.6988738873465,1,0,13,11531,4,36,0
"11532",1651,5,8,47.6684049800704,1,0,14,11532,4,36,0
"11533",1652,3,4,92.2499399686077,1,0,15,11533,4,36,0
"11534",1653,2,4,105.014826482329,1,0,16,11534,4,36,0
"11535",1654,2,3,120.721221338618,1,0,17,11535,4,36,0
"11536",1655,2,3,120.721221338618,1,0,18,11536,4,36,0
"11537",1656,2,3,120.721221338618,1,0,19,11537,4,36,0
"11538",1657,2,3,120.721221338618,1,0,20,11538,4,36,0
"11539",1658,1,3,104.620002153773,1,0,21,11539,4,36,0
"11540",1659,2,3,120.721221338618,1,0,22,11540,4,36,0
"11541",1660,3,3,104.662233333701,1,0,23,11541,4,36,0
"11542",1661,2,3,120.721221338618,1,0,24,11542,4,36,0
"11543",1662,2,3,120.721221338618,1,0,25,11543,4,36,0
"11544",1663,2,3,120.721221338618,1,0,26,11544,4,36,0
"11545",1664,6,2,59,1,0,1,11545,5,36,0
"11546",1665,6,3,64.6826693539916,1,0,2,11546,5,36,0
"11547",1666,7,1,48.1111383007515,1,0,3,11547,5,36,0
"11548",1667,8,2,48.1112015658286,1,0,4,11548,5,36,0
"11549",1668,4,3,50.3859658668302,1,0,5,11549,5,36,0
"11550",1669,6,4,60.0498805575611,1,0,6,11550,5,36,0
"11551",1670,6,3,64.6826693539916,1,0,7,11551,5,36,0
"11552",1671,6,4,60.0498805575611,1,0,8,11552,5,36,0
"11553",1672,6,3,64.6826693539916,1,0,9,11553,5,36,0
"11554",1673,6,2,59.7333927165308,1,0,10,11554,5,36,0
"11555",1674,7,3,59.738779899663,1,0,11,11555,5,36,0
"11556",1675,6,2,59.7333927165308,1,0,12,11556,5,36,0
"11557",1676,6,3,64.6826693539916,1,0,13,11557,5,36,0
"11558",1677,4,4,50.0059077014246,1,0,14,11558,5,36,0
"11559",1678,6,3,64.6826693539916,1,0,15,11559,5,36,0
"11560",1679,7,2,55.7990479728925,1,0,16,11560,5,36,0
"11561",1680,5,3,59.8612900205776,1,0,17,11561,5,36,0
"11562",1681,6,3,64.6826693539916,1,0,18,11562,5,36,0
"11563",1682,5,4,56.7710838783843,1,0,19,11563,5,36,0
"11564",1683,5,3,59.8612900205776,1,0,20,11564,5,36,0
"11565",1684,7,3,59.738779899663,1,0,21,11565,5,36,0
"11566",1685,6,3,64.6826693539916,1,0,22,11566,5,36,0
"11567",1686,6,3,64.6826693539916,1,0,23,11567,5,36,0
"11568",1687,6,3,64.6826693539916,1,0,24,11568,5,36,0
"11569",1688,5,3,59.8612900205776,1,0,25,11569,5,36,0
"11570",1689,6,3,64.6826693539916,1,0,26,11570,5,36,0
"11571",1690,1,2,52,1,0,1,11571,1,38,0
"11572",1691,1,2,52.3891733788038,1,0,2,11572,1,38,0
"11573",1692,2,2,55.4728357621481,1,0,3,11573,1,38,0
"11574",1693,1,3,55.4732604364245,1,0,4,11574,1,38,0
"11575",1694,2,3,59.331030923842,1,0,5,11575,1,38,0
"11576",1695,2,4,55.5366955298451,1,0,6,11576,1,38,0
"11577",1696,2,1,47.9436713713208,1,0,7,11577,1,38,0
"11578",1697,3,4,52.6952154915274,1,0,8,11578,1,38,0
"11579",1698,3,3,55.5135090999876,1,0,9,11579,1,38,0
"11580",1699,3,2,52.3926659295967,1,0,10,11580,1,38,0
"11581",1700,6,10,72.5562687614233,1,0,11,11581,1,38,0
"11582",1701,6,9,103.411118009905,1,0,12,11582,1,38,0
"11583",1702,7,9,90.7755307462081,1,0,13,11583,1,38,0
"11584",1703,6,8,119.192805570968,1,0,14,11584,1,38,0
"11585",1704,7,8,103.411221629152,1,0,15,11585,1,38,0
"11586",1705,6,8,119.192805570968,1,0,16,11586,1,38,0
"11587",1706,6,8,119.192805570968,1,0,17,11587,1,38,0
"11588",1707,6,8,119.192805570968,1,0,18,11588,1,38,0
"11589",1708,6,8,119.192805570968,1,0,19,11589,1,38,0
"11590",1709,6,8,119.192805570968,1,0,20,11590,1,38,0
"11591",1710,6,8,119.192805570968,1,0,21,11591,1,38,0
"11592",1711,6,8,119.192805570968,1,0,22,11592,1,38,0
"11593",1712,6,8,119.192805570968,1,0,23,11593,1,38,0
"11594",1713,6,7,103.426699601163,1,0,24,11594,1,38,0
"11595",1714,7,7,90.7776394852742,1,0,25,11595,1,38,0
"11596",1715,6,8,119.192805570968,1,0,26,11596,1,38,0
"11597",1716,8,7,53,1,0,1,11597,2,38,0
"11598",1717,8,7,53.4243268432186,1,0,2,11598,2,38,0
"11599",1718,7,7,54.5391460671469,1,0,3,11599,2,38,0
"11600",1719,6,6,54.3835425090958,1,0,4,11600,2,38,0
"11601",1720,7,8,58.1571961222066,1,0,5,11601,2,38,0
"11602",1721,8,8,56.7649553952625,1,0,6,11602,2,38,0
"11603",1722,7,6,47.4646464869886,1,0,7,11603,2,38,0
"11604",1723,5,6,66.2650947891299,1,0,8,11604,2,38,0
"11605",1724,5,5,48.6462850286915,1,0,9,11605,2,38,0
"11606",1725,5,7,91.1574192123161,1,0,10,11606,2,38,0
"11607",1726,6,7,68.0153153759228,1,0,11,11607,2,38,0
"11608",1727,5,8,103.887885124346,1,0,12,11608,2,38,0
"11609",1728,6,8,74.9868949219467,1,0,13,11609,2,38,0
"11610",1729,4,8,119.21015273616,1,0,14,11610,2,38,0
"11611",1730,4,7,103.426531986596,1,0,15,11611,2,38,0
"11612",1731,4,8,119.21015273616,1,0,16,11612,2,38,0
"11613",1732,4,8,119.21015273616,1,0,17,11613,2,38,0
"11614",1733,4,8,119.21015273616,1,0,18,11614,2,38,0
"11615",1734,4,8,119.21015273616,1,0,19,11615,2,38,0
"11616",1735,4,8,119.21015273616,1,0,20,11616,2,38,0
"11617",1736,4,8,119.21015273616,1,0,21,11617,2,38,0
"11618",1737,4,8,119.21015273616,1,0,22,11618,2,38,0
"11619",1738,4,8,119.21015273616,1,0,23,11619,2,38,0
"11620",1739,4,8,119.21015273616,1,0,24,11620,2,38,0
"11621",1740,4,8,119.21015273616,1,0,25,11621,2,38,0
"11622",1741,4,8,119.21015273616,1,0,26,11622,2,38,0
"11623",1742,1,7,51,1,0,1,11623,3,38,0
"11624",1743,1,7,51.0386861597763,1,0,2,11624,3,38,0
"11625",1744,1,8,53.6351227772656,1,0,3,11625,3,38,0
"11626",1745,10,4,40.0006257063908,1,0,4,11626,3,38,1
"11627",1746,NA,NA,NA,1,0,5,11627,3,38,1
"11628",1747,NA,NA,NA,1,0,6,11628,3,38,0
"11629",1748,NA,NA,NA,1,0,7,11629,3,38,0
"11630",1749,NA,NA,NA,1,0,8,11630,3,38,0
"11631",1750,NA,NA,NA,1,0,9,11631,3,38,0
"11632",1751,NA,NA,NA,1,0,10,11632,3,38,0
"11633",1752,NA,NA,NA,1,0,11,11633,3,38,0
"11634",1753,NA,NA,NA,1,0,12,11634,3,38,0
"11635",1754,NA,NA,NA,1,0,13,11635,3,38,0
"11636",1755,NA,NA,NA,1,0,14,11636,3,38,0
"11637",1756,NA,NA,NA,1,0,15,11637,3,38,0
"11638",1757,NA,NA,NA,1,0,16,11638,3,38,0
"11639",1758,NA,NA,NA,1,0,17,11639,3,38,0
"11640",1759,NA,NA,NA,1,0,18,11640,3,38,0
"11641",1760,NA,NA,NA,1,0,19,11641,3,38,0
"11642",1761,NA,NA,NA,1,0,20,11642,3,38,0
"11643",1762,NA,NA,NA,1,0,21,11643,3,38,0
"11644",1763,NA,NA,NA,1,0,22,11644,3,38,0
"11645",1764,NA,NA,NA,1,0,23,11645,3,38,0
"11646",1765,NA,NA,NA,1,0,24,11646,3,38,0
"11647",1766,NA,NA,NA,1,0,25,11647,3,38,0
"11648",1767,NA,NA,NA,1,0,26,11648,3,38,1
"11649",1768,5,3,52,1,0,1,11649,4,38,0
"11650",1769,5,3,52.9108289489955,1,0,2,11650,4,38,0
"11651",1770,3,9,122.333257500787,1,0,3,11651,4,38,0
"11652",1771,3,9,122.333257500787,1,0,4,11652,4,38,0
"11653",1772,3,9,122.333257500787,1,0,5,11653,4,38,0
"11654",1773,3,9,122.333257500787,1,0,6,11654,4,38,0
"11655",1774,4,9,105.950864974162,1,0,7,11655,4,38,0
"11656",1775,3,8,105.996666209671,1,0,8,11656,4,38,0
"11657",1776,3,9,122.333257500787,1,0,9,11657,4,38,0
"11658",1777,4,8,93.0199832155622,1,0,10,11658,4,38,0
"11659",1778,3,9,122.333257500787,1,0,11,11659,4,38,0
"11660",1779,3,9,122.333257500787,1,0,12,11660,4,38,0
"11661",1780,3,9,122.333257500787,1,0,13,11661,4,38,0
"11662",1781,3,9,122.333257500787,1,0,14,11662,4,38,0
"11663",1782,3,9,122.333257500787,1,0,15,11663,4,38,0
"11664",1783,3,9,122.333257500787,1,0,16,11664,4,38,0
"11665",1784,3,9,122.333257500787,1,0,17,11665,4,38,0
"11666",1785,3,9,122.333257500787,1,0,18,11666,4,38,0
"11667",1786,3,9,122.333257500787,1,0,19,11667,4,38,0
"11668",1787,3,9,122.333257500787,1,0,20,11668,4,38,0
"11669",1788,3,9,122.333257500787,1,0,21,11669,4,38,0
"11670",1789,3,9,122.333257500787,1,0,22,11670,4,38,0
"11671",1790,3,9,122.333257500787,1,0,23,11671,4,38,0
"11672",1791,3,9,122.333257500787,1,0,24,11672,4,38,0
"11673",1792,3,9,122.333257500787,1,0,25,11673,4,38,0
"11674",1793,3,9,122.333257500787,1,0,26,11674,4,38,0
"11675",1794,1,9,56,1,0,1,11675,5,38,0
"11676",1795,1,9,56.5501782222322,1,0,2,11676,5,38,0
"11677",1796,2,9,53.2530582020015,1,0,3,11677,5,38,0
"11678",1797,1,8,60.6790454398354,1,0,4,11678,5,38,0
"11679",1798,2,8,56.5712727053194,1,0,5,11679,5,38,0
"11680",1799,0,8,56.5532280151442,1,0,6,11680,5,38,0
"11681",1800,0,7,53.2941446447889,1,0,7,11681,5,38,0
"11682",1801,1,7,56.6780376080248,1,0,8,11682,5,38,0
"11683",1802,0,9,53.2520542315606,1,0,9,11683,5,38,0
"11684",1803,9,0,40.0111487380279,1,0,10,11684,5,38,1
"11685",1804,NA,NA,NA,1,0,11,11685,5,38,0
"11686",1805,NA,NA,NA,1,0,12,11686,5,38,0
"11687",1806,NA,NA,NA,1,0,13,11687,5,38,0
"11688",1807,NA,NA,NA,1,0,14,11688,5,38,1
"11689",1808,NA,NA,NA,1,0,15,11689,5,38,1
"11690",1809,NA,NA,NA,1,0,16,11690,5,38,0
"11691",1810,NA,NA,NA,1,0,17,11691,5,38,0
"11692",1811,NA,NA,NA,1,0,18,11692,5,38,0
"11693",1812,NA,NA,NA,1,0,19,11693,5,38,0
"11694",1813,NA,NA,NA,1,0,20,11694,5,38,0
"11695",1814,NA,NA,NA,1,0,21,11695,5,38,0
"11696",1815,NA,NA,NA,1,0,22,11696,5,38,0
"11697",1816,NA,NA,NA,1,0,23,11697,5,38,0
"11698",1817,NA,NA,NA,1,0,24,11698,5,38,0
"11699",1818,NA,NA,NA,1,0,25,11699,5,38,0
"11700",1819,NA,NA,NA,1,0,26,11700,5,38,0
"11701",1820,6,10,52,1,0,1,11701,1,40,0
"11702",1821,4,2,40.93774689893,1,0,2,11702,1,40,1
"11703",1822,NA,NA,NA,1,0,3,11703,1,40,1
"11704",1823,NA,NA,NA,1,0,4,11704,1,40,1
"11705",1824,NA,NA,NA,1,0,5,11705,1,40,1
"11706",1825,NA,NA,NA,1,0,6,11706,1,40,0
"11707",1826,NA,NA,NA,1,0,7,11707,1,40,0
"11708",1827,NA,NA,NA,1,0,8,11708,1,40,0
"11709",1828,NA,NA,NA,1,0,9,11709,1,40,0
"11710",1829,NA,NA,NA,1,0,10,11710,1,40,0
"11711",1830,NA,NA,NA,1,0,11,11711,1,40,0
"11712",1831,NA,NA,NA,1,0,12,11712,1,40,0
"11713",1832,NA,NA,NA,1,0,13,11713,1,40,0
"11714",1833,NA,NA,NA,1,0,14,11714,1,40,0
"11715",1834,NA,NA,NA,1,0,15,11715,1,40,0
"11716",1835,NA,NA,NA,1,0,16,11716,1,40,0
"11717",1836,NA,NA,NA,1,0,17,11717,1,40,0
"11718",1837,NA,NA,NA,1,0,18,11718,1,40,0
"11719",1838,NA,NA,NA,1,0,19,11719,1,40,0
"11720",1839,NA,NA,NA,1,0,20,11720,1,40,0
"11721",1840,NA,NA,NA,1,0,21,11721,1,40,0
"11722",1841,NA,NA,NA,1,0,22,11722,1,40,0
"11723",1842,NA,NA,NA,1,0,23,11723,1,40,0
"11724",1843,NA,NA,NA,1,0,24,11724,1,40,0
"11725",1844,NA,NA,NA,1,0,25,11725,1,40,0
"11726",1845,NA,NA,NA,1,0,26,11726,1,40,0
"11727",1846,8,7,53,1,0,1,11727,2,40,0
"11728",1847,9,7,54.7492631769039,1,0,2,11728,2,40,0
"11729",1848,3,7,90.7479628897879,1,0,3,11729,2,40,0
"11730",1849,3,6,66.0548729036478,1,0,4,11730,2,40,0
"11731",1850,4,7,103.426531986596,1,0,5,11731,2,40,0
"11732",1851,4,8,119.21015273616,1,0,6,11732,2,40,0
"11733",1852,3,8,103.376536059051,1,0,7,11733,2,40,0
"11734",1853,4,8,119.21015273616,1,0,8,11734,2,40,0
"11735",1854,4,9,103.426531986596,1,0,9,11735,2,40,0
"11736",1855,5,8,103.887885124346,1,0,10,11736,2,40,0
"11737",1856,5,9,91.1574192123161,1,0,11,11737,2,40,0
"11738",1857,5,7,91.1574192123161,1,0,12,11738,2,40,0
"11739",1858,4,8,119.21015273616,1,0,13,11739,2,40,0
"11740",1859,5,9,91.1574192123161,1,0,14,11740,2,40,0
"11741",1860,4,9,103.426531986596,1,0,15,11741,2,40,0
"11742",1861,3,9,90.7479628897879,1,0,16,11742,2,40,0
"11743",1862,4,8,119.21015273616,1,0,17,11743,2,40,0
"11744",1863,4,8,119.21015273616,1,0,18,11744,2,40,0
"11745",1864,4,8,119.21015273616,1,0,19,11745,2,40,0
"11746",1865,4,8,119.21015273616,1,0,20,11746,2,40,0
"11747",1866,4,9,103.426531986596,1,0,21,11747,2,40,0
"11748",1867,6,8,74.9868949219467,1,0,22,11748,2,40,0
"11749",1868,4,8,119.21015273616,1,0,23,11749,2,40,0
"11750",1869,4,7,103.426531986596,1,0,24,11750,2,40,0
"11751",1870,4,8,119.21015273616,1,0,25,11751,2,40,0
"11752",1871,4,8,119.21015273616,1,0,26,11752,2,40,0
"11753",1872,3,1,56,1,0,1,11753,3,40,0
"11754",1873,7,3,51.2306479526684,1,0,2,11754,3,40,0
"11755",1874,4,1,53.4629275365827,1,0,3,11755,3,40,0
"11756",1875,3,1,56.7700257945888,1,0,4,11756,3,40,0
"11757",1876,5,5,67.3177139482092,1,0,5,11757,3,40,0
"11758",1877,3,2,60.9970981326317,1,0,6,11758,3,40,0
"11759",1878,1,10,40.0007670342356,1,0,7,11759,3,40,1
"11760",1879,NA,NA,NA,1,0,8,11760,3,40,0
"11761",1880,NA,NA,NA,1,0,9,11761,3,40,1
"11762",1881,NA,NA,NA,1,0,10,11762,3,40,0
"11763",1882,NA,NA,NA,1,0,11,11763,3,40,0
"11764",1883,NA,NA,NA,1,0,12,11764,3,40,0
"11765",1884,NA,NA,NA,1,0,13,11765,3,40,0
"11766",1885,NA,NA,NA,1,0,14,11766,3,40,0
"11767",1886,NA,NA,NA,1,0,15,11767,3,40,0
"11768",1887,NA,NA,NA,1,0,16,11768,3,40,0
"11769",1888,NA,NA,NA,1,0,17,11769,3,40,0
"11770",1889,NA,NA,NA,1,0,18,11770,3,40,0
"11771",1890,NA,NA,NA,1,0,19,11771,3,40,0
"11772",1891,NA,NA,NA,1,0,20,11772,3,40,0
"11773",1892,NA,NA,NA,1,0,21,11773,3,40,0
"11774",1893,NA,NA,NA,1,0,22,11774,3,40,0
"11775",1894,NA,NA,NA,1,0,23,11775,3,40,0
"11776",1895,NA,NA,NA,1,0,24,11776,3,40,0
"11777",1896,NA,NA,NA,1,0,25,11777,3,40,0
"11778",1897,NA,NA,NA,1,0,26,11778,3,40,0
"11779",1898,2,0,55,1,0,1,11779,4,40,0
"11780",1899,2,0,55.2809509950638,1,0,2,11780,4,40,0
"11781",1900,7,0,65.8185457127471,1,0,3,11781,4,40,0
"11782",1901,8,3,102.66072390066,1,0,4,11782,4,40,0
"11783",1902,9,3,90.1728256992534,1,0,5,11783,4,40,0
"11784",1903,8,4,72.1706038295335,1,0,6,11784,4,40,0
"11785",1904,8,2,118.255612251936,1,0,7,11785,4,40,0
"11786",1905,9,2,102.658378896099,1,0,8,11786,4,40,0
"11787",1906,8,1,102.664491199625,1,0,9,11787,4,40,0
"11788",1907,7,2,102.717127102862,1,0,10,11788,4,40,0
"11789",1908,8,0,72.1748606151252,1,0,11,11789,4,40,0
"11790",1909,7,1,90.2464029357981,1,0,12,11790,4,40,0
"11791",1910,8,2,118.255612251936,1,0,13,11791,4,40,0
"11792",1911,8,2,118.255612251936,1,0,14,11792,4,40,0
"11793",1912,8,2,118.255612251936,1,0,15,11793,4,40,0
"11794",1913,8,2,118.255612251936,1,0,16,11794,4,40,0
"11795",1914,8,2,118.255612251936,1,0,17,11795,4,40,0
"11796",1915,9,1,90.1730353042267,1,0,18,11796,4,40,0
"11797",1916,8,2,118.255612251936,1,0,19,11797,4,40,0
"11798",1917,8,2,118.255612251936,1,0,20,11798,4,40,0
"11799",1918,7,3,90.2029880343178,1,0,21,11799,4,40,0
"11800",1919,8,2,118.255612251936,1,0,22,11800,4,40,0
"11801",1920,9,2,102.658378896099,1,0,23,11801,4,40,0
"11802",1921,8,2,118.255612251936,1,0,24,11802,4,40,0
"11803",1922,8,2,118.255612251936,1,0,25,11803,4,40,0
"11804",1923,8,1,102.664491199625,1,0,26,11804,4,40,0
"11805",1924,10,5,54,1,0,1,11805,5,40,0
"11806",1925,9,4,61.2191632461105,1,0,2,11806,5,40,0
"11807",1926,10,5,54.3879612226605,1,0,3,11807,5,40,0
"11808",1927,0,6,40.0000073581624,1,0,4,11808,5,40,1
"11809",1928,NA,NA,NA,1,0,5,11809,5,40,0
"11810",1929,NA,NA,NA,1,0,6,11810,5,40,1
"11811",1930,NA,NA,NA,1,0,7,11811,5,40,0
"11812",1931,NA,NA,NA,1,0,8,11812,5,40,1
"11813",1932,NA,NA,NA,1,0,9,11813,5,40,1
"11814",1933,NA,NA,NA,1,0,10,11814,5,40,1
"11815",1934,NA,NA,NA,1,0,11,11815,5,40,1
"11816",1935,NA,NA,NA,1,0,12,11816,5,40,1
"11817",1936,NA,NA,NA,1,0,13,11817,5,40,1
"11818",1937,NA,NA,NA,1,0,14,11818,5,40,0
"11819",1938,NA,NA,NA,1,0,15,11819,5,40,0
"11820",1939,NA,NA,NA,1,0,16,11820,5,40,0
"11821",1940,NA,NA,NA,1,0,17,11821,5,40,0
"11822",1941,NA,NA,NA,1,0,18,11822,5,40,0
"11823",1942,NA,NA,NA,1,0,19,11823,5,40,0
"11824",1943,NA,NA,NA,1,0,20,11824,5,40,0
"11825",1944,NA,NA,NA,1,0,21,11825,5,40,0
"11826",1945,NA,NA,NA,1,0,22,11826,5,40,0
"11827",1946,NA,NA,NA,1,0,23,11827,5,40,0
"11828",1947,NA,NA,NA,1,0,24,11828,5,40,0
"11829",1948,NA,NA,NA,1,0,25,11829,5,40,0
"11830",1949,NA,NA,NA,1,0,26,11830,5,40,0
"11831",1950,1,6,56,1,0,1,11831,1,41,0
"11832",1951,1,7,53.6000668329386,1,0,2,11832,1,41,0
"11833",1952,0,5,46.9822536087833,1,0,3,11833,1,41,0
"11834",1953,1,6,56.9848433800353,1,0,4,11834,1,41,0
"11835",1954,2,7,56.9943662421435,1,0,5,11835,1,41,0
"11836",1955,6,8,44.5578077845527,1,0,6,11836,1,41,1
"11837",1956,NA,NA,NA,1,0,7,11837,1,41,0
"11838",1957,NA,NA,NA,1,0,8,11838,1,41,0
"11839",1958,NA,NA,NA,1,0,9,11839,1,41,0
"11840",1959,NA,NA,NA,1,0,10,11840,1,41,0
"11841",1960,NA,NA,NA,1,0,11,11841,1,41,0
"11842",1961,NA,NA,NA,1,0,12,11842,1,41,0
"11843",1962,NA,NA,NA,1,0,13,11843,1,41,0
"11844",1963,NA,NA,NA,1,0,14,11844,1,41,1
"11845",1964,NA,NA,NA,1,0,15,11845,1,41,0
"11846",1965,NA,NA,NA,1,0,16,11846,1,41,1
"11847",1966,NA,NA,NA,1,0,17,11847,1,41,0
"11848",1967,NA,NA,NA,1,0,18,11848,1,41,1
"11849",1968,NA,NA,NA,1,0,19,11849,1,41,0
"11850",1969,NA,NA,NA,1,0,20,11850,1,41,1
"11851",1970,NA,NA,NA,1,0,21,11851,1,41,0
"11852",1971,NA,NA,NA,1,0,22,11852,1,41,1
"11853",1972,NA,NA,NA,1,0,23,11853,1,41,0
"11854",1973,NA,NA,NA,1,0,24,11854,1,41,0
"11855",1974,NA,NA,NA,1,0,25,11855,1,41,0
"11856",1975,NA,NA,NA,1,0,26,11856,1,41,0
"11857",1976,1,4,56,1,0,1,11857,2,41,0
"11858",1977,1,4,56.3005980640761,1,0,2,11858,2,41,0
"11859",1978,1,5,49.2133318943056,1,0,3,11859,2,41,0
"11860",1979,2,6,50.5624985640149,1,0,4,11860,2,41,0
"11861",1980,2,4,53.1933493017401,1,0,5,11861,2,41,0
"11862",1981,0,3,56.1813062846648,1,0,6,11862,2,41,0
"11863",1982,1,3,60.2142811540137,1,0,7,11863,2,41,0
"11864",1983,3,5,45.6217994136481,1,0,8,11864,2,41,1
"11865",1984,NA,NA,NA,1,0,9,11865,2,41,0
"11866",1985,NA,NA,NA,1,0,10,11866,2,41,0
"11867",1986,NA,NA,NA,1,0,11,11867,2,41,0
"11868",1987,NA,NA,NA,1,0,12,11868,2,41,1
"11869",1988,NA,NA,NA,1,0,13,11869,2,41,0
"11870",1989,NA,NA,NA,1,0,14,11870,2,41,1
"11871",1990,NA,NA,NA,1,0,15,11871,2,41,0
"11872",1991,NA,NA,NA,1,0,16,11872,2,41,0
"11873",1992,NA,NA,NA,1,0,17,11873,2,41,1
"11874",1993,NA,NA,NA,1,0,18,11874,2,41,0
"11875",1994,NA,NA,NA,1,0,19,11875,2,41,1
"11876",1995,NA,NA,NA,1,0,20,11876,2,41,0
"11877",1996,NA,NA,NA,1,0,21,11877,2,41,0
"11878",1997,NA,NA,NA,1,0,22,11878,2,41,0
"11879",1998,NA,NA,NA,1,0,23,11879,2,41,0
"11880",1999,NA,NA,NA,1,0,24,11880,2,41,0
"11881",2000,NA,NA,NA,1,0,25,11881,2,41,0
"11882",2001,NA,NA,NA,1,0,26,11882,2,41,0
"11883",2002,2,7,53,1,0,1,11883,3,41,0
"11884",2003,1,7,56.6780376080248,1,0,2,11884,3,41,0
"11885",2004,1,8,60.6790454398354,1,0,3,11885,3,41,0
"11886",2005,2,7,53.5020942801781,1,0,4,11886,3,41,0
"11887",2006,0,8,56.5532280151442,1,0,5,11887,3,41,0
"11888",2007,1,9,56.5501782222322,1,0,6,11888,3,41,0
"11889",2008,2,8,56.5712727053194,1,0,7,11889,3,41,0
"11890",2009,0,9,53.2520542315606,1,0,8,11890,3,41,0
"11891",2010,3,6,45.8023571784612,1,0,9,11891,3,41,1
"11892",2011,NA,NA,NA,1,0,10,11892,3,41,0
"11893",2012,NA,NA,NA,1,0,11,11893,3,41,0
"11894",2013,NA,NA,NA,1,0,12,11894,3,41,0
"11895",2014,NA,NA,NA,1,0,13,11895,3,41,0
"11896",2015,NA,NA,NA,1,0,14,11896,3,41,0
"11897",2016,NA,NA,NA,1,0,15,11897,3,41,0
"11898",2017,NA,NA,NA,1,0,16,11898,3,41,0
"11899",2018,NA,NA,NA,1,0,17,11899,3,41,0
"11900",2019,NA,NA,NA,1,0,18,11900,3,41,0
"11901",2020,NA,NA,NA,1,0,19,11901,3,41,0
"11902",2021,NA,NA,NA,1,0,20,11902,3,41,0
"11903",2022,NA,NA,NA,1,0,21,11903,3,41,0
"11904",2023,NA,NA,NA,1,0,22,11904,3,41,0
"11905",2024,NA,NA,NA,1,0,23,11905,3,41,0
"11906",2025,NA,NA,NA,1,0,24,11906,3,41,0
"11907",2026,NA,NA,NA,1,0,25,11907,3,41,0
"11908",2027,NA,NA,NA,1,0,26,11908,3,41,0
"11909",2028,4,1,53,1,0,1,11909,4,41,0
"11910",2029,3,1,56.7700257945888,1,0,2,11910,4,41,0
"11911",2030,3,0,48.6062752292269,1,0,3,11911,4,41,0
"11912",2031,9,3,44.4258422566792,1,0,4,11912,4,41,1
"11913",2032,NA,NA,NA,1,0,5,11913,4,41,1
"11914",2033,NA,NA,NA,1,0,6,11914,4,41,1
"11915",2034,NA,NA,NA,1,0,7,11915,4,41,1
"11916",2035,NA,NA,NA,1,0,8,11916,4,41,1
"11917",2036,NA,NA,NA,1,0,9,11917,4,41,0
"11918",2037,NA,NA,NA,1,0,10,11918,4,41,1
"11919",2038,NA,NA,NA,1,0,11,11919,4,41,0
"11920",2039,NA,NA,NA,1,0,12,11920,4,41,0
"11921",2040,NA,NA,NA,1,0,13,11921,4,41,0
"11922",2041,NA,NA,NA,1,0,14,11922,4,41,0
"11923",2042,NA,NA,NA,1,0,15,11923,4,41,0
"11924",2043,NA,NA,NA,1,0,16,11924,4,41,0
"11925",2044,NA,NA,NA,1,0,17,11925,4,41,0
"11926",2045,NA,NA,NA,1,0,18,11926,4,41,0
"11927",2046,NA,NA,NA,1,0,19,11927,4,41,0
"11928",2047,NA,NA,NA,1,0,20,11928,4,41,0
"11929",2048,NA,NA,NA,1,0,21,11929,4,41,0
"11930",2049,NA,NA,NA,1,0,22,11930,4,41,0
"11931",2050,NA,NA,NA,1,0,23,11931,4,41,0
"11932",2051,NA,NA,NA,1,0,24,11932,4,41,0
"11933",2052,NA,NA,NA,1,0,25,11933,4,41,0
"11934",2053,NA,NA,NA,1,0,26,11934,4,41,0
"11935",2054,1,9,50,1,0,1,11935,5,41,0
"11936",2055,1,8,53.6351227772656,1,0,2,11936,5,41,0
"11937",2056,10,4,40.0006257063908,1,0,3,11937,5,41,1
"11938",2057,NA,NA,NA,1,0,4,11938,5,41,0
"11939",2058,NA,NA,NA,1,0,5,11939,5,41,0
"11940",2059,NA,NA,NA,1,0,6,11940,5,41,0
"11941",2060,NA,NA,NA,1,0,7,11941,5,41,0
"11942",2061,NA,NA,NA,1,0,8,11942,5,41,0
"11943",2062,NA,NA,NA,1,0,9,11943,5,41,0
"11944",2063,NA,NA,NA,1,0,10,11944,5,41,0
"11945",2064,NA,NA,NA,1,0,11,11945,5,41,0
"11946",2065,NA,NA,NA,1,0,12,11946,5,41,1
"11947",2066,NA,NA,NA,1,0,13,11947,5,41,0
"11948",2067,NA,NA,NA,1,0,14,11948,5,41,0
"11949",2068,NA,NA,NA,1,0,15,11949,5,41,1
"11950",2069,NA,NA,NA,1,0,16,11950,5,41,0
"11951",2070,NA,NA,NA,1,0,17,11951,5,41,0
"11952",2071,NA,NA,NA,1,0,18,11952,5,41,0
"11953",2072,NA,NA,NA,1,0,19,11953,5,41,0
"11954",2073,NA,NA,NA,1,0,20,11954,5,41,0
"11955",2074,NA,NA,NA,1,0,21,11955,5,41,0
"11956",2075,NA,NA,NA,1,0,22,11956,5,41,0
"11957",2076,NA,NA,NA,1,0,23,11957,5,41,0
"11958",2077,NA,NA,NA,1,0,24,11958,5,41,0
"11959",2078,NA,NA,NA,1,0,25,11959,5,41,0
"11960",2079,NA,NA,NA,1,0,26,11960,5,41,0
"11961",2080,5,4,58,1,0,1,11961,1,42,0
"11962",2081,6,5,48.5404382328891,1,0,2,11962,1,42,0
"11963",2082,6,1,49.9679899118529,1,0,3,11963,1,42,0
"11964",2083,7,2,74.4830135060714,1,0,4,11964,1,42,0
"11965",2084,7,2,74.4830135060714,1,0,5,11965,1,42,0
"11966",2085,7,2,74.4830135060714,1,0,6,11966,1,42,0
"11967",2086,7,2,74.4830135060714,1,0,7,11967,1,42,0
"11968",2087,7,3,68.9799527571484,1,0,8,11968,1,42,0
"11969",2088,7,2,74.4830135060714,1,0,9,11969,1,42,0
"11970",2089,7,3,68.9799527571484,1,0,10,11970,1,42,0
"11971",2090,7,2,74.4830135060714,1,0,11,11971,1,42,0
"11972",2091,7,2,74.4830135060714,1,0,12,11972,1,42,0
"11973",2092,7,2,74.4830135060714,1,0,13,11973,1,42,0
"11974",2093,7,3,68.9799527571484,1,0,14,11974,1,42,0
"11975",2094,7,2,74.4830135060714,1,0,15,11975,1,42,0
"11976",2095,7,2,74.4830135060714,1,0,16,11976,1,42,0
"11977",2096,7,2,74.4830135060714,1,0,17,11977,1,42,0
"11978",2097,7,2,74.4830135060714,1,0,18,11978,1,42,0
"11979",2098,7,2,74.4830135060714,1,0,19,11979,1,42,0
"11980",2099,7,3,68.9799527571484,1,0,20,11980,1,42,0
"11981",2100,7,2,74.4830135060714,1,0,21,11981,1,42,0
"11982",2101,7,2,74.4830135060714,1,0,22,11982,1,42,0
"11983",2102,7,2,74.4830135060714,1,0,23,11983,1,42,0
"11984",2103,7,3,68.9799527571484,1,0,24,11984,1,42,0
"11985",2104,7,2,74.4830135060714,1,0,25,11985,1,42,0
"11986",2105,7,2,74.4830135060714,1,0,26,11986,1,42,0
"11987",2106,1,0,50,1,0,1,11987,2,42,0
"11988",2107,8,6,40.0012130276541,1,0,2,11988,2,42,1
"11989",2108,NA,NA,NA,1,0,3,11989,2,42,1
"11990",2109,NA,NA,NA,1,0,4,11990,2,42,0
"11991",2110,NA,NA,NA,1,0,5,11991,2,42,0
"11992",2111,NA,NA,NA,1,0,6,11992,2,42,0
"11993",2112,NA,NA,NA,1,0,7,11993,2,42,0
"11994",2113,NA,NA,NA,1,0,8,11994,2,42,0
"11995",2114,NA,NA,NA,1,0,9,11995,2,42,0
"11996",2115,NA,NA,NA,1,0,10,11996,2,42,0
"11997",2116,NA,NA,NA,1,0,11,11997,2,42,0
"11998",2117,NA,NA,NA,1,0,12,11998,2,42,0
"11999",2118,NA,NA,NA,1,0,13,11999,2,42,0
"12000",2119,NA,NA,NA,1,0,14,12000,2,42,0
"12001",2120,NA,NA,NA,1,0,15,12001,2,42,0
"12002",2121,NA,NA,NA,1,0,16,12002,2,42,0
"12003",2122,NA,NA,NA,1,0,17,12003,2,42,0
"12004",2123,NA,NA,NA,1,0,18,12004,2,42,0
"12005",2124,NA,NA,NA,1,0,19,12005,2,42,0
"12006",2125,NA,NA,NA,1,0,20,12006,2,42,0
"12007",2126,NA,NA,NA,1,0,21,12007,2,42,0
"12008",2127,NA,NA,NA,1,0,22,12008,2,42,0
"12009",2128,NA,NA,NA,1,0,23,12009,2,42,0
"12010",2129,NA,NA,NA,1,0,24,12010,2,42,0
"12011",2130,NA,NA,NA,1,0,25,12011,2,42,0
"12012",2131,NA,NA,NA,1,0,26,12012,2,42,0
"12013",2132,5,8,53,1,0,1,12013,3,42,0
"12014",2133,5,1,40.000052837815,1,0,2,12014,3,42,1
"12015",2134,NA,NA,NA,1,0,3,12015,3,42,0
"12016",2135,NA,NA,NA,1,0,4,12016,3,42,0
"12017",2136,NA,NA,NA,1,0,5,12017,3,42,0
"12018",2137,NA,NA,NA,1,0,6,12018,3,42,0
"12019",2138,NA,NA,NA,1,0,7,12019,3,42,0
"12020",2139,NA,NA,NA,1,0,8,12020,3,42,0
"12021",2140,NA,NA,NA,1,0,9,12021,3,42,0
"12022",2141,NA,NA,NA,1,0,10,12022,3,42,0
"12023",2142,NA,NA,NA,1,0,11,12023,3,42,0
"12024",2143,NA,NA,NA,1,0,12,12024,3,42,0
"12025",2144,NA,NA,NA,1,0,13,12025,3,42,0
"12026",2145,NA,NA,NA,1,0,14,12026,3,42,0
"12027",2146,NA,NA,NA,1,0,15,12027,3,42,1
"12028",2147,NA,NA,NA,1,0,16,12028,3,42,1
"12029",2148,NA,NA,NA,1,0,17,12029,3,42,0
"12030",2149,NA,NA,NA,1,0,18,12030,3,42,1
"12031",2150,NA,NA,NA,1,0,19,12031,3,42,0
"12032",2151,NA,NA,NA,1,0,20,12032,3,42,0
"12033",2152,NA,NA,NA,1,0,21,12033,3,42,0
"12034",2153,NA,NA,NA,1,0,22,12034,3,42,0
"12035",2154,NA,NA,NA,1,0,23,12035,3,42,0
"12036",2155,NA,NA,NA,1,0,24,12036,3,42,0
"12037",2156,NA,NA,NA,1,0,25,12037,3,42,0
"12038",2157,NA,NA,NA,1,0,26,12038,3,42,0
"12039",2158,0,9,53,1,0,1,12039,4,42,0
"12040",2159,0,9,53.2520542315606,1,0,2,12040,4,42,0
"12041",2160,0,9,53.2520542315606,1,0,3,12041,4,42,0
"12042",2161,1,9,56.5501782222322,1,0,4,12042,4,42,0
"12043",2162,3,4,73.476635742281,1,0,5,12043,4,42,0
"12044",2163,3,4,73.476635742281,1,0,6,12044,4,42,0
"12045",2164,3,4,73.476635742281,1,0,7,12045,4,42,0
"12046",2165,3,4,73.476635742281,1,0,8,12046,4,42,0
"12047",2166,3,4,73.476635742281,1,0,9,12047,4,42,0
"12048",2167,3,4,73.476635742281,1,0,10,12048,4,42,0
"12049",2168,3,4,73.476635742281,1,0,11,12049,4,42,0
"12050",2169,3,4,73.476635742281,1,0,12,12050,4,42,0
"12051",2170,3,4,73.476635742281,1,0,13,12051,4,42,0
"12052",2171,3,4,73.476635742281,1,0,14,12052,4,42,0
"12053",2172,3,4,73.476635742281,1,0,15,12053,4,42,0
"12054",2173,3,4,73.476635742281,1,0,16,12054,4,42,0
"12055",2174,3,3,104.76368465735,1,0,17,12055,4,42,0
"12056",2175,3,3,104.76368465735,1,0,18,12056,4,42,0
"12057",2176,3,2,120.841882451672,1,0,19,12057,4,42,0
"12058",2177,3,2,120.841882451672,1,0,20,12058,4,42,0
"12059",2178,3,2,120.841882451672,1,0,21,12059,4,42,0
"12060",2179,3,2,120.841882451672,1,0,22,12060,4,42,0
"12061",2180,3,2,120.841882451672,1,0,23,12061,4,42,0
"12062",2181,3,2,120.841882451672,1,0,24,12062,4,42,0
"12063",2182,3,2,120.841882451672,1,0,25,12063,4,42,0
"12064",2183,3,2,120.841882451672,1,0,26,12064,4,42,0
"12065",2184,3,7,56,1,0,1,12065,5,42,0
"12066",2185,3,7,56.6988738873465,1,0,2,12066,5,42,0
"12067",2186,3,8,58.7998697833986,1,0,3,12067,5,42,0
"12068",2187,6,7,42.0760657133484,1,0,4,12068,5,42,1
"12069",2188,NA,NA,NA,1,0,5,12069,5,42,0
"12070",2189,NA,NA,NA,1,0,6,12070,5,42,0
"12071",2190,NA,NA,NA,1,0,7,12071,5,42,0
"12072",2191,NA,NA,NA,1,0,8,12072,5,42,0
"12073",2192,NA,NA,NA,1,0,9,12073,5,42,0
"12074",2193,NA,NA,NA,1,0,10,12074,5,42,0
"12075",2194,NA,NA,NA,1,0,11,12075,5,42,0
"12076",2195,NA,NA,NA,1,0,12,12076,5,42,0
"12077",2196,NA,NA,NA,1,0,13,12077,5,42,0
"12078",2197,NA,NA,NA,1,0,14,12078,5,42,0
"12079",2198,NA,NA,NA,1,0,15,12079,5,42,0
"12080",2199,NA,NA,NA,1,0,16,12080,5,42,0
"12081",2200,NA,NA,NA,1,0,17,12081,5,42,0
"12082",2201,NA,NA,NA,1,0,18,12082,5,42,0
"12083",2202,NA,NA,NA,1,0,19,12083,5,42,0
"12084",2203,NA,NA,NA,1,0,20,12084,5,42,0
"12085",2204,NA,NA,NA,1,0,21,12085,5,42,0
"12086",2205,NA,NA,NA,1,0,22,12086,5,42,0
"12087",2206,NA,NA,NA,1,0,23,12087,5,42,0
"12088",2207,NA,NA,NA,1,0,24,12088,5,42,0
"12089",2208,NA,NA,NA,1,0,25,12089,5,42,0
"12090",2209,NA,NA,NA,1,0,26,12090,5,42,0
"12091",2210,7,7,54,1,0,1,12091,1,43,0
"12092",2211,6,4,42.7888585140153,1,0,2,12092,1,43,1
"12093",2212,NA,NA,NA,1,0,3,12093,1,43,0
"12094",2213,NA,NA,NA,1,0,4,12094,1,43,1
"12095",2214,NA,NA,NA,1,0,5,12095,1,43,0
"12096",2215,NA,NA,NA,1,0,6,12096,1,43,0
"12097",2216,NA,NA,NA,1,0,7,12097,1,43,1
"12098",2217,NA,NA,NA,1,0,8,12098,1,43,1
"12099",2218,NA,NA,NA,1,0,9,12099,1,43,0
"12100",2219,NA,NA,NA,1,0,10,12100,1,43,1
"12101",2220,NA,NA,NA,1,0,11,12101,1,43,0
"12102",2221,NA,NA,NA,1,0,12,12102,1,43,0
"12103",2222,NA,NA,NA,1,0,13,12103,1,43,0
"12104",2223,NA,NA,NA,1,0,14,12104,1,43,0
"12105",2224,NA,NA,NA,1,0,15,12105,1,43,0
"12106",2225,NA,NA,NA,1,0,16,12106,1,43,0
"12107",2226,NA,NA,NA,1,0,17,12107,1,43,0
"12108",2227,NA,NA,NA,1,0,18,12108,1,43,0
"12109",2228,NA,NA,NA,1,0,19,12109,1,43,0
"12110",2229,NA,NA,NA,1,0,20,12110,1,43,0
"12111",2230,NA,NA,NA,1,0,21,12111,1,43,0
"12112",2231,NA,NA,NA,1,0,22,12112,1,43,0
"12113",2232,NA,NA,NA,1,0,23,12113,1,43,0
"12114",2233,NA,NA,NA,1,0,24,12114,1,43,0
"12115",2234,NA,NA,NA,1,0,25,12115,1,43,0
"12116",2235,NA,NA,NA,1,0,26,12116,1,43,0
"12117",2236,3,5,53,1,0,1,12117,2,43,0
"12118",2237,3,6,57.2234148017901,1,0,2,12118,2,43,0
"12119",2238,5,3,44.6972005006058,1,0,3,12119,2,43,1
"12120",2239,NA,NA,NA,1,0,4,12120,2,43,1
"12121",2240,NA,NA,NA,1,0,5,12121,2,43,1
"12122",2241,NA,NA,NA,1,0,6,12122,2,43,0
"12123",2242,NA,NA,NA,1,0,7,12123,2,43,0
"12124",2243,NA,NA,NA,1,0,8,12124,2,43,0
"12125",2244,NA,NA,NA,1,0,9,12125,2,43,0
"12126",2245,NA,NA,NA,1,0,10,12126,2,43,0
"12127",2246,NA,NA,NA,1,0,11,12127,2,43,0
"12128",2247,NA,NA,NA,1,0,12,12128,2,43,0
"12129",2248,NA,NA,NA,1,0,13,12129,2,43,0
"12130",2249,NA,NA,NA,1,0,14,12130,2,43,0
"12131",2250,NA,NA,NA,1,0,15,12131,2,43,0
"12132",2251,NA,NA,NA,1,0,16,12132,2,43,0
"12133",2252,NA,NA,NA,1,0,17,12133,2,43,0
"12134",2253,NA,NA,NA,1,0,18,12134,2,43,0
"12135",2254,NA,NA,NA,1,0,19,12135,2,43,0
"12136",2255,NA,NA,NA,1,0,20,12136,2,43,0
"12137",2256,NA,NA,NA,1,0,21,12137,2,43,0
"12138",2257,NA,NA,NA,1,0,22,12138,2,43,0
"12139",2258,NA,NA,NA,1,0,23,12139,2,43,0
"12140",2259,NA,NA,NA,1,0,24,12140,2,43,0
"12141",2260,NA,NA,NA,1,0,25,12141,2,43,0
"12142",2261,NA,NA,NA,1,0,26,12142,2,43,0
"12143",2262,2,2,55,1,0,1,12143,3,43,0
"12144",2263,4,3,48.0694890452743,1,0,2,12144,3,43,0
"12145",2264,3,2,52.3926659295967,1,0,3,12145,3,43,0
"12146",2265,4,5,47.6717340345566,1,0,4,12146,3,43,0
"12147",2266,4,0,41.0750749780796,1,0,5,12147,3,43,1
"12148",2267,NA,NA,NA,1,0,6,12148,3,43,0
"12149",2268,NA,NA,NA,1,0,7,12149,3,43,0
"12150",2269,NA,NA,NA,1,0,8,12150,3,43,1
"12151",2270,NA,NA,NA,1,0,9,12151,3,43,1
"12152",2271,NA,NA,NA,1,0,10,12152,3,43,0
"12153",2272,NA,NA,NA,1,0,11,12153,3,43,0
"12154",2273,NA,NA,NA,1,0,12,12154,3,43,0
"12155",2274,NA,NA,NA,1,0,13,12155,3,43,0
"12156",2275,NA,NA,NA,1,0,14,12156,3,43,1
"12157",2276,NA,NA,NA,1,0,15,12157,3,43,1
"12158",2277,NA,NA,NA,1,0,16,12158,3,43,1
"12159",2278,NA,NA,NA,1,0,17,12159,3,43,0
"12160",2279,NA,NA,NA,1,0,18,12160,3,43,0
"12161",2280,NA,NA,NA,1,0,19,12161,3,43,0
"12162",2281,NA,NA,NA,1,0,20,12162,3,43,0
"12163",2282,NA,NA,NA,1,0,21,12163,3,43,0
"12164",2283,NA,NA,NA,1,0,22,12164,3,43,0
"12165",2284,NA,NA,NA,1,0,23,12165,3,43,0
"12166",2285,NA,NA,NA,1,0,24,12166,3,43,0
"12167",2286,NA,NA,NA,1,0,25,12167,3,43,0
"12168",2287,NA,NA,NA,1,0,26,12168,3,43,0
"12169",2288,3,9,54,1,0,1,12169,4,43,0
"12170",2289,9,5,40.0014611251833,1,0,2,12170,4,43,1
"12171",2290,NA,NA,NA,1,0,3,12171,4,43,1
"12172",2291,NA,NA,NA,1,0,4,12172,4,43,0
"12173",2292,NA,NA,NA,1,0,5,12173,4,43,0
"12174",2293,NA,NA,NA,1,0,6,12174,4,43,1
"12175",2294,NA,NA,NA,1,0,7,12175,4,43,1
"12176",2295,NA,NA,NA,1,0,8,12176,4,43,1
"12177",2296,NA,NA,NA,1,0,9,12177,4,43,0
"12178",2297,NA,NA,NA,1,0,10,12178,4,43,1
"12179",2298,NA,NA,NA,1,0,11,12179,4,43,0
"12180",2299,NA,NA,NA,1,0,12,12180,4,43,1
"12181",2300,NA,NA,NA,1,0,13,12181,4,43,0
"12182",2301,NA,NA,NA,1,0,14,12182,4,43,0
"12183",2302,NA,NA,NA,1,0,15,12183,4,43,0
"12184",2303,NA,NA,NA,1,0,16,12184,4,43,0
"12185",2304,NA,NA,NA,1,0,17,12185,4,43,0
"12186",2305,NA,NA,NA,1,0,18,12186,4,43,0
"12187",2306,NA,NA,NA,1,0,19,12187,4,43,0
"12188",2307,NA,NA,NA,1,0,20,12188,4,43,0
"12189",2308,NA,NA,NA,1,0,21,12189,4,43,0
"12190",2309,NA,NA,NA,1,0,22,12190,4,43,0
"12191",2310,NA,NA,NA,1,0,23,12191,4,43,0
"12192",2311,NA,NA,NA,1,0,24,12192,4,43,0
"12193",2312,NA,NA,NA,1,0,25,12193,4,43,0
"12194",2313,NA,NA,NA,1,0,26,12194,4,43,0
"12195",2314,3,8,59,1,0,1,12195,5,43,0
"12196",2315,3,8,59.5854974337311,1,0,2,12196,5,43,0
"12197",2316,8,10,48.693117798716,1,0,3,12197,5,43,0
"12198",2317,7,1,40.0269423138794,1,0,4,12198,5,43,1
"12199",2318,NA,NA,NA,1,0,5,12199,5,43,1
"12200",2319,NA,NA,NA,1,0,6,12200,5,43,1
"12201",2320,NA,NA,NA,1,0,7,12201,5,43,1
"12202",2321,NA,NA,NA,1,0,8,12202,5,43,0
"12203",2322,NA,NA,NA,1,0,9,12203,5,43,1
"12204",2323,NA,NA,NA,1,0,10,12204,5,43,0
"12205",2324,NA,NA,NA,1,0,11,12205,5,43,0
"12206",2325,NA,NA,NA,1,0,12,12206,5,43,0
"12207",2326,NA,NA,NA,1,0,13,12207,5,43,0
"12208",2327,NA,NA,NA,1,0,14,12208,5,43,0
"12209",2328,NA,NA,NA,1,0,15,12209,5,43,1
"12210",2329,NA,NA,NA,1,0,16,12210,5,43,0
"12211",2330,NA,NA,NA,1,0,17,12211,5,43,0
"12212",2331,NA,NA,NA,1,0,18,12212,5,43,0
"12213",2332,NA,NA,NA,1,0,19,12213,5,43,0
"12214",2333,NA,NA,NA,1,0,20,12214,5,43,0
"12215",2334,NA,NA,NA,1,0,21,12215,5,43,0
"12216",2335,NA,NA,NA,1,0,22,12216,5,43,0
"12217",2336,NA,NA,NA,1,0,23,12217,5,43,0
"12218",2337,NA,NA,NA,1,0,24,12218,5,43,0
"12219",2338,NA,NA,NA,1,0,25,12219,5,43,0
"12220",2339,NA,NA,NA,1,0,26,12220,5,43,0
"12221",2340,5,9,59,1,0,1,12221,1,44,0
"12222",2341,5,9,59.459132273895,1,0,2,12222,1,44,0
"12223",2342,4,3,91.9418010674701,1,0,3,12223,1,44,0
"12224",2343,4,3,91.9418010674701,1,0,4,12224,1,44,0
"12225",2344,5,3,66.723132752888,1,0,5,12225,1,44,0
"12226",2345,4,3,91.9418010674701,1,0,6,12226,1,44,0
"12227",2346,4,3,91.9418010674701,1,0,7,12227,1,44,0
"12228",2347,4,2,104.780042399626,1,0,8,12228,1,44,0
"12229",2348,4,2,104.780042399626,1,0,9,12229,1,44,0
"12230",2349,4,2,104.780042399626,1,0,10,12230,1,44,0
"12231",2350,4,2,104.780042399626,1,0,11,12231,1,44,0
"12232",2351,4,2,104.780042399626,1,0,12,12232,1,44,0
"12233",2352,4,2,104.780042399626,1,0,13,12233,1,44,0
"12234",2353,4,2,104.780042399626,1,0,14,12234,1,44,0
"12235",2354,4,2,104.780042399626,1,0,15,12235,1,44,0
"12236",2355,4,2,104.780042399626,1,0,16,12236,1,44,0
"12237",2356,4,2,104.780042399626,1,0,17,12237,1,44,0
"12238",2357,4,2,104.780042399626,1,0,18,12238,1,44,0
"12239",2358,4,2,104.780042399626,1,0,19,12239,1,44,0
"12240",2359,4,2,104.780042399626,1,0,20,12240,1,44,0
"12241",2360,4,2,104.780042399626,1,0,21,12241,1,44,0
"12242",2361,4,2,104.780042399626,1,0,22,12242,1,44,0
"12243",2362,4,2,104.780042399626,1,0,23,12243,1,44,0
"12244",2363,4,2,104.780042399626,1,0,24,12244,1,44,0
"12245",2364,4,2,104.780042399626,1,0,25,12245,1,44,0
"12246",2365,4,2,104.780042399626,1,0,26,12246,1,44,0
"12247",2366,4,3,57,1,0,1,12247,2,44,0
"12248",2367,4,3,57.4170507765896,1,0,2,12248,2,44,0
"12249",2368,0,10,40.0002054351051,1,0,3,12249,2,44,1
"12250",2369,NA,NA,NA,1,0,4,12250,2,44,1
"12251",2370,NA,NA,NA,1,0,5,12251,2,44,1
"12252",2371,NA,NA,NA,1,0,6,12252,2,44,0
"12253",2372,NA,NA,NA,1,0,7,12253,2,44,0
"12254",2373,NA,NA,NA,1,0,8,12254,2,44,1
"12255",2374,NA,NA,NA,1,0,9,12255,2,44,1
"12256",2375,NA,NA,NA,1,0,10,12256,2,44,0
"12257",2376,NA,NA,NA,1,0,11,12257,2,44,0
"12258",2377,NA,NA,NA,1,0,12,12258,2,44,0
"12259",2378,NA,NA,NA,1,0,13,12259,2,44,0
"12260",2379,NA,NA,NA,1,0,14,12260,2,44,0
"12261",2380,NA,NA,NA,1,0,15,12261,2,44,0
"12262",2381,NA,NA,NA,1,0,16,12262,2,44,0
"12263",2382,NA,NA,NA,1,0,17,12263,2,44,0
"12264",2383,NA,NA,NA,1,0,18,12264,2,44,0
"12265",2384,NA,NA,NA,1,0,19,12265,2,44,0
"12266",2385,NA,NA,NA,1,0,20,12266,2,44,0
"12267",2386,NA,NA,NA,1,0,21,12267,2,44,0
"12268",2387,NA,NA,NA,1,0,22,12268,2,44,0
"12269",2388,NA,NA,NA,1,0,23,12269,2,44,0
"12270",2389,NA,NA,NA,1,0,24,12270,2,44,0
"12271",2390,NA,NA,NA,1,0,25,12271,2,44,0
"12272",2391,NA,NA,NA,1,0,26,12272,2,44,0
"12273",2392,3,1,55,1,0,1,12273,3,44,0
"12274",2393,3,1,55.512390437257,1,0,2,12274,3,44,0
"12275",2394,10,8,40.0107917451013,1,0,3,12275,3,44,1
"12276",2395,NA,NA,NA,1,0,4,12276,3,44,1
"12277",2396,NA,NA,NA,1,0,5,12277,3,44,0
"12278",2397,NA,NA,NA,1,0,6,12278,3,44,0
"12279",2398,NA,NA,NA,1,0,7,12279,3,44,0
"12280",2399,NA,NA,NA,1,0,8,12280,3,44,0
"12281",2400,NA,NA,NA,1,0,9,12281,3,44,0
"12282",2401,NA,NA,NA,1,0,10,12282,3,44,1
"12283",2402,NA,NA,NA,1,0,11,12283,3,44,0
"12284",2403,NA,NA,NA,1,0,12,12284,3,44,0
"12285",2404,NA,NA,NA,1,0,13,12285,3,44,0
"12286",2405,NA,NA,NA,1,0,14,12286,3,44,0
"12287",2406,NA,NA,NA,1,0,15,12287,3,44,0
"12288",2407,NA,NA,NA,1,0,16,12288,3,44,0
"12289",2408,NA,NA,NA,1,0,17,12289,3,44,0
"12290",2409,NA,NA,NA,1,0,18,12290,3,44,0
"12291",2410,NA,NA,NA,1,0,19,12291,3,44,0
"12292",2411,NA,NA,NA,1,0,20,12292,3,44,0
"12293",2412,NA,NA,NA,1,0,21,12293,3,44,0
"12294",2413,NA,NA,NA,1,0,22,12294,3,44,0
"12295",2414,NA,NA,NA,1,0,23,12295,3,44,0
"12296",2415,NA,NA,NA,1,0,24,12296,3,44,0
"12297",2416,NA,NA,NA,1,0,25,12297,3,44,0
"12298",2417,NA,NA,NA,1,0,26,12298,3,44,0
"12299",2418,7,4,56,1,0,1,12299,4,44,0
"12300",2419,7,4,56.1185865603916,1,0,2,12300,4,44,0
"12301",2420,3,4,43.0409723505084,1,0,3,12301,4,44,1
"12302",2421,NA,NA,NA,1,0,4,12302,4,44,1
"12303",2422,NA,NA,NA,1,0,5,12303,4,44,0
"12304",2423,NA,NA,NA,1,0,6,12304,4,44,1
"12305",2424,NA,NA,NA,1,0,7,12305,4,44,0
"12306",2425,NA,NA,NA,1,0,8,12306,4,44,0
"12307",2426,NA,NA,NA,1,0,9,12307,4,44,0
"12308",2427,NA,NA,NA,1,0,10,12308,4,44,0
"12309",2428,NA,NA,NA,1,0,11,12309,4,44,0
"12310",2429,NA,NA,NA,1,0,12,12310,4,44,0
"12311",2430,NA,NA,NA,1,0,13,12311,4,44,0
"12312",2431,NA,NA,NA,1,0,14,12312,4,44,0
"12313",2432,NA,NA,NA,1,0,15,12313,4,44,0
"12314",2433,NA,NA,NA,1,0,16,12314,4,44,0
"12315",2434,NA,NA,NA,1,0,17,12315,4,44,0
"12316",2435,NA,NA,NA,1,0,18,12316,4,44,0
"12317",2436,NA,NA,NA,1,0,19,12317,4,44,0
"12318",2437,NA,NA,NA,1,0,20,12318,4,44,0
"12319",2438,NA,NA,NA,1,0,21,12319,4,44,0
"12320",2439,NA,NA,NA,1,0,22,12320,4,44,0
"12321",2440,NA,NA,NA,1,0,23,12321,4,44,0
"12322",2441,NA,NA,NA,1,0,24,12322,4,44,0
"12323",2442,NA,NA,NA,1,0,25,12323,4,44,0
"12324",2443,NA,NA,NA,1,0,26,12324,4,44,0
"12325",2444,8,1,50,1,0,1,12325,5,44,0
"12326",2445,8,1,50.9603463553358,1,0,2,12326,5,44,0
"12327",2446,2,8,40.0011672089359,1,0,3,12327,5,44,1
"12328",2447,NA,NA,NA,1,0,4,12328,5,44,1
"12329",2448,NA,NA,NA,1,0,5,12329,5,44,1
"12330",2449,NA,NA,NA,1,0,6,12330,5,44,0
"12331",2450,NA,NA,NA,1,0,7,12331,5,44,1
"12332",2451,NA,NA,NA,1,0,8,12332,5,44,1
"12333",2452,NA,NA,NA,1,0,9,12333,5,44,0
"12334",2453,NA,NA,NA,1,0,10,12334,5,44,0
"12335",2454,NA,NA,NA,1,0,11,12335,5,44,1
"12336",2455,NA,NA,NA,1,0,12,12336,5,44,1
"12337",2456,NA,NA,NA,1,0,13,12337,5,44,1
"12338",2457,NA,NA,NA,1,0,14,12338,5,44,0
"12339",2458,NA,NA,NA,1,0,15,12339,5,44,0
"12340",2459,NA,NA,NA,1,0,16,12340,5,44,1
"12341",2460,NA,NA,NA,1,0,17,12341,5,44,1
"12342",2461,NA,NA,NA,1,0,18,12342,5,44,1
"12343",2462,NA,NA,NA,1,0,19,12343,5,44,1
"12344",2463,NA,NA,NA,1,0,20,12344,5,44,0
"12345",2464,NA,NA,NA,1,0,21,12345,5,44,0
"12346",2465,NA,NA,NA,1,0,22,12346,5,44,0
"12347",2466,NA,NA,NA,1,0,23,12347,5,44,0
"12348",2467,NA,NA,NA,1,0,24,12348,5,44,0
"12349",2468,NA,NA,NA,1,0,25,12349,5,44,0
"12350",2469,NA,NA,NA,1,0,26,12350,5,44,0
"12351",2470,3,6,59,1,0,1,12351,1,47,0
"12352",2471,3,6,59.5854974337311,1,0,2,12352,1,47,0
"12353",2472,4,6,57.8054707969235,1,0,3,12353,1,47,0
"12354",2473,3,6,59.5854974337311,1,0,4,12354,1,47,0
"12355",2474,4,6,57.8054707969235,1,0,5,12355,1,47,0
"12356",2475,3,6,59.5854974337311,1,0,6,12356,1,47,0
"12357",2476,3,6,59.5854974337311,1,0,7,12357,1,47,0
"12358",2477,3,5,50.0555296672465,1,0,8,12358,1,47,0
"12359",2478,3,7,64.4593263189505,1,0,9,12359,1,47,0
"12360",2479,4,7,62.2363420667803,1,0,10,12360,1,47,0
"12361",2480,4,7,62.2363420667803,1,0,11,12361,1,47,0
"12362",2481,3,7,64.4593263189505,1,0,12,12362,1,47,0
"12363",2482,3,7,64.4593263189505,1,0,13,12363,1,47,0
"12364",2483,4,7,62.2363420667803,1,0,14,12364,1,47,0
"12365",2484,4,7,62.2363420667803,1,0,15,12365,1,47,0
"12366",2485,5,7,76.7207507322223,1,0,16,12366,1,47,0
"12367",2486,5,7,76.7207507322223,1,0,17,12367,1,47,0
"12368",2487,5,7,76.7207507322223,1,0,18,12368,1,47,0
"12369",2488,5,7,76.7207507322223,1,0,19,12369,1,47,0
"12370",2489,5,7,76.7207507322223,1,0,20,12370,1,47,0
"12371",2490,5,7,76.7207507322223,1,0,21,12371,1,47,0
"12372",2491,5,7,76.7207507322223,1,0,22,12372,1,47,0
"12373",2492,5,7,76.7207507322223,1,0,23,12373,1,47,0
"12374",2493,5,7,76.7207507322223,1,0,24,12374,1,47,0
"12375",2494,5,7,76.7207507322223,1,0,25,12375,1,47,0
"12376",2495,5,7,76.7207507322223,1,0,26,12376,1,47,0
"12377",2496,6,9,55,1,0,1,12377,2,47,0
"12378",2497,6,9,55.5813623512456,1,0,2,12378,2,47,0
"12379",2498,7,9,47.9996763905501,1,0,3,12379,2,47,0
"12380",2499,6,10,47.9996405513014,1,0,4,12380,2,47,0
"12381",2500,6,8,59.4621840775896,1,0,5,12381,2,47,0
"12382",2501,6,8,59.4621840775896,1,0,6,12382,2,47,0
"12383",2502,5,8,64.3118962570511,1,0,7,12383,2,47,0
"12384",2503,5,9,59.459132273895,1,0,8,12384,2,47,0
"12385",2504,5,8,64.3118962570511,1,0,9,12385,2,47,0
"12386",2505,5,8,64.3118962570511,1,0,10,12386,2,47,0
"12387",2506,5,8,64.3118962570511,1,0,11,12387,2,47,0
"12388",2507,6,8,59.4621840775896,1,0,12,12388,2,47,0
"12389",2508,5,8,64.3118962570511,1,0,13,12389,2,47,0
"12390",2509,5,8,64.3118962570511,1,0,14,12390,2,47,0
"12391",2510,5,8,64.3118962570511,1,0,15,12391,2,47,0
"12392",2511,4,8,59.4802406649498,1,0,16,12392,2,47,0
"12393",2512,5,8,64.3118962570511,1,0,17,12393,2,47,0
"12394",2513,5,8,64.3118962570511,1,0,18,12394,2,47,0
"12395",2514,5,9,59.459132273895,1,0,19,12395,2,47,0
"12396",2515,5,8,64.3118962570511,1,0,20,12396,2,47,0
"12397",2516,6,8,59.4621840775896,1,0,21,12397,2,47,0
"12398",2517,5,8,64.3118962570511,1,0,22,12398,2,47,0
"12399",2518,5,8,64.3118962570511,1,0,23,12399,2,47,0
"12400",2519,5,7,59.5870759596529,1,0,24,12400,2,47,0
"12401",2520,5,8,64.3118962570511,1,0,25,12401,2,47,0
"12402",2521,5,8,64.3118962570511,1,0,26,12402,2,47,0
"12403",2522,2,7,51,1,0,1,12403,3,47,0
"12404",2523,2,7,51.9058432762319,1,0,2,12404,3,47,0
"12405",2524,2,1,40.9054477447654,1,0,3,12405,3,47,1
"12406",2525,NA,NA,NA,1,0,4,12406,3,47,0
"12407",2526,NA,NA,NA,1,0,5,12407,3,47,1
"12408",2527,NA,NA,NA,1,0,6,12408,3,47,0
"12409",2528,NA,NA,NA,1,0,7,12409,3,47,0
"12410",2529,NA,NA,NA,1,0,8,12410,3,47,0
"12411",2530,NA,NA,NA,1,0,9,12411,3,47,0
"12412",2531,NA,NA,NA,1,0,10,12412,3,47,0
"12413",2532,NA,NA,NA,1,0,11,12413,3,47,0
"12414",2533,NA,NA,NA,1,0,12,12414,3,47,0
"12415",2534,NA,NA,NA,1,0,13,12415,3,47,0
"12416",2535,NA,NA,NA,1,0,14,12416,3,47,0
"12417",2536,NA,NA,NA,1,0,15,12417,3,47,0
"12418",2537,NA,NA,NA,1,0,16,12418,3,47,0
"12419",2538,NA,NA,NA,1,0,17,12419,3,47,0
"12420",2539,NA,NA,NA,1,0,18,12420,3,47,0
"12421",2540,NA,NA,NA,1,0,19,12421,3,47,0
"12422",2541,NA,NA,NA,1,0,20,12422,3,47,1
"12423",2542,NA,NA,NA,1,0,21,12423,3,47,0
"12424",2543,NA,NA,NA,1,0,22,12424,3,47,0
"12425",2544,NA,NA,NA,1,0,23,12425,3,47,0
"12426",2545,NA,NA,NA,1,0,24,12426,3,47,0
"12427",2546,NA,NA,NA,1,0,25,12427,3,47,0
"12428",2547,NA,NA,NA,1,0,26,12428,3,47,0
"12429",2548,1,4,56,1,0,1,12429,4,47,0
"12430",2549,1,4,56.3005980640761,1,0,2,12430,4,47,0
"12431",2550,1,4,56.3005980640761,1,0,3,12431,4,47,0
"12432",2551,1,5,49.2133318943056,1,0,4,12432,4,47,0
"12433",2552,0,4,52.9945930886882,1,0,5,12433,4,47,0
"12434",2553,2,4,53.1933493017401,1,0,6,12434,4,47,0
"12435",2554,2,3,56.1985532217812,1,0,7,12435,4,47,0
"12436",2555,1,3,60.2142811540137,1,0,8,12436,4,47,0
"12437",2556,0,3,56.1813062846648,1,0,9,12437,4,47,0
"12438",2557,1,3,60.2142811540137,1,0,10,12438,4,47,0
"12439",2558,1,3,60.2142811540137,1,0,11,12439,4,47,0
"12440",2559,1,3,60.2142811540137,1,0,12,12440,4,47,0
"12441",2560,1,2,56.1783913226422,1,0,13,12441,4,47,0
"12442",2561,1,2,56.1783913226422,1,0,14,12442,4,47,0
"12443",2562,1,3,60.2142811540137,1,0,15,12443,4,47,0
"12444",2563,1,3,60.2142811540137,1,0,16,12444,4,47,0
"12445",2564,1,4,56.3005980640761,1,0,17,12445,4,47,0
"12446",2565,1,4,56.3005980640761,1,0,18,12446,4,47,0
"12447",2566,2,2,52.9553230714029,1,0,19,12447,4,47,0
"12448",2567,1,3,60.2142811540137,1,0,20,12448,4,47,0
"12449",2568,0,2,52.9543634863453,1,0,21,12449,4,47,0
"12450",2569,1,3,60.2142811540137,1,0,22,12450,4,47,0
"12451",2570,1,3,60.2142811540137,1,0,23,12451,4,47,0
"12452",2571,1,4,56.3005980640761,1,0,24,12452,4,47,0
"12453",2572,1,3,60.2142811540137,1,0,25,12453,4,47,0
"12454",2573,1,3,60.2142811540137,1,0,26,12454,4,47,0
"12455",2574,5,4,56,1,0,1,12455,5,47,0
"12456",2575,6,4,60.0498805575611,1,0,2,12456,5,47,0
"12457",2576,6,5,51.6467788307602,1,0,3,12457,5,47,0
"12458",2577,5,4,56.7710838783843,1,0,4,12458,5,47,0
"12459",2578,5,4,56.7710838783843,1,0,5,12459,5,47,0
"12460",2579,6,3,64.6826693539916,1,0,6,12460,5,47,0
"12461",2580,5,3,59.8612900205776,1,0,7,12461,5,47,0
"12462",2581,6,3,64.6826693539916,1,0,8,12462,5,47,0
"12463",2582,6,3,64.6826693539916,1,0,9,12463,5,47,0
"12464",2583,6,3,64.6826693539916,1,0,10,12464,5,47,0
"12465",2584,6,3,64.6826693539916,1,0,11,12465,5,47,0
"12466",2585,6,3,64.6826693539916,1,0,12,12466,5,47,0
"12467",2586,6,3,64.6826693539916,1,0,13,12467,5,47,0
"12468",2587,6,3,64.6826693539916,1,0,14,12468,5,47,0
"12469",2588,6,3,64.6826693539916,1,0,15,12469,5,47,0
"12470",2589,6,3,64.6826693539916,1,0,16,12470,5,47,0
"12471",2590,6,3,64.6826693539916,1,0,17,12471,5,47,0
"12472",2591,6,3,64.6826693539916,1,0,18,12472,5,47,0
"12473",2592,6,3,64.6826693539916,1,0,19,12473,5,47,0
"12474",2593,6,4,60.0498805575611,1,0,20,12474,5,47,0
"12475",2594,7,10,40.9731979658151,1,0,21,12475,5,47,1
"12476",2595,NA,NA,NA,1,0,22,12476,5,47,0
"12477",2596,NA,NA,NA,1,0,23,12477,5,47,0
"12478",2597,NA,NA,NA,1,0,24,12478,5,47,0
"12479",2598,NA,NA,NA,1,0,25,12479,5,47,0
"12480",2599,NA,NA,NA,1,0,26,12480,5,47,0
"12481",2600,3,7,51,1,0,1,12481,1,54,0
"12482",2601,1,0,53.7749815326839,1,0,2,12482,1,54,0
"12483",2602,7,3,41.8644940821769,1,0,3,12483,1,54,1
"12484",2603,NA,NA,NA,1,0,4,12484,1,54,0
"12485",2604,NA,NA,NA,1,0,5,12485,1,54,1
"12486",2605,NA,NA,NA,1,0,6,12486,1,54,1
"12487",2606,NA,NA,NA,1,0,7,12487,1,54,1
"12488",2607,NA,NA,NA,1,0,8,12488,1,54,0
"12489",2608,NA,NA,NA,1,0,9,12489,1,54,0
"12490",2609,NA,NA,NA,1,0,10,12490,1,54,1
"12491",2610,NA,NA,NA,1,0,11,12491,1,54,0
"12492",2611,NA,NA,NA,1,0,12,12492,1,54,0
"12493",2612,NA,NA,NA,1,0,13,12493,1,54,0
"12494",2613,NA,NA,NA,1,0,14,12494,1,54,0
"12495",2614,NA,NA,NA,1,0,15,12495,1,54,0
"12496",2615,NA,NA,NA,1,0,16,12496,1,54,0
"12497",2616,NA,NA,NA,1,0,17,12497,1,54,0
"12498",2617,NA,NA,NA,1,0,18,12498,1,54,0
"12499",2618,NA,NA,NA,1,0,19,12499,1,54,0
"12500",2619,NA,NA,NA,1,0,20,12500,1,54,1
"12501",2620,NA,NA,NA,1,0,21,12501,1,54,0
"12502",2621,NA,NA,NA,1,0,22,12502,1,54,0
"12503",2622,NA,NA,NA,1,0,23,12503,1,54,0
"12504",2623,NA,NA,NA,1,0,24,12504,1,54,0
"12505",2624,NA,NA,NA,1,0,25,12505,1,54,0
"12506",2625,NA,NA,NA,1,0,26,12506,1,54,0
"12507",2626,10,4,52,1,0,1,12507,2,54,0
"12508",2627,9,4,55.3384207246753,1,0,2,12508,2,54,0
"12509",2628,8,6,54.0800976323579,1,0,3,12509,2,54,0
"12510",2629,0,5,40.9403737162359,1,0,4,12510,2,54,1
"12511",2630,NA,NA,NA,1,0,5,12511,2,54,1
"12512",2631,NA,NA,NA,1,0,6,12512,2,54,0
"12513",2632,NA,NA,NA,1,0,7,12513,2,54,0
"12514",2633,NA,NA,NA,1,0,8,12514,2,54,0
"12515",2634,NA,NA,NA,1,0,9,12515,2,54,1
"12516",2635,NA,NA,NA,1,0,10,12516,2,54,1
"12517",2636,NA,NA,NA,1,0,11,12517,2,54,1
"12518",2637,NA,NA,NA,1,0,12,12518,2,54,0
"12519",2638,NA,NA,NA,1,0,13,12519,2,54,0
"12520",2639,NA,NA,NA,1,0,14,12520,2,54,0
"12521",2640,NA,NA,NA,1,0,15,12521,2,54,0
"12522",2641,NA,NA,NA,1,0,16,12522,2,54,0
"12523",2642,NA,NA,NA,1,0,17,12523,2,54,0
"12524",2643,NA,NA,NA,1,0,18,12524,2,54,0
"12525",2644,NA,NA,NA,1,0,19,12525,2,54,0
"12526",2645,NA,NA,NA,1,0,20,12526,2,54,0
"12527",2646,NA,NA,NA,1,0,21,12527,2,54,0
"12528",2647,NA,NA,NA,1,0,22,12528,2,54,0
"12529",2648,NA,NA,NA,1,0,23,12529,2,54,0
"12530",2649,NA,NA,NA,1,0,24,12530,2,54,0
"12531",2650,NA,NA,NA,1,0,25,12531,2,54,0
"12532",2651,NA,NA,NA,1,0,26,12532,2,54,0
"12533",2652,3,3,53,1,0,1,12533,3,54,0
"12534",2653,6,9,40.0342768860353,1,0,2,12534,3,54,1
"12535",2654,NA,NA,NA,1,0,3,12535,3,54,0
"12536",2655,NA,NA,NA,1,0,4,12536,3,54,1
"12537",2656,NA,NA,NA,1,0,5,12537,3,54,1
"12538",2657,NA,NA,NA,1,0,6,12538,3,54,0
"12539",2658,NA,NA,NA,1,0,7,12539,3,54,0
"12540",2659,NA,NA,NA,1,0,8,12540,3,54,1
"12541",2660,NA,NA,NA,1,0,9,12541,3,54,1
"12542",2661,NA,NA,NA,1,0,10,12542,3,54,0
"12543",2662,NA,NA,NA,1,0,11,12543,3,54,0
"12544",2663,NA,NA,NA,1,0,12,12544,3,54,1
"12545",2664,NA,NA,NA,1,0,13,12545,3,54,0
"12546",2665,NA,NA,NA,1,0,14,12546,3,54,0
"12547",2666,NA,NA,NA,1,0,15,12547,3,54,1
"12548",2667,NA,NA,NA,1,0,16,12548,3,54,0
"12549",2668,NA,NA,NA,1,0,17,12549,3,54,0
"12550",2669,NA,NA,NA,1,0,18,12550,3,54,0
"12551",2670,NA,NA,NA,1,0,19,12551,3,54,0
"12552",2671,NA,NA,NA,1,0,20,12552,3,54,0
"12553",2672,NA,NA,NA,1,0,21,12553,3,54,0
"12554",2673,NA,NA,NA,1,0,22,12554,3,54,0
"12555",2674,NA,NA,NA,1,0,23,12555,3,54,0
"12556",2675,NA,NA,NA,1,0,24,12556,3,54,0
"12557",2676,NA,NA,NA,1,0,25,12557,3,54,0
"12558",2677,NA,NA,NA,1,0,26,12558,3,54,0
"12559",2678,3,5,53,1,0,1,12559,4,54,0
"12560",2679,2,9,42.8712111768962,1,0,2,12560,4,54,1
"12561",2680,NA,NA,NA,1,0,3,12561,4,54,1
"12562",2681,NA,NA,NA,1,0,4,12562,4,54,0
"12563",2682,NA,NA,NA,1,0,5,12563,4,54,0
"12564",2683,NA,NA,NA,1,0,6,12564,4,54,1
"12565",2684,NA,NA,NA,1,0,7,12565,4,54,1
"12566",2685,NA,NA,NA,1,0,8,12566,4,54,0
"12567",2686,NA,NA,NA,1,0,9,12567,4,54,0
"12568",2687,NA,NA,NA,1,0,10,12568,4,54,0
"12569",2688,NA,NA,NA,1,0,11,12569,4,54,0
"12570",2689,NA,NA,NA,1,0,12,12570,4,54,0
"12571",2690,NA,NA,NA,1,0,13,12571,4,54,0
"12572",2691,NA,NA,NA,1,0,14,12572,4,54,0
"12573",2692,NA,NA,NA,1,0,15,12573,4,54,0
"12574",2693,NA,NA,NA,1,0,16,12574,4,54,0
"12575",2694,NA,NA,NA,1,0,17,12575,4,54,0
"12576",2695,NA,NA,NA,1,0,18,12576,4,54,0
"12577",2696,NA,NA,NA,1,0,19,12577,4,54,0
"12578",2697,NA,NA,NA,1,0,20,12578,4,54,0
"12579",2698,NA,NA,NA,1,0,21,12579,4,54,0
"12580",2699,NA,NA,NA,1,0,22,12580,4,54,0
"12581",2700,NA,NA,NA,1,0,23,12581,4,54,0
"12582",2701,NA,NA,NA,1,0,24,12582,4,54,0
"12583",2702,NA,NA,NA,1,0,25,12583,4,54,0
"12584",2703,NA,NA,NA,1,0,26,12584,4,54,0
"12585",2704,9,3,56,1,0,1,12585,5,54,0
"12586",2705,9,4,61.2191632461105,1,0,2,12586,5,54,0
"12587",2706,9,3,56.813726175488,1,0,3,12587,5,54,0
"12588",2707,7,7,67.5678615044362,1,0,4,12588,5,54,0
"12589",2708,6,7,53.9388632127738,1,0,5,12589,5,54,0
"12590",2709,7,8,91.6685618663799,1,0,6,12590,5,54,0
"12591",2710,7,9,104.251995107847,1,0,7,12591,5,54,0
"12592",2711,6,9,72.981934099717,1,0,8,12592,5,54,0
"12593",2712,8,9,120.264325000115,1,0,9,12593,5,54,0
"12594",2713,8,8,104.698342608637,1,0,10,12594,5,54,0
"12595",2714,8,10,104.224298635794,1,0,11,12595,5,54,0
"12596",2715,6,8,66.4821544820579,1,0,12,12596,5,54,0
"12597",2716,7,10,91.4251795755485,1,0,13,12597,5,54,0
"12598",2717,9,9,104.299737306726,1,0,14,12598,5,54,0
"12599",2718,9,8,92.0213316521849,1,0,15,12599,5,54,0
"12600",2719,8,9,120.264325000115,1,0,16,12600,5,54,0
"12601",2720,9,10,91.4293223728439,1,0,17,12601,5,54,0
"12602",2721,8,8,104.698342608637,1,0,18,12602,5,54,0
"12603",2722,8,9,120.264325000115,1,0,19,12603,5,54,0
"12604",2723,8,8,104.698342608637,1,0,20,12604,5,54,0
"12605",2724,8,9,120.264325000115,1,0,21,12605,5,54,0
"12606",2725,8,9,120.264325000115,1,0,22,12606,5,54,0
"12607",2726,8,7,75.2435370932011,1,0,23,12607,5,54,0
"12608",2727,6,10,66.4020347385595,1,0,24,12608,5,54,0
"12609",2728,8,8,104.698342608637,1,0,25,12609,5,54,0
"12610",2729,8,9,120.264325000115,1,0,26,12610,5,54,0
"12611",2730,6,9,55,1,0,1,12611,1,58,0
"12612",2731,6,9,55.5813623512456,1,0,2,12612,1,58,0
"12613",2732,5,9,59.459132273895,1,0,3,12613,1,58,0
"12614",2733,3,9,48.0011430744104,1,0,4,12614,1,58,0
"12615",2734,6,8,59.4621840775896,1,0,5,12615,1,58,0
"12616",2735,5,8,64.3118962570511,1,0,6,12616,1,58,0
"12617",2736,5,7,59.5870759596529,1,0,7,12617,1,58,0
"12618",2737,6,6,48.3123565523634,1,0,8,12618,1,58,0
"12619",2738,6,7,55.6234805154314,1,0,9,12619,1,58,0
"12620",2739,4,9,55.582366983622,1,0,10,12620,1,58,0
"12621",2740,4,8,59.4802406649498,1,0,11,12621,1,58,0
"12622",2741,3,0,73.2558380082043,1,0,12,12622,1,58,0
"12623",2742,4,0,66.629200988247,1,0,13,12623,1,58,0
"12624",2743,3,1,104.77370126046,1,0,14,12624,1,58,0
"12625",2744,3,2,120.895682077843,1,0,15,12625,1,58,0
"12626",2745,3,3,104.812136625557,1,0,16,12626,1,58,0
"12627",2746,2,2,104.774618048096,1,0,17,12627,1,58,0
"12628",2747,2,1,91.866637398429,1,0,18,12628,1,58,0
"12629",2748,4,2,104.780042399626,1,0,19,12629,1,58,0
"12630",2749,3,2,120.895682077843,1,0,20,12630,1,58,0
"12631",2750,2,3,91.8792900511029,1,0,21,12631,1,58,0
"12632",2751,9,1,40.0217420496724,1,0,22,12632,1,58,1
"12633",2752,NA,NA,NA,1,0,23,12633,1,58,0
"12634",2753,NA,NA,NA,1,0,24,12634,1,58,0
"12635",2754,NA,NA,NA,1,0,25,12635,1,58,0
"12636",2755,NA,NA,NA,1,0,26,12636,1,58,0
"12637",2756,9,6,55,1,0,1,12637,2,58,0
"12638",2757,6,6,68.4303547632607,1,0,2,12638,2,58,0
"12639",2758,7,5,52.3087221521885,1,0,3,12639,2,58,0
"12640",2759,5,5,66.9058832764514,1,0,4,12640,2,58,0
"12641",2760,5,7,104.343548695146,1,0,5,12641,2,58,0
"12642",2761,5,6,91.7796022797795,1,0,6,12642,2,58,0
"12643",2762,4,7,120.105563370428,1,0,7,12643,2,58,0
"12644",2763,4,8,104.129204213955,1,0,8,12644,2,58,0
"12645",2764,4,6,104.178344733662,1,0,9,12645,2,58,0
"12646",2765,3,6,91.3477807742669,1,0,10,12646,2,58,0
"12647",2766,3,7,104.121844141849,1,0,11,12647,2,58,0
"12648",2767,3,8,91.3435166386193,1,0,12,12648,2,58,0
"12649",2768,4,7,120.105563370428,1,0,13,12649,2,58,0
"12650",2769,5,8,91.4165002229296,1,0,14,12650,2,58,0
"12651",2770,4,7,120.105563370428,1,0,15,12651,2,58,0
"12652",2771,4,7,120.105563370428,1,0,16,12652,2,58,0
"12653",2772,2,7,72.9200464420306,1,0,17,12653,2,58,0
"12654",2773,4,7,120.105563370428,1,0,18,12654,2,58,0
"12655",2774,4,6,104.178344733662,1,0,19,12655,2,58,0
"12656",2775,4,7,120.105563370428,1,0,20,12656,2,58,0
"12657",2776,4,7,120.105563370428,1,0,21,12657,2,58,0
"12658",2777,4,7,120.105563370428,1,0,22,12658,2,58,0
"12659",2778,4,7,120.105563370428,1,0,23,12659,2,58,0
"12660",2779,5,3,42.0559364401884,1,0,24,12660,2,58,1
"12661",2780,NA,NA,NA,1,0,25,12661,2,58,0
"12662",2781,NA,NA,NA,1,0,26,12662,2,58,0
"12663",2782,8,7,53,1,0,1,12663,3,58,0
"12664",2783,8,7,53.4243268432186,1,0,2,12664,3,58,0
"12665",2784,8,9,53.4243268432186,1,0,3,12665,3,58,0
"12666",2785,8,8,56.7649553952625,1,0,4,12666,3,58,0
"12667",2786,9,7,54.7492631769039,1,0,5,12667,3,58,0
"12668",2787,9,8,58.4196006370846,1,0,6,12668,3,58,0
"12669",2788,7,7,54.5391460671469,1,0,7,12669,3,58,0
"12670",2789,10,9,51.6353763505366,1,0,8,12670,3,58,0
"12671",2790,6,6,54.3835425090958,1,0,9,12671,3,58,0
"12672",2791,9,9,54.7492631769039,1,0,10,12672,3,58,0
"12673",2792,10,7,51.6353763505366,1,0,11,12673,3,58,0
"12674",2793,3,7,90.7479628897879,1,0,12,12674,3,58,0
"12675",2794,2,7,66.0526455137692,1,0,13,12675,3,58,0
"12676",2795,4,7,103.426531986596,1,0,14,12676,3,58,0
"12677",2796,5,7,91.1574192123161,1,0,15,12677,3,58,0
"12678",2797,4,8,119.21015273616,1,0,16,12678,3,58,0
"12679",2798,5,8,103.887885124346,1,0,17,12679,3,58,0
"12680",2799,4,9,103.426531986596,1,0,18,12680,3,58,0
"12681",2800,3,8,103.376536059051,1,0,19,12681,3,58,0
"12682",2801,3,9,90.7479628897879,1,0,20,12682,3,58,0
"12683",2802,5,9,91.1574192123161,1,0,21,12683,3,58,0
"12684",2803,4,8,119.21015273616,1,0,22,12684,3,58,0
"12685",2804,4,8,119.21015273616,1,0,23,12685,3,58,0
"12686",2805,4,8,119.21015273616,1,0,24,12686,3,58,0
"12687",2806,4,8,119.21015273616,1,0,25,12687,3,58,0
"12688",2807,4,8,119.21015273616,1,0,26,12688,3,58,0
"12689",2808,7,0,51,1,0,1,12689,4,58,0
"12690",2809,7,8,53.6939637961727,1,0,2,12690,4,58,0
"12691",2810,6,0,49.0973047282424,1,0,3,12691,4,58,0
"12692",2811,0,3,40.0424986461217,1,0,4,12692,4,58,1
"12693",2812,NA,NA,NA,1,0,5,12693,4,58,0
"12694",2813,NA,NA,NA,1,0,6,12694,4,58,0
"12695",2814,NA,NA,NA,1,0,7,12695,4,58,0
"12696",2815,NA,NA,NA,1,0,8,12696,4,58,0
"12697",2816,NA,NA,NA,1,0,9,12697,4,58,0
"12698",2817,NA,NA,NA,1,0,10,12698,4,58,0
"12699",2818,NA,NA,NA,1,0,11,12699,4,58,0
"12700",2819,NA,NA,NA,1,0,12,12700,4,58,0
"12701",2820,NA,NA,NA,1,0,13,12701,4,58,0
"12702",2821,NA,NA,NA,1,0,14,12702,4,58,0
"12703",2822,NA,NA,NA,1,0,15,12703,4,58,0
"12704",2823,NA,NA,NA,1,0,16,12704,4,58,0
"12705",2824,NA,NA,NA,1,0,17,12705,4,58,0
"12706",2825,NA,NA,NA,1,0,18,12706,4,58,0
"12707",2826,NA,NA,NA,1,0,19,12707,4,58,0
"12708",2827,NA,NA,NA,1,0,20,12708,4,58,0
"12709",2828,NA,NA,NA,1,0,21,12709,4,58,0
"12710",2829,NA,NA,NA,1,0,22,12710,4,58,0
"12711",2830,NA,NA,NA,1,0,23,12711,4,58,0
"12712",2831,NA,NA,NA,1,0,24,12712,4,58,0
"12713",2832,NA,NA,NA,1,0,25,12713,4,58,0
"12714",2833,NA,NA,NA,1,0,26,12714,4,58,0
"12715",2834,2,9,53,1,0,1,12715,5,58,0
"12716",2835,3,10,53.1722582202307,1,0,2,12716,5,58,0
"12717",2836,2,9,53.3879330158142,1,0,3,12717,5,58,0
"12718",2837,9,2,40.0107765441934,1,0,4,12718,5,58,1
"12719",2838,NA,NA,NA,1,0,5,12719,5,58,0
"12720",2839,NA,NA,NA,1,0,6,12720,5,58,1
"12721",2840,NA,NA,NA,1,0,7,12721,5,58,0
"12722",2841,NA,NA,NA,1,0,8,12722,5,58,0
"12723",2842,NA,NA,NA,1,0,9,12723,5,58,0
"12724",2843,NA,NA,NA,1,0,10,12724,5,58,0
"12725",2844,NA,NA,NA,1,0,11,12725,5,58,1
"12726",2845,NA,NA,NA,1,0,12,12726,5,58,1
"12727",2846,NA,NA,NA,1,0,13,12727,5,58,0
"12728",2847,NA,NA,NA,1,0,14,12728,5,58,1
"12729",2848,NA,NA,NA,1,0,15,12729,5,58,0
"12730",2849,NA,NA,NA,1,0,16,12730,5,58,0
"12731",2850,NA,NA,NA,1,0,17,12731,5,58,0
"12732",2851,NA,NA,NA,1,0,18,12732,5,58,1
"12733",2852,NA,NA,NA,1,0,19,12733,5,58,0
"12734",2853,NA,NA,NA,1,0,20,12734,5,58,0
"12735",2854,NA,NA,NA,1,0,21,12735,5,58,0
"12736",2855,NA,NA,NA,1,0,22,12736,5,58,0
"12737",2856,NA,NA,NA,1,0,23,12737,5,58,0
"12738",2857,NA,NA,NA,1,0,24,12738,5,58,0
"12739",2858,NA,NA,NA,1,0,25,12739,5,58,0
"12740",2859,NA,NA,NA,1,0,26,12740,5,58,0
"12741",2860,3,9,53,1,0,1,12741,1,67,0
"12742",2861,2,8,45.7161969334539,1,0,2,12742,1,67,1
"12743",2862,NA,NA,NA,1,0,3,12743,1,67,0
"12744",2863,NA,NA,NA,1,0,4,12744,1,67,1
"12745",2864,NA,NA,NA,1,0,5,12745,1,67,1
"12746",2865,NA,NA,NA,1,0,6,12746,1,67,1
"12747",2866,NA,NA,NA,1,0,7,12747,1,67,0
"12748",2867,NA,NA,NA,1,0,8,12748,1,67,1
"12749",2868,NA,NA,NA,1,0,9,12749,1,67,1
"12750",2869,NA,NA,NA,1,0,10,12750,1,67,0
"12751",2870,NA,NA,NA,1,0,11,12751,1,67,0
"12752",2871,NA,NA,NA,1,0,12,12752,1,67,1
"12753",2872,NA,NA,NA,1,0,13,12753,1,67,0
"12754",2873,NA,NA,NA,1,0,14,12754,1,67,0
"12755",2874,NA,NA,NA,1,0,15,12755,1,67,0
"12756",2875,NA,NA,NA,1,0,16,12756,1,67,0
"12757",2876,NA,NA,NA,1,0,17,12757,1,67,0
"12758",2877,NA,NA,NA,1,0,18,12758,1,67,0
"12759",2878,NA,NA,NA,1,0,19,12759,1,67,0
"12760",2879,NA,NA,NA,1,0,20,12760,1,67,0
"12761",2880,NA,NA,NA,1,0,21,12761,1,67,0
"12762",2881,NA,NA,NA,1,0,22,12762,1,67,0
"12763",2882,NA,NA,NA,1,0,23,12763,1,67,0
"12764",2883,NA,NA,NA,1,0,24,12764,1,67,0
"12765",2884,NA,NA,NA,1,0,25,12765,1,67,0
"12766",2885,NA,NA,NA,1,0,26,12766,1,67,0
"12767",2886,3,7,53,1,0,1,12767,2,67,0
"12768",2887,4,2,40.548468095667,1,0,2,12768,2,67,1
"12769",2888,NA,NA,NA,1,0,3,12769,2,67,1
"12770",2889,NA,NA,NA,1,0,4,12770,2,67,1
"12771",2890,NA,NA,NA,1,0,5,12771,2,67,0
"12772",2891,NA,NA,NA,1,0,6,12772,2,67,0
"12773",2892,NA,NA,NA,1,0,7,12773,2,67,0
"12774",2893,NA,NA,NA,1,0,8,12774,2,67,1
"12775",2894,NA,NA,NA,1,0,9,12775,2,67,1
"12776",2895,NA,NA,NA,1,0,10,12776,2,67,0
"12777",2896,NA,NA,NA,1,0,11,12777,2,67,1
"12778",2897,NA,NA,NA,1,0,12,12778,2,67,0
"12779",2898,NA,NA,NA,1,0,13,12779,2,67,1
"12780",2899,NA,NA,NA,1,0,14,12780,2,67,1
"12781",2900,NA,NA,NA,1,0,15,12781,2,67,0
"12782",2901,NA,NA,NA,1,0,16,12782,2,67,0
"12783",2902,NA,NA,NA,1,0,17,12783,2,67,0
"12784",2903,NA,NA,NA,1,0,18,12784,2,67,0
"12785",2904,NA,NA,NA,1,0,19,12785,2,67,0
"12786",2905,NA,NA,NA,1,0,20,12786,2,67,0
"12787",2906,NA,NA,NA,1,0,21,12787,2,67,0
"12788",2907,NA,NA,NA,1,0,22,12788,2,67,0
"12789",2908,NA,NA,NA,1,0,23,12789,2,67,0
"12790",2909,NA,NA,NA,1,0,24,12790,2,67,0
"12791",2910,NA,NA,NA,1,0,25,12791,2,67,0
"12792",2911,NA,NA,NA,1,0,26,12792,2,67,0
"12793",2912,4,9,53,1,0,1,12793,3,67,0
"12794",2913,10,4,40.0014596173541,1,0,2,12794,3,67,1
"12795",2914,NA,NA,NA,1,0,3,12795,3,67,1
"12796",2915,NA,NA,NA,1,0,4,12796,3,67,1
"12797",2916,NA,NA,NA,1,0,5,12797,3,67,0
"12798",2917,NA,NA,NA,1,0,6,12798,3,67,0
"12799",2918,NA,NA,NA,1,0,7,12799,3,67,0
"12800",2919,NA,NA,NA,1,0,8,12800,3,67,0
"12801",2920,NA,NA,NA,1,0,9,12801,3,67,1
"12802",2921,NA,NA,NA,1,0,10,12802,3,67,1
"12803",2922,NA,NA,NA,1,0,11,12803,3,67,0
"12804",2923,NA,NA,NA,1,0,12,12804,3,67,0
"12805",2924,NA,NA,NA,1,0,13,12805,3,67,0
"12806",2925,NA,NA,NA,1,0,14,12806,3,67,0
"12807",2926,NA,NA,NA,1,0,15,12807,3,67,0
"12808",2927,NA,NA,NA,1,0,16,12808,3,67,0
"12809",2928,NA,NA,NA,1,0,17,12809,3,67,0
"12810",2929,NA,NA,NA,1,0,18,12810,3,67,0
"12811",2930,NA,NA,NA,1,0,19,12811,3,67,0
"12812",2931,NA,NA,NA,1,0,20,12812,3,67,0
"12813",2932,NA,NA,NA,1,0,21,12813,3,67,0
"12814",2933,NA,NA,NA,1,0,22,12814,3,67,0
"12815",2934,NA,NA,NA,1,0,23,12815,3,67,0
"12816",2935,NA,NA,NA,1,0,24,12816,3,67,0
"12817",2936,NA,NA,NA,1,0,25,12817,3,67,0
"12818",2937,NA,NA,NA,1,0,26,12818,3,67,0
"12819",2938,0,4,52,1,0,1,12819,4,67,0
"12820",2939,5,8,65.4373768864531,1,0,2,12820,4,67,0
"12821",2940,4,4,42.4286079198493,1,0,3,12821,4,67,1
"12822",2941,NA,NA,NA,1,0,4,12822,4,67,0
"12823",2942,NA,NA,NA,1,0,5,12823,4,67,0
"12824",2943,NA,NA,NA,1,0,6,12824,4,67,1
"12825",2944,NA,NA,NA,1,0,7,12825,4,67,0
"12826",2945,NA,NA,NA,1,0,8,12826,4,67,0
"12827",2946,NA,NA,NA,1,0,9,12827,4,67,0
"12828",2947,NA,NA,NA,1,0,10,12828,4,67,0
"12829",2948,NA,NA,NA,1,0,11,12829,4,67,0
"12830",2949,NA,NA,NA,1,0,12,12830,4,67,0
"12831",2950,NA,NA,NA,1,0,13,12831,4,67,0
"12832",2951,NA,NA,NA,1,0,14,12832,4,67,0
"12833",2952,NA,NA,NA,1,0,15,12833,4,67,0
"12834",2953,NA,NA,NA,1,0,16,12834,4,67,0
"12835",2954,NA,NA,NA,1,0,17,12835,4,67,0
"12836",2955,NA,NA,NA,1,0,18,12836,4,67,0
"12837",2956,NA,NA,NA,1,0,19,12837,4,67,0
"12838",2957,NA,NA,NA,1,0,20,12838,4,67,1
"12839",2958,NA,NA,NA,1,0,21,12839,4,67,0
"12840",2959,NA,NA,NA,1,0,22,12840,4,67,0
"12841",2960,NA,NA,NA,1,0,23,12841,4,67,0
"12842",2961,NA,NA,NA,1,0,24,12842,4,67,0
"12843",2962,NA,NA,NA,1,0,25,12843,4,67,0
"12844",2963,NA,NA,NA,1,0,26,12844,4,67,0
"12845",2964,6,3,56,1,0,1,12845,5,67,0
"12846",2965,4,3,46.6449249185368,1,0,2,12846,5,67,0
"12847",2966,7,10,41.8884102483035,1,0,3,12847,5,67,1
"12848",2967,NA,NA,NA,1,0,4,12848,5,67,0
"12849",2968,NA,NA,NA,1,0,5,12849,5,67,0
"12850",2969,NA,NA,NA,1,0,6,12850,5,67,0
"12851",2970,NA,NA,NA,1,0,7,12851,5,67,0
"12852",2971,NA,NA,NA,1,0,8,12852,5,67,1
"12853",2972,NA,NA,NA,1,0,9,12853,5,67,0
"12854",2973,NA,NA,NA,1,0,10,12854,5,67,0
"12855",2974,NA,NA,NA,1,0,11,12855,5,67,0
"12856",2975,NA,NA,NA,1,0,12,12856,5,67,0
"12857",2976,NA,NA,NA,1,0,13,12857,5,67,0
"12858",2977,NA,NA,NA,1,0,14,12858,5,67,0
"12859",2978,NA,NA,NA,1,0,15,12859,5,67,0
"12860",2979,NA,NA,NA,1,0,16,12860,5,67,0
"12861",2980,NA,NA,NA,1,0,17,12861,5,67,0
"12862",2981,NA,NA,NA,1,0,18,12862,5,67,0
"12863",2982,NA,NA,NA,1,0,19,12863,5,67,0
"12864",2983,NA,NA,NA,1,0,20,12864,5,67,0
"12865",2984,NA,NA,NA,1,0,21,12865,5,67,0
"12866",2985,NA,NA,NA,1,0,22,12866,5,67,0
"12867",2986,NA,NA,NA,1,0,23,12867,5,67,0
"12868",2987,NA,NA,NA,1,0,24,12868,5,67,0
"12869",2988,NA,NA,NA,1,0,25,12869,5,67,0
"12870",2989,NA,NA,NA,1,0,26,12870,5,67,0
"12871",2990,6,0,49,1,0,1,12871,1,69,0
"12872",2991,6,0,49.0973047282424,1,0,2,12872,1,69,0
"12873",2992,4,3,49.5676556170515,1,0,3,12873,1,69,0
"12874",2993,6,3,53.4396697280577,1,0,4,12874,1,69,0
"12875",2994,5,2,46.9739556637178,1,0,5,12875,1,69,0
"12876",2995,5,3,53.3573440864203,1,0,6,12876,1,69,0
"12877",2996,8,8,44.5080814318927,1,0,7,12877,1,69,1
"12878",2997,NA,NA,NA,1,0,8,12878,1,69,1
"12879",2998,NA,NA,NA,1,0,9,12879,1,69,0
"12880",2999,NA,NA,NA,1,0,10,12880,1,69,0
"12881",3000,NA,NA,NA,1,0,11,12881,1,69,0
"12882",3001,NA,NA,NA,1,0,12,12882,1,69,0
"12883",3002,NA,NA,NA,1,0,13,12883,1,69,0
"12884",3003,NA,NA,NA,1,0,14,12884,1,69,0
"12885",3004,NA,NA,NA,1,0,15,12885,1,69,0
"12886",3005,NA,NA,NA,1,0,16,12886,1,69,0
"12887",3006,NA,NA,NA,1,0,17,12887,1,69,0
"12888",3007,NA,NA,NA,1,0,18,12888,1,69,0
"12889",3008,NA,NA,NA,1,0,19,12889,1,69,0
"12890",3009,NA,NA,NA,1,0,20,12890,1,69,0
"12891",3010,NA,NA,NA,1,0,21,12891,1,69,0
"12892",3011,NA,NA,NA,1,0,22,12892,1,69,0
"12893",3012,NA,NA,NA,1,0,23,12893,1,69,0
"12894",3013,NA,NA,NA,1,0,24,12894,1,69,0
"12895",3014,NA,NA,NA,1,0,25,12895,1,69,0
"12896",3015,NA,NA,NA,1,0,26,12896,1,69,0
"12897",3016,2,9,51,1,0,1,12897,2,69,0
"12898",3017,5,9,46.1102473563186,1,0,2,12898,2,69,0
"12899",3018,2,9,51.9210636079902,1,0,3,12899,2,69,0
"12900",3019,3,9,54.8754810469809,1,0,4,12900,2,69,0
"12901",3020,4,9,51.9051284893932,1,0,5,12901,2,69,0
"12902",3021,10,4,40.0000528969087,1,0,6,12902,2,69,1
"12903",3022,NA,NA,NA,1,0,7,12903,2,69,0
"12904",3023,NA,NA,NA,1,0,8,12904,2,69,0
"12905",3024,NA,NA,NA,1,0,9,12905,2,69,0
"12906",3025,NA,NA,NA,1,0,10,12906,2,69,0
"12907",3026,NA,NA,NA,1,0,11,12907,2,69,0
"12908",3027,NA,NA,NA,1,0,12,12908,2,69,1
"12909",3028,NA,NA,NA,1,0,13,12909,2,69,0
"12910",3029,NA,NA,NA,1,0,14,12910,2,69,0
"12911",3030,NA,NA,NA,1,0,15,12911,2,69,1
"12912",3031,NA,NA,NA,1,0,16,12912,2,69,1
"12913",3032,NA,NA,NA,1,0,17,12913,2,69,0
"12914",3033,NA,NA,NA,1,0,18,12914,2,69,0
"12915",3034,NA,NA,NA,1,0,19,12915,2,69,0
"12916",3035,NA,NA,NA,1,0,20,12916,2,69,0
"12917",3036,NA,NA,NA,1,0,21,12917,2,69,0
"12918",3037,NA,NA,NA,1,0,22,12918,2,69,0
"12919",3038,NA,NA,NA,1,0,23,12919,2,69,0
"12920",3039,NA,NA,NA,1,0,24,12920,2,69,0
"12921",3040,NA,NA,NA,1,0,25,12921,2,69,0
"12922",3041,NA,NA,NA,1,0,26,12922,2,69,0
"12923",3042,5,6,52,1,0,1,12923,3,69,0
"12924",3043,5,6,52.6664215640624,1,0,2,12924,3,69,0
"12925",3044,6,6,54.7312377591548,1,0,3,12925,3,69,0
"12926",3045,6,7,58.2755679521502,1,0,4,12926,3,69,0
"12927",3046,6,5,47.7527976901822,1,0,5,12927,3,69,0
"12928",3047,7,7,54.6028741639911,1,0,6,12928,3,69,0
"12929",3048,5,7,54.9205158641271,1,0,7,12929,3,69,0
"12930",3049,7,6,51.7015112776947,1,0,8,12930,3,69,0
"12931",3050,8,8,46.0019135911776,1,0,9,12931,3,69,0
"12932",3051,6,8,54.6082809878472,1,0,10,12932,3,69,0
"12933",3052,5,8,51.7578870831274,1,0,11,12933,3,69,0
"12934",3053,7,8,51.6908417863102,1,0,12,12934,3,69,0
"12935",3054,7,10,41.9757826316494,1,0,13,12935,3,69,1
"12936",3055,NA,NA,NA,1,0,14,12936,3,69,1
"12937",3056,NA,NA,NA,1,0,15,12937,3,69,0
"12938",3057,NA,NA,NA,1,0,16,12938,3,69,1
"12939",3058,NA,NA,NA,1,0,17,12939,3,69,1
"12940",3059,NA,NA,NA,1,0,18,12940,3,69,0
"12941",3060,NA,NA,NA,1,0,19,12941,3,69,0
"12942",3061,NA,NA,NA,1,0,20,12942,3,69,0
"12943",3062,NA,NA,NA,1,0,21,12943,3,69,0
"12944",3063,NA,NA,NA,1,0,22,12944,3,69,0
"12945",3064,NA,NA,NA,1,0,23,12945,3,69,0
"12946",3065,NA,NA,NA,1,0,24,12946,3,69,0
"12947",3066,NA,NA,NA,1,0,25,12947,3,69,0
"12948",3067,NA,NA,NA,1,0,26,12948,3,69,0
"12949",3068,1,10,54,1,0,1,12949,4,69,0
"12950",3069,1,10,54.4565619644111,1,0,2,12950,4,69,0
"12951",3070,0,10,51.5695045085653,1,0,3,12951,4,69,0
"12952",3071,1,9,58.08536171196,1,0,4,12952,4,69,0
"12953",3072,1,8,54.5767085564804,1,0,5,12953,4,69,0
"12954",3073,2,9,54.7616607069308,1,0,6,12954,4,69,0
"12955",3074,1,7,47.669128085345,1,0,7,12955,4,69,0
"12956",3075,2,10,51.6350174839078,1,0,8,12956,4,69,0
"12957",3076,0,9,54.4512787136123,1,0,9,12957,4,69,0
"12958",3077,0,8,51.5799301485307,1,0,10,12958,4,69,0
"12959",3078,3,6,51.9986106948239,1,0,11,12959,4,69,0
"12960",3079,2,8,52.5227873928033,1,0,12,12960,4,69,0
"12961",3080,3,7,51.8533844240773,1,0,13,12961,4,69,0
"12962",3081,3,5,49.0157899651598,1,0,14,12962,4,69,0
"12963",3082,8,8,53.7310410839523,1,0,15,12963,4,69,0
"12964",3083,8,7,66.7440293653031,1,0,16,12964,4,69,0
"12965",3084,3,10,46.2536522953666,1,0,17,12965,4,69,0
"12966",3085,9,7,48.8039062961627,1,0,18,12966,4,69,0
"12967",3086,7,7,92.0924750742479,1,0,19,12967,4,69,0
"12968",3087,6,7,105.081197022791,1,0,20,12968,4,69,0
"12969",3088,6,6,121.250207238753,1,0,21,12969,4,69,0
"12970",3089,7,6,105.053340162459,1,0,22,12970,4,69,0
"12971",3090,5,6,105.122273261949,1,0,23,12971,4,69,0
"12972",3091,5,7,92.3018753410922,1,0,24,12972,4,69,0
"12973",3092,6,5,105.054513525801,1,0,25,12973,4,69,0
"12974",3093,5,5,92.1047094849159,1,0,26,12974,4,69,0
"12975",3094,8,1,50,1,0,1,12975,5,69,0
"12976",3095,8,1,50.9603463553358,1,0,2,12976,5,69,0
"12977",3096,9,2,56.6441467729446,1,0,3,12977,5,69,0
"12978",3097,9,3,53.3215638125213,1,0,4,12978,5,69,0
"12979",3098,8,2,53.5525332032407,1,0,5,12979,5,69,0
"12980",3099,7,8,40.0023341833676,1,0,6,12980,5,69,1
"12981",3100,NA,NA,NA,1,0,7,12981,5,69,0
"12982",3101,NA,NA,NA,1,0,8,12982,5,69,0
"12983",3102,NA,NA,NA,1,0,9,12983,5,69,0
"12984",3103,NA,NA,NA,1,0,10,12984,5,69,0
"12985",3104,NA,NA,NA,1,0,11,12985,5,69,0
"12986",3105,NA,NA,NA,1,0,12,12986,5,69,0
"12987",3106,NA,NA,NA,1,0,13,12987,5,69,0
"12988",3107,NA,NA,NA,1,0,14,12988,5,69,0
"12989",3108,NA,NA,NA,1,0,15,12989,5,69,0
"12990",3109,NA,NA,NA,1,0,16,12990,5,69,0
"12991",3110,NA,NA,NA,1,0,17,12991,5,69,0
"12992",3111,NA,NA,NA,1,0,18,12992,5,69,0
"12993",3112,NA,NA,NA,1,0,19,12993,5,69,0
"12994",3113,NA,NA,NA,1,0,20,12994,5,69,0
"12995",3114,NA,NA,NA,1,0,21,12995,5,69,0
"12996",3115,NA,NA,NA,1,0,22,12996,5,69,0
"12997",3116,NA,NA,NA,1,0,23,12997,5,69,0
"12998",3117,NA,NA,NA,1,0,24,12998,5,69,0
"12999",3118,NA,NA,NA,1,0,25,12999,5,69,0
"13000",3119,NA,NA,NA,1,0,26,13000,5,69,0
"13001",3120,6,4,60,1,0,1,13001,1,72,0
"13002",3121,6,4,60.0498805575611,1,0,2,13002,1,72,0
"13003",3122,5,3,59.8612900205776,1,0,3,13003,1,72,0
"13004",3123,4,3,50.3859658668302,1,0,4,13004,1,72,0
"13005",3124,0,2,40.0103794361601,1,0,5,13005,1,72,1
"13006",3125,NA,NA,NA,1,0,6,13006,1,72,1
"13007",3126,NA,NA,NA,1,0,7,13007,1,72,0
"13008",3127,NA,NA,NA,1,0,8,13008,1,72,0
"13009",3128,NA,NA,NA,1,0,9,13009,1,72,1
"13010",3129,NA,NA,NA,1,0,10,13010,1,72,0
"13011",3130,NA,NA,NA,1,0,11,13011,1,72,1
"13012",3131,NA,NA,NA,1,0,12,13012,1,72,0
"13013",3132,NA,NA,NA,1,0,13,13013,1,72,0
"13014",3133,NA,NA,NA,1,0,14,13014,1,72,0
"13015",3134,NA,NA,NA,1,0,15,13015,1,72,1
"13016",3135,NA,NA,NA,1,0,16,13016,1,72,1
"13017",3136,NA,NA,NA,1,0,17,13017,1,72,1
"13018",3137,NA,NA,NA,1,0,18,13018,1,72,0
"13019",3138,NA,NA,NA,1,0,19,13019,1,72,0
"13020",3139,NA,NA,NA,1,0,20,13020,1,72,0
"13021",3140,NA,NA,NA,1,0,21,13021,1,72,1
"13022",3141,NA,NA,NA,1,0,22,13022,1,72,1
"13023",3142,NA,NA,NA,1,0,23,13023,1,72,1
"13024",3143,NA,NA,NA,1,0,24,13024,1,72,0
"13025",3144,NA,NA,NA,1,0,25,13025,1,72,1
"13026",3145,NA,NA,NA,1,0,26,13026,1,72,0
"13027",3146,3,2,52,1,0,1,13027,2,72,0
"13028",3147,3,2,52.5298978041246,1,0,2,13028,2,72,0
"13029",3148,1,5,40.4363974037437,1,0,3,13029,2,72,1
"13030",3149,NA,NA,NA,1,0,4,13030,2,72,1
"13031",3150,NA,NA,NA,1,0,5,13031,2,72,1
"13032",3151,NA,NA,NA,1,0,6,13032,2,72,0
"13033",3152,NA,NA,NA,1,0,7,13033,2,72,1
"13034",3153,NA,NA,NA,1,0,8,13034,2,72,0
"13035",3154,NA,NA,NA,1,0,9,13035,2,72,0
"13036",3155,NA,NA,NA,1,0,10,13036,2,72,0
"13037",3156,NA,NA,NA,1,0,11,13037,2,72,0
"13038",3157,NA,NA,NA,1,0,12,13038,2,72,0
"13039",3158,NA,NA,NA,1,0,13,13039,2,72,0
"13040",3159,NA,NA,NA,1,0,14,13040,2,72,0
"13041",3160,NA,NA,NA,1,0,15,13041,2,72,0
"13042",3161,NA,NA,NA,1,0,16,13042,2,72,0
"13043",3162,NA,NA,NA,1,0,17,13043,2,72,0
"13044",3163,NA,NA,NA,1,0,18,13044,2,72,0
"13045",3164,NA,NA,NA,1,0,19,13045,2,72,0
"13046",3165,NA,NA,NA,1,0,20,13046,2,72,0
"13047",3166,NA,NA,NA,1,0,21,13047,2,72,0
"13048",3167,NA,NA,NA,1,0,22,13048,2,72,1
"13049",3168,NA,NA,NA,1,0,23,13049,2,72,0
"13050",3169,NA,NA,NA,1,0,24,13050,2,72,0
"13051",3170,NA,NA,NA,1,0,25,13051,2,72,1
"13052",3171,NA,NA,NA,1,0,26,13052,2,72,0
"13053",3172,2,2,55,1,0,1,13053,3,72,0
"13054",3173,2,2,55.4728357621481,1,0,2,13054,3,72,0
"13055",3174,1,0,42.0939181140427,1,0,3,13055,3,72,1
"13056",3175,NA,NA,NA,1,0,4,13056,3,72,0
"13057",3176,NA,NA,NA,1,0,5,13057,3,72,0
"13058",3177,NA,NA,NA,1,0,6,13058,3,72,0
"13059",3178,NA,NA,NA,1,0,7,13059,3,72,1
"13060",3179,NA,NA,NA,1,0,8,13060,3,72,0
"13061",3180,NA,NA,NA,1,0,9,13061,3,72,0
"13062",3181,NA,NA,NA,1,0,10,13062,3,72,1
"13063",3182,NA,NA,NA,1,0,11,13063,3,72,1
"13064",3183,NA,NA,NA,1,0,12,13064,3,72,1
"13065",3184,NA,NA,NA,1,0,13,13065,3,72,0
"13066",3185,NA,NA,NA,1,0,14,13066,3,72,1
"13067",3186,NA,NA,NA,1,0,15,13067,3,72,1
"13068",3187,NA,NA,NA,1,0,16,13068,3,72,0
"13069",3188,NA,NA,NA,1,0,17,13069,3,72,0
"13070",3189,NA,NA,NA,1,0,18,13070,3,72,0
"13071",3190,NA,NA,NA,1,0,19,13071,3,72,1
"13072",3191,NA,NA,NA,1,0,20,13072,3,72,0
"13073",3192,NA,NA,NA,1,0,21,13073,3,72,0
"13074",3193,NA,NA,NA,1,0,22,13074,3,72,1
"13075",3194,NA,NA,NA,1,0,23,13075,3,72,0
"13076",3195,NA,NA,NA,1,0,24,13076,3,72,0
"13077",3196,NA,NA,NA,1,0,25,13077,3,72,0
"13078",3197,NA,NA,NA,1,0,26,13078,3,72,0
"13079",3198,8,5,56,1,0,1,13079,4,72,0
"13080",3199,8,5,56.2368991726728,1,0,2,13080,4,72,0
"13081",3200,6,4,46.5253836163201,1,0,3,13081,4,72,0
"13082",3201,9,4,55.3384207246753,1,0,4,13082,4,72,0
"13083",3202,6,0,40.0106090596973,1,0,5,13083,4,72,1
"13084",3203,NA,NA,NA,1,0,6,13084,4,72,0
"13085",3204,NA,NA,NA,1,0,7,13085,4,72,0
"13086",3205,NA,NA,NA,1,0,8,13086,4,72,0
"13087",3206,NA,NA,NA,1,0,9,13087,4,72,1
"13088",3207,NA,NA,NA,1,0,10,13088,4,72,1
"13089",3208,NA,NA,NA,1,0,11,13089,4,72,1
"13090",3209,NA,NA,NA,1,0,12,13090,4,72,0
"13091",3210,NA,NA,NA,1,0,13,13091,4,72,0
"13092",3211,NA,NA,NA,1,0,14,13092,4,72,0
"13093",3212,NA,NA,NA,1,0,15,13093,4,72,0
"13094",3213,NA,NA,NA,1,0,16,13094,4,72,1
"13095",3214,NA,NA,NA,1,0,17,13095,4,72,1
"13096",3215,NA,NA,NA,1,0,18,13096,4,72,0
"13097",3216,NA,NA,NA,1,0,19,13097,4,72,0
"13098",3217,NA,NA,NA,1,0,20,13098,4,72,0
"13099",3218,NA,NA,NA,1,0,21,13099,4,72,0
"13100",3219,NA,NA,NA,1,0,22,13100,4,72,0
"13101",3220,NA,NA,NA,1,0,23,13101,4,72,0
"13102",3221,NA,NA,NA,1,0,24,13102,4,72,0
"13103",3222,NA,NA,NA,1,0,25,13103,4,72,0
"13104",3223,NA,NA,NA,1,0,26,13104,4,72,0
"13105",3224,6,9,55,1,0,1,13105,5,72,0
"13106",3225,1,7,40.6844065157558,1,0,2,13106,5,72,1
"13107",3226,NA,NA,NA,1,0,3,13107,5,72,0
"13108",3227,NA,NA,NA,1,0,4,13108,5,72,1
"13109",3228,NA,NA,NA,1,0,5,13109,5,72,0
"13110",3229,NA,NA,NA,1,0,6,13110,5,72,0
"13111",3230,NA,NA,NA,1,0,7,13111,5,72,1
"13112",3231,NA,NA,NA,1,0,8,13112,5,72,0
"13113",3232,NA,NA,NA,1,0,9,13113,5,72,1
"13114",3233,NA,NA,NA,1,0,10,13114,5,72,0
"13115",3234,NA,NA,NA,1,0,11,13115,5,72,1
"13116",3235,NA,NA,NA,1,0,12,13116,5,72,0
"13117",3236,NA,NA,NA,1,0,13,13117,5,72,0
"13118",3237,NA,NA,NA,1,0,14,13118,5,72,0
"13119",3238,NA,NA,NA,1,0,15,13119,5,72,0
"13120",3239,NA,NA,NA,1,0,16,13120,5,72,0
"13121",3240,NA,NA,NA,1,0,17,13121,5,72,0
"13122",3241,NA,NA,NA,1,0,18,13122,5,72,0
"13123",3242,NA,NA,NA,1,0,19,13123,5,72,0
"13124",3243,NA,NA,NA,1,0,20,13124,5,72,0
"13125",3244,NA,NA,NA,1,0,21,13125,5,72,0
"13126",3245,NA,NA,NA,1,0,22,13126,5,72,0
"13127",3246,NA,NA,NA,1,0,23,13127,5,72,0
"13128",3247,NA,NA,NA,1,0,24,13128,5,72,0
"13129",3248,NA,NA,NA,1,0,25,13129,5,72,0
"13130",3249,NA,NA,NA,1,0,26,13130,5,72,0
"13131",3250,10,5,54,1,0,1,13131,1,74,0
"13132",3251,10,4,56.9196463200751,1,0,2,13132,1,74,0
"13133",3252,9,2,48.622592934889,1,0,3,13133,1,74,0
"13134",3253,10,2,46.9040882889026,1,0,4,13134,1,74,0
"13135",3254,10,4,56.9196463200751,1,0,5,13135,1,74,0
"13136",3255,4,10,41.8344655358859,1,0,6,13136,1,74,1
"13137",3256,NA,NA,NA,1,0,7,13137,1,74,0
"13138",3257,NA,NA,NA,1,0,8,13138,1,74,0
"13139",3258,NA,NA,NA,1,0,9,13139,1,74,1
"13140",3259,NA,NA,NA,1,0,10,13140,1,74,1
"13141",3260,NA,NA,NA,1,0,11,13141,1,74,0
"13142",3261,NA,NA,NA,1,0,12,13142,1,74,0
"13143",3262,NA,NA,NA,1,0,13,13143,1,74,1
"13144",3263,NA,NA,NA,1,0,14,13144,1,74,1
"13145",3264,NA,NA,NA,1,0,15,13145,1,74,0
"13146",3265,NA,NA,NA,1,0,16,13146,1,74,0
"13147",3266,NA,NA,NA,1,0,17,13147,1,74,0
"13148",3267,NA,NA,NA,1,0,18,13148,1,74,0
"13149",3268,NA,NA,NA,1,0,19,13149,1,74,0
"13150",3269,NA,NA,NA,1,0,20,13150,1,74,0
"13151",3270,NA,NA,NA,1,0,21,13151,1,74,0
"13152",3271,NA,NA,NA,1,0,22,13152,1,74,0
"13153",3272,NA,NA,NA,1,0,23,13153,1,74,0
"13154",3273,NA,NA,NA,1,0,24,13154,1,74,1
"13155",3274,NA,NA,NA,1,0,25,13155,1,74,1
"13156",3275,NA,NA,NA,1,0,26,13156,1,74,0
"13157",3276,3,2,52,1,0,1,13157,2,74,0
"13158",3277,5,10,40.000007090546,1,0,2,13158,2,74,1
"13159",3278,NA,NA,NA,1,0,3,13159,2,74,0
"13160",3279,NA,NA,NA,1,0,4,13160,2,74,1
"13161",3280,NA,NA,NA,1,0,5,13161,2,74,1
"13162",3281,NA,NA,NA,1,0,6,13162,2,74,1
"13163",3282,NA,NA,NA,1,0,7,13163,2,74,0
"13164",3283,NA,NA,NA,1,0,8,13164,2,74,0
"13165",3284,NA,NA,NA,1,0,9,13165,2,74,0
"13166",3285,NA,NA,NA,1,0,10,13166,2,74,0
"13167",3286,NA,NA,NA,1,0,11,13167,2,74,0
"13168",3287,NA,NA,NA,1,0,12,13168,2,74,0
"13169",3288,NA,NA,NA,1,0,13,13169,2,74,0
"13170",3289,NA,NA,NA,1,0,14,13170,2,74,1
"13171",3290,NA,NA,NA,1,0,15,13171,2,74,0
"13172",3291,NA,NA,NA,1,0,16,13172,2,74,0
"13173",3292,NA,NA,NA,1,0,17,13173,2,74,0
"13174",3293,NA,NA,NA,1,0,18,13174,2,74,0
"13175",3294,NA,NA,NA,1,0,19,13175,2,74,0
"13176",3295,NA,NA,NA,1,0,20,13176,2,74,0
"13177",3296,NA,NA,NA,1,0,21,13177,2,74,0
"13178",3297,NA,NA,NA,1,0,22,13178,2,74,0
"13179",3298,NA,NA,NA,1,0,23,13179,2,74,0
"13180",3299,NA,NA,NA,1,0,24,13180,2,74,0
"13181",3300,NA,NA,NA,1,0,25,13181,2,74,0
"13182",3301,NA,NA,NA,1,0,26,13182,2,74,0
"13183",3302,7,3,52,1,0,1,13183,3,74,0
"13184",3303,7,5,52.9666499374019,1,0,2,13184,3,74,0
"13185",3304,8,0,40.2362621416037,1,0,3,13185,3,74,1
"13186",3305,NA,NA,NA,1,0,4,13186,3,74,0
"13187",3306,NA,NA,NA,1,0,5,13187,3,74,0
"13188",3307,NA,NA,NA,1,0,6,13188,3,74,0
"13189",3308,NA,NA,NA,1,0,7,13189,3,74,1
"13190",3309,NA,NA,NA,1,0,8,13190,3,74,0
"13191",3310,NA,NA,NA,1,0,9,13191,3,74,1
"13192",3311,NA,NA,NA,1,0,10,13192,3,74,0
"13193",3312,NA,NA,NA,1,0,11,13193,3,74,0
"13194",3313,NA,NA,NA,1,0,12,13194,3,74,0
"13195",3314,NA,NA,NA,1,0,13,13195,3,74,0
"13196",3315,NA,NA,NA,1,0,14,13196,3,74,0
"13197",3316,NA,NA,NA,1,0,15,13197,3,74,0
"13198",3317,NA,NA,NA,1,0,16,13198,3,74,0
"13199",3318,NA,NA,NA,1,0,17,13199,3,74,0
"13200",3319,NA,NA,NA,1,0,18,13200,3,74,0
"13201",3320,NA,NA,NA,1,0,19,13201,3,74,0
"13202",3321,NA,NA,NA,1,0,20,13202,3,74,0
"13203",3322,NA,NA,NA,1,0,21,13203,3,74,0
"13204",3323,NA,NA,NA,1,0,22,13204,3,74,0
"13205",3324,NA,NA,NA,1,0,23,13205,3,74,0
"13206",3325,NA,NA,NA,1,0,24,13206,3,74,0
"13207",3326,NA,NA,NA,1,0,25,13207,3,74,0
"13208",3327,NA,NA,NA,1,0,26,13208,3,74,0
"13209",3328,7,7,53,1,0,1,13209,4,74,0
"13210",3329,7,10,40.7224422735362,1,0,2,13210,4,74,1
"13211",3330,NA,NA,NA,1,0,3,13211,4,74,0
"13212",3331,NA,NA,NA,1,0,4,13212,4,74,0
"13213",3332,NA,NA,NA,1,0,5,13213,4,74,1
"13214",3333,NA,NA,NA,1,0,6,13214,4,74,0
"13215",3334,NA,NA,NA,1,0,7,13215,4,74,0
"13216",3335,NA,NA,NA,1,0,8,13216,4,74,1
"13217",3336,NA,NA,NA,1,0,9,13217,4,74,0
"13218",3337,NA,NA,NA,1,0,10,13218,4,74,0
"13219",3338,NA,NA,NA,1,0,11,13219,4,74,0
"13220",3339,NA,NA,NA,1,0,12,13220,4,74,0
"13221",3340,NA,NA,NA,1,0,13,13221,4,74,0
"13222",3341,NA,NA,NA,1,0,14,13222,4,74,0
"13223",3342,NA,NA,NA,1,0,15,13223,4,74,1
"13224",3343,NA,NA,NA,1,0,16,13224,4,74,0
"13225",3344,NA,NA,NA,1,0,17,13225,4,74,0
"13226",3345,NA,NA,NA,1,0,18,13226,4,74,1
"13227",3346,NA,NA,NA,1,0,19,13227,4,74,0
"13228",3347,NA,NA,NA,1,0,20,13228,4,74,0
"13229",3348,NA,NA,NA,1,0,21,13229,4,74,0
"13230",3349,NA,NA,NA,1,0,22,13230,4,74,0
"13231",3350,NA,NA,NA,1,0,23,13231,4,74,0
"13232",3351,NA,NA,NA,1,0,24,13232,4,74,0
"13233",3352,NA,NA,NA,1,0,25,13233,4,74,0
"13234",3353,NA,NA,NA,1,0,26,13234,4,74,0
"13235",3354,2,5,57,1,0,1,13235,5,74,0
"13236",3355,4,4,45.3561517617522,1,0,2,13236,5,74,1
"13237",3356,NA,NA,NA,1,0,3,13237,5,74,0
"13238",3357,NA,NA,NA,1,0,4,13238,5,74,0
"13239",3358,NA,NA,NA,1,0,5,13239,5,74,0
"13240",3359,NA,NA,NA,1,0,6,13240,5,74,0
"13241",3360,NA,NA,NA,1,0,7,13241,5,74,0
"13242",3361,NA,NA,NA,1,0,8,13242,5,74,0
"13243",3362,NA,NA,NA,1,0,9,13243,5,74,0
"13244",3363,NA,NA,NA,1,0,10,13244,5,74,0
"13245",3364,NA,NA,NA,1,0,11,13245,5,74,0
"13246",3365,NA,NA,NA,1,0,12,13246,5,74,0
"13247",3366,NA,NA,NA,1,0,13,13247,5,74,1
"13248",3367,NA,NA,NA,1,0,14,13248,5,74,0
"13249",3368,NA,NA,NA,1,0,15,13249,5,74,0
"13250",3369,NA,NA,NA,1,0,16,13250,5,74,0
"13251",3370,NA,NA,NA,1,0,17,13251,5,74,0
"13252",3371,NA,NA,NA,1,0,18,13252,5,74,0
"13253",3372,NA,NA,NA,1,0,19,13253,5,74,0
"13254",3373,NA,NA,NA,1,0,20,13254,5,74,0
"13255",3374,NA,NA,NA,1,0,21,13255,5,74,0
"13256",3375,NA,NA,NA,1,0,22,13256,5,74,0
"13257",3376,NA,NA,NA,1,0,23,13257,5,74,0
"13258",3377,NA,NA,NA,1,0,24,13258,5,74,0
"13259",3378,NA,NA,NA,1,0,25,13259,5,74,0
"13260",3379,NA,NA,NA,1,0,26,13260,5,74,0
"13261",3380,5,8,53,1,0,1,13261,1,76,0
"13262",3381,8,2,40.0219669853377,1,0,2,13262,1,76,1
"13263",3382,NA,NA,NA,1,0,3,13263,1,76,0
"13264",3383,NA,NA,NA,1,0,4,13264,1,76,1
"13265",3384,NA,NA,NA,1,0,5,13265,1,76,0
"13266",3385,NA,NA,NA,1,0,6,13266,1,76,0
"13267",3386,NA,NA,NA,1,0,7,13267,1,76,0
"13268",3387,NA,NA,NA,1,0,8,13268,1,76,0
"13269",3388,NA,NA,NA,1,0,9,13269,1,76,0
"13270",3389,NA,NA,NA,1,0,10,13270,1,76,0
"13271",3390,NA,NA,NA,1,0,11,13271,1,76,0
"13272",3391,NA,NA,NA,1,0,12,13272,1,76,0
"13273",3392,NA,NA,NA,1,0,13,13273,1,76,0
"13274",3393,NA,NA,NA,1,0,14,13274,1,76,0
"13275",3394,NA,NA,NA,1,0,15,13275,1,76,0
"13276",3395,NA,NA,NA,1,0,16,13276,1,76,0
"13277",3396,NA,NA,NA,1,0,17,13277,1,76,0
"13278",3397,NA,NA,NA,1,0,18,13278,1,76,0
"13279",3398,NA,NA,NA,1,0,19,13279,1,76,1
"13280",3399,NA,NA,NA,1,0,20,13280,1,76,0
"13281",3400,NA,NA,NA,1,0,21,13281,1,76,0
"13282",3401,NA,NA,NA,1,0,22,13282,1,76,0
"13283",3402,NA,NA,NA,1,0,23,13283,1,76,0
"13284",3403,NA,NA,NA,1,0,24,13284,1,76,0
"13285",3404,NA,NA,NA,1,0,25,13285,1,76,0
"13286",3405,NA,NA,NA,1,0,26,13286,1,76,0
"13287",3406,9,5,58,1,0,1,13287,2,76,0
"13288",3407,8,5,55.7370654207569,1,0,2,13288,2,76,0
"13289",3408,8,5,55.7370654207569,1,0,3,13289,2,76,0
"13290",3409,2,2,40.0001614158952,1,0,4,13290,2,76,1
"13291",3410,NA,NA,NA,1,0,5,13291,2,76,0
"13292",3411,NA,NA,NA,1,0,6,13292,2,76,0
"13293",3412,NA,NA,NA,1,0,7,13293,2,76,0
"13294",3413,NA,NA,NA,1,0,8,13294,2,76,0
"13295",3414,NA,NA,NA,1,0,9,13295,2,76,0
"13296",3415,NA,NA,NA,1,0,10,13296,2,76,0
"13297",3416,NA,NA,NA,1,0,11,13297,2,76,0
"13298",3417,NA,NA,NA,1,0,12,13298,2,76,0
"13299",3418,NA,NA,NA,1,0,13,13299,2,76,0
"13300",3419,NA,NA,NA,1,0,14,13300,2,76,0
"13301",3420,NA,NA,NA,1,0,15,13301,2,76,0
"13302",3421,NA,NA,NA,1,0,16,13302,2,76,0
"13303",3422,NA,NA,NA,1,0,17,13303,2,76,0
"13304",3423,NA,NA,NA,1,0,18,13304,2,76,0
"13305",3424,NA,NA,NA,1,0,19,13305,2,76,1
"13306",3425,NA,NA,NA,1,0,20,13306,2,76,0
"13307",3426,NA,NA,NA,1,0,21,13307,2,76,0
"13308",3427,NA,NA,NA,1,0,22,13308,2,76,0
"13309",3428,NA,NA,NA,1,0,23,13309,2,76,0
"13310",3429,NA,NA,NA,1,0,24,13310,2,76,0
"13311",3430,NA,NA,NA,1,0,25,13311,2,76,0
"13312",3431,NA,NA,NA,1,0,26,13312,2,76,0
"13313",3432,6,6,54,1,0,1,13313,3,76,0
"13314",3433,6,6,54.7312377591548,1,0,2,13314,3,76,0
"13315",3434,8,6,46.0025072203209,1,0,3,13315,3,76,0
"13316",3435,6,6,54.7312377591548,1,0,4,13316,3,76,0
"13317",3436,7,5,46.0242023771169,1,0,5,13317,3,76,0
"13318",3437,6,6,54.7312377591548,1,0,6,13318,3,76,0
"13319",3438,6,6,54.7312377591548,1,0,7,13319,3,76,0
"13320",3439,6,6,54.7312377591548,1,0,8,13320,3,76,0
"13321",3440,6,6,54.7312377591548,1,0,9,13321,3,76,0
"13322",3441,6,6,54.7312377591548,1,0,10,13322,3,76,0
"13323",3442,6,6,54.7312377591548,1,0,11,13323,3,76,0
"13324",3443,6,6,54.7312377591548,1,0,12,13324,3,76,0
"13325",3444,6,6,54.7312377591548,1,0,13,13325,3,76,0
"13326",3445,6,6,54.7312377591548,1,0,14,13326,3,76,0
"13327",3446,10,4,40.0704849889162,1,0,15,13327,3,76,1
"13328",3447,NA,NA,NA,1,0,16,13328,3,76,0
"13329",3448,NA,NA,NA,1,0,17,13329,3,76,0
"13330",3449,NA,NA,NA,1,0,18,13330,3,76,0
"13331",3450,NA,NA,NA,1,0,19,13331,3,76,0
"13332",3451,NA,NA,NA,1,0,20,13332,3,76,0
"13333",3452,NA,NA,NA,1,0,21,13333,3,76,1
"13334",3453,NA,NA,NA,1,0,22,13334,3,76,0
"13335",3454,NA,NA,NA,1,0,23,13335,3,76,0
"13336",3455,NA,NA,NA,1,0,24,13336,3,76,0
"13337",3456,NA,NA,NA,1,0,25,13337,3,76,0
"13338",3457,NA,NA,NA,1,0,26,13338,3,76,0
"13339",3458,3,9,50,1,0,1,13339,4,76,0
"13340",3459,4,4,67.0297908726055,1,0,2,13340,4,76,0
"13341",3460,4,4,67.0297908726055,1,0,3,13341,4,76,0
"13342",3461,4,4,67.0297908726055,1,0,4,13342,4,76,0
"13343",3462,4,4,67.0297908726055,1,0,5,13343,4,76,0
"13344",3463,8,8,40.0058133163098,1,0,6,13344,4,76,1
"13345",3464,NA,NA,NA,1,0,7,13345,4,76,0
"13346",3465,NA,NA,NA,1,0,8,13346,4,76,0
"13347",3466,NA,NA,NA,1,0,9,13347,4,76,0
"13348",3467,NA,NA,NA,1,0,10,13348,4,76,0
"13349",3468,NA,NA,NA,1,0,11,13349,4,76,0
"13350",3469,NA,NA,NA,1,0,12,13350,4,76,0
"13351",3470,NA,NA,NA,1,0,13,13351,4,76,0
"13352",3471,NA,NA,NA,1,0,14,13352,4,76,0
"13353",3472,NA,NA,NA,1,0,15,13353,4,76,0
"13354",3473,NA,NA,NA,1,0,16,13354,4,76,0
"13355",3474,NA,NA,NA,1,0,17,13355,4,76,0
"13356",3475,NA,NA,NA,1,0,18,13356,4,76,0
"13357",3476,NA,NA,NA,1,0,19,13357,4,76,0
"13358",3477,NA,NA,NA,1,0,20,13358,4,76,0
"13359",3478,NA,NA,NA,1,0,21,13359,4,76,0
"13360",3479,NA,NA,NA,1,0,22,13360,4,76,0
"13361",3480,NA,NA,NA,1,0,23,13361,4,76,0
"13362",3481,NA,NA,NA,1,0,24,13362,4,76,0
"13363",3482,NA,NA,NA,1,0,25,13363,4,76,0
"13364",3483,NA,NA,NA,1,0,26,13364,4,76,0
"13365",3484,3,3,57,1,0,1,13365,5,76,0
"13366",3485,3,2,62.312800325404,1,0,2,13366,5,76,0
"13367",3486,3,2,62.312800325404,1,0,3,13367,5,76,0
"13368",3487,3,2,62.312800325404,1,0,4,13368,5,76,0
"13369",3488,3,2,62.312800325404,1,0,5,13369,5,76,0
"13370",3489,3,2,62.312800325404,1,0,6,13370,5,76,0
"13371",3490,3,2,62.312800325404,1,0,7,13371,5,76,0
"13372",3491,3,2,62.312800325404,1,0,8,13372,5,76,0
"13373",3492,3,2,62.312800325404,1,0,9,13373,5,76,0
"13374",3493,3,2,62.312800325404,1,0,10,13374,5,76,0
"13375",3494,3,2,62.312800325404,1,0,11,13375,5,76,0
"13376",3495,3,2,62.312800325404,1,0,12,13376,5,76,0
"13377",3496,3,2,62.312800325404,1,0,13,13377,5,76,0
"13378",3497,3,2,62.312800325404,1,0,14,13378,5,76,0
"13379",3498,3,2,62.312800325404,1,0,15,13379,5,76,0
"13380",3499,3,2,62.312800325404,1,0,16,13380,5,76,0
"13381",3500,5,2,58.1599168838521,1,0,17,13381,5,76,0
"13382",3501,3,2,62.312800325404,1,0,18,13382,5,76,0
"13383",3502,3,2,62.312800325404,1,0,19,13383,5,76,0
"13384",3503,5,2,58.1599168838521,1,0,20,13384,5,76,0
"13385",3504,3,2,62.312800325404,1,0,21,13385,5,76,0
"13386",3505,3,2,62.312800325404,1,0,22,13386,5,76,0
"13387",3506,3,2,62.312800325404,1,0,23,13387,5,76,0
"13388",3507,5,2,58.1599168838521,1,0,24,13388,5,76,0
"13389",3508,3,2,62.312800325404,1,0,25,13389,5,76,0
"13390",3509,3,2,62.312800325404,1,0,26,13390,5,76,0
"13391",3510,2,8,56,1,0,1,13391,1,78,0
"13392",3511,2,8,56.5712727053194,1,0,2,13392,1,78,0
"13393",3512,1,8,60.6790454398354,1,0,3,13393,1,78,0
"13394",3513,0,8,56.5532280151442,1,0,4,13394,1,78,0
"13395",3514,1,7,56.6780376080248,1,0,5,13395,1,78,0
"13396",3515,2,7,53.5020942801781,1,0,6,13396,1,78,0
"13397",3516,1,9,56.5501782222322,1,0,7,13397,1,78,0
"13398",3517,0,7,53.2941446447889,1,0,8,13398,1,78,0
"13399",3518,1,6,49.4461699106692,1,0,9,13399,1,78,0
"13400",3519,2,9,53.2530582020015,1,0,10,13400,1,78,0
"13401",3520,0,9,53.2520542315606,1,0,11,13401,1,78,0
"13402",3521,3,8,48.5239448271898,1,0,12,13402,1,78,0
"13403",3522,2,10,46.803769767107,1,0,13,13403,1,78,0
"13404",3523,3,7,47.1162439091651,1,0,14,13404,1,78,0
"13405",3524,0,0,44.4977329471645,1,0,15,13405,1,78,1
"13406",3525,NA,NA,NA,1,0,16,13406,1,78,1
"13407",3526,NA,NA,NA,1,0,17,13407,1,78,0
"13408",3527,NA,NA,NA,1,0,18,13408,1,78,0
"13409",3528,NA,NA,NA,1,0,19,13409,1,78,0
"13410",3529,NA,NA,NA,1,0,20,13410,1,78,1
"13411",3530,NA,NA,NA,1,0,21,13411,1,78,1
"13412",3531,NA,NA,NA,1,0,22,13412,1,78,1
"13413",3532,NA,NA,NA,1,0,23,13413,1,78,1
"13414",3533,NA,NA,NA,1,0,24,13414,1,78,1
"13415",3534,NA,NA,NA,1,0,25,13415,1,78,0
"13416",3535,NA,NA,NA,1,0,26,13416,1,78,0
"13417",3536,6,9,55,1,0,1,13417,2,78,0
"13418",3537,6,9,55.1377992203185,1,0,2,13418,2,78,0
"13419",3538,7,9,47.9539803870913,1,0,3,13419,2,78,0
"13420",3539,6,8,52.9572773453584,1,0,4,13420,2,78,0
"13421",3540,0,4,40.0003333231427,1,0,5,13421,2,78,1
"13422",3541,NA,NA,NA,1,0,6,13422,2,78,1
"13423",3542,NA,NA,NA,1,0,7,13423,2,78,0
"13424",3543,NA,NA,NA,1,0,8,13424,2,78,1
"13425",3544,NA,NA,NA,1,0,9,13425,2,78,0
"13426",3545,NA,NA,NA,1,0,10,13426,2,78,0
"13427",3546,NA,NA,NA,1,0,11,13427,2,78,0
"13428",3547,NA,NA,NA,1,0,12,13428,2,78,0
"13429",3548,NA,NA,NA,1,0,13,13429,2,78,0
"13430",3549,NA,NA,NA,1,0,14,13430,2,78,0
"13431",3550,NA,NA,NA,1,0,15,13431,2,78,0
"13432",3551,NA,NA,NA,1,0,16,13432,2,78,0
"13433",3552,NA,NA,NA,1,0,17,13433,2,78,0
"13434",3553,NA,NA,NA,1,0,18,13434,2,78,0
"13435",3554,NA,NA,NA,1,0,19,13435,2,78,0
"13436",3555,NA,NA,NA,1,0,20,13436,2,78,0
"13437",3556,NA,NA,NA,1,0,21,13437,2,78,0
"13438",3557,NA,NA,NA,1,0,22,13438,2,78,0
"13439",3558,NA,NA,NA,1,0,23,13439,2,78,0
"13440",3559,NA,NA,NA,1,0,24,13440,2,78,0
"13441",3560,NA,NA,NA,1,0,25,13441,2,78,0
"13442",3561,NA,NA,NA,1,0,26,13442,2,78,0
"13443",3562,3,8,55,1,0,1,13443,3,78,0
"13444",3563,3,8,55.3781399898945,1,0,2,13444,3,78,0
"13445",3564,10,0,40.0000416608665,1,0,3,13445,3,78,1
"13446",3565,NA,NA,NA,1,0,4,13446,3,78,0
"13447",3566,NA,NA,NA,1,0,5,13447,3,78,0
"13448",3567,NA,NA,NA,1,0,6,13448,3,78,0
"13449",3568,NA,NA,NA,1,0,7,13449,3,78,0
"13450",3569,NA,NA,NA,1,0,8,13450,3,78,0
"13451",3570,NA,NA,NA,1,0,9,13451,3,78,0
"13452",3571,NA,NA,NA,1,0,10,13452,3,78,0
"13453",3572,NA,NA,NA,1,0,11,13453,3,78,0
"13454",3573,NA,NA,NA,1,0,12,13454,3,78,0
"13455",3574,NA,NA,NA,1,0,13,13455,3,78,0
"13456",3575,NA,NA,NA,1,0,14,13456,3,78,0
"13457",3576,NA,NA,NA,1,0,15,13457,3,78,0
"13458",3577,NA,NA,NA,1,0,16,13458,3,78,0
"13459",3578,NA,NA,NA,1,0,17,13459,3,78,0
"13460",3579,NA,NA,NA,1,0,18,13460,3,78,0
"13461",3580,NA,NA,NA,1,0,19,13461,3,78,0
"13462",3581,NA,NA,NA,1,0,20,13462,3,78,0
"13463",3582,NA,NA,NA,1,0,21,13463,3,78,0
"13464",3583,NA,NA,NA,1,0,22,13464,3,78,0
"13465",3584,NA,NA,NA,1,0,23,13465,3,78,0
"13466",3585,NA,NA,NA,1,0,24,13466,3,78,0
"13467",3586,NA,NA,NA,1,0,25,13467,3,78,0
"13468",3587,NA,NA,NA,1,0,26,13468,3,78,0
"13469",3588,3,10,51,1,0,1,13469,4,78,0
"13470",3589,3,10,51.1419331714814,1,0,2,13470,4,78,0
"13471",3590,3,9,53.9224695038014,1,0,3,13471,4,78,0
"13472",3591,2,9,47.1379823921851,1,0,4,13472,4,78,0
"13473",3592,6,8,56.77744966713,1,0,5,13473,4,78,0
"13474",3593,6,9,55.9951411791553,1,0,6,13474,4,78,0
"13475",3594,9,6,73.6148360750367,1,0,7,13475,4,78,0
"13476",3595,8,6,66.9764948301556,1,0,8,13476,4,78,0
"13477",3596,9,7,105.482660393634,1,0,9,13477,4,78,0
"13478",3597,8,7,92.6161881006706,1,0,10,13478,4,78,0
"13479",3598,9,8,121.797228716411,1,0,11,13479,4,78,0
"13480",3599,8,8,105.852145326666,1,0,12,13480,4,78,0
"13481",3600,9,8,121.797228716411,1,0,13,13481,4,78,0
"13482",3601,9,8,121.797228716411,1,0,14,13482,4,78,0
"13483",3602,9,8,121.797228716411,1,0,15,13483,4,78,0
"13484",3603,9,8,121.797228716411,1,0,16,13484,4,78,0
"13485",3604,9,8,121.797228716411,1,0,17,13485,4,78,0
"13486",3605,9,8,121.797228716411,1,0,18,13486,4,78,0
"13487",3606,9,8,121.797228716411,1,0,19,13487,4,78,0
"13488",3607,9,8,121.797228716411,1,0,20,13488,4,78,0
"13489",3608,9,8,121.797228716411,1,0,21,13489,4,78,0
"13490",3609,9,8,121.797228716411,1,0,22,13490,4,78,0
"13491",3610,9,8,121.797228716411,1,0,23,13491,4,78,0
"13492",3611,9,8,121.797228716411,1,0,24,13492,4,78,0
"13493",3612,9,8,121.797228716411,1,0,25,13493,4,78,0
"13494",3613,9,8,121.797228716411,1,0,26,13494,4,78,0
"13495",3614,5,4,58,1,0,1,13495,5,78,0
"13496",3615,5,4,58.1173347023035,1,0,2,13496,5,78,0
"13497",3616,6,4,53.318857893778,1,0,3,13497,5,78,0
"13498",3617,5,5,54.0588113357141,1,0,4,13498,5,78,0
"13499",3618,6,5,48.5404382328891,1,0,5,13499,5,78,0
"13500",3619,0,1,40.0828794237889,1,0,6,13500,5,78,1
"13501",3620,NA,NA,NA,1,0,7,13501,5,78,0
"13502",3621,NA,NA,NA,1,0,8,13502,5,78,0
"13503",3622,NA,NA,NA,1,0,9,13503,5,78,0
"13504",3623,NA,NA,NA,1,0,10,13504,5,78,0
"13505",3624,NA,NA,NA,1,0,11,13505,5,78,0
"13506",3625,NA,NA,NA,1,0,12,13506,5,78,0
"13507",3626,NA,NA,NA,1,0,13,13507,5,78,0
"13508",3627,NA,NA,NA,1,0,14,13508,5,78,0
"13509",3628,NA,NA,NA,1,0,15,13509,5,78,0
"13510",3629,NA,NA,NA,1,0,16,13510,5,78,0
"13511",3630,NA,NA,NA,1,0,17,13511,5,78,0
"13512",3631,NA,NA,NA,1,0,18,13512,5,78,0
"13513",3632,NA,NA,NA,1,0,19,13513,5,78,0
"13514",3633,NA,NA,NA,1,0,20,13514,5,78,0
"13515",3634,NA,NA,NA,1,0,21,13515,5,78,0
"13516",3635,NA,NA,NA,1,0,22,13516,5,78,0
"13517",3636,NA,NA,NA,1,0,23,13517,5,78,0
"13518",3637,NA,NA,NA,1,0,24,13518,5,78,0
"13519",3638,NA,NA,NA,1,0,25,13519,5,78,0
"13520",3639,NA,NA,NA,1,0,26,13520,5,78,0
"13521",3640,9,7,54,1,0,1,13521,1,81,0
"13522",3641,9,7,54.7492631769039,1,0,2,13522,1,81,0
"13523",3642,9,6,47.5725242081395,1,0,3,13523,1,81,0
"13524",3643,1,9,48.5762687570862,1,0,4,13524,1,81,0
"13525",3644,0,4,40.064577388621,1,0,5,13525,1,81,1
"13526",3645,NA,NA,NA,1,0,6,13526,1,81,1
"13527",3646,NA,NA,NA,1,0,7,13527,1,81,0
"13528",3647,NA,NA,NA,1,0,8,13528,1,81,0
"13529",3648,NA,NA,NA,1,0,9,13529,1,81,0
"13530",3649,NA,NA,NA,1,0,10,13530,1,81,0
"13531",3650,NA,NA,NA,1,0,11,13531,1,81,0
"13532",3651,NA,NA,NA,1,0,12,13532,1,81,0
"13533",3652,NA,NA,NA,1,0,13,13533,1,81,0
"13534",3653,NA,NA,NA,1,0,14,13534,1,81,0
"13535",3654,NA,NA,NA,1,0,15,13535,1,81,0
"13536",3655,NA,NA,NA,1,0,16,13536,1,81,0
"13537",3656,NA,NA,NA,1,0,17,13537,1,81,0
"13538",3657,NA,NA,NA,1,0,18,13538,1,81,0
"13539",3658,NA,NA,NA,1,0,19,13539,1,81,0
"13540",3659,NA,NA,NA,1,0,20,13540,1,81,0
"13541",3660,NA,NA,NA,1,0,21,13541,1,81,0
"13542",3661,NA,NA,NA,1,0,22,13542,1,81,0
"13543",3662,NA,NA,NA,1,0,23,13543,1,81,0
"13544",3663,NA,NA,NA,1,0,24,13544,1,81,0
"13545",3664,NA,NA,NA,1,0,25,13545,1,81,0
"13546",3665,NA,NA,NA,1,0,26,13546,1,81,0
"13547",3666,3,6,59,1,0,1,13547,2,81,0
"13548",3667,3,6,59.5854974337311,1,0,2,13548,2,81,0
"13549",3668,4,6,57.8054707969235,1,0,3,13549,2,81,0
"13550",3669,7,1,40.0269423138794,1,0,4,13550,2,81,1
"13551",3670,NA,NA,NA,1,0,5,13551,2,81,0
"13552",3671,NA,NA,NA,1,0,6,13552,2,81,0
"13553",3672,NA,NA,NA,1,0,7,13553,2,81,0
"13554",3673,NA,NA,NA,1,0,8,13554,2,81,0
"13555",3674,NA,NA,NA,1,0,9,13555,2,81,0
"13556",3675,NA,NA,NA,1,0,10,13556,2,81,0
"13557",3676,NA,NA,NA,1,0,11,13557,2,81,0
"13558",3677,NA,NA,NA,1,0,12,13558,2,81,0
"13559",3678,NA,NA,NA,1,0,13,13559,2,81,0
"13560",3679,NA,NA,NA,1,0,14,13560,2,81,0
"13561",3680,NA,NA,NA,1,0,15,13561,2,81,0
"13562",3681,NA,NA,NA,1,0,16,13562,2,81,0
"13563",3682,NA,NA,NA,1,0,17,13563,2,81,0
"13564",3683,NA,NA,NA,1,0,18,13564,2,81,0
"13565",3684,NA,NA,NA,1,0,19,13565,2,81,0
"13566",3685,NA,NA,NA,1,0,20,13566,2,81,0
"13567",3686,NA,NA,NA,1,0,21,13567,2,81,0
"13568",3687,NA,NA,NA,1,0,22,13568,2,81,0
"13569",3688,NA,NA,NA,1,0,23,13569,2,81,0
"13570",3689,NA,NA,NA,1,0,24,13570,2,81,0
"13571",3690,NA,NA,NA,1,0,25,13571,2,81,0
"13572",3691,NA,NA,NA,1,0,26,13572,2,81,0
"13573",3692,4,0,52,1,0,1,13573,3,81,0
"13574",3693,4,2,53.7621243976676,1,0,2,13574,3,81,0
"13575",3694,4,1,56.117055112528,1,0,3,13575,3,81,0
"13576",3695,5,2,57.8582361610825,1,0,4,13576,3,81,0
"13577",3696,6,2,55.1382630888431,1,0,5,13577,3,81,0
"13578",3697,5,0,56.0090124503327,1,0,6,13578,3,81,0
"13579",3698,4,0,52.8127012876477,1,0,7,13579,3,81,0
"13580",3699,5,1,60.2186332264043,1,0,8,13580,3,81,0
"13581",3700,2,9,40.3162592392594,1,0,9,13581,3,81,1
"13582",3701,NA,NA,NA,1,0,10,13582,3,81,0
"13583",3702,NA,NA,NA,1,0,11,13583,3,81,0
"13584",3703,NA,NA,NA,1,0,12,13584,3,81,0
"13585",3704,NA,NA,NA,1,0,13,13585,3,81,0
"13586",3705,NA,NA,NA,1,0,14,13586,3,81,0
"13587",3706,NA,NA,NA,1,0,15,13587,3,81,1
"13588",3707,NA,NA,NA,1,0,16,13588,3,81,0
"13589",3708,NA,NA,NA,1,0,17,13589,3,81,1
"13590",3709,NA,NA,NA,1,0,18,13590,3,81,0
"13591",3710,NA,NA,NA,1,0,19,13591,3,81,0
"13592",3711,NA,NA,NA,1,0,20,13592,3,81,0
"13593",3712,NA,NA,NA,1,0,21,13593,3,81,0
"13594",3713,NA,NA,NA,1,0,22,13594,3,81,0
"13595",3714,NA,NA,NA,1,0,23,13595,3,81,0
"13596",3715,NA,NA,NA,1,0,24,13596,3,81,0
"13597",3716,NA,NA,NA,1,0,25,13597,3,81,0
"13598",3717,NA,NA,NA,1,0,26,13598,3,81,0
"13599",3718,4,8,59,1,0,1,13599,4,81,0
"13600",3719,4,8,59.4802406649498,1,0,2,13600,4,81,0
"13601",3720,4,7,55.8315672557108,1,0,3,13601,4,81,0
"13602",3721,4,9,55.582366983622,1,0,4,13602,4,81,0
"13603",3722,3,7,48.3123565523634,1,0,5,13603,4,81,0
"13604",3723,3,8,50.0174693055121,1,0,6,13604,4,81,0
"13605",3724,5,8,64.3118962570511,1,0,7,13605,4,81,0
"13606",3725,5,8,64.3118962570511,1,0,8,13606,4,81,0
"13607",3726,5,8,64.3118962570511,1,0,9,13607,4,81,0
"13608",3727,5,7,59.5870759596529,1,0,10,13608,4,81,0
"13609",3728,6,8,59.4621840775896,1,0,11,13609,4,81,0
"13610",3729,6,6,48.3123565523634,1,0,12,13610,4,81,0
"13611",3730,4,6,49.8499211497315,1,0,13,13611,4,81,0
"13612",3731,5,9,59.459132273895,1,0,14,13612,4,81,0
"13613",3732,6,9,55.5813623512456,1,0,15,13613,4,81,0
"13614",3733,6,7,55.6234805154314,1,0,16,13614,4,81,0
"13615",3734,5,9,59.459132273895,1,0,17,13615,4,81,0
"13616",3735,5,8,64.3118962570511,1,0,18,13616,4,81,0
"13617",3736,5,6,50.9403024283789,1,0,19,13617,4,81,0
"13618",3737,7,9,47.9996763905501,1,0,20,13618,4,81,0
"13619",3738,3,9,48.0011430744104,1,0,21,13619,4,81,0
"13620",3739,9,2,40.0273692195132,1,0,22,13620,4,81,1
"13621",3740,NA,NA,NA,1,0,23,13621,4,81,0
"13622",3741,NA,NA,NA,1,0,24,13622,4,81,0
"13623",3742,NA,NA,NA,1,0,25,13623,4,81,0
"13624",3743,NA,NA,NA,1,0,26,13624,4,81,1
"13625",3744,2,2,55,1,0,1,13625,5,81,0
"13626",3745,6,2,40.4685331358276,1,0,2,13626,5,81,1
"13627",3746,NA,NA,NA,1,0,3,13627,5,81,1
"13628",3747,NA,NA,NA,1,0,4,13628,5,81,0
"13629",3748,NA,NA,NA,1,0,5,13629,5,81,0
"13630",3749,NA,NA,NA,1,0,6,13630,5,81,0
"13631",3750,NA,NA,NA,1,0,7,13631,5,81,0
"13632",3751,NA,NA,NA,1,0,8,13632,5,81,0
"13633",3752,NA,NA,NA,1,0,9,13633,5,81,0
"13634",3753,NA,NA,NA,1,0,10,13634,5,81,1
"13635",3754,NA,NA,NA,1,0,11,13635,5,81,0
"13636",3755,NA,NA,NA,1,0,12,13636,5,81,0
"13637",3756,NA,NA,NA,1,0,13,13637,5,81,1
"13638",3757,NA,NA,NA,1,0,14,13638,5,81,0
"13639",3758,NA,NA,NA,1,0,15,13639,5,81,0
"13640",3759,NA,NA,NA,1,0,16,13640,5,81,0
"13641",3760,NA,NA,NA,1,0,17,13641,5,81,0
"13642",3761,NA,NA,NA,1,0,18,13642,5,81,1
"13643",3762,NA,NA,NA,1,0,19,13643,5,81,0
"13644",3763,NA,NA,NA,1,0,20,13644,5,81,0
"13645",3764,NA,NA,NA,1,0,21,13645,5,81,1
"13646",3765,NA,NA,NA,1,0,22,13646,5,81,0
"13647",3766,NA,NA,NA,1,0,23,13647,5,81,0
"13648",3767,NA,NA,NA,1,0,24,13648,5,81,0
"13649",3768,NA,NA,NA,1,0,25,13649,5,81,0
"13650",3769,NA,NA,NA,1,0,26,13650,5,81,0
"13651",3770,7,7,53,1,0,1,13651,1,90,0
"13652",3771,7,7,53.5537107695798,1,0,2,13652,1,90,0
"13653",3772,2,8,102.983215070183,1,0,3,13653,1,90,0
"13654",3773,2,9,118.632004595771,1,0,4,13654,1,90,0
"13655",3774,1,9,102.957322663281,1,0,5,13655,1,90,0
"13656",3775,1,8,90.4139862439375,1,0,6,13656,1,90,0
"13657",3776,3,9,103.02139463118,1,0,7,13657,1,90,0
"13658",3777,3,8,90.6086196968716,1,0,8,13658,1,90,0
"13659",3778,2,10,102.958413281561,1,0,9,13659,1,90,0
"13660",3779,1,10,90.4118340853601,1,0,10,13660,1,90,0
"13661",3780,3,10,90.4253578893934,1,0,11,13661,1,90,0
"13662",3781,2,7,72.3748908045164,1,0,12,13662,1,90,0
"13663",3782,4,9,72.6301384231556,1,0,13,13663,1,90,0
"13664",3783,0,9,72.3230186804997,1,0,14,13664,1,90,0
"13665",3784,3,7,66.2658151586323,1,0,15,13665,1,90,0
"13666",3785,0,10,65.8822250534952,1,0,16,13666,1,90,0
"13667",3786,4,8,66.8152921970594,1,0,17,13667,1,90,0
"13668",3787,0,8,65.8823447952904,1,0,18,13668,1,90,0
"13669",3788,1,7,65.8867209568246,1,0,19,13669,1,90,0
"13670",3789,4,10,65.9470494587795,1,0,20,13670,1,90,0
"13671",3790,2,6,50.7053304958997,1,0,21,13671,1,90,0
"13672",3791,5,9,51.5735732341796,1,0,22,13672,1,90,0
"13673",3792,8,0,40.0045048450801,1,0,23,13673,1,90,1
"13674",3793,NA,NA,NA,1,0,24,13674,1,90,0
"13675",3794,NA,NA,NA,1,0,25,13675,1,90,0
"13676",3795,NA,NA,NA,1,0,26,13676,1,90,0
"13677",3796,5,7,54,1,0,1,13677,2,90,0
"13678",3797,5,8,51.7578870831274,1,0,2,13678,2,90,0
"13679",3798,5,7,54.9205158641271,1,0,3,13679,2,90,0
"13680",3799,4,7,49.0182073568299,1,0,4,13680,2,90,0
"13681",3800,3,2,54.0614674428303,1,0,5,13681,2,90,0
"13682",3801,8,4,41.0159476046938,1,0,6,13682,2,90,1
"13683",3802,NA,NA,NA,1,0,7,13683,2,90,1
"13684",3803,NA,NA,NA,1,0,8,13684,2,90,1
"13685",3804,NA,NA,NA,1,0,9,13685,2,90,0
"13686",3805,NA,NA,NA,1,0,10,13686,2,90,0
"13687",3806,NA,NA,NA,1,0,11,13687,2,90,0
"13688",3807,NA,NA,NA,1,0,12,13688,2,90,0
"13689",3808,NA,NA,NA,1,0,13,13689,2,90,0
"13690",3809,NA,NA,NA,1,0,14,13690,2,90,0
"13691",3810,NA,NA,NA,1,0,15,13691,2,90,0
"13692",3811,NA,NA,NA,1,0,16,13692,2,90,0
"13693",3812,NA,NA,NA,1,0,17,13693,2,90,0
"13694",3813,NA,NA,NA,1,0,18,13694,2,90,0
"13695",3814,NA,NA,NA,1,0,19,13695,2,90,0
"13696",3815,NA,NA,NA,1,0,20,13696,2,90,0
"13697",3816,NA,NA,NA,1,0,21,13697,2,90,0
"13698",3817,NA,NA,NA,1,0,22,13698,2,90,0
"13699",3818,NA,NA,NA,1,0,23,13699,2,90,0
"13700",3819,NA,NA,NA,1,0,24,13700,2,90,0
"13701",3820,NA,NA,NA,1,0,25,13701,2,90,0
"13702",3821,NA,NA,NA,1,0,26,13702,2,90,0
"13703",3822,3,0,50,1,0,1,13703,3,90,0
"13704",3823,8,7,40.0014891314373,1,0,2,13704,3,90,1
"13705",3824,NA,NA,NA,1,0,3,13705,3,90,1
"13706",3825,NA,NA,NA,1,0,4,13706,3,90,1
"13707",3826,NA,NA,NA,1,0,5,13707,3,90,0
"13708",3827,NA,NA,NA,1,0,6,13708,3,90,0
"13709",3828,NA,NA,NA,1,0,7,13709,3,90,1
"13710",3829,NA,NA,NA,1,0,8,13710,3,90,0
"13711",3830,NA,NA,NA,1,0,9,13711,3,90,1
"13712",3831,NA,NA,NA,1,0,10,13712,3,90,0
"13713",3832,NA,NA,NA,1,0,11,13713,3,90,0
"13714",3833,NA,NA,NA,1,0,12,13714,3,90,0
"13715",3834,NA,NA,NA,1,0,13,13715,3,90,0
"13716",3835,NA,NA,NA,1,0,14,13716,3,90,0
"13717",3836,NA,NA,NA,1,0,15,13717,3,90,0
"13718",3837,NA,NA,NA,1,0,16,13718,3,90,0
"13719",3838,NA,NA,NA,1,0,17,13719,3,90,0
"13720",3839,NA,NA,NA,1,0,18,13720,3,90,0
"13721",3840,NA,NA,NA,1,0,19,13721,3,90,0
"13722",3841,NA,NA,NA,1,0,20,13722,3,90,0
"13723",3842,NA,NA,NA,1,0,21,13723,3,90,0
"13724",3843,NA,NA,NA,1,0,22,13724,3,90,0
"13725",3844,NA,NA,NA,1,0,23,13725,3,90,0
"13726",3845,NA,NA,NA,1,0,24,13726,3,90,0
"13727",3846,NA,NA,NA,1,0,25,13727,3,90,0
"13728",3847,NA,NA,NA,1,0,26,13728,3,90,0
"13729",3848,2,2,52,1,0,1,13729,4,90,0
"13730",3849,2,1,46.6509329717515,1,0,2,13730,4,90,0
"13731",3850,2,2,52.9553230714029,1,0,3,13731,4,90,0
"13732",3851,1,4,56.3005980640761,1,0,4,13732,4,90,0
"13733",3852,1,3,60.2142811540137,1,0,5,13733,4,90,0
"13734",3853,2,3,56.1985532217812,1,0,6,13734,4,90,0
"13735",3854,3,3,48.3318782440943,1,0,7,13735,4,90,0
"13736",3855,0,4,52.9945930886882,1,0,8,13736,4,90,0
"13737",3856,9,6,40.0035096529791,1,0,9,13737,4,90,1
"13738",3857,NA,NA,NA,1,0,10,13738,4,90,0
"13739",3858,NA,NA,NA,1,0,11,13739,4,90,0
"13740",3859,NA,NA,NA,1,0,12,13740,4,90,0
"13741",3860,NA,NA,NA,1,0,13,13741,4,90,0
"13742",3861,NA,NA,NA,1,0,14,13742,4,90,0
"13743",3862,NA,NA,NA,1,0,15,13743,4,90,0
"13744",3863,NA,NA,NA,1,0,16,13744,4,90,0
"13745",3864,NA,NA,NA,1,0,17,13745,4,90,0
"13746",3865,NA,NA,NA,1,0,18,13746,4,90,0
"13747",3866,NA,NA,NA,1,0,19,13747,4,90,0
"13748",3867,NA,NA,NA,1,0,20,13748,4,90,0
"13749",3868,NA,NA,NA,1,0,21,13749,4,90,0
"13750",3869,NA,NA,NA,1,0,22,13750,4,90,0
"13751",3870,NA,NA,NA,1,0,23,13751,4,90,0
"13752",3871,NA,NA,NA,1,0,24,13752,4,90,0
"13753",3872,NA,NA,NA,1,0,25,13753,4,90,0
"13754",3873,NA,NA,NA,1,0,26,13754,4,90,0
"13755",3874,8,3,50,1,0,1,13755,5,90,0
"13756",3875,8,3,50.7825636594672,1,0,2,13756,5,90,0
"13757",3876,1,3,53.1985229366715,1,0,3,13757,5,90,0
"13758",3877,4,0,90.0971987571824,1,0,4,13758,5,90,0
"13759",3878,5,0,65.9024114854309,1,0,5,13759,5,90,0
"13760",3879,3,0,102.533128396571,1,0,6,13760,5,90,0
"13761",3880,2,0,90.0709066523269,1,0,7,13761,5,90,0
"13762",3881,3,1,118.096028901052,1,0,8,13762,5,90,0
"13763",3882,2,1,102.531084287398,1,0,9,13763,5,90,0
"13764",3883,4,1,102.582294315036,1,0,10,13764,5,90,0
"13765",3884,3,2,102.536412300792,1,0,11,13765,5,90,0
"13766",3885,2,2,90.0710893621842,1,0,12,13766,5,90,0
"13767",3886,4,2,90.1350429472816,1,0,13,13767,5,90,0
"13768",3887,3,3,72.108866865964,1,0,14,13768,5,90,0
"13769",3888,1,0,65.7071997033209,1,0,15,13769,5,90,0
"13770",3889,5,1,72.4846310880726,1,0,16,13770,5,90,0
"13771",3890,1,1,72.1044104548419,1,0,17,13771,5,90,0
"13772",3891,4,3,65.7586536195449,1,0,18,13772,5,90,0
"13773",3892,2,3,65.7074435919068,1,0,19,13773,5,90,0
"13774",3893,1,2,65.7072062213111,1,0,20,13774,5,90,0
"13775",3894,5,2,66.1820443290924,1,0,21,13775,5,90,0
"13776",3895,0,1,50.5685440845897,1,0,22,13776,5,90,0
"13777",3896,7,9,40.000129038083,1,0,23,13777,5,90,1
"13778",3897,NA,NA,NA,1,0,24,13778,5,90,1
"13779",3898,NA,NA,NA,1,0,25,13779,5,90,0
"13780",3899,NA,NA,NA,1,0,26,13780,5,90,0
"13781",3900,7,3,59,1,0,1,13781,1,92,0
"13782",3901,7,3,59.738779899663,1,0,2,13782,1,92,0
"13783",3902,8,3,50.1307687920377,1,0,3,13783,1,92,0
"13784",3903,6,4,60.0498805575611,1,0,4,13784,1,92,0
"13785",3904,7,4,55.8658497222592,1,0,5,13785,1,92,0
"13786",3905,6,3,64.6826693539916,1,0,6,13786,1,92,0
"13787",3906,6,2,59.7333927165308,1,0,7,13787,1,92,0
"13788",3907,5,3,59.8612900205776,1,0,8,13788,1,92,0
"13789",3908,6,2,59.7333927165308,1,0,9,13789,1,92,0
"13790",3909,7,2,55.7990479728925,1,0,10,13790,1,92,0
"13791",3910,5,4,56.7710838783843,1,0,11,13791,1,92,0
"13792",3911,6,5,51.6467788307602,1,0,12,13792,1,92,0
"13793",3912,5,2,55.8096787064886,1,0,13,13793,1,92,0
"13794",3913,4,6,68.6408807845018,1,0,14,13794,1,92,0
"13795",3914,8,7,40.5457902489683,1,0,15,13795,1,92,1
"13796",3915,NA,NA,NA,1,0,16,13796,1,92,0
"13797",3916,NA,NA,NA,1,0,17,13797,1,92,0
"13798",3917,NA,NA,NA,1,0,18,13798,1,92,0
"13799",3918,NA,NA,NA,1,0,19,13799,1,92,0
"13800",3919,NA,NA,NA,1,0,20,13800,1,92,0
"13801",3920,NA,NA,NA,1,0,21,13801,1,92,0
"13802",3921,NA,NA,NA,1,0,22,13802,1,92,0
"13803",3922,NA,NA,NA,1,0,23,13803,1,92,0
"13804",3923,NA,NA,NA,1,0,24,13804,1,92,0
"13805",3924,NA,NA,NA,1,0,25,13805,1,92,0
"13806",3925,NA,NA,NA,1,0,26,13806,1,92,0
"13807",3926,3,0,52,1,0,1,13807,2,92,0
"13808",3927,3,1,55.512390437257,1,0,2,13808,2,92,0
"13809",3928,3,2,52.5298978041246,1,0,3,13809,2,92,0
"13810",3929,1,2,52.2288481639787,1,0,4,13810,2,92,0
"13811",3930,2,1,59.0911405579218,1,0,5,13811,2,92,0
"13812",3931,2,2,55.2964093651036,1,0,6,13812,2,92,0
"13813",3932,2,0,55.2809509950638,1,0,7,13813,2,92,0
"13814",3933,3,0,52.3517532983298,1,0,8,13814,2,92,0
"13815",3934,1,1,55.2713287302576,1,0,9,13815,2,92,0
"13816",3935,1,0,52.227988091213,1,0,10,13816,2,92,0
"13817",3936,3,3,46.5199813328165,1,0,11,13817,2,92,0
"13818",3937,0,2,46.2778022477636,1,0,12,13818,2,92,0
"13819",3938,4,0,47.1966948231901,1,0,13,13819,2,92,0
"13820",3939,9,9,40.0011694802951,1,0,14,13820,2,92,1
"13821",3940,NA,NA,NA,1,0,15,13821,2,92,0
"13822",3941,NA,NA,NA,1,0,16,13822,2,92,1
"13823",3942,NA,NA,NA,1,0,17,13823,2,92,0
"13824",3943,NA,NA,NA,1,0,18,13824,2,92,1
"13825",3944,NA,NA,NA,1,0,19,13825,2,92,0
"13826",3945,NA,NA,NA,1,0,20,13826,2,92,0
"13827",3946,NA,NA,NA,1,0,21,13827,2,92,0
"13828",3947,NA,NA,NA,1,0,22,13828,2,92,0
"13829",3948,NA,NA,NA,1,0,23,13829,2,92,0
"13830",3949,NA,NA,NA,1,0,24,13830,2,92,0
"13831",3950,NA,NA,NA,1,0,25,13831,2,92,0
"13832",3951,NA,NA,NA,1,0,26,13832,2,92,0
"13833",3952,2,4,55,1,0,1,13833,3,92,0
"13834",3953,2,4,55.5366955298451,1,0,2,13834,3,92,0
"13835",3954,2,3,59.331030923842,1,0,3,13835,3,92,0
"13836",3955,3,3,55.5135090999876,1,0,4,13836,3,92,0
"13837",3956,1,3,55.4732604364245,1,0,5,13837,3,92,0
"13838",3957,2,2,55.4728357621481,1,0,6,13838,3,92,0
"13839",3958,1,2,52.3891733788038,1,0,7,13839,3,92,0
"13840",3959,1,4,52.3978158585524,1,0,8,13840,3,92,0
"13841",3960,3,4,52.6952154915274,1,0,9,13841,3,92,0
"13842",3961,3,2,52.3926659295967,1,0,10,13842,3,92,0
"13843",3962,6,5,50.9442057388647,1,0,11,13843,3,92,0
"13844",3963,7,5,48.6124459936063,1,0,12,13844,3,92,0
"13845",3964,2,1,47.9436713713208,1,0,13,13845,3,92,0
"13846",3965,5,10,66.069062654937,1,0,14,13846,3,92,0
"13847",3966,5,9,90.7763829180976,1,0,15,13847,3,92,0
"13848",3967,4,9,66.0716786383024,1,0,16,13848,3,92,0
"13849",3968,5,8,103.421042182012,1,0,17,13849,3,92,0
"13850",3969,6,8,119.192805570968,1,0,18,13850,3,92,0
"13851",3970,6,8,119.192805570968,1,0,19,13851,3,92,0
"13852",3971,6,8,119.192805570968,1,0,20,13852,3,92,0
"13853",3972,6,8,119.192805570968,1,0,21,13853,3,92,0
"13854",3973,6,8,119.192805570968,1,0,22,13854,3,92,0
"13855",3974,6,8,119.192805570968,1,0,23,13855,3,92,0
"13856",3975,6,8,119.192805570968,1,0,24,13856,3,92,0
"13857",3976,6,8,119.192805570968,1,0,25,13857,3,92,0
"13858",3977,6,7,103.426699601163,1,0,26,13858,3,92,0
"13859",3978,2,10,51,1,0,1,13859,4,92,0
"13860",3979,2,9,54.7616607069308,1,0,2,13860,4,92,0
"13861",3980,1,9,58.08536171196,1,0,3,13861,4,92,0
"13862",3981,1,8,54.5767085564804,1,0,4,13862,4,92,0
"13863",3982,0,9,54.4512787136123,1,0,5,13863,4,92,0
"13864",3983,0,8,51.5799301485307,1,0,6,13864,4,92,0
"13865",3984,2,8,52.5227873928033,1,0,7,13865,4,92,0
"13866",3985,3,10,46.2536522953666,1,0,8,13866,4,92,0
"13867",3986,0,10,51.5695045085653,1,0,9,13867,4,92,0
"13868",3987,1,10,54.4565619644111,1,0,10,13868,4,92,0
"13869",3988,1,5,40.7668910945296,1,0,11,13869,4,92,1
"13870",3989,NA,NA,NA,1,0,12,13870,4,92,1
"13871",3990,NA,NA,NA,1,0,13,13871,4,92,0
"13872",3991,NA,NA,NA,1,0,14,13872,4,92,0
"13873",3992,NA,NA,NA,1,0,15,13873,4,92,0
"13874",3993,NA,NA,NA,1,0,16,13874,4,92,0
"13875",3994,NA,NA,NA,1,0,17,13875,4,92,0
"13876",3995,NA,NA,NA,1,0,18,13876,4,92,0
"13877",3996,NA,NA,NA,1,0,19,13877,4,92,0
"13878",3997,NA,NA,NA,1,0,20,13878,4,92,0
"13879",3998,NA,NA,NA,1,0,21,13879,4,92,0
"13880",3999,NA,NA,NA,1,0,22,13880,4,92,0
"13881",4000,NA,NA,NA,1,0,23,13881,4,92,0
"13882",4001,NA,NA,NA,1,0,24,13882,4,92,0
"13883",4002,NA,NA,NA,1,0,25,13883,4,92,0
"13884",4003,NA,NA,NA,1,0,26,13884,4,92,0
"13885",4004,2,3,53,1,0,1,13885,5,92,0
"13886",4005,2,3,53.4629275365827,1,0,2,13886,5,92,0
"13887",4006,3,4,49.5384988796037,1,0,3,13887,5,92,0
"13888",4007,4,0,46.894363716278,1,0,4,13888,5,92,0
"13889",4008,3,2,60.9970981326317,1,0,5,13889,5,92,0
"13890",4009,3,3,57.0683845170413,1,0,6,13890,5,92,0
"13891",4010,4,4,51.3109763538497,1,0,7,13891,5,92,0
"13892",4011,3,1,56.7700257945888,1,0,8,13892,5,92,0
"13893",4012,2,2,56.7700257945888,1,0,9,13893,5,92,0
"13894",4013,4,1,53.4629275365827,1,0,10,13894,5,92,0
"13895",4014,6,4,67.3177139482092,1,0,11,13895,5,92,0
"13896",4015,0,3,42.2685895202605,1,0,12,13896,5,92,1
"13897",4016,NA,NA,NA,1,0,13,13897,5,92,0
"13898",4017,NA,NA,NA,1,0,14,13898,5,92,0
"13899",4018,NA,NA,NA,1,0,15,13899,5,92,0
"13900",4019,NA,NA,NA,1,0,16,13900,5,92,0
"13901",4020,NA,NA,NA,1,0,17,13901,5,92,0
"13902",4021,NA,NA,NA,1,0,18,13902,5,92,0
"13903",4022,NA,NA,NA,1,0,19,13903,5,92,0
"13904",4023,NA,NA,NA,1,0,20,13904,5,92,0
"13905",4024,NA,NA,NA,1,0,21,13905,5,92,0
"13906",4025,NA,NA,NA,1,0,22,13906,5,92,0
"13907",4026,NA,NA,NA,1,0,23,13907,5,92,0
"13908",4027,NA,NA,NA,1,0,24,13908,5,92,0
"13909",4028,NA,NA,NA,1,0,25,13909,5,92,0
"13910",4029,NA,NA,NA,1,0,26,13910,5,92,0
"13911",4030,2,4,55,1,0,1,13911,1,94,0
"13912",4031,1,4,52.3978158585524,1,0,2,13912,1,94,0
"13913",4032,3,4,52.6952154915274,1,0,3,13913,1,94,0
"13914",4033,2,4,55.5366955298451,1,0,4,13914,1,94,0
"13915",4034,3,5,47.8111887228864,1,0,5,13915,1,94,0
"13916",4035,2,3,59.331030923842,1,0,6,13916,1,94,0
"13917",4036,1,2,52.3891733788038,1,0,7,13917,1,94,0
"13918",4037,3,3,55.5135090999876,1,0,8,13918,1,94,0
"13919",4038,2,2,55.4728357621481,1,0,9,13919,1,94,0
"13920",4039,1,3,55.4732604364245,1,0,10,13920,1,94,0
"13921",4040,2,3,59.331030923842,1,0,11,13921,1,94,0
"13922",4041,2,3,59.331030923842,1,0,12,13922,1,94,0
"13923",4042,2,3,59.331030923842,1,0,13,13923,1,94,0
"13924",4043,2,3,59.331030923842,1,0,14,13924,1,94,0
"13925",4044,1,1,46.3607666893593,1,0,15,13925,1,94,0
"13926",4045,2,3,59.331030923842,1,0,16,13926,1,94,0
"13927",4046,2,3,59.331030923842,1,0,17,13927,1,94,0
"13928",4047,3,2,52.3926659295967,1,0,18,13928,1,94,0
"13929",4048,2,2,55.4728357621481,1,0,19,13929,1,94,0
"13930",4049,3,2,52.3926659295967,1,0,20,13930,1,94,0
"13931",4050,2,3,59.331030923842,1,0,21,13931,1,94,0
"13932",4051,2,3,59.331030923842,1,0,22,13932,1,94,0
"13933",4052,2,3,59.331030923842,1,0,23,13933,1,94,0
"13934",4053,2,3,59.331030923842,1,0,24,13934,1,94,0
"13935",4054,2,3,59.331030923842,1,0,25,13935,1,94,0
"13936",4055,1,3,55.4732604364245,1,0,26,13936,1,94,0
"13937",4056,6,2,55,1,0,1,13937,2,94,0
"13938",4057,6,3,57.6437751227693,1,0,2,13938,2,94,0
"13939",4058,3,3,44.8727559668034,1,0,3,13939,2,94,1
"13940",4059,NA,NA,NA,1,0,4,13940,2,94,0
"13941",4060,NA,NA,NA,1,0,5,13941,2,94,0
"13942",4061,NA,NA,NA,1,0,6,13942,2,94,0
"13943",4062,NA,NA,NA,1,0,7,13943,2,94,0
"13944",4063,NA,NA,NA,1,0,8,13944,2,94,0
"13945",4064,NA,NA,NA,1,0,9,13945,2,94,0
"13946",4065,NA,NA,NA,1,0,10,13946,2,94,0
"13947",4066,NA,NA,NA,1,0,11,13947,2,94,0
"13948",4067,NA,NA,NA,1,0,12,13948,2,94,0
"13949",4068,NA,NA,NA,1,0,13,13949,2,94,0
"13950",4069,NA,NA,NA,1,0,14,13950,2,94,0
"13951",4070,NA,NA,NA,1,0,15,13951,2,94,0
"13952",4071,NA,NA,NA,1,0,16,13952,2,94,0
"13953",4072,NA,NA,NA,1,0,17,13953,2,94,0
"13954",4073,NA,NA,NA,1,0,18,13954,2,94,0
"13955",4074,NA,NA,NA,1,0,19,13955,2,94,0
"13956",4075,NA,NA,NA,1,0,20,13956,2,94,0
"13957",4076,NA,NA,NA,1,0,21,13957,2,94,0
"13958",4077,NA,NA,NA,1,0,22,13958,2,94,0
"13959",4078,NA,NA,NA,1,0,23,13959,2,94,0
"13960",4079,NA,NA,NA,1,0,24,13960,2,94,0
"13961",4080,NA,NA,NA,1,0,25,13961,2,94,0
"13962",4081,NA,NA,NA,1,0,26,13962,2,94,0
"13963",4082,3,7,53,1,0,1,13963,3,94,0
"13964",4083,3,6,57.2234148017901,1,0,2,13964,3,94,0
"13965",4084,2,6,61.230859336854,1,0,3,13965,3,94,0
"13966",4085,3,8,47.0227194077711,1,0,4,13966,3,94,0
"13967",4086,2,6,61.230859336854,1,0,5,13967,3,94,0
"13968",4087,2,5,57.009664919666,1,0,6,13968,3,94,0
"13969",4088,2,7,56.9943662421435,1,0,7,13969,3,94,0
"13970",4089,2,6,61.230859336854,1,0,8,13970,3,94,0
"13971",4090,4,6,50.4910848303575,1,0,9,13971,3,94,0
"13972",4091,1,7,53.6000668329386,1,0,10,13972,3,94,0
"13973",4092,0,3,41.1801063149612,1,0,11,13973,3,94,1
"13974",4093,NA,NA,NA,1,0,12,13974,3,94,0
"13975",4094,NA,NA,NA,1,0,13,13975,3,94,0
"13976",4095,NA,NA,NA,1,0,14,13976,3,94,0
"13977",4096,NA,NA,NA,1,0,15,13977,3,94,0
"13978",4097,NA,NA,NA,1,0,16,13978,3,94,0
"13979",4098,NA,NA,NA,1,0,17,13979,3,94,0
"13980",4099,NA,NA,NA,1,0,18,13980,3,94,0
"13981",4100,NA,NA,NA,1,0,19,13981,3,94,0
"13982",4101,NA,NA,NA,1,0,20,13982,3,94,0
"13983",4102,NA,NA,NA,1,0,21,13983,3,94,0
"13984",4103,NA,NA,NA,1,0,22,13984,3,94,0
"13985",4104,NA,NA,NA,1,0,23,13985,3,94,0
"13986",4105,NA,NA,NA,1,0,24,13986,3,94,0
"13987",4106,NA,NA,NA,1,0,25,13987,3,94,0
"13988",4107,NA,NA,NA,1,0,26,13988,3,94,0
"13989",4108,1,7,56,1,0,1,13989,4,94,0
"13990",4109,1,9,56.5501782222322,1,0,2,13990,4,94,0
"13991",4110,1,8,60.6790454398354,1,0,3,13991,4,94,0
"13992",4111,1,7,56.6780376080248,1,0,4,13992,4,94,0
"13993",4112,0,7,53.2941446447889,1,0,5,13993,4,94,0
"13994",4113,0,8,56.5532280151442,1,0,6,13994,4,94,0
"13995",4114,2,8,56.5712727053194,1,0,7,13995,4,94,0
"13996",4115,3,7,47.1162439091651,1,0,8,13996,4,94,0
"13997",4116,1,8,60.6790454398354,1,0,9,13997,4,94,0
"13998",4117,1,8,60.6790454398354,1,0,10,13998,4,94,0
"13999",4118,1,8,60.6790454398354,1,0,11,13999,4,94,0
"14000",4119,1,10,48.4968484813948,1,0,12,14000,4,94,0
"14001",4120,2,9,53.2530582020015,1,0,13,14001,4,94,0
"14002",4121,2,7,53.5020942801781,1,0,14,14002,4,94,0
"14003",4122,0,8,56.5532280151442,1,0,15,14003,4,94,0
"14004",4123,1,8,60.6790454398354,1,0,16,14004,4,94,0
"14005",4124,0,8,56.5532280151442,1,0,17,14005,4,94,0
"14006",4125,1,8,60.6790454398354,1,0,18,14006,4,94,0
"14007",4126,1,9,56.5501782222322,1,0,19,14007,4,94,0
"14008",4127,1,7,56.6780376080248,1,0,20,14008,4,94,0
"14009",4128,1,9,56.5501782222322,1,0,21,14009,4,94,0
"14010",4129,1,8,60.6790454398354,1,0,22,14010,4,94,0
"14011",4130,1,9,56.5501782222322,1,0,23,14011,4,94,0
"14012",4131,1,8,60.6790454398354,1,0,24,14012,4,94,0
"14013",4132,1,8,60.6790454398354,1,0,25,14013,4,94,0
"14014",4133,2,8,56.5712727053194,1,0,26,14014,4,94,0
"14015",4134,6,6,54,1,0,1,14015,5,94,0
"14016",4135,8,4,41.0159476046938,1,0,2,14016,5,94,1
"14017",4136,NA,NA,NA,1,0,3,14017,5,94,0
"14018",4137,NA,NA,NA,1,0,4,14018,5,94,0
"14019",4138,NA,NA,NA,1,0,5,14019,5,94,0
"14020",4139,NA,NA,NA,1,0,6,14020,5,94,0
"14021",4140,NA,NA,NA,1,0,7,14021,5,94,0
"14022",4141,NA,NA,NA,1,0,8,14022,5,94,0
"14023",4142,NA,NA,NA,1,0,9,14023,5,94,1
"14024",4143,NA,NA,NA,1,0,10,14024,5,94,0
"14025",4144,NA,NA,NA,1,0,11,14025,5,94,0
"14026",4145,NA,NA,NA,1,0,12,14026,5,94,0
"14027",4146,NA,NA,NA,1,0,13,14027,5,94,0
"14028",4147,NA,NA,NA,1,0,14,14028,5,94,0
"14029",4148,NA,NA,NA,1,0,15,14029,5,94,0
"14030",4149,NA,NA,NA,1,0,16,14030,5,94,0
"14031",4150,NA,NA,NA,1,0,17,14031,5,94,0
"14032",4151,NA,NA,NA,1,0,18,14032,5,94,0
"14033",4152,NA,NA,NA,1,0,19,14033,5,94,0
"14034",4153,NA,NA,NA,1,0,20,14034,5,94,0
"14035",4154,NA,NA,NA,1,0,21,14035,5,94,0
"14036",4155,NA,NA,NA,1,0,22,14036,5,94,0
"14037",4156,NA,NA,NA,1,0,23,14037,5,94,0
"14038",4157,NA,NA,NA,1,0,24,14038,5,94,0
"14039",4158,NA,NA,NA,1,0,25,14039,5,94,0
"14040",4159,NA,NA,NA,1,0,26,14040,5,94,0
"14041",4160,10,5,54,1,0,1,14041,1,95,0
"14042",4161,8,3,53.4730330795277,1,0,2,14042,1,95,0
"14043",4162,5,0,40.0171121637892,1,0,3,14043,1,95,1
"14044",4163,NA,NA,NA,1,0,4,14044,1,95,1
"14045",4164,NA,NA,NA,1,0,5,14045,1,95,1
"14046",4165,NA,NA,NA,1,0,6,14046,1,95,1
"14047",4166,NA,NA,NA,1,0,7,14047,1,95,0
"14048",4167,NA,NA,NA,1,0,8,14048,1,95,0
"14049",4168,NA,NA,NA,1,0,9,14049,1,95,0
"14050",4169,NA,NA,NA,1,0,10,14050,1,95,0
"14051",4170,NA,NA,NA,1,0,11,14051,1,95,0
"14052",4171,NA,NA,NA,1,0,12,14052,1,95,0
"14053",4172,NA,NA,NA,1,0,13,14053,1,95,0
"14054",4173,NA,NA,NA,1,0,14,14054,1,95,0
"14055",4174,NA,NA,NA,1,0,15,14055,1,95,0
"14056",4175,NA,NA,NA,1,0,16,14056,1,95,0
"14057",4176,NA,NA,NA,1,0,17,14057,1,95,0
"14058",4177,NA,NA,NA,1,0,18,14058,1,95,0
"14059",4178,NA,NA,NA,1,0,19,14059,1,95,0
"14060",4179,NA,NA,NA,1,0,20,14060,1,95,0
"14061",4180,NA,NA,NA,1,0,21,14061,1,95,0
"14062",4181,NA,NA,NA,1,0,22,14062,1,95,0
"14063",4182,NA,NA,NA,1,0,23,14063,1,95,0
"14064",4183,NA,NA,NA,1,0,24,14064,1,95,0
"14065",4184,NA,NA,NA,1,0,25,14065,1,95,0
"14066",4185,NA,NA,NA,1,0,26,14066,1,95,0
"14067",4186,8,7,50,1,0,1,14067,2,95,0
"14068",4187,8,7,50.7637477315743,1,0,2,14068,2,95,0
"14069",4188,10,0,40.0007613787353,1,0,3,14069,2,95,1
"14070",4189,NA,NA,NA,1,0,4,14070,2,95,0
"14071",4190,NA,NA,NA,1,0,5,14071,2,95,1
"14072",4191,NA,NA,NA,1,0,6,14072,2,95,0
"14073",4192,NA,NA,NA,1,0,7,14073,2,95,0
"14074",4193,NA,NA,NA,1,0,8,14074,2,95,0
"14075",4194,NA,NA,NA,1,0,9,14075,2,95,0
"14076",4195,NA,NA,NA,1,0,10,14076,2,95,0
"14077",4196,NA,NA,NA,1,0,11,14077,2,95,0
"14078",4197,NA,NA,NA,1,0,12,14078,2,95,0
"14079",4198,NA,NA,NA,1,0,13,14079,2,95,0
"14080",4199,NA,NA,NA,1,0,14,14080,2,95,1
"14081",4200,NA,NA,NA,1,0,15,14081,2,95,0
"14082",4201,NA,NA,NA,1,0,16,14082,2,95,0
"14083",4202,NA,NA,NA,1,0,17,14083,2,95,0
"14084",4203,NA,NA,NA,1,0,18,14084,2,95,0
"14085",4204,NA,NA,NA,1,0,19,14085,2,95,0
"14086",4205,NA,NA,NA,1,0,20,14086,2,95,0
"14087",4206,NA,NA,NA,1,0,21,14087,2,95,0
"14088",4207,NA,NA,NA,1,0,22,14088,2,95,0
"14089",4208,NA,NA,NA,1,0,23,14089,2,95,0
"14090",4209,NA,NA,NA,1,0,24,14090,2,95,0
"14091",4210,NA,NA,NA,1,0,25,14091,2,95,0
"14092",4211,NA,NA,NA,1,0,26,14092,2,95,0
"14093",4212,10,2,53,1,0,1,14093,3,95,0
"14094",4213,9,3,53.3215638125213,1,0,2,14094,3,95,0
"14095",4214,5,7,40.0126055559184,1,0,3,14095,3,95,1
"14096",4215,NA,NA,NA,1,0,4,14096,3,95,0
"14097",4216,NA,NA,NA,1,0,5,14097,3,95,0
"14098",4217,NA,NA,NA,1,0,6,14098,3,95,1
"14099",4218,NA,NA,NA,1,0,7,14099,3,95,0
"14100",4219,NA,NA,NA,1,0,8,14100,3,95,0
"14101",4220,NA,NA,NA,1,0,9,14101,3,95,0
"14102",4221,NA,NA,NA,1,0,10,14102,3,95,0
"14103",4222,NA,NA,NA,1,0,11,14103,3,95,0
"14104",4223,NA,NA,NA,1,0,12,14104,3,95,0
"14105",4224,NA,NA,NA,1,0,13,14105,3,95,0
"14106",4225,NA,NA,NA,1,0,14,14106,3,95,0
"14107",4226,NA,NA,NA,1,0,15,14107,3,95,0
"14108",4227,NA,NA,NA,1,0,16,14108,3,95,0
"14109",4228,NA,NA,NA,1,0,17,14109,3,95,0
"14110",4229,NA,NA,NA,1,0,18,14110,3,95,0
"14111",4230,NA,NA,NA,1,0,19,14111,3,95,0
"14112",4231,NA,NA,NA,1,0,20,14112,3,95,0
"14113",4232,NA,NA,NA,1,0,21,14113,3,95,0
"14114",4233,NA,NA,NA,1,0,22,14114,3,95,0
"14115",4234,NA,NA,NA,1,0,23,14115,3,95,0
"14116",4235,NA,NA,NA,1,0,24,14116,3,95,0
"14117",4236,NA,NA,NA,1,0,25,14117,3,95,0
"14118",4237,NA,NA,NA,1,0,26,14118,3,95,0
"14119",4238,10,4,52,1,0,1,14119,4,95,0
"14120",4239,10,5,55.3075691434935,1,0,2,14120,4,95,0
"14121",4240,1,2,40.0418966986966,1,0,3,14121,4,95,1
"14122",4241,NA,NA,NA,1,0,4,14122,4,95,0
"14123",4242,NA,NA,NA,1,0,5,14123,4,95,0
"14124",4243,NA,NA,NA,1,0,6,14124,4,95,0
"14125",4244,NA,NA,NA,1,0,7,14125,4,95,0
"14126",4245,NA,NA,NA,1,0,8,14126,4,95,0
"14127",4246,NA,NA,NA,1,0,9,14127,4,95,0
"14128",4247,NA,NA,NA,1,0,10,14128,4,95,0
"14129",4248,NA,NA,NA,1,0,11,14129,4,95,0
"14130",4249,NA,NA,NA,1,0,12,14130,4,95,0
"14131",4250,NA,NA,NA,1,0,13,14131,4,95,0
"14132",4251,NA,NA,NA,1,0,14,14132,4,95,0
"14133",4252,NA,NA,NA,1,0,15,14133,4,95,0
"14134",4253,NA,NA,NA,1,0,16,14134,4,95,0
"14135",4254,NA,NA,NA,1,0,17,14135,4,95,0
"14136",4255,NA,NA,NA,1,0,18,14136,4,95,0
"14137",4256,NA,NA,NA,1,0,19,14137,4,95,0
"14138",4257,NA,NA,NA,1,0,20,14138,4,95,0
"14139",4258,NA,NA,NA,1,0,21,14139,4,95,0
"14140",4259,NA,NA,NA,1,0,22,14140,4,95,0
"14141",4260,NA,NA,NA,1,0,23,14141,4,95,0
"14142",4261,NA,NA,NA,1,0,24,14142,4,95,0
"14143",4262,NA,NA,NA,1,0,25,14143,4,95,0
"14144",4263,NA,NA,NA,1,0,26,14144,4,95,0
"14145",4264,9,7,54,1,0,1,14145,5,95,0
"14146",4265,9,9,54.7492631769039,1,0,2,14146,5,95,0
"14147",4266,9,9,54.7492631769039,1,0,3,14147,5,95,0
"14148",4267,9,9,54.7492631769039,1,0,4,14148,5,95,0
"14149",4268,9,8,58.4196006370846,1,0,5,14149,5,95,0
"14150",4269,8,9,53.4243268432186,1,0,6,14150,5,95,0
"14151",4270,9,9,54.7492631769039,1,0,7,14151,5,95,0
"14152",4271,9,7,54.7492631769039,1,0,8,14152,5,95,0
"14153",4272,9,9,54.7492631769039,1,0,9,14153,5,95,0
"14154",4273,9,7,54.7492631769039,1,0,10,14154,5,95,0
"14155",4274,9,9,54.7492631769039,1,0,11,14155,5,95,0
"14156",4275,9,8,58.4196006370846,1,0,12,14156,5,95,0
"14157",4276,9,8,58.4196006370846,1,0,13,14157,5,95,0
"14158",4277,9,8,58.4196006370846,1,0,14,14158,5,95,0
"14159",4278,9,8,58.4196006370846,1,0,15,14159,5,95,0
"14160",4279,9,7,54.7492631769039,1,0,16,14160,5,95,0
"14161",4280,8,2,40.0056240159936,1,0,17,14161,5,95,1
"14162",4281,NA,NA,NA,1,0,18,14162,5,95,0
"14163",4282,NA,NA,NA,1,0,19,14163,5,95,0
"14164",4283,NA,NA,NA,1,0,20,14164,5,95,0
"14165",4284,NA,NA,NA,1,0,21,14165,5,95,0
"14166",4285,NA,NA,NA,1,0,22,14166,5,95,0
"14167",4286,NA,NA,NA,1,0,23,14167,5,95,0
"14168",4287,NA,NA,NA,1,0,24,14168,5,95,0
"14169",4288,NA,NA,NA,1,0,25,14169,5,95,0
"14170",4289,NA,NA,NA,1,0,26,14170,5,95,0
"14171",4290,4,8,52,1,0,1,14171,1,96,0
"14172",4291,4,8,52.0849490410743,1,0,2,14172,1,96,0
"14173",4292,10,6,53.5017505098743,1,0,3,14173,1,96,0
"14174",4293,10,7,44.4712469915542,1,0,4,14174,1,96,1
"14175",4294,NA,NA,NA,1,0,5,14175,1,96,0
"14176",4295,NA,NA,NA,1,0,6,14176,1,96,0
"14177",4296,NA,NA,NA,1,0,7,14177,1,96,0
"14178",4297,NA,NA,NA,1,0,8,14178,1,96,0
"14179",4298,NA,NA,NA,1,0,9,14179,1,96,0
"14180",4299,NA,NA,NA,1,0,10,14180,1,96,0
"14181",4300,NA,NA,NA,1,0,11,14181,1,96,0
"14182",4301,NA,NA,NA,1,0,12,14182,1,96,0
"14183",4302,NA,NA,NA,1,0,13,14183,1,96,0
"14184",4303,NA,NA,NA,1,0,14,14184,1,96,0
"14185",4304,NA,NA,NA,1,0,15,14185,1,96,0
"14186",4305,NA,NA,NA,1,0,16,14186,1,96,0
"14187",4306,NA,NA,NA,1,0,17,14187,1,96,0
"14188",4307,NA,NA,NA,1,0,18,14188,1,96,0
"14189",4308,NA,NA,NA,1,0,19,14189,1,96,0
"14190",4309,NA,NA,NA,1,0,20,14190,1,96,0
"14191",4310,NA,NA,NA,1,0,21,14191,1,96,0
"14192",4311,NA,NA,NA,1,0,22,14192,1,96,0
"14193",4312,NA,NA,NA,1,0,23,14193,1,96,0
"14194",4313,NA,NA,NA,1,0,24,14194,1,96,0
"14195",4314,NA,NA,NA,1,0,25,14195,1,96,0
"14196",4315,NA,NA,NA,1,0,26,14196,1,96,0
"14197",4316,2,8,55,1,0,1,14197,2,96,0
"14198",4317,2,8,55.1656531414362,1,0,2,14198,2,96,0
"14199",4318,2,7,54.1982056944266,1,0,3,14199,2,96,0
"14200",4319,1,8,47.8759038439824,1,0,4,14200,2,96,0
"14201",4320,9,0,40.0002037577677,1,0,5,14201,2,96,1
"14202",4321,NA,NA,NA,1,0,6,14202,2,96,1
"14203",4322,NA,NA,NA,1,0,7,14203,2,96,0
"14204",4323,NA,NA,NA,1,0,8,14204,2,96,0
"14205",4324,NA,NA,NA,1,0,9,14205,2,96,0
"14206",4325,NA,NA,NA,1,0,10,14206,2,96,0
"14207",4326,NA,NA,NA,1,0,11,14207,2,96,0
"14208",4327,NA,NA,NA,1,0,12,14208,2,96,0
"14209",4328,NA,NA,NA,1,0,13,14209,2,96,0
"14210",4329,NA,NA,NA,1,0,14,14210,2,96,0
"14211",4330,NA,NA,NA,1,0,15,14211,2,96,0
"14212",4331,NA,NA,NA,1,0,16,14212,2,96,0
"14213",4332,NA,NA,NA,1,0,17,14213,2,96,0
"14214",4333,NA,NA,NA,1,0,18,14214,2,96,0
"14215",4334,NA,NA,NA,1,0,19,14215,2,96,0
"14216",4335,NA,NA,NA,1,0,20,14216,2,96,0
"14217",4336,NA,NA,NA,1,0,21,14217,2,96,0
"14218",4337,NA,NA,NA,1,0,22,14218,2,96,0
"14219",4338,NA,NA,NA,1,0,23,14219,2,96,0
"14220",4339,NA,NA,NA,1,0,24,14220,2,96,0
"14221",4340,NA,NA,NA,1,0,25,14221,2,96,0
"14222",4341,NA,NA,NA,1,0,26,14222,2,96,0
"14223",4342,5,4,58,1,0,1,14223,3,96,0
"14224",4343,5,4,58.1173347023035,1,0,2,14224,3,96,0
"14225",4344,6,5,48.5404382328891,1,0,3,14225,3,96,0
"14226",4345,6,4,53.318857893778,1,0,4,14226,3,96,0
"14227",4346,5,3,55.5979665201421,1,0,5,14227,3,96,0
"14228",4347,6,3,55.8325212389158,1,0,6,14228,3,96,0
"14229",4348,5,5,54.0588113357141,1,0,7,14229,3,96,0
"14230",4349,4,4,61.5669147519555,1,0,8,14230,3,96,0
"14231",4350,4,5,57.2087487737599,1,0,9,14231,3,96,0
"14232",4351,1,2,41.1928334176383,1,0,10,14232,3,96,1
"14233",4352,NA,NA,NA,1,0,11,14233,3,96,0
"14234",4353,NA,NA,NA,1,0,12,14234,3,96,0
"14235",4354,NA,NA,NA,1,0,13,14235,3,96,0
"14236",4355,NA,NA,NA,1,0,14,14236,3,96,0
"14237",4356,NA,NA,NA,1,0,15,14237,3,96,1
"14238",4357,NA,NA,NA,1,0,16,14238,3,96,0
"14239",4358,NA,NA,NA,1,0,17,14239,3,96,1
"14240",4359,NA,NA,NA,1,0,18,14240,3,96,0
"14241",4360,NA,NA,NA,1,0,19,14241,3,96,0
"14242",4361,NA,NA,NA,1,0,20,14242,3,96,0
"14243",4362,NA,NA,NA,1,0,21,14243,3,96,0
"14244",4363,NA,NA,NA,1,0,22,14244,3,96,0
"14245",4364,NA,NA,NA,1,0,23,14245,3,96,0
"14246",4365,NA,NA,NA,1,0,24,14246,3,96,0
"14247",4366,NA,NA,NA,1,0,25,14247,3,96,0
"14248",4367,NA,NA,NA,1,0,26,14248,3,96,0
"14249",4368,8,7,56,1,0,1,14249,4,96,0
"14250",4369,8,6,60.4432347252706,1,0,2,14250,4,96,0
"14251",4370,9,6,56.3543267811017,1,0,3,14251,4,96,0
"14252",4371,8,7,56.3637489532147,1,0,4,14252,4,96,0
"14253",4372,9,5,53.0960343129269,1,0,5,14253,4,96,0
"14254",4373,8,5,56.37888587015,1,0,6,14254,4,96,0
"14255",4374,9,8,46.7231875003773,1,0,7,14255,4,96,0
"14256",4375,7,5,53.3908236978716,1,0,8,14256,4,96,0
"14257",4376,7,6,56.5903756676098,1,0,9,14257,4,96,0
"14258",4377,9,7,53.0951921251685,1,0,10,14258,4,96,0
"14259",4378,7,7,53.2163836644303,1,0,11,14259,4,96,0
"14260",4379,7,4,46.9601880004282,1,0,12,14260,4,96,0
"14261",4380,10,5,46.7230449714758,1,0,13,14261,4,96,0
"14262",4381,10,7,46.7230149272753,1,0,14,14262,4,96,0
"14263",4382,8,4,48.416585748837,1,0,15,14263,4,96,0
"14264",4383,5,4,49.4397899114584,1,0,16,14264,4,96,0
"14265",4384,6,6,50.14864351778,1,0,17,14265,4,96,0
"14266",4385,5,5,52.5829970510648,1,0,18,14266,4,96,0
"14267",4386,6,5,48.9117765887585,1,0,19,14267,4,96,0
"14268",4387,6,4,45.2043403099524,1,0,20,14268,4,96,1
"14269",4388,NA,NA,NA,1,0,21,14269,4,96,0
"14270",4389,NA,NA,NA,1,0,22,14270,4,96,0
"14271",4390,NA,NA,NA,1,0,23,14271,4,96,0
"14272",4391,NA,NA,NA,1,0,24,14272,4,96,0
"14273",4392,NA,NA,NA,1,0,25,14273,4,96,0
"14274",4393,NA,NA,NA,1,0,26,14274,4,96,0
"14275",4394,10,7,51,1,0,1,14275,5,96,0
"14276",4395,10,6,45.9738014047525,1,0,2,14276,5,96,1
"14277",4396,NA,NA,NA,1,0,3,14277,5,96,0
"14278",4397,NA,NA,NA,1,0,4,14278,5,96,1
"14279",4398,NA,NA,NA,1,0,5,14279,5,96,0
"14280",4399,NA,NA,NA,1,0,6,14280,5,96,0
"14281",4400,NA,NA,NA,1,0,7,14281,5,96,0
"14282",4401,NA,NA,NA,1,0,8,14282,5,96,0
"14283",4402,NA,NA,NA,1,0,9,14283,5,96,0
"14284",4403,NA,NA,NA,1,0,10,14284,5,96,0
"14285",4404,NA,NA,NA,1,0,11,14285,5,96,0
"14286",4405,NA,NA,NA,1,0,12,14286,5,96,0
"14287",4406,NA,NA,NA,1,0,13,14287,5,96,0
"14288",4407,NA,NA,NA,1,0,14,14288,5,96,0
"14289",4408,NA,NA,NA,1,0,15,14289,5,96,0
"14290",4409,NA,NA,NA,1,0,16,14290,5,96,1
"14291",4410,NA,NA,NA,1,0,17,14291,5,96,0
"14292",4411,NA,NA,NA,1,0,18,14292,5,96,0
"14293",4412,NA,NA,NA,1,0,19,14293,5,96,0
"14294",4413,NA,NA,NA,1,0,20,14294,5,96,0
"14295",4414,NA,NA,NA,1,0,21,14295,5,96,0
"14296",4415,NA,NA,NA,1,0,22,14296,5,96,0
"14297",4416,NA,NA,NA,1,0,23,14297,5,96,0
"14298",4417,NA,NA,NA,1,0,24,14298,5,96,0
"14299",4418,NA,NA,NA,1,0,25,14299,5,96,0
"14300",4419,NA,NA,NA,1,0,26,14300,5,96,0
"14301",4420,6,8,53,1,0,1,14301,1,102,0
"14302",4421,6,8,53.1174114696994,1,0,2,14302,1,102,0
"14303",4422,2,1,40.0001983026205,1,0,3,14303,1,102,1
"14304",4423,NA,NA,NA,1,0,4,14304,1,102,1
"14305",4424,NA,NA,NA,1,0,5,14305,1,102,1
"14306",4425,NA,NA,NA,1,0,6,14306,1,102,0
"14307",4426,NA,NA,NA,1,0,7,14307,1,102,0
"14308",4427,NA,NA,NA,1,0,8,14308,1,102,1
"14309",4428,NA,NA,NA,1,0,9,14309,1,102,0
"14310",4429,NA,NA,NA,1,0,10,14310,1,102,0
"14311",4430,NA,NA,NA,1,0,11,14311,1,102,0
"14312",4431,NA,NA,NA,1,0,12,14312,1,102,1
"14313",4432,NA,NA,NA,1,0,13,14313,1,102,1
"14314",4433,NA,NA,NA,1,0,14,14314,1,102,1
"14315",4434,NA,NA,NA,1,0,15,14315,1,102,1
"14316",4435,NA,NA,NA,1,0,16,14316,1,102,1
"14317",4436,NA,NA,NA,1,0,17,14317,1,102,0
"14318",4437,NA,NA,NA,1,0,18,14318,1,102,0
"14319",4438,NA,NA,NA,1,0,19,14319,1,102,0
"14320",4439,NA,NA,NA,1,0,20,14320,1,102,0
"14321",4440,NA,NA,NA,1,0,21,14321,1,102,0
"14322",4441,NA,NA,NA,1,0,22,14322,1,102,0
"14323",4442,NA,NA,NA,1,0,23,14323,1,102,0
"14324",4443,NA,NA,NA,1,0,24,14324,1,102,0
"14325",4444,NA,NA,NA,1,0,25,14325,1,102,0
"14326",4445,NA,NA,NA,1,0,26,14326,1,102,0
"14327",4446,2,9,53,1,0,1,14327,2,102,0
"14328",4447,2,9,53.2530582020015,1,0,2,14328,2,102,0
"14329",4448,5,7,40.6012260892574,1,0,3,14329,2,102,1
"14330",4449,NA,NA,NA,1,0,4,14330,2,102,1
"14331",4450,NA,NA,NA,1,0,5,14331,2,102,1
"14332",4451,NA,NA,NA,1,0,6,14332,2,102,0
"14333",4452,NA,NA,NA,1,0,7,14333,2,102,1
"14334",4453,NA,NA,NA,1,0,8,14334,2,102,0
"14335",4454,NA,NA,NA,1,0,9,14335,2,102,1
"14336",4455,NA,NA,NA,1,0,10,14336,2,102,0
"14337",4456,NA,NA,NA,1,0,11,14337,2,102,1
"14338",4457,NA,NA,NA,1,0,12,14338,2,102,0
"14339",4458,NA,NA,NA,1,0,13,14339,2,102,0
"14340",4459,NA,NA,NA,1,0,14,14340,2,102,0
"14341",4460,NA,NA,NA,1,0,15,14341,2,102,1
"14342",4461,NA,NA,NA,1,0,16,14342,2,102,0
"14343",4462,NA,NA,NA,1,0,17,14343,2,102,0
"14344",4463,NA,NA,NA,1,0,18,14344,2,102,0
"14345",4464,NA,NA,NA,1,0,19,14345,2,102,0
"14346",4465,NA,NA,NA,1,0,20,14346,2,102,0
"14347",4466,NA,NA,NA,1,0,21,14347,2,102,0
"14348",4467,NA,NA,NA,1,0,22,14348,2,102,0
"14349",4468,NA,NA,NA,1,0,23,14349,2,102,0
"14350",4469,NA,NA,NA,1,0,24,14350,2,102,0
"14351",4470,NA,NA,NA,1,0,25,14351,2,102,0
"14352",4471,NA,NA,NA,1,0,26,14352,2,102,0
"14353",4472,4,7,52,1,0,1,14353,3,102,0
"14354",4473,4,7,52.8412895883584,1,0,2,14354,3,102,0
"14355",4474,2,7,54.1982056944266,1,0,3,14355,3,102,0
"14356",4475,3,5,69.064448806287,1,0,4,14356,3,102,0
"14357",4476,7,8,40.5311003860872,1,0,5,14357,3,102,1
"14358",4477,NA,NA,NA,1,0,6,14358,3,102,1
"14359",4478,NA,NA,NA,1,0,7,14359,3,102,1
"14360",4479,NA,NA,NA,1,0,8,14360,3,102,0
"14361",4480,NA,NA,NA,1,0,9,14361,3,102,0
"14362",4481,NA,NA,NA,1,0,10,14362,3,102,0
"14363",4482,NA,NA,NA,1,0,11,14363,3,102,0
"14364",4483,NA,NA,NA,1,0,12,14364,3,102,0
"14365",4484,NA,NA,NA,1,0,13,14365,3,102,0
"14366",4485,NA,NA,NA,1,0,14,14366,3,102,0
"14367",4486,NA,NA,NA,1,0,15,14367,3,102,0
"14368",4487,NA,NA,NA,1,0,16,14368,3,102,0
"14369",4488,NA,NA,NA,1,0,17,14369,3,102,0
"14370",4489,NA,NA,NA,1,0,18,14370,3,102,0
"14371",4490,NA,NA,NA,1,0,19,14371,3,102,0
"14372",4491,NA,NA,NA,1,0,20,14372,3,102,0
"14373",4492,NA,NA,NA,1,0,21,14373,3,102,0
"14374",4493,NA,NA,NA,1,0,22,14374,3,102,0
"14375",4494,NA,NA,NA,1,0,23,14375,3,102,0
"14376",4495,NA,NA,NA,1,0,24,14376,3,102,0
"14377",4496,NA,NA,NA,1,0,25,14377,3,102,0
"14378",4497,NA,NA,NA,1,0,26,14378,3,102,0
"14379",4498,10,5,55,1,0,1,14379,4,102,0
"14380",4499,10,5,55.3075691434935,1,0,2,14380,4,102,0
"14381",4500,4,1,40.028971824657,1,0,3,14381,4,102,1
"14382",4501,NA,NA,NA,1,0,4,14382,4,102,1
"14383",4502,NA,NA,NA,1,0,5,14383,4,102,0
"14384",4503,NA,NA,NA,1,0,6,14384,4,102,1
"14385",4504,NA,NA,NA,1,0,7,14385,4,102,1
"14386",4505,NA,NA,NA,1,0,8,14386,4,102,1
"14387",4506,NA,NA,NA,1,0,9,14387,4,102,0
"14388",4507,NA,NA,NA,1,0,10,14388,4,102,0
"14389",4508,NA,NA,NA,1,0,11,14389,4,102,0
"14390",4509,NA,NA,NA,1,0,12,14390,4,102,0
"14391",4510,NA,NA,NA,1,0,13,14391,4,102,0
"14392",4511,NA,NA,NA,1,0,14,14392,4,102,0
"14393",4512,NA,NA,NA,1,0,15,14393,4,102,0
"14394",4513,NA,NA,NA,1,0,16,14394,4,102,0
"14395",4514,NA,NA,NA,1,0,17,14395,4,102,0
"14396",4515,NA,NA,NA,1,0,18,14396,4,102,0
"14397",4516,NA,NA,NA,1,0,19,14397,4,102,0
"14398",4517,NA,NA,NA,1,0,20,14398,4,102,0
"14399",4518,NA,NA,NA,1,0,21,14399,4,102,0
"14400",4519,NA,NA,NA,1,0,22,14400,4,102,0
"14401",4520,NA,NA,NA,1,0,23,14401,4,102,0
"14402",4521,NA,NA,NA,1,0,24,14402,4,102,0
"14403",4522,NA,NA,NA,1,0,25,14403,4,102,0
"14404",4523,NA,NA,NA,1,0,26,14404,4,102,0
"14405",4524,7,5,53,1,0,1,14405,5,102,0
"14406",4525,7,5,53.3908236978716,1,0,2,14406,5,102,0
"14407",4526,5,5,52.5829970510648,1,0,3,14407,5,102,0
"14408",4527,3,3,65.2345346382602,1,0,4,14408,5,102,0
"14409",4528,2,1,42.188809121399,1,0,5,14409,5,102,1
"14410",4529,NA,NA,NA,1,0,6,14410,5,102,0
"14411",4530,NA,NA,NA,1,0,7,14411,5,102,0
"14412",4531,NA,NA,NA,1,0,8,14412,5,102,0
"14413",4532,NA,NA,NA,1,0,9,14413,5,102,0
"14414",4533,NA,NA,NA,1,0,10,14414,5,102,1
"14415",4534,NA,NA,NA,1,0,11,14415,5,102,0
"14416",4535,NA,NA,NA,1,0,12,14416,5,102,1
"14417",4536,NA,NA,NA,1,0,13,14417,5,102,0
"14418",4537,NA,NA,NA,1,0,14,14418,5,102,0
"14419",4538,NA,NA,NA,1,0,15,14419,5,102,0
"14420",4539,NA,NA,NA,1,0,16,14420,5,102,0
"14421",4540,NA,NA,NA,1,0,17,14421,5,102,0
"14422",4541,NA,NA,NA,1,0,18,14422,5,102,0
"14423",4542,NA,NA,NA,1,0,19,14423,5,102,0
"14424",4543,NA,NA,NA,1,0,20,14424,5,102,0
"14425",4544,NA,NA,NA,1,0,21,14425,5,102,0
"14426",4545,NA,NA,NA,1,0,22,14426,5,102,0
"14427",4546,NA,NA,NA,1,0,23,14427,5,102,0
"14428",4547,NA,NA,NA,1,0,24,14428,5,102,0
"14429",4548,NA,NA,NA,1,0,25,14429,5,102,0
"14430",4549,NA,NA,NA,1,0,26,14430,5,102,0
"14431",4550,2,2,56,1,0,1,14431,1,106,0
"14432",4551,1,3,46.894363716278,1,0,2,14432,1,106,0
"14433",4552,2,7,40.3107298272403,1,0,3,14433,1,106,1
"14434",4553,NA,NA,NA,1,0,4,14434,1,106,0
"14435",4554,NA,NA,NA,1,0,5,14435,1,106,0
"14436",4555,NA,NA,NA,1,0,6,14436,1,106,0
"14437",4556,NA,NA,NA,1,0,7,14437,1,106,1
"14438",4557,NA,NA,NA,1,0,8,14438,1,106,1
"14439",4558,NA,NA,NA,1,0,9,14439,1,106,1
"14440",4559,NA,NA,NA,1,0,10,14440,1,106,0
"14441",4560,NA,NA,NA,1,0,11,14441,1,106,1
"14442",4561,NA,NA,NA,1,0,12,14442,1,106,0
"14443",4562,NA,NA,NA,1,0,13,14443,1,106,0
"14444",4563,NA,NA,NA,1,0,14,14444,1,106,1
"14445",4564,NA,NA,NA,1,0,15,14445,1,106,1
"14446",4565,NA,NA,NA,1,0,16,14446,1,106,1
"14447",4566,NA,NA,NA,1,0,17,14447,1,106,1
"14448",4567,NA,NA,NA,1,0,18,14448,1,106,0
"14449",4568,NA,NA,NA,1,0,19,14449,1,106,0
"14450",4569,NA,NA,NA,1,0,20,14450,1,106,0
"14451",4570,NA,NA,NA,1,0,21,14451,1,106,0
"14452",4571,NA,NA,NA,1,0,22,14452,1,106,0
"14453",4572,NA,NA,NA,1,0,23,14453,1,106,0
"14454",4573,NA,NA,NA,1,0,24,14454,1,106,0
"14455",4574,NA,NA,NA,1,0,25,14455,1,106,0
"14456",4575,NA,NA,NA,1,0,26,14456,1,106,0
"14457",4576,8,1,50,1,0,1,14457,2,106,0
"14458",4577,7,2,48.6202141406098,1,0,2,14458,2,106,0
"14459",4578,8,4,45.5130881505255,1,0,3,14459,2,106,1
"14460",4579,NA,NA,NA,1,0,4,14460,2,106,1
"14461",4580,NA,NA,NA,1,0,5,14461,2,106,1
"14462",4581,NA,NA,NA,1,0,6,14462,2,106,1
"14463",4582,NA,NA,NA,1,0,7,14463,2,106,0
"14464",4583,NA,NA,NA,1,0,8,14464,2,106,0
"14465",4584,NA,NA,NA,1,0,9,14465,2,106,0
"14466",4585,NA,NA,NA,1,0,10,14466,2,106,0
"14467",4586,NA,NA,NA,1,0,11,14467,2,106,0
"14468",4587,NA,NA,NA,1,0,12,14468,2,106,0
"14469",4588,NA,NA,NA,1,0,13,14469,2,106,0
"14470",4589,NA,NA,NA,1,0,14,14470,2,106,0
"14471",4590,NA,NA,NA,1,0,15,14471,2,106,0
"14472",4591,NA,NA,NA,1,0,16,14472,2,106,0
"14473",4592,NA,NA,NA,1,0,17,14473,2,106,0
"14474",4593,NA,NA,NA,1,0,18,14474,2,106,0
"14475",4594,NA,NA,NA,1,0,19,14475,2,106,0
"14476",4595,NA,NA,NA,1,0,20,14476,2,106,0
"14477",4596,NA,NA,NA,1,0,21,14477,2,106,0
"14478",4597,NA,NA,NA,1,0,22,14478,2,106,0
"14479",4598,NA,NA,NA,1,0,23,14479,2,106,0
"14480",4599,NA,NA,NA,1,0,24,14480,2,106,0
"14481",4600,NA,NA,NA,1,0,25,14481,2,106,0
"14482",4601,NA,NA,NA,1,0,26,14482,2,106,0
"14483",4602,4,3,55,1,0,1,14483,3,106,0
"14484",4603,4,1,56.5370323182295,1,0,2,14484,3,106,0
"14485",4604,4,3,55.125434195726,1,0,3,14485,3,106,0
"14486",4605,2,2,57.6812315518143,1,0,4,14486,3,106,0
"14487",4606,0,4,41.2269943331009,1,0,5,14487,3,106,1
"14488",4607,NA,NA,NA,1,0,6,14488,3,106,1
"14489",4608,NA,NA,NA,1,0,7,14489,3,106,0
"14490",4609,NA,NA,NA,1,0,8,14490,3,106,0
"14491",4610,NA,NA,NA,1,0,9,14491,3,106,1
"14492",4611,NA,NA,NA,1,0,10,14492,3,106,0
"14493",4612,NA,NA,NA,1,0,11,14493,3,106,0
"14494",4613,NA,NA,NA,1,0,12,14494,3,106,1
"14495",4614,NA,NA,NA,1,0,13,14495,3,106,0
"14496",4615,NA,NA,NA,1,0,14,14496,3,106,1
"14497",4616,NA,NA,NA,1,0,15,14497,3,106,0
"14498",4617,NA,NA,NA,1,0,16,14498,3,106,0
"14499",4618,NA,NA,NA,1,0,17,14499,3,106,0
"14500",4619,NA,NA,NA,1,0,18,14500,3,106,1
"14501",4620,NA,NA,NA,1,0,19,14501,3,106,0
"14502",4621,NA,NA,NA,1,0,20,14502,3,106,0
"14503",4622,NA,NA,NA,1,0,21,14503,3,106,0
"14504",4623,NA,NA,NA,1,0,22,14504,3,106,0
"14505",4624,NA,NA,NA,1,0,23,14505,3,106,0
"14506",4625,NA,NA,NA,1,0,24,14506,3,106,0
"14507",4626,NA,NA,NA,1,0,25,14507,3,106,0
"14508",4627,NA,NA,NA,1,0,26,14508,3,106,0
"14509",4628,3,9,54,1,0,1,14509,4,106,0
"14510",4629,7,4,40.2648385029876,1,0,2,14510,4,106,1
"14511",4630,NA,NA,NA,1,0,3,14511,4,106,0
"14512",4631,NA,NA,NA,1,0,4,14512,4,106,0
"14513",4632,NA,NA,NA,1,0,5,14513,4,106,0
"14514",4633,NA,NA,NA,1,0,6,14514,4,106,1
"14515",4634,NA,NA,NA,1,0,7,14515,4,106,0
"14516",4635,NA,NA,NA,1,0,8,14516,4,106,0
"14517",4636,NA,NA,NA,1,0,9,14517,4,106,0
"14518",4637,NA,NA,NA,1,0,10,14518,4,106,0
"14519",4638,NA,NA,NA,1,0,11,14519,4,106,0
"14520",4639,NA,NA,NA,1,0,12,14520,4,106,0
"14521",4640,NA,NA,NA,1,0,13,14521,4,106,0
"14522",4641,NA,NA,NA,1,0,14,14522,4,106,0
"14523",4642,NA,NA,NA,1,0,15,14523,4,106,0
"14524",4643,NA,NA,NA,1,0,16,14524,4,106,0
"14525",4644,NA,NA,NA,1,0,17,14525,4,106,0
"14526",4645,NA,NA,NA,1,0,18,14526,4,106,0
"14527",4646,NA,NA,NA,1,0,19,14527,4,106,0
"14528",4647,NA,NA,NA,1,0,20,14528,4,106,0
"14529",4648,NA,NA,NA,1,0,21,14529,4,106,0
"14530",4649,NA,NA,NA,1,0,22,14530,4,106,0
"14531",4650,NA,NA,NA,1,0,23,14531,4,106,1
"14532",4651,NA,NA,NA,1,0,24,14532,4,106,0
"14533",4652,NA,NA,NA,1,0,25,14533,4,106,0
"14534",4653,NA,NA,NA,1,0,26,14534,4,106,0
"14535",4654,9,3,56,1,0,1,14535,5,106,0
"14536",4655,0,10,40.0000427592159,1,0,2,14536,5,106,1
"14537",4656,NA,NA,NA,1,0,3,14537,5,106,1
"14538",4657,NA,NA,NA,1,0,4,14538,5,106,1
"14539",4658,NA,NA,NA,1,0,5,14539,5,106,1
"14540",4659,NA,NA,NA,1,0,6,14540,5,106,0
"14541",4660,NA,NA,NA,1,0,7,14541,5,106,1
"14542",4661,NA,NA,NA,1,0,8,14542,5,106,0
"14543",4662,NA,NA,NA,1,0,9,14543,5,106,1
"14544",4663,NA,NA,NA,1,0,10,14544,5,106,1
"14545",4664,NA,NA,NA,1,0,11,14545,5,106,0
"14546",4665,NA,NA,NA,1,0,12,14546,5,106,0
"14547",4666,NA,NA,NA,1,0,13,14547,5,106,0
"14548",4667,NA,NA,NA,1,0,14,14548,5,106,1
"14549",4668,NA,NA,NA,1,0,15,14549,5,106,0
"14550",4669,NA,NA,NA,1,0,16,14550,5,106,0
"14551",4670,NA,NA,NA,1,0,17,14551,5,106,1
"14552",4671,NA,NA,NA,1,0,18,14552,5,106,0
"14553",4672,NA,NA,NA,1,0,19,14553,5,106,0
"14554",4673,NA,NA,NA,1,0,20,14554,5,106,0
"14555",4674,NA,NA,NA,1,0,21,14555,5,106,0
"14556",4675,NA,NA,NA,1,0,22,14556,5,106,0
"14557",4676,NA,NA,NA,1,0,23,14557,5,106,0
"14558",4677,NA,NA,NA,1,0,24,14558,5,106,0
"14559",4678,NA,NA,NA,1,0,25,14559,5,106,0
"14560",4679,NA,NA,NA,1,0,26,14560,5,106,1
"14561",4680,8,4,52,1,0,1,14561,1,113,0
"14562",4681,8,5,56.2368991726728,1,0,2,14562,1,113,0
"14563",4682,10,4,52.2521357091674,1,0,3,14563,1,113,0
"14564",4683,9,9,40.6729538616087,1,0,4,14564,1,113,1
"14565",4684,NA,NA,NA,1,0,5,14565,1,113,0
"14566",4685,NA,NA,NA,1,0,6,14566,1,113,0
"14567",4686,NA,NA,NA,1,0,7,14567,1,113,0
"14568",4687,NA,NA,NA,1,0,8,14568,1,113,0
"14569",4688,NA,NA,NA,1,0,9,14569,1,113,0
"14570",4689,NA,NA,NA,1,0,10,14570,1,113,0
"14571",4690,NA,NA,NA,1,0,11,14571,1,113,0
"14572",4691,NA,NA,NA,1,0,12,14572,1,113,0
"14573",4692,NA,NA,NA,1,0,13,14573,1,113,0
"14574",4693,NA,NA,NA,1,0,14,14574,1,113,0
"14575",4694,NA,NA,NA,1,0,15,14575,1,113,0
"14576",4695,NA,NA,NA,1,0,16,14576,1,113,0
"14577",4696,NA,NA,NA,1,0,17,14577,1,113,0
"14578",4697,NA,NA,NA,1,0,18,14578,1,113,0
"14579",4698,NA,NA,NA,1,0,19,14579,1,113,0
"14580",4699,NA,NA,NA,1,0,20,14580,1,113,0
"14581",4700,NA,NA,NA,1,0,21,14581,1,113,0
"14582",4701,NA,NA,NA,1,0,22,14582,1,113,0
"14583",4702,NA,NA,NA,1,0,23,14583,1,113,0
"14584",4703,NA,NA,NA,1,0,24,14584,1,113,0
"14585",4704,NA,NA,NA,1,0,25,14585,1,113,0
"14586",4705,NA,NA,NA,1,0,26,14586,1,113,1
"14587",4706,6,1,51,1,0,1,14587,2,113,0
"14588",4707,6,1,51.5847879179068,1,0,2,14588,2,113,0
"14589",4708,6,0,49.0973047282424,1,0,3,14589,2,113,0
"14590",4709,6,0,49.0973047282424,1,0,4,14590,2,113,0
"14591",4710,6,8,66.6718964236246,1,0,5,14591,2,113,0
"14592",4711,6,7,91.9531507012565,1,0,6,14592,2,113,0
"14593",4712,6,6,104.920701470995,1,0,7,14593,2,113,0
"14594",4713,6,7,91.9531507012565,1,0,8,14594,2,113,0
"14595",4714,6,6,104.920701470995,1,0,9,14595,2,113,0
"14596",4715,6,6,104.920701470995,1,0,10,14596,2,113,0
"14597",4716,6,6,104.920701470995,1,0,11,14597,2,113,0
"14598",4717,6,6,104.920701470995,1,0,12,14598,2,113,0
"14599",4718,5,6,121.043920739615,1,0,13,14599,2,113,0
"14600",4719,5,6,121.043920739615,1,0,14,14600,2,113,0
"14601",4720,5,6,121.043920739615,1,0,15,14601,2,113,0
"14602",4721,5,6,121.043920739615,1,0,16,14602,2,113,0
"14603",4722,5,6,121.043920739615,1,0,17,14603,2,113,0
"14604",4723,5,6,121.043920739615,1,0,18,14604,2,113,0
"14605",4724,5,6,121.043920739615,1,0,19,14605,2,113,0
"14606",4725,5,6,121.043920739615,1,0,20,14606,2,113,0
"14607",4726,5,6,121.043920739615,1,0,21,14607,2,113,0
"14608",4727,5,6,121.043920739615,1,0,22,14608,2,113,0
"14609",4728,5,6,121.043920739615,1,0,23,14609,2,113,0
"14610",4729,5,6,121.043920739615,1,0,24,14610,2,113,0
"14611",4730,5,6,121.043920739615,1,0,25,14611,2,113,0
"14612",4731,5,6,121.043920739615,1,0,26,14612,2,113,0
"14613",4732,5,3,59,1,0,1,14613,3,113,0
"14614",4733,5,3,59.8612900205776,1,0,2,14614,3,113,0
"14615",4734,5,3,59.8612900205776,1,0,3,14615,3,113,0
"14616",4735,5,8,74.1323791827831,1,0,4,14616,3,113,0
"14617",4736,6,7,49.6809268322299,1,0,5,14617,3,113,0
"14618",4737,5,8,74.1323791827831,1,0,6,14618,3,113,0
"14619",4738,5,8,74.1323791827831,1,0,7,14619,3,113,0
"14620",4739,5,9,67.2766164274273,1,0,8,14620,3,113,0
"14621",4740,4,8,106.371396922211,1,0,9,14621,3,113,0
"14622",4741,4,8,106.371396922211,1,0,10,14622,3,113,0
"14623",4742,3,8,122.851830295717,1,0,11,14623,3,113,0
"14624",4743,3,8,122.851830295717,1,0,12,14624,3,113,0
"14625",4744,3,8,122.851830295717,1,0,13,14625,3,113,0
"14626",4745,3,8,122.851830295717,1,0,14,14626,3,113,0
"14627",4746,3,8,122.851830295717,1,0,15,14627,3,113,0
"14628",4747,3,8,122.851830295717,1,0,16,14628,3,113,0
"14629",4748,3,8,122.851830295717,1,0,17,14629,3,113,0
"14630",4749,3,8,122.851830295717,1,0,18,14630,3,113,0
"14631",4750,3,8,122.851830295717,1,0,19,14631,3,113,0
"14632",4751,3,8,122.851830295717,1,0,20,14632,3,113,0
"14633",4752,3,8,122.851830295717,1,0,21,14633,3,113,0
"14634",4753,3,8,122.851830295717,1,0,22,14634,3,113,0
"14635",4754,3,8,122.851830295717,1,0,23,14635,3,113,0
"14636",4755,3,8,122.851830295717,1,0,24,14636,3,113,0
"14637",4756,3,8,122.851830295717,1,0,25,14637,3,113,0
"14638",4757,3,8,122.851830295717,1,0,26,14638,3,113,0
"14639",4758,1,7,51,1,0,1,14639,4,113,0
"14640",4759,9,5,40.0037431754337,1,0,2,14640,4,113,1
"14641",4760,NA,NA,NA,1,0,3,14641,4,113,0
"14642",4761,NA,NA,NA,1,0,4,14642,4,113,0
"14643",4762,NA,NA,NA,1,0,5,14643,4,113,0
"14644",4763,NA,NA,NA,1,0,6,14644,4,113,0
"14645",4764,NA,NA,NA,1,0,7,14645,4,113,0
"14646",4765,NA,NA,NA,1,0,8,14646,4,113,0
"14647",4766,NA,NA,NA,1,0,9,14647,4,113,0
"14648",4767,NA,NA,NA,1,0,10,14648,4,113,0
"14649",4768,NA,NA,NA,1,0,11,14649,4,113,0
"14650",4769,NA,NA,NA,1,0,12,14650,4,113,0
"14651",4770,NA,NA,NA,1,0,13,14651,4,113,0
"14652",4771,NA,NA,NA,1,0,14,14652,4,113,1
"14653",4772,NA,NA,NA,1,0,15,14653,4,113,0
"14654",4773,NA,NA,NA,1,0,16,14654,4,113,0
"14655",4774,NA,NA,NA,1,0,17,14655,4,113,0
"14656",4775,NA,NA,NA,1,0,18,14656,4,113,0
"14657",4776,NA,NA,NA,1,0,19,14657,4,113,0
"14658",4777,NA,NA,NA,1,0,20,14658,4,113,0
"14659",4778,NA,NA,NA,1,0,21,14659,4,113,0
"14660",4779,NA,NA,NA,1,0,22,14660,4,113,0
"14661",4780,NA,NA,NA,1,0,23,14661,4,113,0
"14662",4781,NA,NA,NA,1,0,24,14662,4,113,0
"14663",4782,NA,NA,NA,1,0,25,14663,4,113,0
"14664",4783,NA,NA,NA,1,0,26,14664,4,113,0
"14665",4784,4,1,53,1,0,1,14665,5,113,0
"14666",4785,6,5,91.3226404570337,1,0,2,14666,5,113,0
"14667",4786,6,5,91.3226404570337,1,0,3,14667,5,113,0
"14668",4787,6,5,91.3226404570337,1,0,4,14668,5,113,0
"14669",4788,6,5,91.3226404570337,1,0,5,14669,5,113,0
"14670",4789,6,4,67.3177139482092,1,0,6,14670,5,113,0
"14671",4790,7,5,103.696350408496,1,0,7,14671,5,113,0
"14672",4791,7,5,103.696350408496,1,0,8,14672,5,113,0
"14673",4792,7,5,103.696350408496,1,0,9,14673,5,113,0
"14674",4793,7,5,103.696350408496,1,0,10,14674,5,113,0
"14675",4794,7,5,103.696350408496,1,0,11,14675,5,113,0
"14676",4795,7,5,103.696350408496,1,0,12,14676,5,113,0
"14677",4796,7,5,103.696350408496,1,0,13,14677,5,113,0
"14678",4797,7,5,103.696350408496,1,0,14,14678,5,113,0
"14679",4798,7,5,103.696350408496,1,0,15,14679,5,113,0
"14680",4799,7,6,119.463135687562,1,0,16,14680,5,113,0
"14681",4800,7,6,119.463135687562,1,0,17,14681,5,113,0
"14682",4801,7,6,119.463135687562,1,0,18,14682,5,113,0
"14683",4802,7,6,119.463135687562,1,0,19,14683,5,113,0
"14684",4803,7,6,119.463135687562,1,0,20,14684,5,113,0
"14685",4804,7,6,119.463135687562,1,0,21,14685,5,113,0
"14686",4805,7,6,119.463135687562,1,0,22,14686,5,113,0
"14687",4806,7,6,119.463135687562,1,0,23,14687,5,113,0
"14688",4807,7,6,119.463135687562,1,0,24,14688,5,113,0
"14689",4808,7,6,119.463135687562,1,0,25,14689,5,113,0
"14690",4809,7,6,119.463135687562,1,0,26,14690,5,113,0
"14691",0,2,9,53,1,1,1,14691,1,8,0
"14692",1,2,9,53.3879330158142,1,1,2,14692,1,8,0
"14693",2,1,8,46.3221423549857,1,1,3,14693,1,8,0
"14694",3,3,9,56.7195050050699,1,1,4,14694,1,8,0
"14695",4,3,8,55.3781399898945,1,1,5,14695,1,8,0
"14696",5,4,7,53.8723266563286,1,1,6,14696,1,8,0
"14697",6,3,10,53.1722582202307,1,1,7,14697,1,8,0
"14698",7,4,9,53.3879330158142,1,1,8,14698,1,8,0
"14699",8,1,3,65.7252478430328,1,1,9,14699,1,8,0
"14700",9,3,10,53.1722582202307,1,1,10,14700,1,8,0
"14701",10,0,3,48.4685711995469,1,1,11,14701,1,8,0
"14702",11,2,4,102.62006180049,1,1,12,14702,1,8,0
"14703",12,2,4,102.62006180049,1,1,13,14703,1,8,0
"14704",13,2,4,102.62006180049,1,1,14,14704,1,8,0
"14705",14,2,4,102.62006180049,1,1,15,14705,1,8,0
"14706",15,2,5,90.4770542997145,1,1,16,14706,1,8,0
"14707",16,3,4,118.202993356357,1,1,17,14707,1,8,0
"14708",17,3,4,118.202993356357,1,1,18,14708,1,8,0
"14709",18,3,4,118.202993356357,1,1,19,14709,1,8,0
"14710",19,3,4,118.202993356357,1,1,20,14710,1,8,0
"14711",20,3,4,118.202993356357,1,1,21,14711,1,8,0
"14712",21,3,4,118.202993356357,1,1,22,14712,1,8,0
"14713",22,3,4,118.202993356357,1,1,23,14713,1,8,0
"14714",23,3,4,118.202993356357,1,1,24,14714,1,8,0
"14715",24,3,4,118.202993356357,1,1,25,14715,1,8,0
"14716",25,3,4,118.202993356357,1,1,26,14716,1,8,0
"14717",26,5,5,53,1,1,1,14717,2,8,0
"14718",27,6,5,56.4277486073921,1,1,2,14718,2,8,0
"14719",28,7,4,56.1185865603916,1,1,3,14719,2,8,0
"14720",29,6,4,60.1613961109419,1,1,4,14720,2,8,0
"14721",30,6,3,56.1132329472686,1,1,5,14721,2,8,0
"14722",31,6,5,56.4277486073921,1,1,6,14722,2,8,0
"14723",32,7,5,52.9666499374019,1,1,7,14723,2,8,0
"14724",33,8,4,48.2721211103018,1,1,8,14724,2,8,0
"14725",34,6,4,60.1613961109419,1,1,9,14725,2,8,0
"14726",35,6,4,60.1613961109419,1,1,10,14726,2,8,0
"14727",36,5,4,56.2403332645488,1,1,11,14727,2,8,0
"14728",37,0,5,40.3236572400548,1,1,12,14728,2,8,1
"14729",38,NA,NA,NA,1,1,13,14729,2,8,0
"14730",39,NA,NA,NA,1,1,14,14730,2,8,0
"14731",40,NA,NA,NA,1,1,15,14731,2,8,1
"14732",41,NA,NA,NA,1,1,16,14732,2,8,0
"14733",42,NA,NA,NA,1,1,17,14733,2,8,0
"14734",43,NA,NA,NA,1,1,18,14734,2,8,0
"14735",44,NA,NA,NA,1,1,19,14735,2,8,0
"14736",45,NA,NA,NA,1,1,20,14736,2,8,1
"14737",46,NA,NA,NA,1,1,21,14737,2,8,0
"14738",47,NA,NA,NA,1,1,22,14738,2,8,0
"14739",48,NA,NA,NA,1,1,23,14739,2,8,0
"14740",49,NA,NA,NA,1,1,24,14740,2,8,1
"14741",50,NA,NA,NA,1,1,25,14741,2,8,1
"14742",51,NA,NA,NA,1,1,26,14742,2,8,0
"14743",52,9,5,53,1,1,1,14743,3,8,0
"14744",53,8,5,56.37888587015,1,1,2,14744,3,8,0
"14745",54,7,6,56.5903756676098,1,1,3,14745,3,8,0
"14746",55,8,5,56.37888587015,1,1,4,14746,3,8,0
"14747",56,8,7,56.3637489532147,1,1,5,14747,3,8,0
"14748",57,8,6,60.4432347252706,1,1,6,14748,3,8,0
"14749",58,9,6,56.3543267811017,1,1,7,14749,3,8,0
"14750",59,9,8,46.7231875003773,1,1,8,14750,3,8,0
"14751",60,9,7,53.0951921251685,1,1,9,14751,3,8,0
"14752",61,8,8,48.39948208637,1,1,10,14752,3,8,0
"14753",62,7,2,40.5072257747629,1,1,11,14753,3,8,1
"14754",63,NA,NA,NA,1,1,12,14754,3,8,0
"14755",64,NA,NA,NA,1,1,13,14755,3,8,0
"14756",65,NA,NA,NA,1,1,14,14756,3,8,0
"14757",66,NA,NA,NA,1,1,15,14757,3,8,0
"14758",67,NA,NA,NA,1,1,16,14758,3,8,0
"14759",68,NA,NA,NA,1,1,17,14759,3,8,0
"14760",69,NA,NA,NA,1,1,18,14760,3,8,1
"14761",70,NA,NA,NA,1,1,19,14761,3,8,0
"14762",71,NA,NA,NA,1,1,20,14762,3,8,0
"14763",72,NA,NA,NA,1,1,21,14763,3,8,0
"14764",73,NA,NA,NA,1,1,22,14764,3,8,0
"14765",74,NA,NA,NA,1,1,23,14765,3,8,1
"14766",75,NA,NA,NA,1,1,24,14766,3,8,0
"14767",76,NA,NA,NA,1,1,25,14767,3,8,0
"14768",77,NA,NA,NA,1,1,26,14768,3,8,0
"14769",78,1,7,56,1,1,1,14769,4,8,0
"14770",79,1,8,60.6790454398354,1,1,2,14770,4,8,0
"14771",80,2,8,56.5712727053194,1,1,3,14771,4,8,0
"14772",81,0,7,53.2941446447889,1,1,4,14772,4,8,0
"14773",82,1,9,56.5501782222322,1,1,5,14773,4,8,0
"14774",83,1,7,56.6780376080248,1,1,6,14774,4,8,0
"14775",84,0,8,56.5532280151442,1,1,7,14775,4,8,0
"14776",85,1,8,60.6790454398354,1,1,8,14776,4,8,0
"14777",86,0,8,56.5532280151442,1,1,9,14777,4,8,0
"14778",87,1,8,60.6790454398354,1,1,10,14778,4,8,0
"14779",88,1,8,60.6790454398354,1,1,11,14779,4,8,0
"14780",89,1,7,56.6780376080248,1,1,12,14780,4,8,0
"14781",90,1,6,49.4461699106692,1,1,13,14781,4,8,0
"14782",91,0,9,53.2520542315606,1,1,14,14782,4,8,0
"14783",92,2,9,53.2530582020015,1,1,15,14783,4,8,0
"14784",93,2,8,56.5712727053194,1,1,16,14784,4,8,0
"14785",94,2,8,56.5712727053194,1,1,17,14785,4,8,0
"14786",95,0,8,56.5532280151442,1,1,18,14786,4,8,0
"14787",96,0,8,56.5532280151442,1,1,19,14787,4,8,0
"14788",97,1,8,60.6790454398354,1,1,20,14788,4,8,0
"14789",98,1,9,56.5501782222322,1,1,21,14789,4,8,0
"14790",99,1,5,47.2948175819161,1,1,22,14790,4,8,0
"14791",100,2,7,53.5020942801781,1,1,23,14791,4,8,0
"14792",101,0,2,50.9459250618517,1,1,24,14792,4,8,0
"14793",102,7,2,42.3092097602824,1,1,25,14793,4,8,1
"14794",103,NA,NA,NA,1,1,26,14794,4,8,0
"14795",104,5,2,55,1,1,1,14795,5,8,0
"14796",105,5,2,55.8096787064886,1,1,2,14796,5,8,0
"14797",106,4,2,48.1333461208774,1,1,3,14797,5,8,0
"14798",107,5,3,59.8612900205776,1,1,4,14798,5,8,0
"14799",108,7,2,55.7990479728925,1,1,5,14799,5,8,0
"14800",109,6,4,60.0498805575611,1,1,6,14800,5,8,0
"14801",110,7,5,48.431342857398,1,1,7,14801,5,8,0
"14802",111,6,2,59.7333927165308,1,1,8,14802,5,8,0
"14803",112,7,4,55.8658497222592,1,1,9,14803,5,8,0
"14804",113,6,3,64.6826693539916,1,1,10,14804,5,8,0
"14805",114,6,3,64.6826693539916,1,1,11,14805,5,8,0
"14806",115,6,3,64.6826693539916,1,1,12,14806,5,8,0
"14807",116,7,3,59.738779899663,1,1,13,14807,5,8,0
"14808",117,6,1,50.1297399839968,1,1,14,14808,5,8,0
"14809",118,5,2,55.8096787064886,1,1,15,14809,5,8,0
"14810",119,7,3,59.738779899663,1,1,16,14810,5,8,0
"14811",120,5,4,56.7710838783843,1,1,17,14811,5,8,0
"14812",121,6,4,60.0498805575611,1,1,18,14812,5,8,0
"14813",122,6,3,64.6826693539916,1,1,19,14813,5,8,0
"14814",123,6,3,64.6826693539916,1,1,20,14814,5,8,0
"14815",124,6,3,64.6826693539916,1,1,21,14815,5,8,0
"14816",125,6,3,64.6826693539916,1,1,22,14816,5,8,0
"14817",126,7,3,59.738779899663,1,1,23,14817,5,8,0
"14818",127,6,4,60.0498805575611,1,1,24,14818,5,8,0
"14819",128,5,8,74.1323791827831,1,1,25,14819,5,8,0
"14820",129,5,9,67.2766164274273,1,1,26,14820,5,8,0
"14821",130,7,5,52,1,1,1,14821,1,9,0
"14822",131,10,10,40.0014231281228,1,1,2,14822,1,9,1
"14823",132,NA,NA,NA,1,1,3,14823,1,9,0
"14824",133,NA,NA,NA,1,1,4,14824,1,9,0
"14825",134,NA,NA,NA,1,1,5,14825,1,9,0
"14826",135,NA,NA,NA,1,1,6,14826,1,9,0
"14827",136,NA,NA,NA,1,1,7,14827,1,9,0
"14828",137,NA,NA,NA,1,1,8,14828,1,9,0
"14829",138,NA,NA,NA,1,1,9,14829,1,9,0
"14830",139,NA,NA,NA,1,1,10,14830,1,9,0
"14831",140,NA,NA,NA,1,1,11,14831,1,9,0
"14832",141,NA,NA,NA,1,1,12,14832,1,9,0
"14833",142,NA,NA,NA,1,1,13,14833,1,9,0
"14834",143,NA,NA,NA,1,1,14,14834,1,9,0
"14835",144,NA,NA,NA,1,1,15,14835,1,9,0
"14836",145,NA,NA,NA,1,1,16,14836,1,9,0
"14837",146,NA,NA,NA,1,1,17,14837,1,9,0
"14838",147,NA,NA,NA,1,1,18,14838,1,9,0
"14839",148,NA,NA,NA,1,1,19,14839,1,9,0
"14840",149,NA,NA,NA,1,1,20,14840,1,9,0
"14841",150,NA,NA,NA,1,1,21,14841,1,9,0
"14842",151,NA,NA,NA,1,1,22,14842,1,9,0
"14843",152,NA,NA,NA,1,1,23,14843,1,9,0
"14844",153,NA,NA,NA,1,1,24,14844,1,9,0
"14845",154,NA,NA,NA,1,1,25,14845,1,9,0
"14846",155,NA,NA,NA,1,1,26,14846,1,9,0
"14847",156,8,5,56,1,1,1,14847,2,9,0
"14848",157,7,5,52.3087221521885,1,1,2,14848,2,9,0
"14849",158,7,7,54.0656698189153,1,1,3,14849,2,9,0
"14850",159,6,8,66.7100796636499,1,1,4,14850,2,9,0
"14851",160,6,9,53.6076262963694,1,1,5,14851,2,9,0
"14852",161,7,8,49.7404467909715,1,1,6,14852,2,9,0
"14853",162,9,4,55.3384207246753,1,1,7,14853,2,9,0
"14854",163,8,4,52.5580646381325,1,1,8,14854,2,9,0
"14855",164,1,6,48.6776015753051,1,1,9,14855,2,9,0
"14856",165,9,10,40.1157458386871,1,1,10,14856,2,9,1
"14857",166,NA,NA,NA,1,1,11,14857,2,9,0
"14858",167,NA,NA,NA,1,1,12,14858,2,9,0
"14859",168,NA,NA,NA,1,1,13,14859,2,9,0
"14860",169,NA,NA,NA,1,1,14,14860,2,9,0
"14861",170,NA,NA,NA,1,1,15,14861,2,9,0
"14862",171,NA,NA,NA,1,1,16,14862,2,9,0
"14863",172,NA,NA,NA,1,1,17,14863,2,9,0
"14864",173,NA,NA,NA,1,1,18,14864,2,9,0
"14865",174,NA,NA,NA,1,1,19,14865,2,9,0
"14866",175,NA,NA,NA,1,1,20,14866,2,9,0
"14867",176,NA,NA,NA,1,1,21,14867,2,9,0
"14868",177,NA,NA,NA,1,1,22,14868,2,9,0
"14869",178,NA,NA,NA,1,1,23,14869,2,9,0
"14870",179,NA,NA,NA,1,1,24,14870,2,9,0
"14871",180,NA,NA,NA,1,1,25,14871,2,9,1
"14872",181,NA,NA,NA,1,1,26,14872,2,9,0
"14873",182,7,7,54,1,1,1,14873,3,9,0
"14874",183,7,7,54.6028741639911,1,1,2,14874,3,9,0
"14875",184,10,2,40.0020139234003,1,1,3,14875,3,9,1
"14876",185,NA,NA,NA,1,1,4,14876,3,9,1
"14877",186,NA,NA,NA,1,1,5,14877,3,9,1
"14878",187,NA,NA,NA,1,1,6,14878,3,9,1
"14879",188,NA,NA,NA,1,1,7,14879,3,9,1
"14880",189,NA,NA,NA,1,1,8,14880,3,9,0
"14881",190,NA,NA,NA,1,1,9,14881,3,9,1
"14882",191,NA,NA,NA,1,1,10,14882,3,9,1
"14883",192,NA,NA,NA,1,1,11,14883,3,9,1
"14884",193,NA,NA,NA,1,1,12,14884,3,9,1
"14885",194,NA,NA,NA,1,1,13,14885,3,9,1
"14886",195,NA,NA,NA,1,1,14,14886,3,9,0
"14887",196,NA,NA,NA,1,1,15,14887,3,9,0
"14888",197,NA,NA,NA,1,1,16,14888,3,9,0
"14889",198,NA,NA,NA,1,1,17,14889,3,9,0
"14890",199,NA,NA,NA,1,1,18,14890,3,9,0
"14891",200,NA,NA,NA,1,1,19,14891,3,9,0
"14892",201,NA,NA,NA,1,1,20,14892,3,9,0
"14893",202,NA,NA,NA,1,1,21,14893,3,9,0
"14894",203,NA,NA,NA,1,1,22,14894,3,9,0
"14895",204,NA,NA,NA,1,1,23,14895,3,9,0
"14896",205,NA,NA,NA,1,1,24,14896,3,9,0
"14897",206,NA,NA,NA,1,1,25,14897,3,9,0
"14898",207,NA,NA,NA,1,1,26,14898,3,9,0
"14899",208,6,2,50,1,1,1,14899,4,9,0
"14900",209,10,6,40.3206278885826,1,1,2,14900,4,9,1
"14901",210,NA,NA,NA,1,1,3,14901,4,9,1
"14902",211,NA,NA,NA,1,1,4,14902,4,9,0
"14903",212,NA,NA,NA,1,1,5,14903,4,9,0
"14904",213,NA,NA,NA,1,1,6,14904,4,9,0
"14905",214,NA,NA,NA,1,1,7,14905,4,9,0
"14906",215,NA,NA,NA,1,1,8,14906,4,9,0
"14907",216,NA,NA,NA,1,1,9,14907,4,9,0
"14908",217,NA,NA,NA,1,1,10,14908,4,9,0
"14909",218,NA,NA,NA,1,1,11,14909,4,9,0
"14910",219,NA,NA,NA,1,1,12,14910,4,9,0
"14911",220,NA,NA,NA,1,1,13,14911,4,9,0
"14912",221,NA,NA,NA,1,1,14,14912,4,9,0
"14913",222,NA,NA,NA,1,1,15,14913,4,9,0
"14914",223,NA,NA,NA,1,1,16,14914,4,9,0
"14915",224,NA,NA,NA,1,1,17,14915,4,9,0
"14916",225,NA,NA,NA,1,1,18,14916,4,9,0
"14917",226,NA,NA,NA,1,1,19,14917,4,9,0
"14918",227,NA,NA,NA,1,1,20,14918,4,9,0
"14919",228,NA,NA,NA,1,1,21,14919,4,9,0
"14920",229,NA,NA,NA,1,1,22,14920,4,9,0
"14921",230,NA,NA,NA,1,1,23,14921,4,9,0
"14922",231,NA,NA,NA,1,1,24,14922,4,9,0
"14923",232,NA,NA,NA,1,1,25,14923,4,9,0
"14924",233,NA,NA,NA,1,1,26,14924,4,9,0
"14925",234,3,3,53,1,1,1,14925,5,9,0
"14926",235,3,2,47.08447525392,1,1,2,14926,5,9,0
"14927",236,4,3,57.4170507765896,1,1,3,14927,5,9,0
"14928",237,5,2,49.3704311786403,1,1,4,14928,5,9,0
"14929",238,3,4,57.1775501260933,1,1,5,14929,5,9,0
"14930",239,9,3,104.906885870399,1,1,6,14930,5,9,0
"14931",240,9,3,104.906885870399,1,1,7,14931,5,9,0
"14932",241,9,3,104.906885870399,1,1,8,14932,5,9,0
"14933",242,9,3,104.906885870399,1,1,9,14933,5,9,0
"14934",243,9,3,104.906885870399,1,1,10,14934,5,9,0
"14935",244,9,3,104.906885870399,1,1,11,14935,5,9,0
"14936",245,9,3,104.906885870399,1,1,12,14936,5,9,0
"14937",246,9,3,104.906885870399,1,1,13,14937,5,9,0
"14938",247,9,3,104.906885870399,1,1,14,14938,5,9,0
"14939",248,9,3,104.906885870399,1,1,15,14939,5,9,0
"14940",249,9,3,104.906885870399,1,1,16,14940,5,9,0
"14941",250,9,3,104.906885870399,1,1,17,14941,5,9,0
"14942",251,9,3,104.906885870399,1,1,18,14942,5,9,0
"14943",252,9,3,104.906885870399,1,1,19,14943,5,9,0
"14944",253,9,3,104.906885870399,1,1,20,14944,5,9,0
"14945",254,9,3,104.906885870399,1,1,21,14945,5,9,0
"14946",255,9,2,121.010084917168,1,1,22,14946,5,9,0
"14947",256,9,2,121.010084917168,1,1,23,14947,5,9,0
"14948",257,9,2,121.010084917168,1,1,24,14948,5,9,0
"14949",258,9,2,121.010084917168,1,1,25,14949,5,9,0
"14950",259,9,2,121.010084917168,1,1,26,14950,5,9,0
"14951",260,3,9,53,1,1,1,14951,1,10,0
"14952",261,3,9,53.9224695038014,1,1,2,14952,1,10,0
"14953",262,3,9,53.9224695038014,1,1,3,14953,1,10,0
"14954",263,3,9,53.9224695038014,1,1,4,14954,1,10,0
"14955",264,3,9,53.9224695038014,1,1,5,14955,1,10,0
"14956",265,3,9,53.9224695038014,1,1,6,14956,1,10,0
"14957",266,3,9,53.9224695038014,1,1,7,14957,1,10,0
"14958",267,3,9,53.9224695038014,1,1,8,14958,1,10,0
"14959",268,3,9,53.9224695038014,1,1,9,14959,1,10,0
"14960",269,3,9,53.9224695038014,1,1,10,14960,1,10,0
"14961",270,3,9,53.9224695038014,1,1,11,14961,1,10,0
"14962",271,3,9,53.9224695038014,1,1,12,14962,1,10,0
"14963",272,3,9,53.9224695038014,1,1,13,14963,1,10,0
"14964",273,3,9,53.9224695038014,1,1,14,14964,1,10,0
"14965",274,3,9,53.9224695038014,1,1,15,14965,1,10,0
"14966",275,3,9,53.9224695038014,1,1,16,14966,1,10,0
"14967",276,3,9,53.9224695038014,1,1,17,14967,1,10,0
"14968",277,3,9,53.9224695038014,1,1,18,14968,1,10,0
"14969",278,3,9,53.9224695038014,1,1,19,14969,1,10,0
"14970",279,3,9,53.9224695038014,1,1,20,14970,1,10,0
"14971",280,3,9,53.9224695038014,1,1,21,14971,1,10,0
"14972",281,3,9,53.9224695038014,1,1,22,14972,1,10,0
"14973",282,3,9,53.9224695038014,1,1,23,14973,1,10,0
"14974",283,3,9,53.9224695038014,1,1,24,14974,1,10,0
"14975",284,3,9,53.9224695038014,1,1,25,14975,1,10,0
"14976",285,3,9,53.9224695038014,1,1,26,14976,1,10,0
"14977",286,8,9,53,1,1,1,14977,2,10,0
"14978",287,8,9,53.4243268432186,1,1,2,14978,2,10,0
"14979",288,8,9,53.4243268432186,1,1,3,14979,2,10,0
"14980",289,8,9,53.4243268432186,1,1,4,14980,2,10,0
"14981",290,8,9,53.4243268432186,1,1,5,14981,2,10,0
"14982",291,8,9,53.4243268432186,1,1,6,14982,2,10,0
"14983",292,8,9,53.4243268432186,1,1,7,14983,2,10,0
"14984",293,8,9,53.4243268432186,1,1,8,14984,2,10,0
"14985",294,8,9,53.4243268432186,1,1,9,14985,2,10,0
"14986",295,4,7,103.426531986596,1,1,10,14986,2,10,0
"14987",296,4,7,103.426531986596,1,1,11,14987,2,10,0
"14988",297,4,7,103.426531986596,1,1,12,14988,2,10,0
"14989",298,4,7,103.426531986596,1,1,13,14989,2,10,0
"14990",299,4,7,103.426531986596,1,1,14,14990,2,10,0
"14991",300,4,7,103.426531986596,1,1,15,14991,2,10,0
"14992",301,4,7,103.426531986596,1,1,16,14992,2,10,0
"14993",302,4,7,103.426531986596,1,1,17,14993,2,10,0
"14994",303,4,7,103.426531986596,1,1,18,14994,2,10,0
"14995",304,4,7,103.426531986596,1,1,19,14995,2,10,0
"14996",305,4,7,103.426531986596,1,1,20,14996,2,10,0
"14997",306,4,7,103.426531986596,1,1,21,14997,2,10,0
"14998",307,4,7,103.426531986596,1,1,22,14998,2,10,0
"14999",308,4,7,103.426531986596,1,1,23,14999,2,10,0
"15000",309,4,7,103.426531986596,1,1,24,15000,2,10,0
"15001",310,4,7,103.426531986596,1,1,25,15001,2,10,0
"15002",311,4,7,103.426531986596,1,1,26,15002,2,10,0
"15003",312,7,8,50,1,1,1,15003,3,10,0
"15004",313,7,8,50.3195136897172,1,1,2,15004,3,10,0
"15005",314,7,8,50.3195136897172,1,1,3,15005,3,10,0
"15006",315,5,3,40.3681382627138,1,1,4,15006,3,10,1
"15007",316,NA,NA,NA,1,1,5,15007,3,10,0
"15008",317,NA,NA,NA,1,1,6,15008,3,10,0
"15009",318,NA,NA,NA,1,1,7,15009,3,10,0
"15010",319,NA,NA,NA,1,1,8,15010,3,10,0
"15011",320,NA,NA,NA,1,1,9,15011,3,10,0
"15012",321,NA,NA,NA,1,1,10,15012,3,10,0
"15013",322,NA,NA,NA,1,1,11,15013,3,10,0
"15014",323,NA,NA,NA,1,1,12,15014,3,10,0
"15015",324,NA,NA,NA,1,1,13,15015,3,10,0
"15016",325,NA,NA,NA,1,1,14,15016,3,10,0
"15017",326,NA,NA,NA,1,1,15,15017,3,10,0
"15018",327,NA,NA,NA,1,1,16,15018,3,10,0
"15019",328,NA,NA,NA,1,1,17,15019,3,10,0
"15020",329,NA,NA,NA,1,1,18,15020,3,10,0
"15021",330,NA,NA,NA,1,1,19,15021,3,10,0
"15022",331,NA,NA,NA,1,1,20,15022,3,10,0
"15023",332,NA,NA,NA,1,1,21,15023,3,10,0
"15024",333,NA,NA,NA,1,1,22,15024,3,10,0
"15025",334,NA,NA,NA,1,1,23,15025,3,10,0
"15026",335,NA,NA,NA,1,1,24,15026,3,10,0
"15027",336,NA,NA,NA,1,1,25,15027,3,10,0
"15028",337,NA,NA,NA,1,1,26,15028,3,10,0
"15029",338,2,1,54,1,1,1,15029,4,10,0
"15030",339,2,1,54.1681242630355,1,1,2,15030,4,10,0
"15031",340,2,1,54.1681242630355,1,1,3,15031,4,10,0
"15032",341,2,1,54.1681242630355,1,1,4,15032,4,10,0
"15033",342,2,1,54.1681242630355,1,1,5,15033,4,10,0
"15034",343,2,1,54.1681242630355,1,1,6,15034,4,10,0
"15035",344,2,1,54.1681242630355,1,1,7,15035,4,10,0
"15036",345,2,1,54.1681242630355,1,1,8,15036,4,10,0
"15037",346,2,1,54.1681242630355,1,1,9,15037,4,10,0
"15038",347,2,1,54.1681242630355,1,1,10,15038,4,10,0
"15039",348,2,1,54.1681242630355,1,1,11,15039,4,10,0
"15040",349,2,1,54.1681242630355,1,1,12,15040,4,10,0
"15041",350,2,1,54.1681242630355,1,1,13,15041,4,10,0
"15042",351,2,1,54.1681242630355,1,1,14,15042,4,10,0
"15043",352,2,1,54.1681242630355,1,1,15,15043,4,10,0
"15044",353,2,1,54.1681242630355,1,1,16,15044,4,10,0
"15045",354,2,1,54.1681242630355,1,1,17,15045,4,10,0
"15046",355,2,1,54.1681242630355,1,1,18,15046,4,10,0
"15047",356,2,1,54.1681242630355,1,1,19,15047,4,10,0
"15048",357,2,1,54.1681242630355,1,1,20,15048,4,10,0
"15049",358,2,1,54.1681242630355,1,1,21,15049,4,10,0
"15050",359,2,1,54.1681242630355,1,1,22,15050,4,10,0
"15051",360,2,1,54.1681242630355,1,1,23,15051,4,10,0
"15052",361,2,1,54.1681242630355,1,1,24,15052,4,10,0
"15053",362,2,1,54.1681242630355,1,1,25,15053,4,10,0
"15054",363,2,1,54.1681242630355,1,1,26,15054,4,10,0
"15055",364,8,5,56,1,1,1,15055,5,10,0
"15056",365,8,5,56.37888587015,1,1,2,15056,5,10,0
"15057",366,8,5,56.37888587015,1,1,3,15057,5,10,0
"15058",367,8,5,56.37888587015,1,1,4,15058,5,10,0
"15059",368,8,5,56.37888587015,1,1,5,15059,5,10,0
"15060",369,8,5,56.37888587015,1,1,6,15060,5,10,0
"15061",370,8,5,56.37888587015,1,1,7,15061,5,10,0
"15062",371,8,5,56.37888587015,1,1,8,15062,5,10,0
"15063",372,8,5,56.37888587015,1,1,9,15063,5,10,0
"15064",373,8,5,56.37888587015,1,1,10,15064,5,10,0
"15065",374,8,5,56.37888587015,1,1,11,15065,5,10,0
"15066",375,8,5,56.37888587015,1,1,12,15066,5,10,0
"15067",376,8,5,56.37888587015,1,1,13,15067,5,10,0
"15068",377,8,5,56.37888587015,1,1,14,15068,5,10,0
"15069",378,8,5,56.37888587015,1,1,15,15069,5,10,0
"15070",379,8,5,56.37888587015,1,1,16,15070,5,10,0
"15071",380,8,5,56.37888587015,1,1,17,15071,5,10,0
"15072",381,8,5,56.37888587015,1,1,18,15072,5,10,0
"15073",382,8,5,56.37888587015,1,1,19,15073,5,10,0
"15074",383,8,5,56.37888587015,1,1,20,15074,5,10,0
"15075",384,8,5,56.37888587015,1,1,21,15075,5,10,0
"15076",385,8,5,56.37888587015,1,1,22,15076,5,10,0
"15077",386,8,5,56.37888587015,1,1,23,15077,5,10,0
"15078",387,8,5,56.37888587015,1,1,24,15078,5,10,0
"15079",388,8,5,56.37888587015,1,1,25,15079,5,10,0
"15080",389,8,5,56.37888587015,1,1,26,15080,5,10,0
"15081",390,2,8,54,1,1,1,15081,1,13,0
"15082",391,2,8,54.7985650816964,1,1,2,15082,1,13,0
"15083",392,2,9,51.8436874319184,1,1,3,15083,1,13,0
"15084",393,2,4,42.1855190033483,1,1,4,15084,1,13,1
"15085",394,NA,NA,NA,1,1,5,15085,1,13,1
"15086",395,NA,NA,NA,1,1,6,15086,1,13,1
"15087",396,NA,NA,NA,1,1,7,15087,1,13,0
"15088",397,NA,NA,NA,1,1,8,15088,1,13,0
"15089",398,NA,NA,NA,1,1,9,15089,1,13,0
"15090",399,NA,NA,NA,1,1,10,15090,1,13,0
"15091",400,NA,NA,NA,1,1,11,15091,1,13,0
"15092",401,NA,NA,NA,1,1,12,15092,1,13,0
"15093",402,NA,NA,NA,1,1,13,15093,1,13,0
"15094",403,NA,NA,NA,1,1,14,15094,1,13,0
"15095",404,NA,NA,NA,1,1,15,15095,1,13,0
"15096",405,NA,NA,NA,1,1,16,15096,1,13,0
"15097",406,NA,NA,NA,1,1,17,15097,1,13,0
"15098",407,NA,NA,NA,1,1,18,15098,1,13,0
"15099",408,NA,NA,NA,1,1,19,15099,1,13,0
"15100",409,NA,NA,NA,1,1,20,15100,1,13,0
"15101",410,NA,NA,NA,1,1,21,15101,1,13,0
"15102",411,NA,NA,NA,1,1,22,15102,1,13,0
"15103",412,NA,NA,NA,1,1,23,15103,1,13,0
"15104",413,NA,NA,NA,1,1,24,15104,1,13,0
"15105",414,NA,NA,NA,1,1,25,15105,1,13,0
"15106",415,NA,NA,NA,1,1,26,15106,1,13,0
"15107",416,8,4,52,1,1,1,15107,2,13,0
"15108",417,8,4,52.5580646381325,1,1,2,15108,2,13,0
"15109",418,6,0,40.0106090596973,1,1,3,15109,2,13,1
"15110",419,NA,NA,NA,1,1,4,15110,2,13,1
"15111",420,NA,NA,NA,1,1,5,15111,2,13,0
"15112",421,NA,NA,NA,1,1,6,15112,2,13,0
"15113",422,NA,NA,NA,1,1,7,15113,2,13,0
"15114",423,NA,NA,NA,1,1,8,15114,2,13,0
"15115",424,NA,NA,NA,1,1,9,15115,2,13,0
"15116",425,NA,NA,NA,1,1,10,15116,2,13,0
"15117",426,NA,NA,NA,1,1,11,15117,2,13,0
"15118",427,NA,NA,NA,1,1,12,15118,2,13,0
"15119",428,NA,NA,NA,1,1,13,15119,2,13,0
"15120",429,NA,NA,NA,1,1,14,15120,2,13,0
"15121",430,NA,NA,NA,1,1,15,15121,2,13,0
"15122",431,NA,NA,NA,1,1,16,15122,2,13,0
"15123",432,NA,NA,NA,1,1,17,15123,2,13,0
"15124",433,NA,NA,NA,1,1,18,15124,2,13,0
"15125",434,NA,NA,NA,1,1,19,15125,2,13,0
"15126",435,NA,NA,NA,1,1,20,15126,2,13,0
"15127",436,NA,NA,NA,1,1,21,15127,2,13,0
"15128",437,NA,NA,NA,1,1,22,15128,2,13,0
"15129",438,NA,NA,NA,1,1,23,15129,2,13,0
"15130",439,NA,NA,NA,1,1,24,15130,2,13,0
"15131",440,NA,NA,NA,1,1,25,15131,2,13,0
"15132",441,NA,NA,NA,1,1,26,15132,2,13,0
"15133",442,5,4,56,1,1,1,15133,3,13,0
"15134",443,5,4,56.7710838783843,1,1,2,15134,3,13,0
"15135",444,10,2,40.5635873323215,1,1,3,15135,3,13,1
"15136",445,NA,NA,NA,1,1,4,15136,3,13,0
"15137",446,NA,NA,NA,1,1,5,15137,3,13,1
"15138",447,NA,NA,NA,1,1,6,15138,3,13,1
"15139",448,NA,NA,NA,1,1,7,15139,3,13,1
"15140",449,NA,NA,NA,1,1,8,15140,3,13,0
"15141",450,NA,NA,NA,1,1,9,15141,3,13,1
"15142",451,NA,NA,NA,1,1,10,15142,3,13,0
"15143",452,NA,NA,NA,1,1,11,15143,3,13,1
"15144",453,NA,NA,NA,1,1,12,15144,3,13,1
"15145",454,NA,NA,NA,1,1,13,15145,3,13,1
"15146",455,NA,NA,NA,1,1,14,15146,3,13,1
"15147",456,NA,NA,NA,1,1,15,15147,3,13,0
"15148",457,NA,NA,NA,1,1,16,15148,3,13,1
"15149",458,NA,NA,NA,1,1,17,15149,3,13,0
"15150",459,NA,NA,NA,1,1,18,15150,3,13,0
"15151",460,NA,NA,NA,1,1,19,15151,3,13,0
"15152",461,NA,NA,NA,1,1,20,15152,3,13,0
"15153",462,NA,NA,NA,1,1,21,15153,3,13,0
"15154",463,NA,NA,NA,1,1,22,15154,3,13,0
"15155",464,NA,NA,NA,1,1,23,15155,3,13,0
"15156",465,NA,NA,NA,1,1,24,15156,3,13,0
"15157",466,NA,NA,NA,1,1,25,15157,3,13,0
"15158",467,NA,NA,NA,1,1,26,15158,3,13,0
"15159",468,3,10,53,1,1,1,15159,4,13,0
"15160",469,3,10,53.1722582202307,1,1,2,15160,4,13,0
"15161",470,10,7,40.0003233514651,1,1,3,15161,4,13,1
"15162",471,NA,NA,NA,1,1,4,15162,4,13,1
"15163",472,NA,NA,NA,1,1,5,15163,4,13,0
"15164",473,NA,NA,NA,1,1,6,15164,4,13,0
"15165",474,NA,NA,NA,1,1,7,15165,4,13,0
"15166",475,NA,NA,NA,1,1,8,15166,4,13,0
"15167",476,NA,NA,NA,1,1,9,15167,4,13,0
"15168",477,NA,NA,NA,1,1,10,15168,4,13,0
"15169",478,NA,NA,NA,1,1,11,15169,4,13,0
"15170",479,NA,NA,NA,1,1,12,15170,4,13,0
"15171",480,NA,NA,NA,1,1,13,15171,4,13,0
"15172",481,NA,NA,NA,1,1,14,15172,4,13,0
"15173",482,NA,NA,NA,1,1,15,15173,4,13,0
"15174",483,NA,NA,NA,1,1,16,15174,4,13,0
"15175",484,NA,NA,NA,1,1,17,15175,4,13,0
"15176",485,NA,NA,NA,1,1,18,15176,4,13,0
"15177",486,NA,NA,NA,1,1,19,15177,4,13,0
"15178",487,NA,NA,NA,1,1,20,15178,4,13,0
"15179",488,NA,NA,NA,1,1,21,15179,4,13,0
"15180",489,NA,NA,NA,1,1,22,15180,4,13,0
"15181",490,NA,NA,NA,1,1,23,15181,4,13,0
"15182",491,NA,NA,NA,1,1,24,15182,4,13,0
"15183",492,NA,NA,NA,1,1,25,15183,4,13,0
"15184",493,NA,NA,NA,1,1,26,15184,4,13,0
"15185",494,2,2,57,1,1,1,15185,5,13,0
"15186",495,2,2,57.6812315518143,1,1,2,15186,5,13,0
"15187",496,3,9,40.0004118242084,1,1,3,15187,5,13,1
"15188",497,NA,NA,NA,1,1,4,15188,5,13,0
"15189",498,NA,NA,NA,1,1,5,15189,5,13,1
"15190",499,NA,NA,NA,1,1,6,15190,5,13,0
"15191",500,NA,NA,NA,1,1,7,15191,5,13,0
"15192",501,NA,NA,NA,1,1,8,15192,5,13,0
"15193",502,NA,NA,NA,1,1,9,15193,5,13,0
"15194",503,NA,NA,NA,1,1,10,15194,5,13,1
"15195",504,NA,NA,NA,1,1,11,15195,5,13,1
"15196",505,NA,NA,NA,1,1,12,15196,5,13,1
"15197",506,NA,NA,NA,1,1,13,15197,5,13,0
"15198",507,NA,NA,NA,1,1,14,15198,5,13,0
"15199",508,NA,NA,NA,1,1,15,15199,5,13,0
"15200",509,NA,NA,NA,1,1,16,15200,5,13,0
"15201",510,NA,NA,NA,1,1,17,15201,5,13,0
"15202",511,NA,NA,NA,1,1,18,15202,5,13,0
"15203",512,NA,NA,NA,1,1,19,15203,5,13,0
"15204",513,NA,NA,NA,1,1,20,15204,5,13,0
"15205",514,NA,NA,NA,1,1,21,15205,5,13,0
"15206",515,NA,NA,NA,1,1,22,15206,5,13,0
"15207",516,NA,NA,NA,1,1,23,15207,5,13,0
"15208",517,NA,NA,NA,1,1,24,15208,5,13,0
"15209",518,NA,NA,NA,1,1,25,15209,5,13,0
"15210",519,NA,NA,NA,1,1,26,15210,5,13,0
"15211",520,3,1,57,1,1,1,15211,1,14,0
"15212",521,4,5,42.4583170710847,1,1,2,15212,1,14,1
"15213",522,NA,NA,NA,1,1,3,15213,1,14,1
"15214",523,NA,NA,NA,1,1,4,15214,1,14,1
"15215",524,NA,NA,NA,1,1,5,15215,1,14,0
"15216",525,NA,NA,NA,1,1,6,15216,1,14,0
"15217",526,NA,NA,NA,1,1,7,15217,1,14,0
"15218",527,NA,NA,NA,1,1,8,15218,1,14,0
"15219",528,NA,NA,NA,1,1,9,15219,1,14,0
"15220",529,NA,NA,NA,1,1,10,15220,1,14,0
"15221",530,NA,NA,NA,1,1,11,15221,1,14,0
"15222",531,NA,NA,NA,1,1,12,15222,1,14,0
"15223",532,NA,NA,NA,1,1,13,15223,1,14,0
"15224",533,NA,NA,NA,1,1,14,15224,1,14,0
"15225",534,NA,NA,NA,1,1,15,15225,1,14,0
"15226",535,NA,NA,NA,1,1,16,15226,1,14,0
"15227",536,NA,NA,NA,1,1,17,15227,1,14,0
"15228",537,NA,NA,NA,1,1,18,15228,1,14,0
"15229",538,NA,NA,NA,1,1,19,15229,1,14,0
"15230",539,NA,NA,NA,1,1,20,15230,1,14,0
"15231",540,NA,NA,NA,1,1,21,15231,1,14,0
"15232",541,NA,NA,NA,1,1,22,15232,1,14,0
"15233",542,NA,NA,NA,1,1,23,15233,1,14,0
"15234",543,NA,NA,NA,1,1,24,15234,1,14,0
"15235",544,NA,NA,NA,1,1,25,15235,1,14,0
"15236",545,NA,NA,NA,1,1,26,15236,1,14,0
"15237",546,4,9,55,1,1,1,15237,2,14,0
"15238",547,0,0,44.5006874184229,1,1,2,15238,2,14,1
"15239",548,NA,NA,NA,1,1,3,15239,2,14,0
"15240",549,NA,NA,NA,1,1,4,15240,2,14,0
"15241",550,NA,NA,NA,1,1,5,15241,2,14,1
"15242",551,NA,NA,NA,1,1,6,15242,2,14,0
"15243",552,NA,NA,NA,1,1,7,15243,2,14,1
"15244",553,NA,NA,NA,1,1,8,15244,2,14,0
"15245",554,NA,NA,NA,1,1,9,15245,2,14,1
"15246",555,NA,NA,NA,1,1,10,15246,2,14,1
"15247",556,NA,NA,NA,1,1,11,15247,2,14,0
"15248",557,NA,NA,NA,1,1,12,15248,2,14,0
"15249",558,NA,NA,NA,1,1,13,15249,2,14,0
"15250",559,NA,NA,NA,1,1,14,15250,2,14,0
"15251",560,NA,NA,NA,1,1,15,15251,2,14,0
"15252",561,NA,NA,NA,1,1,16,15252,2,14,0
"15253",562,NA,NA,NA,1,1,17,15253,2,14,0
"15254",563,NA,NA,NA,1,1,18,15254,2,14,0
"15255",564,NA,NA,NA,1,1,19,15255,2,14,0
"15256",565,NA,NA,NA,1,1,20,15256,2,14,0
"15257",566,NA,NA,NA,1,1,21,15257,2,14,0
"15258",567,NA,NA,NA,1,1,22,15258,2,14,0
"15259",568,NA,NA,NA,1,1,23,15259,2,14,0
"15260",569,NA,NA,NA,1,1,24,15260,2,14,0
"15261",570,NA,NA,NA,1,1,25,15261,2,14,0
"15262",571,NA,NA,NA,1,1,26,15262,2,14,0
"15263",572,4,8,54,1,1,1,15263,3,14,0
"15264",573,4,8,54.2165255799206,1,1,2,15264,3,14,0
"15265",574,0,0,40.0000000075532,1,1,3,15265,3,14,1
"15266",575,NA,NA,NA,1,1,4,15266,3,14,1
"15267",576,NA,NA,NA,1,1,5,15267,3,14,1
"15268",577,NA,NA,NA,1,1,6,15268,3,14,0
"15269",578,NA,NA,NA,1,1,7,15269,3,14,1
"15270",579,NA,NA,NA,1,1,8,15270,3,14,0
"15271",580,NA,NA,NA,1,1,9,15271,3,14,1
"15272",581,NA,NA,NA,1,1,10,15272,3,14,1
"15273",582,NA,NA,NA,1,1,11,15273,3,14,0
"15274",583,NA,NA,NA,1,1,12,15274,3,14,1
"15275",584,NA,NA,NA,1,1,13,15275,3,14,0
"15276",585,NA,NA,NA,1,1,14,15276,3,14,1
"15277",586,NA,NA,NA,1,1,15,15277,3,14,0
"15278",587,NA,NA,NA,1,1,16,15278,3,14,1
"15279",588,NA,NA,NA,1,1,17,15279,3,14,0
"15280",589,NA,NA,NA,1,1,18,15280,3,14,1
"15281",590,NA,NA,NA,1,1,19,15281,3,14,1
"15282",591,NA,NA,NA,1,1,20,15282,3,14,1
"15283",592,NA,NA,NA,1,1,21,15283,3,14,1
"15284",593,NA,NA,NA,1,1,22,15284,3,14,1
"15285",594,NA,NA,NA,1,1,23,15285,3,14,0
"15286",595,NA,NA,NA,1,1,24,15286,3,14,0
"15287",596,NA,NA,NA,1,1,25,15287,3,14,0
"15288",597,NA,NA,NA,1,1,26,15288,3,14,0
"15289",598,5,10,55,1,1,1,15289,4,14,0
"15290",599,5,10,55.0145510666704,1,1,2,15290,4,14,0
"15291",600,9,9,40.7826132527602,1,1,3,15291,4,14,1
"15292",601,NA,NA,NA,1,1,4,15292,4,14,1
"15293",602,NA,NA,NA,1,1,5,15293,4,14,1
"15294",603,NA,NA,NA,1,1,6,15294,4,14,0
"15295",604,NA,NA,NA,1,1,7,15295,4,14,1
"15296",605,NA,NA,NA,1,1,8,15296,4,14,0
"15297",606,NA,NA,NA,1,1,9,15297,4,14,0
"15298",607,NA,NA,NA,1,1,10,15298,4,14,0
"15299",608,NA,NA,NA,1,1,11,15299,4,14,0
"15300",609,NA,NA,NA,1,1,12,15300,4,14,0
"15301",610,NA,NA,NA,1,1,13,15301,4,14,0
"15302",611,NA,NA,NA,1,1,14,15302,4,14,0
"15303",612,NA,NA,NA,1,1,15,15303,4,14,0
"15304",613,NA,NA,NA,1,1,16,15304,4,14,0
"15305",614,NA,NA,NA,1,1,17,15305,4,14,0
"15306",615,NA,NA,NA,1,1,18,15306,4,14,0
"15307",616,NA,NA,NA,1,1,19,15307,4,14,0
"15308",617,NA,NA,NA,1,1,20,15308,4,14,0
"15309",618,NA,NA,NA,1,1,21,15309,4,14,0
"15310",619,NA,NA,NA,1,1,22,15310,4,14,0
"15311",620,NA,NA,NA,1,1,23,15311,4,14,0
"15312",621,NA,NA,NA,1,1,24,15312,4,14,0
"15313",622,NA,NA,NA,1,1,25,15313,4,14,0
"15314",623,NA,NA,NA,1,1,26,15314,4,14,0
"15315",624,2,8,56,1,1,1,15315,5,14,0
"15316",625,4,6,42.9989891649336,1,1,2,15316,5,14,1
"15317",626,NA,NA,NA,1,1,3,15317,5,14,0
"15318",627,NA,NA,NA,1,1,4,15318,5,14,0
"15319",628,NA,NA,NA,1,1,5,15319,5,14,0
"15320",629,NA,NA,NA,1,1,6,15320,5,14,1
"15321",630,NA,NA,NA,1,1,7,15321,5,14,0
"15322",631,NA,NA,NA,1,1,8,15322,5,14,1
"15323",632,NA,NA,NA,1,1,9,15323,5,14,1
"15324",633,NA,NA,NA,1,1,10,15324,5,14,0
"15325",634,NA,NA,NA,1,1,11,15325,5,14,1
"15326",635,NA,NA,NA,1,1,12,15326,5,14,1
"15327",636,NA,NA,NA,1,1,13,15327,5,14,0
"15328",637,NA,NA,NA,1,1,14,15328,5,14,0
"15329",638,NA,NA,NA,1,1,15,15329,5,14,1
"15330",639,NA,NA,NA,1,1,16,15330,5,14,0
"15331",640,NA,NA,NA,1,1,17,15331,5,14,0
"15332",641,NA,NA,NA,1,1,18,15332,5,14,0
"15333",642,NA,NA,NA,1,1,19,15333,5,14,0
"15334",643,NA,NA,NA,1,1,20,15334,5,14,0
"15335",644,NA,NA,NA,1,1,21,15335,5,14,0
"15336",645,NA,NA,NA,1,1,22,15336,5,14,0
"15337",646,NA,NA,NA,1,1,23,15337,5,14,0
"15338",647,NA,NA,NA,1,1,24,15338,5,14,0
"15339",648,NA,NA,NA,1,1,25,15339,5,14,0
"15340",649,NA,NA,NA,1,1,26,15340,5,14,0
"15341",650,7,0,51,1,1,1,15341,1,16,0
"15342",651,2,2,40.3570386154757,1,1,2,15342,1,16,1
"15343",652,NA,NA,NA,1,1,3,15343,1,16,1
"15344",653,NA,NA,NA,1,1,4,15344,1,16,0
"15345",654,NA,NA,NA,1,1,5,15345,1,16,0
"15346",655,NA,NA,NA,1,1,6,15346,1,16,0
"15347",656,NA,NA,NA,1,1,7,15347,1,16,0
"15348",657,NA,NA,NA,1,1,8,15348,1,16,1
"15349",658,NA,NA,NA,1,1,9,15349,1,16,0
"15350",659,NA,NA,NA,1,1,10,15350,1,16,0
"15351",660,NA,NA,NA,1,1,11,15351,1,16,0
"15352",661,NA,NA,NA,1,1,12,15352,1,16,0
"15353",662,NA,NA,NA,1,1,13,15353,1,16,0
"15354",663,NA,NA,NA,1,1,14,15354,1,16,0
"15355",664,NA,NA,NA,1,1,15,15355,1,16,0
"15356",665,NA,NA,NA,1,1,16,15356,1,16,0
"15357",666,NA,NA,NA,1,1,17,15357,1,16,0
"15358",667,NA,NA,NA,1,1,18,15358,1,16,0
"15359",668,NA,NA,NA,1,1,19,15359,1,16,1
"15360",669,NA,NA,NA,1,1,20,15360,1,16,0
"15361",670,NA,NA,NA,1,1,21,15361,1,16,0
"15362",671,NA,NA,NA,1,1,22,15362,1,16,0
"15363",672,NA,NA,NA,1,1,23,15363,1,16,0
"15364",673,NA,NA,NA,1,1,24,15364,1,16,0
"15365",674,NA,NA,NA,1,1,25,15365,1,16,0
"15366",675,NA,NA,NA,1,1,26,15366,1,16,0
"15367",676,6,6,53,1,1,1,15367,2,16,0
"15368",677,9,2,40.1969463446999,1,1,2,15368,2,16,1
"15369",678,NA,NA,NA,1,1,3,15369,2,16,1
"15370",679,NA,NA,NA,1,1,4,15370,2,16,1
"15371",680,NA,NA,NA,1,1,5,15371,2,16,1
"15372",681,NA,NA,NA,1,1,6,15372,2,16,1
"15373",682,NA,NA,NA,1,1,7,15373,2,16,0
"15374",683,NA,NA,NA,1,1,8,15374,2,16,1
"15375",684,NA,NA,NA,1,1,9,15375,2,16,1
"15376",685,NA,NA,NA,1,1,10,15376,2,16,1
"15377",686,NA,NA,NA,1,1,11,15377,2,16,1
"15378",687,NA,NA,NA,1,1,12,15378,2,16,0
"15379",688,NA,NA,NA,1,1,13,15379,2,16,0
"15380",689,NA,NA,NA,1,1,14,15380,2,16,1
"15381",690,NA,NA,NA,1,1,15,15381,2,16,1
"15382",691,NA,NA,NA,1,1,16,15382,2,16,0
"15383",692,NA,NA,NA,1,1,17,15383,2,16,1
"15384",693,NA,NA,NA,1,1,18,15384,2,16,0
"15385",694,NA,NA,NA,1,1,19,15385,2,16,0
"15386",695,NA,NA,NA,1,1,20,15386,2,16,1
"15387",696,NA,NA,NA,1,1,21,15387,2,16,0
"15388",697,NA,NA,NA,1,1,22,15388,2,16,0
"15389",698,NA,NA,NA,1,1,23,15389,2,16,1
"15390",699,NA,NA,NA,1,1,24,15390,2,16,0
"15391",700,NA,NA,NA,1,1,25,15391,2,16,0
"15392",701,NA,NA,NA,1,1,26,15392,2,16,0
"15393",702,3,2,52,1,1,1,15393,3,16,0
"15394",703,3,2,52.3926659295967,1,1,2,15394,3,16,0
"15395",704,1,4,52.3978158585524,1,1,3,15395,3,16,0
"15396",705,4,9,66.0716786383024,1,1,4,15396,3,16,0
"15397",706,8,0,40.0008989075493,1,1,5,15397,3,16,1
"15398",707,NA,NA,NA,1,1,6,15398,3,16,0
"15399",708,NA,NA,NA,1,1,7,15399,3,16,0
"15400",709,NA,NA,NA,1,1,8,15400,3,16,0
"15401",710,NA,NA,NA,1,1,9,15401,3,16,0
"15402",711,NA,NA,NA,1,1,10,15402,3,16,1
"15403",712,NA,NA,NA,1,1,11,15403,3,16,1
"15404",713,NA,NA,NA,1,1,12,15404,3,16,1
"15405",714,NA,NA,NA,1,1,13,15405,3,16,0
"15406",715,NA,NA,NA,1,1,14,15406,3,16,1
"15407",716,NA,NA,NA,1,1,15,15407,3,16,0
"15408",717,NA,NA,NA,1,1,16,15408,3,16,0
"15409",718,NA,NA,NA,1,1,17,15409,3,16,0
"15410",719,NA,NA,NA,1,1,18,15410,3,16,1
"15411",720,NA,NA,NA,1,1,19,15411,3,16,0
"15412",721,NA,NA,NA,1,1,20,15412,3,16,0
"15413",722,NA,NA,NA,1,1,21,15413,3,16,0
"15414",723,NA,NA,NA,1,1,22,15414,3,16,0
"15415",724,NA,NA,NA,1,1,23,15415,3,16,0
"15416",725,NA,NA,NA,1,1,24,15416,3,16,0
"15417",726,NA,NA,NA,1,1,25,15417,3,16,0
"15418",727,NA,NA,NA,1,1,26,15418,3,16,0
"15419",728,3,8,51,1,1,1,15419,4,16,0
"15420",729,3,7,45.7366289644757,1,1,2,15420,4,16,1
"15421",730,NA,NA,NA,1,1,3,15421,4,16,1
"15422",731,NA,NA,NA,1,1,4,15422,4,16,0
"15423",732,NA,NA,NA,1,1,5,15423,4,16,0
"15424",733,NA,NA,NA,1,1,6,15424,4,16,1
"15425",734,NA,NA,NA,1,1,7,15425,4,16,1
"15426",735,NA,NA,NA,1,1,8,15426,4,16,0
"15427",736,NA,NA,NA,1,1,9,15427,4,16,0
"15428",737,NA,NA,NA,1,1,10,15428,4,16,1
"15429",738,NA,NA,NA,1,1,11,15429,4,16,1
"15430",739,NA,NA,NA,1,1,12,15430,4,16,1
"15431",740,NA,NA,NA,1,1,13,15431,4,16,1
"15432",741,NA,NA,NA,1,1,14,15432,4,16,1
"15433",742,NA,NA,NA,1,1,15,15433,4,16,1
"15434",743,NA,NA,NA,1,1,16,15434,4,16,0
"15435",744,NA,NA,NA,1,1,17,15435,4,16,0
"15436",745,NA,NA,NA,1,1,18,15436,4,16,0
"15437",746,NA,NA,NA,1,1,19,15437,4,16,1
"15438",747,NA,NA,NA,1,1,20,15438,4,16,0
"15439",748,NA,NA,NA,1,1,21,15439,4,16,1
"15440",749,NA,NA,NA,1,1,22,15440,4,16,1
"15441",750,NA,NA,NA,1,1,23,15441,4,16,0
"15442",751,NA,NA,NA,1,1,24,15442,4,16,0
"15443",752,NA,NA,NA,1,1,25,15443,4,16,0
"15444",753,NA,NA,NA,1,1,26,15444,4,16,0
"15445",754,2,8,52,1,1,1,15445,5,16,0
"15446",755,10,9,40.0003120606848,1,1,2,15446,5,16,1
"15447",756,NA,NA,NA,1,1,3,15447,5,16,0
"15448",757,NA,NA,NA,1,1,4,15448,5,16,0
"15449",758,NA,NA,NA,1,1,5,15449,5,16,1
"15450",759,NA,NA,NA,1,1,6,15450,5,16,0
"15451",760,NA,NA,NA,1,1,7,15451,5,16,0
"15452",761,NA,NA,NA,1,1,8,15452,5,16,1
"15453",762,NA,NA,NA,1,1,9,15453,5,16,0
"15454",763,NA,NA,NA,1,1,10,15454,5,16,0
"15455",764,NA,NA,NA,1,1,11,15455,5,16,0
"15456",765,NA,NA,NA,1,1,12,15456,5,16,0
"15457",766,NA,NA,NA,1,1,13,15457,5,16,0
"15458",767,NA,NA,NA,1,1,14,15458,5,16,0
"15459",768,NA,NA,NA,1,1,15,15459,5,16,1
"15460",769,NA,NA,NA,1,1,16,15460,5,16,0
"15461",770,NA,NA,NA,1,1,17,15461,5,16,0
"15462",771,NA,NA,NA,1,1,18,15462,5,16,0
"15463",772,NA,NA,NA,1,1,19,15463,5,16,0
"15464",773,NA,NA,NA,1,1,20,15464,5,16,0
"15465",774,NA,NA,NA,1,1,21,15465,5,16,0
"15466",775,NA,NA,NA,1,1,22,15466,5,16,1
"15467",776,NA,NA,NA,1,1,23,15467,5,16,0
"15468",777,NA,NA,NA,1,1,24,15468,5,16,0
"15469",778,NA,NA,NA,1,1,25,15469,5,16,0
"15470",779,NA,NA,NA,1,1,26,15470,5,16,0
"15471",780,10,4,52,1,1,1,15471,1,18,0
"15472",781,10,4,52.2521357091674,1,1,2,15472,1,18,0
"15473",782,3,1,40.0216926565304,1,1,3,15473,1,18,1
"15474",783,NA,NA,NA,1,1,4,15474,1,18,0
"15475",784,NA,NA,NA,1,1,5,15475,1,18,1
"15476",785,NA,NA,NA,1,1,6,15476,1,18,0
"15477",786,NA,NA,NA,1,1,7,15477,1,18,0
"15478",787,NA,NA,NA,1,1,8,15478,1,18,0
"15479",788,NA,NA,NA,1,1,9,15479,1,18,0
"15480",789,NA,NA,NA,1,1,10,15480,1,18,0
"15481",790,NA,NA,NA,1,1,11,15481,1,18,0
"15482",791,NA,NA,NA,1,1,12,15482,1,18,0
"15483",792,NA,NA,NA,1,1,13,15483,1,18,0
"15484",793,NA,NA,NA,1,1,14,15484,1,18,0
"15485",794,NA,NA,NA,1,1,15,15485,1,18,0
"15486",795,NA,NA,NA,1,1,16,15486,1,18,0
"15487",796,NA,NA,NA,1,1,17,15487,1,18,0
"15488",797,NA,NA,NA,1,1,18,15488,1,18,0
"15489",798,NA,NA,NA,1,1,19,15489,1,18,0
"15490",799,NA,NA,NA,1,1,20,15490,1,18,0
"15491",800,NA,NA,NA,1,1,21,15491,1,18,0
"15492",801,NA,NA,NA,1,1,22,15492,1,18,0
"15493",802,NA,NA,NA,1,1,23,15493,1,18,0
"15494",803,NA,NA,NA,1,1,24,15494,1,18,0
"15495",804,NA,NA,NA,1,1,25,15495,1,18,0
"15496",805,NA,NA,NA,1,1,26,15496,1,18,0
"15497",806,4,3,57,1,1,1,15497,2,18,0
"15498",807,4,5,57.2087487737599,1,1,2,15498,2,18,0
"15499",808,4,3,57.4170507765896,1,1,3,15499,2,18,0
"15500",809,5,4,58.1173347023035,1,1,4,15500,2,18,0
"15501",810,4,5,57.2087487737599,1,1,5,15501,2,18,0
"15502",811,4,4,61.5669147519555,1,1,6,15502,2,18,0
"15503",812,5,5,54.0588113357141,1,1,7,15503,2,18,0
"15504",813,3,5,53.7494408431757,1,1,8,15504,2,18,0
"15505",814,3,4,57.1775501260933,1,1,9,15505,2,18,0
"15506",815,1,1,40.3926978208547,1,1,10,15506,2,18,1
"15507",816,NA,NA,NA,1,1,11,15507,2,18,0
"15508",817,NA,NA,NA,1,1,12,15508,2,18,0
"15509",818,NA,NA,NA,1,1,13,15509,2,18,0
"15510",819,NA,NA,NA,1,1,14,15510,2,18,0
"15511",820,NA,NA,NA,1,1,15,15511,2,18,0
"15512",821,NA,NA,NA,1,1,16,15512,2,18,0
"15513",822,NA,NA,NA,1,1,17,15513,2,18,0
"15514",823,NA,NA,NA,1,1,18,15514,2,18,1
"15515",824,NA,NA,NA,1,1,19,15515,2,18,1
"15516",825,NA,NA,NA,1,1,20,15516,2,18,0
"15517",826,NA,NA,NA,1,1,21,15517,2,18,0
"15518",827,NA,NA,NA,1,1,22,15518,2,18,1
"15519",828,NA,NA,NA,1,1,23,15519,2,18,0
"15520",829,NA,NA,NA,1,1,24,15520,2,18,0
"15521",830,NA,NA,NA,1,1,25,15521,2,18,0
"15522",831,NA,NA,NA,1,1,26,15522,2,18,1
"15523",832,10,7,51,1,1,1,15523,3,18,0
"15524",833,10,5,41.9665335330015,1,1,2,15524,3,18,1
"15525",834,NA,NA,NA,1,1,3,15525,3,18,0
"15526",835,NA,NA,NA,1,1,4,15526,3,18,1
"15527",836,NA,NA,NA,1,1,5,15527,3,18,0
"15528",837,NA,NA,NA,1,1,6,15528,3,18,0
"15529",838,NA,NA,NA,1,1,7,15529,3,18,0
"15530",839,NA,NA,NA,1,1,8,15530,3,18,1
"15531",840,NA,NA,NA,1,1,9,15531,3,18,0
"15532",841,NA,NA,NA,1,1,10,15532,3,18,0
"15533",842,NA,NA,NA,1,1,11,15533,3,18,1
"15534",843,NA,NA,NA,1,1,12,15534,3,18,0
"15535",844,NA,NA,NA,1,1,13,15535,3,18,0
"15536",845,NA,NA,NA,1,1,14,15536,3,18,0
"15537",846,NA,NA,NA,1,1,15,15537,3,18,0
"15538",847,NA,NA,NA,1,1,16,15538,3,18,0
"15539",848,NA,NA,NA,1,1,17,15539,3,18,0
"15540",849,NA,NA,NA,1,1,18,15540,3,18,0
"15541",850,NA,NA,NA,1,1,19,15541,3,18,0
"15542",851,NA,NA,NA,1,1,20,15542,3,18,0
"15543",852,NA,NA,NA,1,1,21,15543,3,18,0
"15544",853,NA,NA,NA,1,1,22,15544,3,18,0
"15545",854,NA,NA,NA,1,1,23,15545,3,18,0
"15546",855,NA,NA,NA,1,1,24,15546,3,18,0
"15547",856,NA,NA,NA,1,1,25,15547,3,18,0
"15548",857,NA,NA,NA,1,1,26,15548,3,18,0
"15549",858,8,7,56,1,1,1,15549,4,18,0
"15550",859,9,8,46.7231875003773,1,1,2,15550,4,18,0
"15551",860,6,5,48.9117765887585,1,1,3,15551,4,18,0
"15552",861,5,7,46.4763289146682,1,1,4,15552,4,18,0
"15553",862,9,7,53.0951921251685,1,1,5,15553,4,18,0
"15554",863,8,7,56.3637489532147,1,1,6,15554,4,18,0
"15555",864,7,8,46.7630829052839,1,1,7,15555,4,18,0
"15556",865,7,5,53.3908236978716,1,1,8,15556,4,18,0
"15557",866,7,7,53.2163836644303,1,1,9,15557,4,18,0
"15558",867,7,5,53.3908236978716,1,1,10,15558,4,18,0
"15559",868,10,7,46.7230149272753,1,1,11,15559,4,18,0
"15560",869,6,6,50.14864351778,1,1,12,15560,4,18,0
"15561",870,8,6,60.4432347252706,1,1,13,15561,4,18,0
"15562",871,8,5,56.37888587015,1,1,14,15562,4,18,0
"15563",872,9,6,56.3543267811017,1,1,15,15563,4,18,0
"15564",873,1,1,41.7526415969743,1,1,16,15564,4,18,1
"15565",874,NA,NA,NA,1,1,17,15565,4,18,0
"15566",875,NA,NA,NA,1,1,18,15566,4,18,0
"15567",876,NA,NA,NA,1,1,19,15567,4,18,0
"15568",877,NA,NA,NA,1,1,20,15568,4,18,0
"15569",878,NA,NA,NA,1,1,21,15569,4,18,0
"15570",879,NA,NA,NA,1,1,22,15570,4,18,0
"15571",880,NA,NA,NA,1,1,23,15571,4,18,0
"15572",881,NA,NA,NA,1,1,24,15572,4,18,0
"15573",882,NA,NA,NA,1,1,25,15573,4,18,0
"15574",883,NA,NA,NA,1,1,26,15574,4,18,0
"15575",884,2,9,51,1,1,1,15575,5,18,0
"15576",885,2,3,120.721221338618,1,1,2,15576,5,18,0
"15577",886,2,3,120.721221338618,1,1,3,15577,5,18,0
"15578",887,2,3,120.721221338618,1,1,4,15578,5,18,0
"15579",888,2,3,120.721221338618,1,1,5,15579,5,18,0
"15580",889,2,3,120.721221338618,1,1,6,15580,5,18,0
"15581",890,2,3,120.721221338618,1,1,7,15581,5,18,0
"15582",891,2,2,104.595502764928,1,1,8,15582,5,18,0
"15583",892,2,3,120.721221338618,1,1,9,15583,5,18,0
"15584",893,2,3,120.721221338618,1,1,10,15584,5,18,0
"15585",894,2,3,120.721221338618,1,1,11,15585,5,18,0
"15586",895,2,3,120.721221338618,1,1,12,15586,5,18,0
"15587",896,2,3,120.721221338618,1,1,13,15587,5,18,0
"15588",897,2,3,120.721221338618,1,1,14,15588,5,18,0
"15589",898,2,3,120.721221338618,1,1,15,15589,5,18,0
"15590",899,2,3,120.721221338618,1,1,16,15590,5,18,0
"15591",900,2,3,120.721221338618,1,1,17,15591,5,18,0
"15592",901,2,3,120.721221338618,1,1,18,15592,5,18,0
"15593",902,2,3,120.721221338618,1,1,19,15593,5,18,0
"15594",903,1,3,104.620002153773,1,1,20,15594,5,18,0
"15595",904,2,3,120.721221338618,1,1,21,15595,5,18,0
"15596",905,2,3,120.721221338618,1,1,22,15596,5,18,0
"15597",906,2,3,120.721221338618,1,1,23,15597,5,18,0
"15598",907,2,3,120.721221338618,1,1,24,15598,5,18,0
"15599",908,2,3,120.721221338618,1,1,25,15599,5,18,0
"15600",909,2,3,120.721221338618,1,1,26,15600,5,18,0
"15601",910,2,7,56,1,1,1,15601,1,26,0
"15602",911,1,6,56.9848433800353,1,1,2,15602,1,26,0
"15603",912,2,4,48.7405174347174,1,1,3,15603,1,26,0
"15604",913,1,5,53.6009180207323,1,1,4,15604,1,26,0
"15605",914,1,7,53.6000668329386,1,1,5,15605,1,26,0
"15606",915,4,5,49.1943750955626,1,1,6,15606,1,26,0
"15607",916,3,5,53.8988576709668,1,1,7,15607,1,26,0
"15608",917,2,6,61.230859336854,1,1,8,15608,1,26,0
"15609",918,4,6,50.4910848303575,1,1,9,15609,1,26,0
"15610",919,3,6,57.2234148017901,1,1,10,15610,1,26,0
"15611",920,2,6,61.230859336854,1,1,11,15611,1,26,0
"15612",921,2,5,57.009664919666,1,1,12,15612,1,26,0
"15613",922,3,6,57.2234148017901,1,1,13,15613,1,26,0
"15614",923,2,7,56.9943662421435,1,1,14,15614,1,26,0
"15615",924,1,6,56.9848433800353,1,1,15,15615,1,26,0
"15616",925,0,5,46.9822536087833,1,1,16,15616,1,26,0
"15617",926,2,6,61.230859336854,1,1,17,15617,1,26,0
"15618",927,3,6,57.2234148017901,1,1,18,15618,1,26,0
"15619",928,3,7,53.7225534849795,1,1,19,15619,1,26,0
"15620",929,2,6,61.230859336854,1,1,20,15620,1,26,0
"15621",930,2,2,40.6093917676929,1,1,21,15621,1,26,1
"15622",931,NA,NA,NA,1,1,22,15622,1,26,0
"15623",932,NA,NA,NA,1,1,23,15623,1,26,0
"15624",933,NA,NA,NA,1,1,24,15624,1,26,0
"15625",934,NA,NA,NA,1,1,25,15625,1,26,1
"15626",935,NA,NA,NA,1,1,26,15626,1,26,0
"15627",936,1,2,52,1,1,1,15627,2,26,0
"15628",937,1,5,40.4363974037437,1,1,2,15628,2,26,1
"15629",938,NA,NA,NA,1,1,3,15629,2,26,0
"15630",939,NA,NA,NA,1,1,4,15630,2,26,0
"15631",940,NA,NA,NA,1,1,5,15631,2,26,0
"15632",941,NA,NA,NA,1,1,6,15632,2,26,0
"15633",942,NA,NA,NA,1,1,7,15633,2,26,0
"15634",943,NA,NA,NA,1,1,8,15634,2,26,0
"15635",944,NA,NA,NA,1,1,9,15635,2,26,0
"15636",945,NA,NA,NA,1,1,10,15636,2,26,0
"15637",946,NA,NA,NA,1,1,11,15637,2,26,0
"15638",947,NA,NA,NA,1,1,12,15638,2,26,0
"15639",948,NA,NA,NA,1,1,13,15639,2,26,0
"15640",949,NA,NA,NA,1,1,14,15640,2,26,0
"15641",950,NA,NA,NA,1,1,15,15641,2,26,0
"15642",951,NA,NA,NA,1,1,16,15642,2,26,0
"15643",952,NA,NA,NA,1,1,17,15643,2,26,0
"15644",953,NA,NA,NA,1,1,18,15644,2,26,1
"15645",954,NA,NA,NA,1,1,19,15645,2,26,0
"15646",955,NA,NA,NA,1,1,20,15646,2,26,0
"15647",956,NA,NA,NA,1,1,21,15647,2,26,0
"15648",957,NA,NA,NA,1,1,22,15648,2,26,0
"15649",958,NA,NA,NA,1,1,23,15649,2,26,0
"15650",959,NA,NA,NA,1,1,24,15650,2,26,0
"15651",960,NA,NA,NA,1,1,25,15651,2,26,0
"15652",961,NA,NA,NA,1,1,26,15652,2,26,0
"15653",962,3,2,52,1,1,1,15653,3,26,0
"15654",963,3,7,49.0237041826639,1,1,2,15654,3,26,0
"15655",964,10,6,40.9299875677213,1,1,3,15655,3,26,1
"15656",965,NA,NA,NA,1,1,4,15656,3,26,0
"15657",966,NA,NA,NA,1,1,5,15657,3,26,0
"15658",967,NA,NA,NA,1,1,6,15658,3,26,0
"15659",968,NA,NA,NA,1,1,7,15659,3,26,0
"15660",969,NA,NA,NA,1,1,8,15660,3,26,0
"15661",970,NA,NA,NA,1,1,9,15661,3,26,0
"15662",971,NA,NA,NA,1,1,10,15662,3,26,0
"15663",972,NA,NA,NA,1,1,11,15663,3,26,0
"15664",973,NA,NA,NA,1,1,12,15664,3,26,0
"15665",974,NA,NA,NA,1,1,13,15665,3,26,0
"15666",975,NA,NA,NA,1,1,14,15666,3,26,0
"15667",976,NA,NA,NA,1,1,15,15667,3,26,0
"15668",977,NA,NA,NA,1,1,16,15668,3,26,0
"15669",978,NA,NA,NA,1,1,17,15669,3,26,0
"15670",979,NA,NA,NA,1,1,18,15670,3,26,0
"15671",980,NA,NA,NA,1,1,19,15671,3,26,0
"15672",981,NA,NA,NA,1,1,20,15672,3,26,0
"15673",982,NA,NA,NA,1,1,21,15673,3,26,0
"15674",983,NA,NA,NA,1,1,22,15674,3,26,0
"15675",984,NA,NA,NA,1,1,23,15675,3,26,0
"15676",985,NA,NA,NA,1,1,24,15676,3,26,0
"15677",986,NA,NA,NA,1,1,25,15677,3,26,0
"15678",987,NA,NA,NA,1,1,26,15678,3,26,0
"15679",988,1,7,62,1,1,1,15679,4,26,0
"15680",989,1,7,62.1950830671822,1,1,2,15680,4,26,0
"15681",990,0,7,51.3830184121592,1,1,3,15681,4,26,0
"15682",991,2,7,67.9947757341506,1,1,4,15682,4,26,0
"15683",992,2,6,62.4164640166022,1,1,5,15683,4,26,0
"15684",993,2,8,62.4164640166022,1,1,6,15684,4,26,0
"15685",994,3,7,64.4593263189505,1,1,7,15685,4,26,0
"15686",995,3,8,59.5854974337311,1,1,8,15686,4,26,0
"15687",996,6,5,66.7286609660774,1,1,9,15687,4,26,0
"15688",997,5,5,55.0963519426674,1,1,10,15688,4,26,0
"15689",998,6,6,92.0603228354384,1,1,11,15689,4,26,0
"15690",999,7,7,120.313905748197,1,1,12,15690,4,26,0
"15691",1000,8,7,104.233935089325,1,1,13,15691,4,26,0
"15692",1001,7,8,104.310348306917,1,1,14,15692,4,26,0
"15693",1002,7,7,120.313905748197,1,1,15,15693,4,26,0
"15694",1003,7,7,120.313905748197,1,1,16,15694,4,26,0
"15695",1004,7,7,120.313905748197,1,1,17,15695,4,26,0
"15696",1005,7,7,120.313905748197,1,1,18,15696,4,26,0
"15697",1006,6,7,105.0154752929,1,1,19,15697,4,26,0
"15698",1007,7,7,120.313905748197,1,1,20,15698,4,26,0
"15699",1008,7,7,120.313905748197,1,1,21,15699,4,26,0
"15700",1009,7,7,120.313905748197,1,1,22,15700,4,26,0
"15701",1010,7,7,120.313905748197,1,1,23,15701,4,26,0
"15702",1011,7,7,120.313905748197,1,1,24,15702,4,26,0
"15703",1012,7,7,120.313905748197,1,1,25,15703,4,26,0
"15704",1013,7,7,120.313905748197,1,1,26,15704,4,26,0
"15705",1014,8,7,53,1,1,1,15705,5,26,0
"15706",1015,4,6,72.5642673227867,1,1,2,15706,5,26,0
"15707",1016,5,6,66.2650947891299,1,1,3,15707,5,26,0
"15708",1017,4,7,103.426531986596,1,1,4,15708,5,26,0
"15709",1018,4,8,119.21015273616,1,1,5,15709,5,26,0
"15710",1019,4,8,119.21015273616,1,1,6,15710,5,26,0
"15711",1020,4,9,103.426531986596,1,1,7,15711,5,26,0
"15712",1021,4,8,119.21015273616,1,1,8,15712,5,26,0
"15713",1022,4,8,119.21015273616,1,1,9,15713,5,26,0
"15714",1023,5,8,103.887885124346,1,1,10,15714,5,26,0
"15715",1024,3,8,103.376536059051,1,1,11,15715,5,26,0
"15716",1025,4,8,119.21015273616,1,1,12,15716,5,26,0
"15717",1026,4,8,119.21015273616,1,1,13,15717,5,26,0
"15718",1027,4,8,119.21015273616,1,1,14,15718,5,26,0
"15719",1028,4,8,119.21015273616,1,1,15,15719,5,26,0
"15720",1029,4,8,119.21015273616,1,1,16,15720,5,26,0
"15721",1030,4,8,119.21015273616,1,1,17,15721,5,26,0
"15722",1031,4,8,119.21015273616,1,1,18,15722,5,26,0
"15723",1032,4,8,119.21015273616,1,1,19,15723,5,26,0
"15724",1033,4,8,119.21015273616,1,1,20,15724,5,26,0
"15725",1034,4,8,119.21015273616,1,1,21,15725,5,26,0
"15726",1035,4,8,119.21015273616,1,1,22,15726,5,26,0
"15727",1036,4,8,119.21015273616,1,1,23,15727,5,26,0
"15728",1037,4,8,119.21015273616,1,1,24,15728,5,26,0
"15729",1038,4,8,119.21015273616,1,1,25,15729,5,26,0
"15730",1039,4,8,119.21015273616,1,1,26,15730,5,26,0
"15731",1040,2,7,51,1,1,1,15731,1,29,0
"15732",1041,4,2,65.378394965207,1,1,2,15732,1,29,0
"15733",1042,4,1,53.027431152964,1,1,3,15733,1,29,0
"15734",1043,4,3,71.7447608377613,1,1,4,15734,1,29,0
"15735",1044,3,2,48.3589525463342,1,1,5,15735,1,29,0
"15736",1045,5,3,101.74834113397,1,1,6,15736,1,29,0
"15737",1046,6,3,117.08734881339,1,1,7,15737,1,29,0
"15738",1047,6,3,117.08734881339,1,1,8,15738,1,29,0
"15739",1048,6,3,117.08734881339,1,1,9,15739,1,29,0
"15740",1049,6,3,117.08734881339,1,1,10,15740,1,29,0
"15741",1050,6,3,117.08734881339,1,1,11,15741,1,29,0
"15742",1051,6,3,117.08734881339,1,1,12,15742,1,29,0
"15743",1052,6,3,117.08734881339,1,1,13,15743,1,29,0
"15744",1053,6,2,101.719823960074,1,1,14,15744,1,29,0
"15745",1054,7,3,101.721025136591,1,1,15,15745,1,29,0
"15746",1055,6,3,117.08734881339,1,1,16,15746,1,29,0
"15747",1056,6,3,117.08734881339,1,1,17,15747,1,29,0
"15748",1057,6,3,117.08734881339,1,1,18,15748,1,29,0
"15749",1058,6,3,117.08734881339,1,1,19,15749,1,29,0
"15750",1059,6,3,117.08734881339,1,1,20,15750,1,29,0
"15751",1060,6,3,117.08734881339,1,1,21,15751,1,29,0
"15752",1061,6,3,117.08734881339,1,1,22,15752,1,29,0
"15753",1062,6,3,117.08734881339,1,1,23,15753,1,29,0
"15754",1063,6,3,117.08734881339,1,1,24,15754,1,29,0
"15755",1064,6,3,117.08734881339,1,1,25,15755,1,29,0
"15756",1065,6,3,117.08734881339,1,1,26,15756,1,29,0
"15757",1066,5,7,54,1,1,1,15757,2,29,0
"15758",1067,4,7,49.0182073568299,1,1,2,15758,2,29,0
"15759",1068,5,7,54.9205158641271,1,1,3,15759,2,29,0
"15760",1069,6,7,58.2755679521502,1,1,4,15760,2,29,0
"15761",1070,6,8,54.6082809878472,1,1,5,15761,2,29,0
"15762",1071,5,8,51.7578870831274,1,1,6,15762,2,29,0
"15763",1072,7,6,51.7015112776947,1,1,7,15763,2,29,0
"15764",1073,5,6,52.6664215640624,1,1,8,15764,2,29,0
"15765",1074,7,7,54.6028741639911,1,1,9,15765,2,29,0
"15766",1075,6,6,54.7312377591548,1,1,10,15766,2,29,0
"15767",1076,2,10,40.0928168360445,1,1,11,15767,2,29,1
"15768",1077,NA,NA,NA,1,1,12,15768,2,29,0
"15769",1078,NA,NA,NA,1,1,13,15769,2,29,0
"15770",1079,NA,NA,NA,1,1,14,15770,2,29,0
"15771",1080,NA,NA,NA,1,1,15,15771,2,29,1
"15772",1081,NA,NA,NA,1,1,16,15772,2,29,0
"15773",1082,NA,NA,NA,1,1,17,15773,2,29,0
"15774",1083,NA,NA,NA,1,1,18,15774,2,29,0
"15775",1084,NA,NA,NA,1,1,19,15775,2,29,0
"15776",1085,NA,NA,NA,1,1,20,15776,2,29,0
"15777",1086,NA,NA,NA,1,1,21,15777,2,29,0
"15778",1087,NA,NA,NA,1,1,22,15778,2,29,0
"15779",1088,NA,NA,NA,1,1,23,15779,2,29,0
"15780",1089,NA,NA,NA,1,1,24,15780,2,29,0
"15781",1090,NA,NA,NA,1,1,25,15781,2,29,0
"15782",1091,NA,NA,NA,1,1,26,15782,2,29,0
"15783",1092,2,9,53,1,1,1,15783,3,29,0
"15784",1093,4,9,42.2409472764307,1,1,2,15784,3,29,1
"15785",1094,NA,NA,NA,1,1,3,15785,3,29,0
"15786",1095,NA,NA,NA,1,1,4,15786,3,29,0
"15787",1096,NA,NA,NA,1,1,5,15787,3,29,0
"15788",1097,NA,NA,NA,1,1,6,15788,3,29,0
"15789",1098,NA,NA,NA,1,1,7,15789,3,29,0
"15790",1099,NA,NA,NA,1,1,8,15790,3,29,0
"15791",1100,NA,NA,NA,1,1,9,15791,3,29,0
"15792",1101,NA,NA,NA,1,1,10,15792,3,29,0
"15793",1102,NA,NA,NA,1,1,11,15793,3,29,0
"15794",1103,NA,NA,NA,1,1,12,15794,3,29,0
"15795",1104,NA,NA,NA,1,1,13,15795,3,29,1
"15796",1105,NA,NA,NA,1,1,14,15796,3,29,0
"15797",1106,NA,NA,NA,1,1,15,15797,3,29,1
"15798",1107,NA,NA,NA,1,1,16,15798,3,29,1
"15799",1108,NA,NA,NA,1,1,17,15799,3,29,0
"15800",1109,NA,NA,NA,1,1,18,15800,3,29,0
"15801",1110,NA,NA,NA,1,1,19,15801,3,29,0
"15802",1111,NA,NA,NA,1,1,20,15802,3,29,0
"15803",1112,NA,NA,NA,1,1,21,15803,3,29,0
"15804",1113,NA,NA,NA,1,1,22,15804,3,29,1
"15805",1114,NA,NA,NA,1,1,23,15805,3,29,0
"15806",1115,NA,NA,NA,1,1,24,15806,3,29,0
"15807",1116,NA,NA,NA,1,1,25,15807,3,29,0
"15808",1117,NA,NA,NA,1,1,26,15808,3,29,0
"15809",1118,6,7,51,1,1,1,15809,4,29,0
"15810",1119,7,7,53.5537107695798,1,1,2,15810,4,29,0
"15811",1120,8,8,45.5418448646999,1,1,3,15811,4,29,1
"15812",1121,NA,NA,NA,1,1,4,15812,4,29,0
"15813",1122,NA,NA,NA,1,1,5,15813,4,29,0
"15814",1123,NA,NA,NA,1,1,6,15814,4,29,0
"15815",1124,NA,NA,NA,1,1,7,15815,4,29,0
"15816",1125,NA,NA,NA,1,1,8,15816,4,29,0
"15817",1126,NA,NA,NA,1,1,9,15817,4,29,1
"15818",1127,NA,NA,NA,1,1,10,15818,4,29,0
"15819",1128,NA,NA,NA,1,1,11,15819,4,29,0
"15820",1129,NA,NA,NA,1,1,12,15820,4,29,1
"15821",1130,NA,NA,NA,1,1,13,15821,4,29,0
"15822",1131,NA,NA,NA,1,1,14,15822,4,29,0
"15823",1132,NA,NA,NA,1,1,15,15823,4,29,1
"15824",1133,NA,NA,NA,1,1,16,15824,4,29,0
"15825",1134,NA,NA,NA,1,1,17,15825,4,29,0
"15826",1135,NA,NA,NA,1,1,18,15826,4,29,0
"15827",1136,NA,NA,NA,1,1,19,15827,4,29,1
"15828",1137,NA,NA,NA,1,1,20,15828,4,29,1
"15829",1138,NA,NA,NA,1,1,21,15829,4,29,1
"15830",1139,NA,NA,NA,1,1,22,15830,4,29,1
"15831",1140,NA,NA,NA,1,1,23,15831,4,29,1
"15832",1141,NA,NA,NA,1,1,24,15832,4,29,1
"15833",1142,NA,NA,NA,1,1,25,15833,4,29,0
"15834",1143,NA,NA,NA,1,1,26,15834,4,29,0
"15835",1144,9,1,53,1,1,1,15835,5,29,0
"15836",1145,10,1,50.6599081443641,1,1,2,15836,5,29,0
"15837",1146,9,1,53.3369907867474,1,1,3,15837,5,29,0
"15838",1147,8,2,53.5525332032407,1,1,4,15838,5,29,0
"15839",1148,8,1,50.9603463553358,1,1,5,15839,5,29,0
"15840",1149,9,2,56.6441467729446,1,1,6,15840,5,29,0
"15841",1150,10,2,53.3119610904503,1,1,7,15841,5,29,0
"15842",1151,8,0,45.7139702215324,1,1,8,15842,5,29,1
"15843",1152,NA,NA,NA,1,1,9,15843,5,29,0
"15844",1153,NA,NA,NA,1,1,10,15844,5,29,0
"15845",1154,NA,NA,NA,1,1,11,15845,5,29,0
"15846",1155,NA,NA,NA,1,1,12,15846,5,29,0
"15847",1156,NA,NA,NA,1,1,13,15847,5,29,0
"15848",1157,NA,NA,NA,1,1,14,15848,5,29,0
"15849",1158,NA,NA,NA,1,1,15,15849,5,29,0
"15850",1159,NA,NA,NA,1,1,16,15850,5,29,0
"15851",1160,NA,NA,NA,1,1,17,15851,5,29,0
"15852",1161,NA,NA,NA,1,1,18,15852,5,29,0
"15853",1162,NA,NA,NA,1,1,19,15853,5,29,0
"15854",1163,NA,NA,NA,1,1,20,15854,5,29,0
"15855",1164,NA,NA,NA,1,1,21,15855,5,29,0
"15856",1165,NA,NA,NA,1,1,22,15856,5,29,0
"15857",1166,NA,NA,NA,1,1,23,15857,5,29,0
"15858",1167,NA,NA,NA,1,1,24,15858,5,29,0
"15859",1168,NA,NA,NA,1,1,25,15859,5,29,0
"15860",1169,NA,NA,NA,1,1,26,15860,5,29,0
"15861",1170,6,9,55,1,1,1,15861,1,33,0
"15862",1171,6,9,55.5813623512456,1,1,2,15862,1,33,0
"15863",1172,6,8,59.4621840775896,1,1,3,15863,1,33,0
"15864",1173,7,8,49.9911081152169,1,1,4,15864,1,33,0
"15865",1174,6,7,55.6234805154314,1,1,5,15865,1,33,0
"15866",1175,5,8,64.3118962570511,1,1,6,15866,1,33,0
"15867",1176,5,9,59.459132273895,1,1,7,15867,1,33,0
"15868",1177,5,7,59.5870759596529,1,1,8,15868,1,33,0
"15869",1178,4,8,59.4802406649498,1,1,9,15869,1,33,0
"15870",1179,4,9,55.582366983622,1,1,10,15870,1,33,0
"15871",1180,5,10,49.9903550946148,1,1,11,15871,1,33,0
"15872",1181,7,9,47.9996763905501,1,1,12,15872,1,33,0
"15873",1182,6,6,48.3123565523634,1,1,13,15873,1,33,0
"15874",1183,4,7,55.8315672557108,1,1,14,15874,1,33,0
"15875",1184,5,8,64.3118962570511,1,1,15,15875,1,33,0
"15876",1185,10,4,40.0033042804335,1,1,16,15876,1,33,1
"15877",1186,NA,NA,NA,1,1,17,15877,1,33,0
"15878",1187,NA,NA,NA,1,1,18,15878,1,33,0
"15879",1188,NA,NA,NA,1,1,19,15879,1,33,0
"15880",1189,NA,NA,NA,1,1,20,15880,1,33,0
"15881",1190,NA,NA,NA,1,1,21,15881,1,33,0
"15882",1191,NA,NA,NA,1,1,22,15882,1,33,0
"15883",1192,NA,NA,NA,1,1,23,15883,1,33,0
"15884",1193,NA,NA,NA,1,1,24,15884,1,33,0
"15885",1194,NA,NA,NA,1,1,25,15885,1,33,0
"15886",1195,NA,NA,NA,1,1,26,15886,1,33,0
"15887",1196,8,4,52,1,1,1,15887,2,33,0
"15888",1197,7,4,47.7552182274239,1,1,2,15888,2,33,0
"15889",1198,10,4,52.2521357091674,1,1,3,15889,2,33,0
"15890",1199,8,4,52.5580646381325,1,1,4,15890,2,33,0
"15891",1200,9,4,55.3384207246753,1,1,5,15891,2,33,0
"15892",1201,9,3,47.8623410407522,1,1,6,15892,2,33,0
"15893",1202,9,6,55.5444054910443,1,1,7,15893,2,33,0
"15894",1203,9,5,59.2303145831263,1,1,8,15894,2,33,0
"15895",1204,8,5,56.2368991726728,1,1,9,15895,2,33,0
"15896",1205,8,5,56.2368991726728,1,1,10,15896,2,33,0
"15897",1206,8,6,54.0800976323579,1,1,11,15897,2,33,0
"15898",1207,10,6,52.2700098991509,1,1,12,15898,2,33,0
"15899",1208,10,5,55.3075691434935,1,1,13,15899,2,33,0
"15900",1209,7,5,52.3087221521885,1,1,14,15900,2,33,0
"15901",1210,6,6,68.4303547632607,1,1,15,15901,2,33,0
"15902",1211,5,6,91.7796022797795,1,1,16,15902,2,33,0
"15903",1212,4,6,104.178344733662,1,1,17,15903,2,33,0
"15904",1213,4,7,120.105563370428,1,1,18,15904,2,33,0
"15905",1214,4,7,120.105563370428,1,1,19,15905,2,33,0
"15906",1215,5,7,104.343548695146,1,1,20,15906,2,33,0
"15907",1216,4,7,120.105563370428,1,1,21,15907,2,33,0
"15908",1217,4,7,120.105563370428,1,1,22,15908,2,33,0
"15909",1218,4,7,120.105563370428,1,1,23,15909,2,33,0
"15910",1219,4,7,120.105563370428,1,1,24,15910,2,33,0
"15911",1220,4,7,120.105563370428,1,1,25,15911,2,33,0
"15912",1221,4,7,120.105563370428,1,1,26,15912,2,33,0
"15913",1222,3,1,57,1,1,1,15913,3,33,0
"15914",1223,3,1,57.9830972175724,1,1,2,15914,3,33,0
"15915",1224,4,0,49.1791189373616,1,1,3,15915,3,33,0
"15916",1225,4,1,56.5370323182295,1,1,4,15916,3,33,0
"15917",1226,3,2,62.312800325404,1,1,5,15917,3,33,0
"15918",1227,4,2,59.5781048356791,1,1,6,15918,3,33,0
"15919",1228,3,3,57.792058185847,1,1,7,15919,3,33,0
"15920",1229,2,1,54.1681242630355,1,1,8,15920,3,33,0
"15921",1230,2,2,57.6812315518143,1,1,9,15921,3,33,0
"15922",1231,4,3,55.125434195726,1,1,10,15922,3,33,0
"15923",1232,4,2,59.5781048356791,1,1,11,15923,3,33,0
"15924",1233,1,1,47.2612709852343,1,1,12,15924,3,33,0
"15925",1234,3,0,49.3260385475258,1,1,13,15925,3,33,0
"15926",1235,2,3,54.1515469791542,1,1,14,15926,3,33,0
"15927",1236,1,2,49.0675282169054,1,1,15,15927,3,33,0
"15928",1237,5,1,58.6162902884744,1,1,16,15928,3,33,0
"15929",1238,5,2,58.1599168838521,1,1,17,15929,3,33,0
"15930",1239,6,1,76.8881046265576,1,1,18,15930,3,33,0
"15931",1240,7,1,107.697866111028,1,1,19,15931,3,33,0
"15932",1241,8,1,123.98271460116,1,1,20,15932,3,33,0
"15933",1242,8,2,107.278692044471,1,1,21,15933,3,33,0
"15934",1243,8,1,123.98271460116,1,1,22,15934,3,33,0
"15935",1244,8,1,123.98271460116,1,1,23,15935,3,33,0
"15936",1245,8,1,123.98271460116,1,1,24,15936,3,33,0
"15937",1246,8,1,123.98271460116,1,1,25,15937,3,33,0
"15938",1247,8,1,123.98271460116,1,1,26,15938,3,33,0
"15939",1248,3,3,55,1,1,1,15939,4,33,0
"15940",1249,3,3,55.5135090999876,1,1,2,15940,4,33,0
"15941",1250,1,8,40.3659586265737,1,1,3,15941,4,33,1
"15942",1251,NA,NA,NA,1,1,4,15942,4,33,0
"15943",1252,NA,NA,NA,1,1,5,15943,4,33,0
"15944",1253,NA,NA,NA,1,1,6,15944,4,33,0
"15945",1254,NA,NA,NA,1,1,7,15945,4,33,0
"15946",1255,NA,NA,NA,1,1,8,15946,4,33,0
"15947",1256,NA,NA,NA,1,1,9,15947,4,33,0
"15948",1257,NA,NA,NA,1,1,10,15948,4,33,0
"15949",1258,NA,NA,NA,1,1,11,15949,4,33,0
"15950",1259,NA,NA,NA,1,1,12,15950,4,33,0
"15951",1260,NA,NA,NA,1,1,13,15951,4,33,0
"15952",1261,NA,NA,NA,1,1,14,15952,4,33,1
"15953",1262,NA,NA,NA,1,1,15,15953,4,33,0
"15954",1263,NA,NA,NA,1,1,16,15954,4,33,0
"15955",1264,NA,NA,NA,1,1,17,15955,4,33,0
"15956",1265,NA,NA,NA,1,1,18,15956,4,33,0
"15957",1266,NA,NA,NA,1,1,19,15957,4,33,0
"15958",1267,NA,NA,NA,1,1,20,15958,4,33,0
"15959",1268,NA,NA,NA,1,1,21,15959,4,33,0
"15960",1269,NA,NA,NA,1,1,22,15960,4,33,0
"15961",1270,NA,NA,NA,1,1,23,15961,4,33,0
"15962",1271,NA,NA,NA,1,1,24,15962,4,33,0
"15963",1272,NA,NA,NA,1,1,25,15963,4,33,0
"15964",1273,NA,NA,NA,1,1,26,15964,4,33,0
"15965",1274,0,10,51,1,1,1,15965,5,33,0
"15966",1275,2,8,52.5227873928033,1,1,2,15966,5,33,0
"15967",1276,1,9,58.08536171196,1,1,3,15967,5,33,0
"15968",1277,6,6,121.250207238753,1,1,4,15968,5,33,0
"15969",1278,7,6,105.053340162459,1,1,5,15969,5,33,0
"15970",1279,6,7,105.081197022791,1,1,6,15970,5,33,0
"15971",1280,6,6,121.250207238753,1,1,7,15971,5,33,0
"15972",1281,6,6,121.250207238753,1,1,8,15972,5,33,0
"15973",1282,6,6,121.250207238753,1,1,9,15973,5,33,0
"15974",1283,6,6,121.250207238753,1,1,10,15974,5,33,0
"15975",1284,6,6,121.250207238753,1,1,11,15975,5,33,0
"15976",1285,6,6,121.250207238753,1,1,12,15976,5,33,0
"15977",1286,6,6,121.250207238753,1,1,13,15977,5,33,0
"15978",1287,6,6,121.250207238753,1,1,14,15978,5,33,0
"15979",1288,6,6,121.250207238753,1,1,15,15979,5,33,0
"15980",1289,6,6,121.250207238753,1,1,16,15980,5,33,0
"15981",1290,6,6,121.250207238753,1,1,17,15981,5,33,0
"15982",1291,6,6,121.250207238753,1,1,18,15982,5,33,0
"15983",1292,6,6,121.250207238753,1,1,19,15983,5,33,0
"15984",1293,6,6,121.250207238753,1,1,20,15984,5,33,0
"15985",1294,6,6,121.250207238753,1,1,21,15985,5,33,0
"15986",1295,6,6,121.250207238753,1,1,22,15986,5,33,0
"15987",1296,6,6,121.250207238753,1,1,23,15987,5,33,0
"15988",1297,6,6,121.250207238753,1,1,24,15988,5,33,0
"15989",1298,6,6,121.250207238753,1,1,25,15989,5,33,0
"15990",1299,6,6,121.250207238753,1,1,26,15990,5,33,0
"15991",1300,4,7,52,1,1,1,15991,1,34,0
"15992",1301,4,7,52.8412895883584,1,1,2,15992,1,34,0
"15993",1302,4,7,52.8412895883584,1,1,3,15993,1,34,0
"15994",1303,4,7,52.8412895883584,1,1,4,15994,1,34,0
"15995",1304,4,7,52.8412895883584,1,1,5,15995,1,34,0
"15996",1305,4,7,52.8412895883584,1,1,6,15996,1,34,0
"15997",1306,4,7,52.8412895883584,1,1,7,15997,1,34,0
"15998",1307,4,7,52.8412895883584,1,1,8,15998,1,34,0
"15999",1308,4,7,52.8412895883584,1,1,9,15999,1,34,0
"16000",1309,4,7,52.8412895883584,1,1,10,16000,1,34,0
"16001",1310,4,7,52.8412895883584,1,1,11,16001,1,34,0
"16002",1311,4,7,52.8412895883584,1,1,12,16002,1,34,0
"16003",1312,4,7,52.8412895883584,1,1,13,16003,1,34,0
"16004",1313,4,7,52.8412895883584,1,1,14,16004,1,34,0
"16005",1314,4,7,52.8412895883584,1,1,15,16005,1,34,0
"16006",1315,4,7,52.8412895883584,1,1,16,16006,1,34,0
"16007",1316,4,7,52.8412895883584,1,1,17,16007,1,34,0
"16008",1317,4,7,52.8412895883584,1,1,18,16008,1,34,0
"16009",1318,4,7,52.8412895883584,1,1,19,16009,1,34,0
"16010",1319,4,7,52.8412895883584,1,1,20,16010,1,34,0
"16011",1320,4,7,52.8412895883584,1,1,21,16011,1,34,0
"16012",1321,4,7,52.8412895883584,1,1,22,16012,1,34,0
"16013",1322,4,7,52.8412895883584,1,1,23,16013,1,34,0
"16014",1323,4,7,52.8412895883584,1,1,24,16014,1,34,0
"16015",1324,4,7,52.8412895883584,1,1,25,16015,1,34,0
"16016",1325,4,7,52.8412895883584,1,1,26,16016,1,34,0
"16017",1326,7,6,51,1,1,1,16017,2,34,0
"16018",1327,6,6,54.7312377591548,1,1,2,16018,2,34,0
"16019",1328,6,6,54.7312377591548,1,1,3,16019,2,34,0
"16020",1329,6,6,54.7312377591548,1,1,4,16020,2,34,0
"16021",1330,6,6,54.7312377591548,1,1,5,16021,2,34,0
"16022",1331,6,6,54.7312377591548,1,1,6,16022,2,34,0
"16023",1332,6,6,54.7312377591548,1,1,7,16023,2,34,0
"16024",1333,6,6,54.7312377591548,1,1,8,16024,2,34,0
"16025",1334,6,6,54.7312377591548,1,1,9,16025,2,34,0
"16026",1335,6,6,54.7312377591548,1,1,10,16026,2,34,0
"16027",1336,6,6,54.7312377591548,1,1,11,16027,2,34,0
"16028",1337,6,6,54.7312377591548,1,1,12,16028,2,34,0
"16029",1338,6,6,54.7312377591548,1,1,13,16029,2,34,0
"16030",1339,6,6,54.7312377591548,1,1,14,16030,2,34,0
"16031",1340,6,6,54.7312377591548,1,1,15,16031,2,34,0
"16032",1341,6,6,54.7312377591548,1,1,16,16032,2,34,0
"16033",1342,6,6,54.7312377591548,1,1,17,16033,2,34,0
"16034",1343,6,6,54.7312377591548,1,1,18,16034,2,34,0
"16035",1344,6,6,54.7312377591548,1,1,19,16035,2,34,0
"16036",1345,6,6,54.7312377591548,1,1,20,16036,2,34,0
"16037",1346,6,6,54.7312377591548,1,1,21,16037,2,34,0
"16038",1347,6,6,54.7312377591548,1,1,22,16038,2,34,0
"16039",1348,6,6,54.7312377591548,1,1,23,16039,2,34,0
"16040",1349,6,6,54.7312377591548,1,1,24,16040,2,34,0
"16041",1350,6,6,54.7312377591548,1,1,25,16041,2,34,0
"16042",1351,6,6,54.7312377591548,1,1,26,16042,2,34,0
"16043",1352,4,8,52,1,1,1,16043,3,34,0
"16044",1353,4,8,52.0849490410743,1,1,2,16044,3,34,0
"16045",1354,4,8,52.0849490410743,1,1,3,16045,3,34,0
"16046",1355,4,8,52.0849490410743,1,1,4,16046,3,34,0
"16047",1356,4,8,52.0849490410743,1,1,5,16047,3,34,0
"16048",1357,4,8,52.0849490410743,1,1,6,16048,3,34,0
"16049",1358,4,8,52.0849490410743,1,1,7,16049,3,34,0
"16050",1359,4,8,52.0849490410743,1,1,8,16050,3,34,0
"16051",1360,4,8,52.0849490410743,1,1,9,16051,3,34,0
"16052",1361,4,8,52.0849490410743,1,1,10,16052,3,34,0
"16053",1362,4,8,52.0849490410743,1,1,11,16053,3,34,0
"16054",1363,4,8,52.0849490410743,1,1,12,16054,3,34,0
"16055",1364,4,8,52.0849490410743,1,1,13,16055,3,34,0
"16056",1365,4,8,52.0849490410743,1,1,14,16056,3,34,0
"16057",1366,4,8,52.0849490410743,1,1,15,16057,3,34,0
"16058",1367,4,8,52.0849490410743,1,1,16,16058,3,34,0
"16059",1368,4,8,52.0849490410743,1,1,17,16059,3,34,0
"16060",1369,4,8,52.0849490410743,1,1,18,16060,3,34,0
"16061",1370,4,8,52.0849490410743,1,1,19,16061,3,34,0
"16062",1371,4,8,52.0849490410743,1,1,20,16062,3,34,0
"16063",1372,4,8,52.0849490410743,1,1,21,16063,3,34,0
"16064",1373,4,8,52.0849490410743,1,1,22,16064,3,34,0
"16065",1374,4,8,52.0849490410743,1,1,23,16065,3,34,0
"16066",1375,4,8,52.0849490410743,1,1,24,16066,3,34,0
"16067",1376,4,8,52.0849490410743,1,1,25,16067,3,34,0
"16068",1377,4,8,52.0849490410743,1,1,26,16068,3,34,0
"16069",1378,2,1,54,1,1,1,16069,4,34,0
"16070",1379,1,0,43.7285108361307,1,1,2,16070,4,34,1
"16071",1380,NA,NA,NA,1,1,3,16071,4,34,1
"16072",1381,NA,NA,NA,1,1,4,16072,4,34,1
"16073",1382,NA,NA,NA,1,1,5,16073,4,34,0
"16074",1383,NA,NA,NA,1,1,6,16074,4,34,0
"16075",1384,NA,NA,NA,1,1,7,16075,4,34,0
"16076",1385,NA,NA,NA,1,1,8,16076,4,34,0
"16077",1386,NA,NA,NA,1,1,9,16077,4,34,0
"16078",1387,NA,NA,NA,1,1,10,16078,4,34,0
"16079",1388,NA,NA,NA,1,1,11,16079,4,34,0
"16080",1389,NA,NA,NA,1,1,12,16080,4,34,0
"16081",1390,NA,NA,NA,1,1,13,16081,4,34,1
"16082",1391,NA,NA,NA,1,1,14,16082,4,34,0
"16083",1392,NA,NA,NA,1,1,15,16083,4,34,0
"16084",1393,NA,NA,NA,1,1,16,16084,4,34,0
"16085",1394,NA,NA,NA,1,1,17,16085,4,34,0
"16086",1395,NA,NA,NA,1,1,18,16086,4,34,0
"16087",1396,NA,NA,NA,1,1,19,16087,4,34,0
"16088",1397,NA,NA,NA,1,1,20,16088,4,34,0
"16089",1398,NA,NA,NA,1,1,21,16089,4,34,0
"16090",1399,NA,NA,NA,1,1,22,16090,4,34,0
"16091",1400,NA,NA,NA,1,1,23,16091,4,34,0
"16092",1401,NA,NA,NA,1,1,24,16092,4,34,0
"16093",1402,NA,NA,NA,1,1,25,16093,4,34,0
"16094",1403,NA,NA,NA,1,1,26,16094,4,34,0
"16095",1404,3,4,52,1,1,1,16095,5,34,0
"16096",1405,2,4,55.5366955298451,1,1,2,16096,5,34,0
"16097",1406,2,4,55.5366955298451,1,1,3,16097,5,34,0
"16098",1407,2,4,55.5366955298451,1,1,4,16098,5,34,0
"16099",1408,2,4,55.5366955298451,1,1,5,16099,5,34,0
"16100",1409,2,4,55.5366955298451,1,1,6,16100,5,34,0
"16101",1410,2,4,55.5366955298451,1,1,7,16101,5,34,0
"16102",1411,2,4,55.5366955298451,1,1,8,16102,5,34,0
"16103",1412,2,4,55.5366955298451,1,1,9,16103,5,34,0
"16104",1413,2,4,55.5366955298451,1,1,10,16104,5,34,0
"16105",1414,2,4,55.5366955298451,1,1,11,16105,5,34,0
"16106",1415,2,4,55.5366955298451,1,1,12,16106,5,34,0
"16107",1416,2,4,55.5366955298451,1,1,13,16107,5,34,0
"16108",1417,2,4,55.5366955298451,1,1,14,16108,5,34,0
"16109",1418,2,4,55.5366955298451,1,1,15,16109,5,34,0
"16110",1419,2,4,55.5366955298451,1,1,16,16110,5,34,0
"16111",1420,2,4,55.5366955298451,1,1,17,16111,5,34,0
"16112",1421,2,4,55.5366955298451,1,1,18,16112,5,34,0
"16113",1422,2,4,55.5366955298451,1,1,19,16113,5,34,0
"16114",1423,2,4,55.5366955298451,1,1,20,16114,5,34,0
"16115",1424,2,4,55.5366955298451,1,1,21,16115,5,34,0
"16116",1425,1,1,46.3607666893593,1,1,22,16116,5,34,0
"16117",1426,2,4,55.5366955298451,1,1,23,16117,5,34,0
"16118",1427,2,4,55.5366955298451,1,1,24,16118,5,34,0
"16119",1428,2,4,55.5366955298451,1,1,25,16119,5,34,0
"16120",1429,2,4,55.5366955298451,1,1,26,16120,5,34,0
"16121",1430,6,5,50,1,1,1,16121,1,35,0
"16122",1431,6,5,50.8170601805217,1,1,2,16122,1,35,0
"16123",1432,6,6,53.7327038541262,1,1,3,16123,1,35,0
"16124",1433,6,6,53.7327038541262,1,1,4,16124,1,35,0
"16125",1434,6,5,50.8170601805217,1,1,5,16125,1,35,0
"16126",1435,5,6,48.3345862314681,1,1,6,16126,1,35,0
"16127",1436,6,7,51.6762265863936,1,1,7,16127,1,35,0
"16128",1437,6,6,53.7327038541262,1,1,8,16128,1,35,0
"16129",1438,7,7,53.5537107695798,1,1,9,16129,1,35,0
"16130",1439,7,6,56.8116179642695,1,1,10,16130,1,35,0
"16131",1440,8,7,50.7637477315743,1,1,11,16131,1,35,0
"16132",1441,7,6,56.8116179642695,1,1,12,16132,1,35,0
"16133",1442,7,7,53.5537107695798,1,1,13,16133,1,35,0
"16134",1443,7,6,56.8116179642695,1,1,14,16134,1,35,0
"16135",1444,7,6,56.8116179642695,1,1,15,16135,1,35,0
"16136",1445,7,6,56.8116179642695,1,1,16,16136,1,35,0
"16137",1446,7,6,56.8116179642695,1,1,17,16137,1,35,0
"16138",1447,7,6,56.8116179642695,1,1,18,16138,1,35,0
"16139",1448,7,6,56.8116179642695,1,1,19,16139,1,35,0
"16140",1449,7,6,56.8116179642695,1,1,20,16140,1,35,0
"16141",1450,6,7,51.6762265863936,1,1,21,16141,1,35,0
"16142",1451,7,6,56.8116179642695,1,1,22,16142,1,35,0
"16143",1452,7,6,56.8116179642695,1,1,23,16143,1,35,0
"16144",1453,7,6,56.8116179642695,1,1,24,16144,1,35,0
"16145",1454,7,6,56.8116179642695,1,1,25,16145,1,35,0
"16146",1455,7,6,56.8116179642695,1,1,26,16146,1,35,0
"16147",1456,7,4,55,1,1,1,16147,2,35,0
"16148",1457,7,4,55.8658497222592,1,1,2,16148,2,35,0
"16149",1458,6,4,60.0498805575611,1,1,3,16149,2,35,0
"16150",1459,6,4,60.0498805575611,1,1,4,16150,2,35,0
"16151",1460,6,4,60.0498805575611,1,1,5,16151,2,35,0
"16152",1461,6,4,60.0498805575611,1,1,6,16152,2,35,0
"16153",1462,6,4,60.0498805575611,1,1,7,16153,2,35,0
"16154",1463,6,3,64.6826693539916,1,1,8,16154,2,35,0
"16155",1464,6,3,64.6826693539916,1,1,9,16155,2,35,0
"16156",1465,7,3,59.738779899663,1,1,10,16156,2,35,0
"16157",1466,6,3,64.6826693539916,1,1,11,16157,2,35,0
"16158",1467,6,3,64.6826693539916,1,1,12,16158,2,35,0
"16159",1468,6,3,64.6826693539916,1,1,13,16159,2,35,0
"16160",1469,6,3,64.6826693539916,1,1,14,16160,2,35,0
"16161",1470,6,3,64.6826693539916,1,1,15,16161,2,35,0
"16162",1471,6,3,64.6826693539916,1,1,16,16162,2,35,0
"16163",1472,6,3,64.6826693539916,1,1,17,16163,2,35,0
"16164",1473,6,3,64.6826693539916,1,1,18,16164,2,35,0
"16165",1474,6,3,64.6826693539916,1,1,19,16165,2,35,0
"16166",1475,6,3,64.6826693539916,1,1,20,16166,2,35,0
"16167",1476,6,3,64.6826693539916,1,1,21,16167,2,35,0
"16168",1477,6,3,64.6826693539916,1,1,22,16168,2,35,0
"16169",1478,6,4,60.0498805575611,1,1,23,16169,2,35,0
"16170",1479,6,3,64.6826693539916,1,1,24,16170,2,35,0
"16171",1480,6,3,64.6826693539916,1,1,25,16171,2,35,0
"16172",1481,6,3,64.6826693539916,1,1,26,16172,2,35,0
"16173",1482,9,9,54,1,1,1,16173,3,35,0
"16174",1483,9,9,54.7492631769039,1,1,2,16174,3,35,0
"16175",1484,9,9,54.7492631769039,1,1,3,16175,3,35,0
"16176",1485,9,9,54.7492631769039,1,1,4,16176,3,35,0
"16177",1486,9,9,54.7492631769039,1,1,5,16177,3,35,0
"16178",1487,9,9,54.7492631769039,1,1,6,16178,3,35,0
"16179",1488,9,9,54.7492631769039,1,1,7,16179,3,35,0
"16180",1489,9,9,54.7492631769039,1,1,8,16180,3,35,0
"16181",1490,9,9,54.7492631769039,1,1,9,16181,3,35,0
"16182",1491,9,8,58.4196006370846,1,1,10,16182,3,35,0
"16183",1492,9,8,58.4196006370846,1,1,11,16183,3,35,0
"16184",1493,9,8,58.4196006370846,1,1,12,16184,3,35,0
"16185",1494,9,8,58.4196006370846,1,1,13,16185,3,35,0
"16186",1495,9,8,58.4196006370846,1,1,14,16186,3,35,0
"16187",1496,9,8,58.4196006370846,1,1,15,16187,3,35,0
"16188",1497,9,8,58.4196006370846,1,1,16,16188,3,35,0
"16189",1498,7,9,54.5391460671469,1,1,17,16189,3,35,0
"16190",1499,9,8,58.4196006370846,1,1,18,16190,3,35,0
"16191",1500,9,8,58.4196006370846,1,1,19,16191,3,35,0
"16192",1501,8,8,56.7649553952625,1,1,20,16192,3,35,0
"16193",1502,8,9,53.4243268432186,1,1,21,16193,3,35,0
"16194",1503,8,8,56.7649553952625,1,1,22,16194,3,35,0
"16195",1504,8,8,56.7649553952625,1,1,23,16195,3,35,0
"16196",1505,8,8,56.7649553952625,1,1,24,16196,3,35,0
"16197",1506,8,8,56.7649553952625,1,1,25,16197,3,35,0
"16198",1507,7,8,58.1571961222066,1,1,26,16198,3,35,0
"16199",1508,4,9,55,1,1,1,16199,4,35,0
"16200",1509,4,9,55.582366983622,1,1,2,16200,4,35,0
"16201",1510,4,9,55.582366983622,1,1,3,16201,4,35,0
"16202",1511,4,9,55.582366983622,1,1,4,16202,4,35,0
"16203",1512,4,9,55.582366983622,1,1,5,16203,4,35,0
"16204",1513,3,9,48.0011430744104,1,1,6,16204,4,35,0
"16205",1514,4,10,47.9996763905501,1,1,7,16205,4,35,0
"16206",1515,4,9,55.582366983622,1,1,8,16206,4,35,0
"16207",1516,5,9,59.459132273895,1,1,9,16207,4,35,0
"16208",1517,5,9,59.459132273895,1,1,10,16208,4,35,0
"16209",1518,4,9,55.582366983622,1,1,11,16209,4,35,0
"16210",1519,5,9,59.459132273895,1,1,12,16210,4,35,0
"16211",1520,5,9,59.459132273895,1,1,13,16211,4,35,0
"16212",1521,5,9,59.459132273895,1,1,14,16212,4,35,0
"16213",1522,5,9,59.459132273895,1,1,15,16213,4,35,0
"16214",1523,5,9,59.459132273895,1,1,16,16214,4,35,0
"16215",1524,5,9,59.459132273895,1,1,17,16215,4,35,0
"16216",1525,5,9,59.459132273895,1,1,18,16216,4,35,0
"16217",1526,5,9,59.459132273895,1,1,19,16217,4,35,0
"16218",1527,5,9,59.459132273895,1,1,20,16218,4,35,0
"16219",1528,5,9,59.459132273895,1,1,21,16219,4,35,0
"16220",1529,5,9,59.459132273895,1,1,22,16220,4,35,0
"16221",1530,5,9,59.459132273895,1,1,23,16221,4,35,0
"16222",1531,5,9,59.459132273895,1,1,24,16222,4,35,0
"16223",1532,5,9,59.459132273895,1,1,25,16223,4,35,0
"16224",1533,4,9,55.582366983622,1,1,26,16224,4,35,0
"16225",1534,8,5,56,1,1,1,16225,5,35,0
"16226",1535,8,5,56.2368991726728,1,1,2,16226,5,35,0
"16227",1536,8,5,56.2368991726728,1,1,3,16227,5,35,0
"16228",1537,7,5,52.3087221521885,1,1,4,16228,5,35,0
"16229",1538,8,5,56.2368991726728,1,1,5,16229,5,35,0
"16230",1539,8,5,56.2368991726728,1,1,6,16230,5,35,0
"16231",1540,8,5,56.2368991726728,1,1,7,16231,5,35,0
"16232",1541,8,5,56.2368991726728,1,1,8,16232,5,35,0
"16233",1542,8,5,56.2368991726728,1,1,9,16233,5,35,0
"16234",1543,8,6,54.0800976323579,1,1,10,16234,5,35,0
"16235",1544,7,4,47.7552182274239,1,1,11,16235,5,35,0
"16236",1545,8,5,56.2368991726728,1,1,12,16236,5,35,0
"16237",1546,6,5,56.11909196574,1,1,13,16237,5,35,0
"16238",1547,9,6,55.5444054910443,1,1,14,16238,5,35,0
"16239",1548,9,5,59.2303145831263,1,1,15,16239,5,35,0
"16240",1549,9,5,59.2303145831263,1,1,16,16240,5,35,0
"16241",1550,9,5,59.2303145831263,1,1,17,16241,5,35,0
"16242",1551,9,5,59.2303145831263,1,1,18,16242,5,35,0
"16243",1552,8,5,56.2368991726728,1,1,19,16243,5,35,0
"16244",1553,9,5,59.2303145831263,1,1,20,16244,5,35,0
"16245",1554,9,6,55.5444054910443,1,1,21,16245,5,35,0
"16246",1555,9,5,59.2303145831263,1,1,22,16246,5,35,0
"16247",1556,9,6,55.5444054910443,1,1,23,16247,5,35,0
"16248",1557,9,5,59.2303145831263,1,1,24,16248,5,35,0
"16249",1558,9,5,59.2303145831263,1,1,25,16249,5,35,0
"16250",1559,9,5,59.2303145831263,1,1,26,16250,5,35,0
"16251",1560,4,0,52,1,1,1,16251,1,36,0
"16252",1561,3,1,48.2508196752297,1,1,2,16252,1,36,0
"16253",1562,4,1,56.117055112528,1,1,3,16253,1,36,0
"16254",1563,10,7,41.8712242617218,1,1,4,16254,1,36,1
"16255",1564,NA,NA,NA,1,1,5,16255,1,36,1
"16256",1565,NA,NA,NA,1,1,6,16256,1,36,1
"16257",1566,NA,NA,NA,1,1,7,16257,1,36,0
"16258",1567,NA,NA,NA,1,1,8,16258,1,36,0
"16259",1568,NA,NA,NA,1,1,9,16259,1,36,0
"16260",1569,NA,NA,NA,1,1,10,16260,1,36,0
"16261",1570,NA,NA,NA,1,1,11,16261,1,36,0
"16262",1571,NA,NA,NA,1,1,12,16262,1,36,0
"16263",1572,NA,NA,NA,1,1,13,16263,1,36,0
"16264",1573,NA,NA,NA,1,1,14,16264,1,36,0
"16265",1574,NA,NA,NA,1,1,15,16265,1,36,0
"16266",1575,NA,NA,NA,1,1,16,16266,1,36,0
"16267",1576,NA,NA,NA,1,1,17,16267,1,36,0
"16268",1577,NA,NA,NA,1,1,18,16268,1,36,0
"16269",1578,NA,NA,NA,1,1,19,16269,1,36,0
"16270",1579,NA,NA,NA,1,1,20,16270,1,36,0
"16271",1580,NA,NA,NA,1,1,21,16271,1,36,0
"16272",1581,NA,NA,NA,1,1,22,16272,1,36,0
"16273",1582,NA,NA,NA,1,1,23,16273,1,36,0
"16274",1583,NA,NA,NA,1,1,24,16274,1,36,0
"16275",1584,NA,NA,NA,1,1,25,16275,1,36,0
"16276",1585,NA,NA,NA,1,1,26,16276,1,36,0
"16277",1586,5,10,52,1,1,1,16277,2,36,0
"16278",1587,6,8,56.77744966713,1,1,2,16278,2,36,0
"16279",1588,5,10,52.0906248776701,1,1,3,16279,2,36,0
"16280",1589,6,7,51.7923905125945,1,1,4,16280,2,36,0
"16281",1590,9,4,42.3353031861968,1,1,5,16281,2,36,1
"16282",1591,NA,NA,NA,1,1,6,16282,2,36,0
"16283",1592,NA,NA,NA,1,1,7,16283,2,36,1
"16284",1593,NA,NA,NA,1,1,8,16284,2,36,0
"16285",1594,NA,NA,NA,1,1,9,16285,2,36,0
"16286",1595,NA,NA,NA,1,1,10,16286,2,36,0
"16287",1596,NA,NA,NA,1,1,11,16287,2,36,0
"16288",1597,NA,NA,NA,1,1,12,16288,2,36,0
"16289",1598,NA,NA,NA,1,1,13,16289,2,36,0
"16290",1599,NA,NA,NA,1,1,14,16290,2,36,0
"16291",1600,NA,NA,NA,1,1,15,16291,2,36,0
"16292",1601,NA,NA,NA,1,1,16,16292,2,36,0
"16293",1602,NA,NA,NA,1,1,17,16293,2,36,0
"16294",1603,NA,NA,NA,1,1,18,16294,2,36,0
"16295",1604,NA,NA,NA,1,1,19,16295,2,36,1
"16296",1605,NA,NA,NA,1,1,20,16296,2,36,0
"16297",1606,NA,NA,NA,1,1,21,16297,2,36,0
"16298",1607,NA,NA,NA,1,1,22,16298,2,36,0
"16299",1608,NA,NA,NA,1,1,23,16299,2,36,0
"16300",1609,NA,NA,NA,1,1,24,16300,2,36,0
"16301",1610,NA,NA,NA,1,1,25,16301,2,36,0
"16302",1611,NA,NA,NA,1,1,26,16302,2,36,0
"16303",1612,5,9,59,1,1,1,16303,3,36,0
"16304",1613,4,10,47.9996763905501,1,1,2,16304,3,36,0
"16305",1614,5,9,59.459132273895,1,1,3,16305,3,36,0
"16306",1615,3,1,104.77370126046,1,1,4,16306,3,36,0
"16307",1616,3,1,104.77370126046,1,1,5,16307,3,36,0
"16308",1617,2,1,91.866637398429,1,1,6,16308,3,36,0
"16309",1618,3,1,104.77370126046,1,1,7,16309,3,36,0
"16310",1619,3,1,104.77370126046,1,1,8,16310,3,36,0
"16311",1620,3,1,104.77370126046,1,1,9,16311,3,36,0
"16312",1621,3,1,104.77370126046,1,1,10,16312,3,36,0
"16313",1622,8,5,40.4874060767303,1,1,11,16313,3,36,1
"16314",1623,NA,NA,NA,1,1,12,16314,3,36,0
"16315",1624,NA,NA,NA,1,1,13,16315,3,36,0
"16316",1625,NA,NA,NA,1,1,14,16316,3,36,0
"16317",1626,NA,NA,NA,1,1,15,16317,3,36,0
"16318",1627,NA,NA,NA,1,1,16,16318,3,36,0
"16319",1628,NA,NA,NA,1,1,17,16319,3,36,0
"16320",1629,NA,NA,NA,1,1,18,16320,3,36,0
"16321",1630,NA,NA,NA,1,1,19,16321,3,36,0
"16322",1631,NA,NA,NA,1,1,20,16322,3,36,0
"16323",1632,NA,NA,NA,1,1,21,16323,3,36,0
"16324",1633,NA,NA,NA,1,1,22,16324,3,36,0
"16325",1634,NA,NA,NA,1,1,23,16325,3,36,0
"16326",1635,NA,NA,NA,1,1,24,16326,3,36,0
"16327",1636,NA,NA,NA,1,1,25,16327,3,36,0
"16328",1637,NA,NA,NA,1,1,26,16328,3,36,0
"16329",1638,3,7,51,1,1,1,16329,4,36,0
"16330",1639,5,6,41.9037670069486,1,1,2,16330,4,36,1
"16331",1640,NA,NA,NA,1,1,3,16331,4,36,1
"16332",1641,NA,NA,NA,1,1,4,16332,4,36,0
"16333",1642,NA,NA,NA,1,1,5,16333,4,36,1
"16334",1643,NA,NA,NA,1,1,6,16334,4,36,0
"16335",1644,NA,NA,NA,1,1,7,16335,4,36,0
"16336",1645,NA,NA,NA,1,1,8,16336,4,36,0
"16337",1646,NA,NA,NA,1,1,9,16337,4,36,0
"16338",1647,NA,NA,NA,1,1,10,16338,4,36,0
"16339",1648,NA,NA,NA,1,1,11,16339,4,36,0
"16340",1649,NA,NA,NA,1,1,12,16340,4,36,0
"16341",1650,NA,NA,NA,1,1,13,16341,4,36,0
"16342",1651,NA,NA,NA,1,1,14,16342,4,36,0
"16343",1652,NA,NA,NA,1,1,15,16343,4,36,0
"16344",1653,NA,NA,NA,1,1,16,16344,4,36,0
"16345",1654,NA,NA,NA,1,1,17,16345,4,36,0
"16346",1655,NA,NA,NA,1,1,18,16346,4,36,0
"16347",1656,NA,NA,NA,1,1,19,16347,4,36,0
"16348",1657,NA,NA,NA,1,1,20,16348,4,36,0
"16349",1658,NA,NA,NA,1,1,21,16349,4,36,0
"16350",1659,NA,NA,NA,1,1,22,16350,4,36,0
"16351",1660,NA,NA,NA,1,1,23,16351,4,36,0
"16352",1661,NA,NA,NA,1,1,24,16352,4,36,0
"16353",1662,NA,NA,NA,1,1,25,16353,4,36,0
"16354",1663,NA,NA,NA,1,1,26,16354,4,36,0
"16355",1664,8,5,56,1,1,1,16355,5,36,0
"16356",1665,7,5,53.3908236978716,1,1,2,16356,5,36,0
"16357",1666,7,4,46.9601880004282,1,1,3,16357,5,36,0
"16358",1667,9,5,53.0960343129269,1,1,4,16358,5,36,0
"16359",1668,8,5,56.37888587015,1,1,5,16359,5,36,0
"16360",1669,7,7,53.2163836644303,1,1,6,16360,5,36,0
"16361",1670,8,6,60.4432347252706,1,1,7,16361,5,36,0
"16362",1671,8,7,56.3637489532147,1,1,8,16362,5,36,0
"16363",1672,9,6,56.3543267811017,1,1,9,16363,5,36,0
"16364",1673,9,7,53.0951921251685,1,1,10,16364,5,36,0
"16365",1674,8,9,42.7646396978258,1,1,11,16365,5,36,1
"16366",1675,NA,NA,NA,1,1,12,16366,5,36,0
"16367",1676,NA,NA,NA,1,1,13,16367,5,36,0
"16368",1677,NA,NA,NA,1,1,14,16368,5,36,0
"16369",1678,NA,NA,NA,1,1,15,16369,5,36,0
"16370",1679,NA,NA,NA,1,1,16,16370,5,36,0
"16371",1680,NA,NA,NA,1,1,17,16371,5,36,0
"16372",1681,NA,NA,NA,1,1,18,16372,5,36,0
"16373",1682,NA,NA,NA,1,1,19,16373,5,36,0
"16374",1683,NA,NA,NA,1,1,20,16374,5,36,0
"16375",1684,NA,NA,NA,1,1,21,16375,5,36,0
"16376",1685,NA,NA,NA,1,1,22,16376,5,36,0
"16377",1686,NA,NA,NA,1,1,23,16377,5,36,0
"16378",1687,NA,NA,NA,1,1,24,16378,5,36,0
"16379",1688,NA,NA,NA,1,1,25,16379,5,36,0
"16380",1689,NA,NA,NA,1,1,26,16380,5,36,0
"16381",1690,1,10,54,1,1,1,16381,1,38,0
"16382",1691,1,10,54.4565619644111,1,1,2,16382,1,38,0
"16383",1692,2,10,51.6350174839078,1,1,3,16383,1,38,0
"16384",1693,1,10,54.4565619644111,1,1,4,16384,1,38,0
"16385",1694,1,10,54.4565619644111,1,1,5,16385,1,38,0
"16386",1695,1,10,54.4565619644111,1,1,6,16386,1,38,0
"16387",1696,1,10,54.4565619644111,1,1,7,16387,1,38,0
"16388",1697,0,10,51.5695045085653,1,1,8,16388,1,38,0
"16389",1698,1,10,54.4565619644111,1,1,9,16389,1,38,0
"16390",1699,1,10,54.4565619644111,1,1,10,16390,1,38,0
"16391",1700,1,10,54.4565619644111,1,1,11,16391,1,38,0
"16392",1701,1,10,54.4565619644111,1,1,12,16392,1,38,0
"16393",1702,1,10,54.4565619644111,1,1,13,16393,1,38,0
"16394",1703,2,9,54.7616607069308,1,1,14,16394,1,38,0
"16395",1704,1,10,54.4565619644111,1,1,15,16395,1,38,0
"16396",1705,1,9,58.08536171196,1,1,16,16396,1,38,0
"16397",1706,1,9,58.08536171196,1,1,17,16397,1,38,0
"16398",1707,0,9,54.4512787136123,1,1,18,16398,1,38,0
"16399",1708,1,9,58.08536171196,1,1,19,16399,1,38,0
"16400",1709,2,9,54.7616607069308,1,1,20,16400,1,38,0
"16401",1710,0,9,54.4512787136123,1,1,21,16401,1,38,0
"16402",1711,1,8,54.5767085564804,1,1,22,16402,1,38,0
"16403",1712,1,10,54.4565619644111,1,1,23,16403,1,38,0
"16404",1713,1,9,58.08536171196,1,1,24,16404,1,38,0
"16405",1714,1,10,54.4565619644111,1,1,25,16405,1,38,0
"16406",1715,0,8,51.5799301485307,1,1,26,16406,1,38,0
"16407",1716,1,1,53,1,1,1,16407,2,38,0
"16408",1717,1,1,53.7119132912893,1,1,2,16408,2,38,0
"16409",1718,1,1,53.7119132912893,1,1,3,16409,2,38,0
"16410",1719,1,1,53.7119132912893,1,1,4,16410,2,38,0
"16411",1720,0,0,45.6273378792932,1,1,5,16411,2,38,1
"16412",1721,NA,NA,NA,1,1,6,16412,2,38,0
"16413",1722,NA,NA,NA,1,1,7,16413,2,38,0
"16414",1723,NA,NA,NA,1,1,8,16414,2,38,0
"16415",1724,NA,NA,NA,1,1,9,16415,2,38,0
"16416",1725,NA,NA,NA,1,1,10,16416,2,38,0
"16417",1726,NA,NA,NA,1,1,11,16417,2,38,0
"16418",1727,NA,NA,NA,1,1,12,16418,2,38,0
"16419",1728,NA,NA,NA,1,1,13,16419,2,38,0
"16420",1729,NA,NA,NA,1,1,14,16420,2,38,0
"16421",1730,NA,NA,NA,1,1,15,16421,2,38,0
"16422",1731,NA,NA,NA,1,1,16,16422,2,38,0
"16423",1732,NA,NA,NA,1,1,17,16423,2,38,0
"16424",1733,NA,NA,NA,1,1,18,16424,2,38,0
"16425",1734,NA,NA,NA,1,1,19,16425,2,38,0
"16426",1735,NA,NA,NA,1,1,20,16426,2,38,0
"16427",1736,NA,NA,NA,1,1,21,16427,2,38,0
"16428",1737,NA,NA,NA,1,1,22,16428,2,38,0
"16429",1738,NA,NA,NA,1,1,23,16429,2,38,0
"16430",1739,NA,NA,NA,1,1,24,16430,2,38,0
"16431",1740,NA,NA,NA,1,1,25,16431,2,38,0
"16432",1741,NA,NA,NA,1,1,26,16432,2,38,0
"16433",1742,6,10,52,1,1,1,16433,3,38,0
"16434",1743,6,10,52.0308198783537,1,1,2,16434,3,38,0
"16435",1744,6,10,52.0308198783537,1,1,3,16435,3,38,0
"16436",1745,6,9,55.1377992203185,1,1,4,16436,3,38,0
"16437",1746,7,10,46.1926196508151,1,1,5,16437,3,38,0
"16438",1747,5,9,58.7881445554827,1,1,6,16438,3,38,0
"16439",1748,5,9,58.7881445554827,1,1,7,16439,3,38,0
"16440",1749,5,9,58.7881445554827,1,1,8,16440,3,38,0
"16441",1750,5,9,58.7881445554827,1,1,9,16441,3,38,0
"16442",1751,6,9,55.1377992203185,1,1,10,16442,3,38,0
"16443",1752,5,10,55.0145510666704,1,1,11,16443,3,38,0
"16444",1753,5,9,58.7881445554827,1,1,12,16444,3,38,0
"16445",1754,5,10,55.0145510666704,1,1,13,16445,3,38,0
"16446",1755,5,10,55.0145510666704,1,1,14,16446,3,38,0
"16447",1756,5,9,58.7881445554827,1,1,15,16447,3,38,0
"16448",1757,5,9,58.7881445554827,1,1,16,16448,3,38,0
"16449",1758,5,9,58.7881445554827,1,1,17,16449,3,38,0
"16450",1759,5,9,58.7881445554827,1,1,18,16450,3,38,0
"16451",1760,5,9,58.7881445554827,1,1,19,16451,3,38,0
"16452",1761,5,9,58.7881445554827,1,1,20,16452,3,38,0
"16453",1762,5,9,58.7881445554827,1,1,21,16453,3,38,0
"16454",1763,5,9,58.7881445554827,1,1,22,16454,3,38,0
"16455",1764,5,9,58.7881445554827,1,1,23,16455,3,38,0
"16456",1765,5,9,58.7881445554827,1,1,24,16456,3,38,0
"16457",1766,5,9,58.7881445554827,1,1,25,16457,3,38,0
"16458",1767,5,9,58.7881445554827,1,1,26,16458,3,38,0
"16459",1768,9,1,53,1,1,1,16459,4,38,0
"16460",1769,9,1,53.3369907867474,1,1,2,16460,4,38,0
"16461",1770,8,1,50.9603463553358,1,1,3,16461,4,38,0
"16462",1771,9,0,46.8549662586397,1,1,4,16462,4,38,0
"16463",1772,9,2,56.6441467729446,1,1,5,16463,4,38,0
"16464",1773,9,1,53.3369907867474,1,1,6,16464,4,38,0
"16465",1774,9,2,56.6441467729446,1,1,7,16465,4,38,0
"16466",1775,9,2,56.6441467729446,1,1,8,16466,4,38,0
"16467",1776,9,1,53.3369907867474,1,1,9,16467,4,38,0
"16468",1777,9,2,56.6441467729446,1,1,10,16468,4,38,0
"16469",1778,10,2,53.3119610904503,1,1,11,16469,4,38,0
"16470",1779,9,2,56.6441467729446,1,1,12,16470,4,38,0
"16471",1780,10,2,53.3119610904503,1,1,13,16471,4,38,0
"16472",1781,10,2,53.3119610904503,1,1,14,16472,4,38,0
"16473",1782,9,2,56.6441467729446,1,1,15,16473,4,38,0
"16474",1783,9,2,56.6441467729446,1,1,16,16474,4,38,0
"16475",1784,10,2,53.3119610904503,1,1,17,16475,4,38,0
"16476",1785,9,1,53.3369907867474,1,1,18,16476,4,38,0
"16477",1786,9,2,56.6441467729446,1,1,19,16477,4,38,0
"16478",1787,9,2,56.6441467729446,1,1,20,16478,4,38,0
"16479",1788,9,2,56.6441467729446,1,1,21,16479,4,38,0
"16480",1789,9,2,56.6441467729446,1,1,22,16480,4,38,0
"16481",1790,9,2,56.6441467729446,1,1,23,16481,4,38,0
"16482",1791,9,2,56.6441467729446,1,1,24,16482,4,38,0
"16483",1792,9,2,56.6441467729446,1,1,25,16483,4,38,0
"16484",1793,8,2,53.5525332032407,1,1,26,16484,4,38,0
"16485",1794,7,2,52,1,1,1,16485,5,38,0
"16486",1795,7,2,52.2854645697773,1,1,2,16486,5,38,0
"16487",1796,7,1,54.2831964921943,1,1,3,16487,5,38,0
"16488",1797,7,1,54.2831964921943,1,1,4,16488,5,38,0
"16489",1798,7,1,54.2831964921943,1,1,5,16489,5,38,0
"16490",1799,6,10,41.8532408880698,1,1,6,16490,5,38,1
"16491",1800,NA,NA,NA,1,1,7,16491,5,38,0
"16492",1801,NA,NA,NA,1,1,8,16492,5,38,0
"16493",1802,NA,NA,NA,1,1,9,16493,5,38,0
"16494",1803,NA,NA,NA,1,1,10,16494,5,38,0
"16495",1804,NA,NA,NA,1,1,11,16495,5,38,0
"16496",1805,NA,NA,NA,1,1,12,16496,5,38,0
"16497",1806,NA,NA,NA,1,1,13,16497,5,38,0
"16498",1807,NA,NA,NA,1,1,14,16498,5,38,0
"16499",1808,NA,NA,NA,1,1,15,16499,5,38,0
"16500",1809,NA,NA,NA,1,1,16,16500,5,38,0
"16501",1810,NA,NA,NA,1,1,17,16501,5,38,0
"16502",1811,NA,NA,NA,1,1,18,16502,5,38,0
"16503",1812,NA,NA,NA,1,1,19,16503,5,38,0
"16504",1813,NA,NA,NA,1,1,20,16504,5,38,0
"16505",1814,NA,NA,NA,1,1,21,16505,5,38,0
"16506",1815,NA,NA,NA,1,1,22,16506,5,38,0
"16507",1816,NA,NA,NA,1,1,23,16507,5,38,0
"16508",1817,NA,NA,NA,1,1,24,16508,5,38,0
"16509",1818,NA,NA,NA,1,1,25,16509,5,38,0
"16510",1819,NA,NA,NA,1,1,26,16510,5,38,0
"16511",1820,4,9,55,1,1,1,16511,1,40,0
"16512",1821,5,10,49.9903550946148,1,1,2,16512,1,40,0
"16513",1822,3,7,48.3123565523634,1,1,3,16513,1,40,0
"16514",1823,4,8,59.4802406649498,1,1,4,16514,1,40,0
"16515",1824,5,9,59.459132273895,1,1,5,16515,1,40,0
"16516",1825,4,8,59.4802406649498,1,1,6,16516,1,40,0
"16517",1826,5,9,59.459132273895,1,1,7,16517,1,40,0
"16518",1827,4,9,55.582366983622,1,1,8,16518,1,40,0
"16519",1828,6,8,59.4621840775896,1,1,9,16519,1,40,0
"16520",1829,4,8,59.4802406649498,1,1,10,16520,1,40,0
"16521",1830,5,8,64.3118962570511,1,1,11,16521,1,40,0
"16522",1831,5,8,64.3118962570511,1,1,12,16522,1,40,0
"16523",1832,2,0,66.6291902218336,1,1,13,16523,1,40,0
"16524",1833,2,0,66.6291902218336,1,1,14,16524,1,40,0
"16525",1834,5,8,64.3118962570511,1,1,15,16525,1,40,0
"16526",1835,5,8,64.3118962570511,1,1,16,16526,1,40,0
"16527",1836,2,0,66.6291902218336,1,1,17,16527,1,40,0
"16528",1837,2,0,66.6291902218336,1,1,18,16528,1,40,0
"16529",1838,2,0,66.6291902218336,1,1,19,16529,1,40,0
"16530",1839,3,0,73.2558380082043,1,1,20,16530,1,40,0
"16531",1840,3,0,73.2558380082043,1,1,21,16531,1,40,0
"16532",1841,6,8,59.4621840775896,1,1,22,16532,1,40,0
"16533",1842,5,8,64.3118962570511,1,1,23,16533,1,40,0
"16534",1843,3,0,73.2558380082043,1,1,24,16534,1,40,0
"16535",1844,3,0,73.2558380082043,1,1,25,16535,1,40,0
"16536",1845,3,0,73.2558380082043,1,1,26,16536,1,40,0
"16537",1846,6,0,49,1,1,1,16537,2,40,0
"16538",1847,6,5,92.2731093626088,1,1,2,16538,2,40,0
"16539",1848,6,5,92.2731093626088,1,1,3,16539,2,40,0
"16540",1849,5,5,105.043109543987,1,1,4,16540,2,40,0
"16541",1850,5,5,105.043109543987,1,1,5,16541,2,40,0
"16542",1851,5,5,105.043109543987,1,1,6,16542,2,40,0
"16543",1852,5,5,105.043109543987,1,1,7,16543,2,40,0
"16544",1853,5,5,105.043109543987,1,1,8,16544,2,40,0
"16545",1854,5,5,105.043109543987,1,1,9,16545,2,40,0
"16546",1855,5,5,105.043109543987,1,1,10,16546,2,40,0
"16547",1856,5,5,105.043109543987,1,1,11,16547,2,40,0
"16548",1857,5,5,105.043109543987,1,1,12,16548,2,40,0
"16549",1858,5,5,105.043109543987,1,1,13,16549,2,40,0
"16550",1859,5,5,105.043109543987,1,1,14,16550,2,40,0
"16551",1860,5,5,105.043109543987,1,1,15,16551,2,40,0
"16552",1861,5,5,105.043109543987,1,1,16,16552,2,40,0
"16553",1862,5,5,105.043109543987,1,1,17,16553,2,40,0
"16554",1863,5,5,105.043109543987,1,1,18,16554,2,40,0
"16555",1864,5,5,105.043109543987,1,1,19,16555,2,40,0
"16556",1865,5,5,105.043109543987,1,1,20,16556,2,40,0
"16557",1866,5,5,105.043109543987,1,1,21,16557,2,40,0
"16558",1867,5,5,105.043109543987,1,1,22,16558,2,40,0
"16559",1868,5,5,105.043109543987,1,1,23,16559,2,40,0
"16560",1869,5,5,105.043109543987,1,1,24,16560,2,40,0
"16561",1870,5,5,105.043109543987,1,1,25,16561,2,40,0
"16562",1871,5,5,105.043109543987,1,1,26,16562,2,40,0
"16563",1872,3,1,57,1,1,1,16563,3,40,0
"16564",1873,4,0,49.1791189373616,1,1,2,16564,3,40,0
"16565",1874,2,1,54.1681242630355,1,1,3,16565,3,40,0
"16566",1875,9,4,49.0966841929024,1,1,4,16566,3,40,0
"16567",1876,2,1,54.1681242630355,1,1,5,16567,3,40,0
"16568",1877,4,1,56.5370323182295,1,1,6,16568,3,40,0
"16569",1878,4,1,56.5370323182295,1,1,7,16569,3,40,0
"16570",1879,3,1,57.9830972175724,1,1,8,16570,3,40,0
"16571",1880,4,1,56.5370323182295,1,1,9,16571,3,40,0
"16572",1881,4,2,59.5781048356791,1,1,10,16572,3,40,0
"16573",1882,3,1,57.9830972175724,1,1,11,16573,3,40,0
"16574",1883,4,2,59.5781048356791,1,1,12,16574,3,40,0
"16575",1884,6,4,45.8958186577059,1,1,13,16575,3,40,1
"16576",1885,NA,NA,NA,1,1,14,16576,3,40,0
"16577",1886,NA,NA,NA,1,1,15,16577,3,40,0
"16578",1887,NA,NA,NA,1,1,16,16578,3,40,0
"16579",1888,NA,NA,NA,1,1,17,16579,3,40,0
"16580",1889,NA,NA,NA,1,1,18,16580,3,40,1
"16581",1890,NA,NA,NA,1,1,19,16581,3,40,0
"16582",1891,NA,NA,NA,1,1,20,16582,3,40,0
"16583",1892,NA,NA,NA,1,1,21,16583,3,40,0
"16584",1893,NA,NA,NA,1,1,22,16584,3,40,0
"16585",1894,NA,NA,NA,1,1,23,16585,3,40,0
"16586",1895,NA,NA,NA,1,1,24,16586,3,40,0
"16587",1896,NA,NA,NA,1,1,25,16587,3,40,0
"16588",1897,NA,NA,NA,1,1,26,16588,3,40,0
"16589",1898,8,4,52,1,1,1,16589,4,40,0
"16590",1899,10,5,55.3075691434935,1,1,2,16590,4,40,0
"16591",1900,9,4,55.3384207246753,1,1,3,16591,4,40,0
"16592",1901,8,4,52.5580646381325,1,1,4,16592,4,40,0
"16593",1902,10,5,55.3075691434935,1,1,5,16593,4,40,0
"16594",1903,8,4,52.5580646381325,1,1,6,16594,4,40,0
"16595",1904,10,5,55.3075691434935,1,1,7,16595,4,40,0
"16596",1905,9,4,55.3384207246753,1,1,8,16596,4,40,0
"16597",1906,10,5,55.3075691434935,1,1,9,16597,4,40,0
"16598",1907,9,4,55.3384207246753,1,1,10,16598,4,40,0
"16599",1908,9,5,59.2303145831263,1,1,11,16599,4,40,0
"16600",1909,9,5,59.2303145831263,1,1,12,16600,4,40,0
"16601",1910,9,5,59.2303145831263,1,1,13,16601,4,40,0
"16602",1911,8,3,46.3539301278337,1,1,14,16602,4,40,0
"16603",1912,8,4,52.5580646381325,1,1,15,16603,4,40,0
"16604",1913,9,5,59.2303145831263,1,1,16,16604,4,40,0
"16605",1914,9,6,55.5444054910443,1,1,17,16605,4,40,0
"16606",1915,9,5,59.2303145831263,1,1,18,16606,4,40,0
"16607",1916,10,3,46.2893570700814,1,1,19,16607,4,40,0
"16608",1917,9,6,55.5444054910443,1,1,20,16608,4,40,0
"16609",1918,7,3,43.5382339629775,1,1,21,16609,4,40,1
"16610",1919,NA,NA,NA,1,1,22,16610,4,40,0
"16611",1920,NA,NA,NA,1,1,23,16611,4,40,0
"16612",1921,NA,NA,NA,1,1,24,16612,4,40,0
"16613",1922,NA,NA,NA,1,1,25,16613,4,40,0
"16614",1923,NA,NA,NA,1,1,26,16614,4,40,0
"16615",1924,6,5,56,1,1,1,16615,5,40,0
"16616",1925,7,5,52.9666499374019,1,1,2,16616,5,40,0
"16617",1926,6,5,56.4277486073921,1,1,3,16617,5,40,0
"16618",1927,6,4,60.1613961109419,1,1,4,16618,5,40,0
"16619",1928,6,4,60.1613961109419,1,1,5,16619,5,40,0
"16620",1929,6,4,60.1613961109419,1,1,6,16620,5,40,0
"16621",1930,6,3,56.1132329472686,1,1,7,16621,5,40,0
"16622",1931,6,3,56.1132329472686,1,1,8,16622,5,40,0
"16623",1932,6,3,56.1132329472686,1,1,9,16623,5,40,0
"16624",1933,4,4,48.5257279350653,1,1,10,16624,5,40,0
"16625",1934,5,3,52.9108289489955,1,1,11,16625,5,40,0
"16626",1935,6,4,60.1613961109419,1,1,12,16626,5,40,0
"16627",1936,6,4,60.1613961109419,1,1,13,16627,5,40,0
"16628",1937,6,5,56.4277486073921,1,1,14,16628,5,40,0
"16629",1938,6,4,60.1613961109419,1,1,15,16629,5,40,0
"16630",1939,7,5,52.9666499374019,1,1,16,16630,5,40,0
"16631",1940,5,5,53.8662431642796,1,1,17,16631,5,40,0
"16632",1941,6,4,60.1613961109419,1,1,18,16632,5,40,0
"16633",1942,7,4,56.1185865603916,1,1,19,16633,5,40,0
"16634",1943,6,4,60.1613961109419,1,1,20,16634,5,40,0
"16635",1944,5,4,56.2403332645488,1,1,21,16635,5,40,0
"16636",1945,6,4,60.1613961109419,1,1,22,16636,5,40,0
"16637",1946,6,0,40.5746902050112,1,1,23,16637,5,40,1
"16638",1947,NA,NA,NA,1,1,24,16638,5,40,0
"16639",1948,NA,NA,NA,1,1,25,16639,5,40,0
"16640",1949,NA,NA,NA,1,1,26,16640,5,40,0
"16641",1950,8,4,52,1,1,1,16641,1,41,0
"16642",1951,9,6,55.5444054910443,1,1,2,16642,1,41,0
"16643",1952,0,1,40.0007673415863,1,1,3,16643,1,41,1
"16644",1953,NA,NA,NA,1,1,4,16644,1,41,0
"16645",1954,NA,NA,NA,1,1,5,16645,1,41,0
"16646",1955,NA,NA,NA,1,1,6,16646,1,41,0
"16647",1956,NA,NA,NA,1,1,7,16647,1,41,1
"16648",1957,NA,NA,NA,1,1,8,16648,1,41,0
"16649",1958,NA,NA,NA,1,1,9,16649,1,41,0
"16650",1959,NA,NA,NA,1,1,10,16650,1,41,0
"16651",1960,NA,NA,NA,1,1,11,16651,1,41,0
"16652",1961,NA,NA,NA,1,1,12,16652,1,41,0
"16653",1962,NA,NA,NA,1,1,13,16653,1,41,0
"16654",1963,NA,NA,NA,1,1,14,16654,1,41,0
"16655",1964,NA,NA,NA,1,1,15,16655,1,41,0
"16656",1965,NA,NA,NA,1,1,16,16656,1,41,0
"16657",1966,NA,NA,NA,1,1,17,16657,1,41,0
"16658",1967,NA,NA,NA,1,1,18,16658,1,41,0
"16659",1968,NA,NA,NA,1,1,19,16659,1,41,0
"16660",1969,NA,NA,NA,1,1,20,16660,1,41,0
"16661",1970,NA,NA,NA,1,1,21,16661,1,41,0
"16662",1971,NA,NA,NA,1,1,22,16662,1,41,0
"16663",1972,NA,NA,NA,1,1,23,16663,1,41,0
"16664",1973,NA,NA,NA,1,1,24,16664,1,41,0
"16665",1974,NA,NA,NA,1,1,25,16665,1,41,0
"16666",1975,NA,NA,NA,1,1,26,16666,1,41,0
"16667",1976,4,1,56,1,1,1,16667,2,41,0
"16668",1977,4,1,56.5370323182295,1,1,2,16668,2,41,0
"16669",1978,4,0,49.1791189373616,1,1,3,16669,2,41,0
"16670",1979,4,2,59.5781048356791,1,1,4,16670,2,41,0
"16671",1980,4,3,55.125434195726,1,1,5,16671,2,41,0
"16672",1981,3,2,62.312800325404,1,1,6,16672,2,41,0
"16673",1982,1,0,43.7285108361307,1,1,7,16673,2,41,1
"16674",1983,NA,NA,NA,1,1,8,16674,2,41,0
"16675",1984,NA,NA,NA,1,1,9,16675,2,41,0
"16676",1985,NA,NA,NA,1,1,10,16676,2,41,0
"16677",1986,NA,NA,NA,1,1,11,16677,2,41,0
"16678",1987,NA,NA,NA,1,1,12,16678,2,41,0
"16679",1988,NA,NA,NA,1,1,13,16679,2,41,0
"16680",1989,NA,NA,NA,1,1,14,16680,2,41,0
"16681",1990,NA,NA,NA,1,1,15,16681,2,41,0
"16682",1991,NA,NA,NA,1,1,16,16682,2,41,0
"16683",1992,NA,NA,NA,1,1,17,16683,2,41,0
"16684",1993,NA,NA,NA,1,1,18,16684,2,41,0
"16685",1994,NA,NA,NA,1,1,19,16685,2,41,0
"16686",1995,NA,NA,NA,1,1,20,16686,2,41,0
"16687",1996,NA,NA,NA,1,1,21,16687,2,41,0
"16688",1997,NA,NA,NA,1,1,22,16688,2,41,0
"16689",1998,NA,NA,NA,1,1,23,16689,2,41,0
"16690",1999,NA,NA,NA,1,1,24,16690,2,41,0
"16691",2000,NA,NA,NA,1,1,25,16691,2,41,0
"16692",2001,NA,NA,NA,1,1,26,16692,2,41,0
"16693",2002,2,10,50,1,1,1,16693,3,41,0
"16694",2003,9,8,40.0051587912533,1,1,2,16694,3,41,1
"16695",2004,NA,NA,NA,1,1,3,16695,3,41,0
"16696",2005,NA,NA,NA,1,1,4,16696,3,41,1
"16697",2006,NA,NA,NA,1,1,5,16697,3,41,0
"16698",2007,NA,NA,NA,1,1,6,16698,3,41,0
"16699",2008,NA,NA,NA,1,1,7,16699,3,41,0
"16700",2009,NA,NA,NA,1,1,8,16700,3,41,0
"16701",2010,NA,NA,NA,1,1,9,16701,3,41,0
"16702",2011,NA,NA,NA,1,1,10,16702,3,41,0
"16703",2012,NA,NA,NA,1,1,11,16703,3,41,0
"16704",2013,NA,NA,NA,1,1,12,16704,3,41,0
"16705",2014,NA,NA,NA,1,1,13,16705,3,41,1
"16706",2015,NA,NA,NA,1,1,14,16706,3,41,0
"16707",2016,NA,NA,NA,1,1,15,16707,3,41,0
"16708",2017,NA,NA,NA,1,1,16,16708,3,41,0
"16709",2018,NA,NA,NA,1,1,17,16709,3,41,0
"16710",2019,NA,NA,NA,1,1,18,16710,3,41,0
"16711",2020,NA,NA,NA,1,1,19,16711,3,41,0
"16712",2021,NA,NA,NA,1,1,20,16712,3,41,0
"16713",2022,NA,NA,NA,1,1,21,16713,3,41,0
"16714",2023,NA,NA,NA,1,1,22,16714,3,41,0
"16715",2024,NA,NA,NA,1,1,23,16715,3,41,0
"16716",2025,NA,NA,NA,1,1,24,16716,3,41,0
"16717",2026,NA,NA,NA,1,1,25,16717,3,41,0
"16718",2027,NA,NA,NA,1,1,26,16718,3,41,0
"16719",2028,5,2,55,1,1,1,16719,4,41,0
"16720",2029,5,1,48.111729773489,1,1,2,16720,4,41,0
"16721",2030,6,2,59.7333927165308,1,1,3,16721,4,41,0
"16722",2031,5,2,55.8096787064886,1,1,4,16722,4,41,0
"16723",2032,7,2,55.7990479728925,1,1,5,16723,4,41,0
"16724",2033,6,3,64.6826693539916,1,1,6,16724,4,41,0
"16725",2034,8,4,48.1202421994998,1,1,7,16725,4,41,0
"16726",2035,5,3,59.8612900205776,1,1,8,16726,4,41,0
"16727",2036,7,4,55.8658497222592,1,1,9,16727,4,41,0
"16728",2037,7,3,59.738779899663,1,1,10,16728,4,41,0
"16729",2038,6,4,60.0498805575611,1,1,11,16729,4,41,0
"16730",2039,6,4,60.0498805575611,1,1,12,16730,4,41,0
"16731",2040,5,4,56.7710838783843,1,1,13,16731,4,41,0
"16732",2041,6,3,64.6826693539916,1,1,14,16732,4,41,0
"16733",2042,7,3,59.738779899663,1,1,15,16733,4,41,0
"16734",2043,6,3,64.6826693539916,1,1,16,16734,4,41,0
"16735",2044,7,5,48.431342857398,1,1,17,16735,4,41,0
"16736",2045,6,5,51.6467788307602,1,1,18,16736,4,41,0
"16737",2046,8,3,50.1307687920377,1,1,19,16737,4,41,0
"16738",2047,8,2,48.1112015658286,1,1,20,16738,4,41,0
"16739",2048,5,3,59.8612900205776,1,1,21,16739,4,41,0
"16740",2049,6,4,60.0498805575611,1,1,22,16740,4,41,0
"16741",2050,9,1,41.3708834298911,1,1,23,16741,4,41,1
"16742",2051,NA,NA,NA,1,1,24,16742,4,41,0
"16743",2052,NA,NA,NA,1,1,25,16743,4,41,0
"16744",2053,NA,NA,NA,1,1,26,16744,4,41,1
"16745",2054,5,8,55,1,1,1,16745,5,41,0
"16746",2055,5,8,55.3195343683106,1,1,2,16746,5,41,0
"16747",2056,4,6,42.96897477095,1,1,3,16747,5,41,1
"16748",2057,NA,NA,NA,1,1,4,16748,5,41,0
"16749",2058,NA,NA,NA,1,1,5,16749,5,41,0
"16750",2059,NA,NA,NA,1,1,6,16750,5,41,0
"16751",2060,NA,NA,NA,1,1,7,16751,5,41,0
"16752",2061,NA,NA,NA,1,1,8,16752,5,41,0
"16753",2062,NA,NA,NA,1,1,9,16753,5,41,0
"16754",2063,NA,NA,NA,1,1,10,16754,5,41,0
"16755",2064,NA,NA,NA,1,1,11,16755,5,41,0
"16756",2065,NA,NA,NA,1,1,12,16756,5,41,0
"16757",2066,NA,NA,NA,1,1,13,16757,5,41,0
"16758",2067,NA,NA,NA,1,1,14,16758,5,41,0
"16759",2068,NA,NA,NA,1,1,15,16759,5,41,0
"16760",2069,NA,NA,NA,1,1,16,16760,5,41,0
"16761",2070,NA,NA,NA,1,1,17,16761,5,41,0
"16762",2071,NA,NA,NA,1,1,18,16762,5,41,0
"16763",2072,NA,NA,NA,1,1,19,16763,5,41,0
"16764",2073,NA,NA,NA,1,1,20,16764,5,41,0
"16765",2074,NA,NA,NA,1,1,21,16765,5,41,0
"16766",2075,NA,NA,NA,1,1,22,16766,5,41,0
"16767",2076,NA,NA,NA,1,1,23,16767,5,41,0
"16768",2077,NA,NA,NA,1,1,24,16768,5,41,0
"16769",2078,NA,NA,NA,1,1,25,16769,5,41,0
"16770",2079,NA,NA,NA,1,1,26,16770,5,41,0
"16771",2080,6,5,56,1,1,1,16771,1,42,0
"16772",2081,6,5,56.4277486073921,1,1,2,16772,1,42,0
"16773",2082,6,6,49.7786841950966,1,1,3,16773,1,42,0
"16774",2083,6,5,56.4277486073921,1,1,4,16774,1,42,0
"16775",2084,7,5,52.9666499374019,1,1,5,16775,1,42,0
"16776",2085,6,4,60.1613961109419,1,1,6,16776,1,42,0
"16777",2086,6,4,60.1613961109419,1,1,7,16777,1,42,0
"16778",2087,6,3,56.1132329472686,1,1,8,16778,1,42,0
"16779",2088,6,3,56.1132329472686,1,1,9,16779,1,42,0
"16780",2089,5,4,56.2403332645488,1,1,10,16780,1,42,0
"16781",2090,6,4,60.1613961109419,1,1,11,16781,1,42,0
"16782",2091,3,7,74.2123667641675,1,1,12,16782,1,42,0
"16783",2092,3,7,74.2123667641675,1,1,13,16783,1,42,0
"16784",2093,3,7,74.2123667641675,1,1,14,16784,1,42,0
"16785",2094,4,7,68.2194093529701,1,1,15,16785,1,42,0
"16786",2095,4,7,68.2194093529701,1,1,16,16786,1,42,0
"16787",2096,3,7,74.2123667641675,1,1,17,16787,1,42,0
"16788",2097,3,7,74.2123667641675,1,1,18,16788,1,42,0
"16789",2098,3,7,74.2123667641675,1,1,19,16789,1,42,0
"16790",2099,3,7,74.2123667641675,1,1,20,16790,1,42,0
"16791",2100,3,7,74.2123667641675,1,1,21,16791,1,42,0
"16792",2101,4,8,93.0199832155622,1,1,22,16792,1,42,0
"16793",2102,4,8,93.0199832155622,1,1,23,16793,1,42,0
"16794",2103,4,8,93.0199832155622,1,1,24,16794,1,42,0
"16795",2104,3,8,105.996666209671,1,1,25,16795,1,42,0
"16796",2105,3,8,105.996666209671,1,1,26,16796,1,42,0
"16797",2106,2,7,56,1,1,1,16797,2,42,0
"16798",2107,2,5,57.009664919666,1,1,2,16798,2,42,0
"16799",2108,2,6,61.230859336854,1,1,3,16799,2,42,0
"16800",2109,2,7,56.9943662421435,1,1,4,16800,2,42,0
"16801",2110,2,6,61.230859336854,1,1,5,16801,2,42,0
"16802",2111,2,6,61.230859336854,1,1,6,16802,2,42,0
"16803",2112,2,6,61.230859336854,1,1,7,16803,2,42,0
"16804",2113,2,6,61.230859336854,1,1,8,16804,2,42,0
"16805",2114,2,6,61.230859336854,1,1,9,16805,2,42,0
"16806",2115,1,8,46.9823976608192,1,1,10,16806,2,42,0
"16807",2116,2,6,61.230859336854,1,1,11,16807,2,42,0
"16808",2117,2,6,61.230859336854,1,1,12,16808,2,42,0
"16809",2118,2,6,61.230859336854,1,1,13,16809,2,42,0
"16810",2119,3,6,57.2234148017901,1,1,14,16810,2,42,0
"16811",2120,3,5,53.8988576709668,1,1,15,16811,2,42,0
"16812",2121,1,5,53.6009180207323,1,1,16,16812,2,42,0
"16813",2122,1,6,56.9848433800353,1,1,17,16813,2,42,0
"16814",2123,3,6,57.2234148017901,1,1,18,16814,2,42,0
"16815",2124,2,6,61.230859336854,1,1,19,16815,2,42,0
"16816",2125,1,6,56.9848433800353,1,1,20,16816,2,42,0
"16817",2126,2,6,61.230859336854,1,1,21,16817,2,42,0
"16818",2127,1,6,56.9848433800353,1,1,22,16818,2,42,0
"16819",2128,3,6,57.2234148017901,1,1,23,16819,2,42,0
"16820",2129,2,6,61.230859336854,1,1,24,16820,2,42,0
"16821",2130,2,6,61.230859336854,1,1,25,16821,2,42,0
"16822",2131,2,6,61.230859336854,1,1,26,16822,2,42,0
"16823",2132,7,0,51,1,1,1,16823,3,42,0
"16824",2133,7,0,51.3451529530752,1,1,2,16824,3,42,0
"16825",2134,6,1,51.5847879179068,1,1,3,16825,3,42,0
"16826",2135,6,2,50.9287816732922,1,1,4,16826,3,42,0
"16827",2136,6,0,49.0973047282424,1,1,5,16827,3,42,0
"16828",2137,7,1,54.2831964921943,1,1,6,16828,3,42,0
"16829",2138,8,2,49.388763315403,1,1,7,16829,3,42,0
"16830",2139,7,1,54.2831964921943,1,1,8,16830,3,42,0
"16831",2140,7,1,54.2831964921943,1,1,9,16831,3,42,0
"16832",2141,7,2,52.2854645697773,1,1,10,16832,3,42,0
"16833",2142,8,0,49.0792193248303,1,1,11,16833,3,42,0
"16834",2143,6,1,51.5847879179068,1,1,12,16834,3,42,0
"16835",2144,8,1,51.3763690972523,1,1,13,16835,3,42,0
"16836",2145,7,2,52.2854645697773,1,1,14,16836,3,42,0
"16837",2146,8,2,49.388763315403,1,1,15,16837,3,42,0
"16838",2147,3,4,53.748419495445,1,1,16,16838,3,42,0
"16839",2148,5,3,53.3573440864203,1,1,17,16839,3,42,0
"16840",2149,5,2,46.9739556637178,1,1,18,16840,3,42,0
"16841",2150,5,4,74.096427479139,1,1,19,16841,3,42,0
"16842",2151,5,5,105.043109543987,1,1,20,16842,3,42,0
"16843",2152,5,5,105.043109543987,1,1,21,16843,3,42,0
"16844",2153,5,6,121.043920739615,1,1,22,16844,3,42,0
"16845",2154,5,6,121.043920739615,1,1,23,16845,3,42,0
"16846",2155,5,6,121.043920739615,1,1,24,16846,3,42,0
"16847",2156,2,10,40.3132223583977,1,1,25,16847,3,42,1
"16848",2157,NA,NA,NA,1,1,26,16848,3,42,0
"16849",2158,4,1,56,1,1,1,16849,4,42,0
"16850",2159,5,1,58.6162902884744,1,1,2,16850,4,42,0
"16851",2160,5,2,58.1599168838521,1,1,3,16851,4,42,0
"16852",2161,4,1,56.5370323182295,1,1,4,16852,4,42,0
"16853",2162,4,2,59.5781048356791,1,1,5,16853,4,42,0
"16854",2163,4,1,56.5370323182295,1,1,6,16854,4,42,0
"16855",2164,5,2,58.1599168838521,1,1,7,16855,4,42,0
"16856",2165,5,1,58.6162902884744,1,1,8,16856,4,42,0
"16857",2166,4,2,59.5781048356791,1,1,9,16857,4,42,0
"16858",2167,5,1,58.6162902884744,1,1,10,16858,4,42,0
"16859",2168,5,2,58.1599168838521,1,1,11,16859,4,42,0
"16860",2169,5,1,58.6162902884744,1,1,12,16860,4,42,0
"16861",2170,3,3,57.792058185847,1,1,13,16861,4,42,0
"16862",2171,5,2,58.1599168838521,1,1,14,16862,4,42,0
"16863",2172,5,1,58.6162902884744,1,1,15,16863,4,42,0
"16864",2173,5,2,58.1599168838521,1,1,16,16864,4,42,0
"16865",2174,4,2,59.5781048356791,1,1,17,16865,4,42,0
"16866",2175,4,1,56.5370323182295,1,1,18,16866,4,42,0
"16867",2176,4,2,59.5781048356791,1,1,19,16867,4,42,0
"16868",2177,5,2,58.1599168838521,1,1,20,16868,4,42,0
"16869",2178,5,1,58.6162902884744,1,1,21,16869,4,42,0
"16870",2179,4,2,59.5781048356791,1,1,22,16870,4,42,0
"16871",2180,4,2,59.5781048356791,1,1,23,16871,4,42,0
"16872",2181,5,0,52.8208995030774,1,1,24,16872,4,42,0
"16873",2182,3,4,49.1101777397648,1,1,25,16873,4,42,0
"16874",2183,5,1,58.6162902884744,1,1,26,16874,4,42,0
"16875",2184,6,7,51,1,1,1,16875,5,42,0
"16876",2185,6,7,51.6762265863936,1,1,2,16876,5,42,0
"16877",2186,3,10,90.4253578893934,1,1,3,16877,5,42,0
"16878",2187,3,10,90.4253578893934,1,1,4,16878,5,42,0
"16879",2188,3,10,90.4253578893934,1,1,5,16879,5,42,0
"16880",2189,3,10,90.4253578893934,1,1,6,16880,5,42,0
"16881",2190,3,10,90.4253578893934,1,1,7,16881,5,42,0
"16882",2191,3,10,90.4253578893934,1,1,8,16882,5,42,0
"16883",2192,3,10,90.4253578893934,1,1,9,16883,5,42,0
"16884",2193,3,10,90.4253578893934,1,1,10,16884,5,42,0
"16885",2194,3,10,90.4253578893934,1,1,11,16885,5,42,0
"16886",2195,3,10,90.4253578893934,1,1,12,16886,5,42,0
"16887",2196,3,10,90.4253578893934,1,1,13,16887,5,42,0
"16888",2197,3,10,90.4253578893934,1,1,14,16888,5,42,0
"16889",2198,3,10,90.4253578893934,1,1,15,16889,5,42,0
"16890",2199,3,10,90.4253578893934,1,1,16,16890,5,42,0
"16891",2200,3,10,90.4253578893934,1,1,17,16891,5,42,0
"16892",2201,3,10,90.4253578893934,1,1,18,16892,5,42,0
"16893",2202,3,10,90.4253578893934,1,1,19,16893,5,42,0
"16894",2203,3,10,90.4253578893934,1,1,20,16894,5,42,0
"16895",2204,3,10,90.4253578893934,1,1,21,16895,5,42,0
"16896",2205,3,10,90.4253578893934,1,1,22,16896,5,42,0
"16897",2206,3,10,90.4253578893934,1,1,23,16897,5,42,0
"16898",2207,3,10,90.4253578893934,1,1,24,16898,5,42,0
"16899",2208,3,10,90.4253578893934,1,1,25,16899,5,42,0
"16900",2209,3,10,90.4253578893934,1,1,26,16900,5,42,0
"16901",2210,0,8,51,1,1,1,16901,1,43,0
"16902",2211,9,10,40.3140799381756,1,1,2,16902,1,43,1
"16903",2212,NA,NA,NA,1,1,3,16903,1,43,0
"16904",2213,NA,NA,NA,1,1,4,16904,1,43,0
"16905",2214,NA,NA,NA,1,1,5,16905,1,43,0
"16906",2215,NA,NA,NA,1,1,6,16906,1,43,0
"16907",2216,NA,NA,NA,1,1,7,16907,1,43,0
"16908",2217,NA,NA,NA,1,1,8,16908,1,43,0
"16909",2218,NA,NA,NA,1,1,9,16909,1,43,0
"16910",2219,NA,NA,NA,1,1,10,16910,1,43,0
"16911",2220,NA,NA,NA,1,1,11,16911,1,43,0
"16912",2221,NA,NA,NA,1,1,12,16912,1,43,0
"16913",2222,NA,NA,NA,1,1,13,16913,1,43,0
"16914",2223,NA,NA,NA,1,1,14,16914,1,43,0
"16915",2224,NA,NA,NA,1,1,15,16915,1,43,0
"16916",2225,NA,NA,NA,1,1,16,16916,1,43,0
"16917",2226,NA,NA,NA,1,1,17,16917,1,43,0
"16918",2227,NA,NA,NA,1,1,18,16918,1,43,0
"16919",2228,NA,NA,NA,1,1,19,16919,1,43,0
"16920",2229,NA,NA,NA,1,1,20,16920,1,43,0
"16921",2230,NA,NA,NA,1,1,21,16921,1,43,0
"16922",2231,NA,NA,NA,1,1,22,16922,1,43,0
"16923",2232,NA,NA,NA,1,1,23,16923,1,43,0
"16924",2233,NA,NA,NA,1,1,24,16924,1,43,0
"16925",2234,NA,NA,NA,1,1,25,16925,1,43,0
"16926",2235,NA,NA,NA,1,1,26,16926,1,43,0
"16927",2236,0,4,52,1,1,1,16927,2,43,0
"16928",2237,1,4,56.3005980640761,1,1,2,16928,2,43,0
"16929",2238,6,6,41.4257310397978,1,1,3,16929,2,43,1
"16930",2239,NA,NA,NA,1,1,4,16930,2,43,1
"16931",2240,NA,NA,NA,1,1,5,16931,2,43,0
"16932",2241,NA,NA,NA,1,1,6,16932,2,43,0
"16933",2242,NA,NA,NA,1,1,7,16933,2,43,1
"16934",2243,NA,NA,NA,1,1,8,16934,2,43,0
"16935",2244,NA,NA,NA,1,1,9,16935,2,43,0
"16936",2245,NA,NA,NA,1,1,10,16936,2,43,0
"16937",2246,NA,NA,NA,1,1,11,16937,2,43,0
"16938",2247,NA,NA,NA,1,1,12,16938,2,43,0
"16939",2248,NA,NA,NA,1,1,13,16939,2,43,0
"16940",2249,NA,NA,NA,1,1,14,16940,2,43,0
"16941",2250,NA,NA,NA,1,1,15,16941,2,43,0
"16942",2251,NA,NA,NA,1,1,16,16942,2,43,0
"16943",2252,NA,NA,NA,1,1,17,16943,2,43,0
"16944",2253,NA,NA,NA,1,1,18,16944,2,43,0
"16945",2254,NA,NA,NA,1,1,19,16945,2,43,0
"16946",2255,NA,NA,NA,1,1,20,16946,2,43,0
"16947",2256,NA,NA,NA,1,1,21,16947,2,43,0
"16948",2257,NA,NA,NA,1,1,22,16948,2,43,0
"16949",2258,NA,NA,NA,1,1,23,16949,2,43,0
"16950",2259,NA,NA,NA,1,1,24,16950,2,43,0
"16951",2260,NA,NA,NA,1,1,25,16951,2,43,0
"16952",2261,NA,NA,NA,1,1,26,16952,2,43,0
"16953",2262,1,9,50,1,1,1,16953,3,43,0
"16954",2263,2,8,57.0360632751569,1,1,2,16954,3,43,0
"16955",2264,2,4,67.3160010737497,1,1,3,16955,3,43,0
"16956",2265,1,3,66.8826516196746,1,1,4,16956,3,43,0
"16957",2266,1,4,54.1641454895755,1,1,5,16957,3,43,0
"16958",2267,9,10,40.0001305712113,1,1,6,16958,3,43,1
"16959",2268,NA,NA,NA,1,1,7,16959,3,43,1
"16960",2269,NA,NA,NA,1,1,8,16960,3,43,0
"16961",2270,NA,NA,NA,1,1,9,16961,3,43,0
"16962",2271,NA,NA,NA,1,1,10,16962,3,43,0
"16963",2272,NA,NA,NA,1,1,11,16963,3,43,0
"16964",2273,NA,NA,NA,1,1,12,16964,3,43,0
"16965",2274,NA,NA,NA,1,1,13,16965,3,43,0
"16966",2275,NA,NA,NA,1,1,14,16966,3,43,0
"16967",2276,NA,NA,NA,1,1,15,16967,3,43,0
"16968",2277,NA,NA,NA,1,1,16,16968,3,43,0
"16969",2278,NA,NA,NA,1,1,17,16969,3,43,0
"16970",2279,NA,NA,NA,1,1,18,16970,3,43,0
"16971",2280,NA,NA,NA,1,1,19,16971,3,43,0
"16972",2281,NA,NA,NA,1,1,20,16972,3,43,0
"16973",2282,NA,NA,NA,1,1,21,16973,3,43,0
"16974",2283,NA,NA,NA,1,1,22,16974,3,43,0
"16975",2284,NA,NA,NA,1,1,23,16975,3,43,0
"16976",2285,NA,NA,NA,1,1,24,16976,3,43,0
"16977",2286,NA,NA,NA,1,1,25,16977,3,43,0
"16978",2287,NA,NA,NA,1,1,26,16978,3,43,0
"16979",2288,3,2,52,1,1,1,16979,4,43,0
"16980",2289,2,8,40.000364739619,1,1,2,16980,4,43,1
"16981",2290,NA,NA,NA,1,1,3,16981,4,43,1
"16982",2291,NA,NA,NA,1,1,4,16982,4,43,1
"16983",2292,NA,NA,NA,1,1,5,16983,4,43,1
"16984",2293,NA,NA,NA,1,1,6,16984,4,43,0
"16985",2294,NA,NA,NA,1,1,7,16985,4,43,1
"16986",2295,NA,NA,NA,1,1,8,16986,4,43,0
"16987",2296,NA,NA,NA,1,1,9,16987,4,43,0
"16988",2297,NA,NA,NA,1,1,10,16988,4,43,0
"16989",2298,NA,NA,NA,1,1,11,16989,4,43,1
"16990",2299,NA,NA,NA,1,1,12,16990,4,43,1
"16991",2300,NA,NA,NA,1,1,13,16991,4,43,0
"16992",2301,NA,NA,NA,1,1,14,16992,4,43,0
"16993",2302,NA,NA,NA,1,1,15,16993,4,43,1
"16994",2303,NA,NA,NA,1,1,16,16994,4,43,1
"16995",2304,NA,NA,NA,1,1,17,16995,4,43,1
"16996",2305,NA,NA,NA,1,1,18,16996,4,43,0
"16997",2306,NA,NA,NA,1,1,19,16997,4,43,0
"16998",2307,NA,NA,NA,1,1,20,16998,4,43,0
"16999",2308,NA,NA,NA,1,1,21,16999,4,43,0
"17000",2309,NA,NA,NA,1,1,22,17000,4,43,0
"17001",2310,NA,NA,NA,1,1,23,17001,4,43,0
"17002",2311,NA,NA,NA,1,1,24,17002,4,43,0
"17003",2312,NA,NA,NA,1,1,25,17003,4,43,0
"17004",2313,NA,NA,NA,1,1,26,17004,4,43,0
"17005",2314,5,3,55,1,1,1,17005,5,43,0
"17006",2315,8,8,40.0392448964831,1,1,2,17006,5,43,1
"17007",2316,NA,NA,NA,1,1,3,17007,5,43,1
"17008",2317,NA,NA,NA,1,1,4,17008,5,43,1
"17009",2318,NA,NA,NA,1,1,5,17009,5,43,1
"17010",2319,NA,NA,NA,1,1,6,17010,5,43,0
"17011",2320,NA,NA,NA,1,1,7,17011,5,43,1
"17012",2321,NA,NA,NA,1,1,8,17012,5,43,1
"17013",2322,NA,NA,NA,1,1,9,17013,5,43,1
"17014",2323,NA,NA,NA,1,1,10,17014,5,43,1
"17015",2324,NA,NA,NA,1,1,11,17015,5,43,0
"17016",2325,NA,NA,NA,1,1,12,17016,5,43,0
"17017",2326,NA,NA,NA,1,1,13,17017,5,43,0
"17018",2327,NA,NA,NA,1,1,14,17018,5,43,0
"17019",2328,NA,NA,NA,1,1,15,17019,5,43,0
"17020",2329,NA,NA,NA,1,1,16,17020,5,43,0
"17021",2330,NA,NA,NA,1,1,17,17021,5,43,0
"17022",2331,NA,NA,NA,1,1,18,17022,5,43,0
"17023",2332,NA,NA,NA,1,1,19,17023,5,43,0
"17024",2333,NA,NA,NA,1,1,20,17024,5,43,0
"17025",2334,NA,NA,NA,1,1,21,17025,5,43,0
"17026",2335,NA,NA,NA,1,1,22,17026,5,43,0
"17027",2336,NA,NA,NA,1,1,23,17027,5,43,0
"17028",2337,NA,NA,NA,1,1,24,17028,5,43,0
"17029",2338,NA,NA,NA,1,1,25,17029,5,43,0
"17030",2339,NA,NA,NA,1,1,26,17030,5,43,0
"17031",2340,2,7,51,1,1,1,17031,1,44,0
"17032",2341,2,7,51.9058432762319,1,1,2,17032,1,44,0
"17033",2342,3,7,55.088029418206,1,1,3,17033,1,44,0
"17034",2343,9,10,40.0027420194789,1,1,4,17034,1,44,1
"17035",2344,NA,NA,NA,1,1,5,17035,1,44,0
"17036",2345,NA,NA,NA,1,1,6,17036,1,44,0
"17037",2346,NA,NA,NA,1,1,7,17037,1,44,1
"17038",2347,NA,NA,NA,1,1,8,17038,1,44,0
"17039",2348,NA,NA,NA,1,1,9,17039,1,44,1
"17040",2349,NA,NA,NA,1,1,10,17040,1,44,1
"17041",2350,NA,NA,NA,1,1,11,17041,1,44,0
"17042",2351,NA,NA,NA,1,1,12,17042,1,44,0
"17043",2352,NA,NA,NA,1,1,13,17043,1,44,0
"17044",2353,NA,NA,NA,1,1,14,17044,1,44,1
"17045",2354,NA,NA,NA,1,1,15,17045,1,44,0
"17046",2355,NA,NA,NA,1,1,16,17046,1,44,1
"17047",2356,NA,NA,NA,1,1,17,17047,1,44,0
"17048",2357,NA,NA,NA,1,1,18,17048,1,44,1
"17049",2358,NA,NA,NA,1,1,19,17049,1,44,0
"17050",2359,NA,NA,NA,1,1,20,17050,1,44,0
"17051",2360,NA,NA,NA,1,1,21,17051,1,44,0
"17052",2361,NA,NA,NA,1,1,22,17052,1,44,0
"17053",2362,NA,NA,NA,1,1,23,17053,1,44,1
"17054",2363,NA,NA,NA,1,1,24,17054,1,44,0
"17055",2364,NA,NA,NA,1,1,25,17055,1,44,0
"17056",2365,NA,NA,NA,1,1,26,17056,1,44,0
"17057",2366,6,6,52,1,1,1,17057,2,44,0
"17058",2367,3,9,75.1362203938708,1,1,2,17058,2,44,0
"17059",2368,3,8,69.1597587911507,1,1,3,17059,2,44,0
"17060",2369,4,9,53.9867509961125,1,1,4,17060,2,44,0
"17061",2370,7,5,45.2875260110084,1,1,5,17061,2,44,1
"17062",2371,NA,NA,NA,1,1,6,17062,2,44,1
"17063",2372,NA,NA,NA,1,1,7,17063,2,44,0
"17064",2373,NA,NA,NA,1,1,8,17064,2,44,0
"17065",2374,NA,NA,NA,1,1,9,17065,2,44,0
"17066",2375,NA,NA,NA,1,1,10,17066,2,44,0
"17067",2376,NA,NA,NA,1,1,11,17067,2,44,0
"17068",2377,NA,NA,NA,1,1,12,17068,2,44,0
"17069",2378,NA,NA,NA,1,1,13,17069,2,44,0
"17070",2379,NA,NA,NA,1,1,14,17070,2,44,0
"17071",2380,NA,NA,NA,1,1,15,17071,2,44,0
"17072",2381,NA,NA,NA,1,1,16,17072,2,44,0
"17073",2382,NA,NA,NA,1,1,17,17073,2,44,0
"17074",2383,NA,NA,NA,1,1,18,17074,2,44,0
"17075",2384,NA,NA,NA,1,1,19,17075,2,44,0
"17076",2385,NA,NA,NA,1,1,20,17076,2,44,0
"17077",2386,NA,NA,NA,1,1,21,17077,2,44,0
"17078",2387,NA,NA,NA,1,1,22,17078,2,44,0
"17079",2388,NA,NA,NA,1,1,23,17079,2,44,0
"17080",2389,NA,NA,NA,1,1,24,17080,2,44,0
"17081",2390,NA,NA,NA,1,1,25,17081,2,44,0
"17082",2391,NA,NA,NA,1,1,26,17082,2,44,0
"17083",2392,8,6,54,1,1,1,17083,3,44,0
"17084",2393,3,2,40.2487470207457,1,1,2,17084,3,44,1
"17085",2394,NA,NA,NA,1,1,3,17085,3,44,0
"17086",2395,NA,NA,NA,1,1,4,17086,3,44,1
"17087",2396,NA,NA,NA,1,1,5,17087,3,44,0
"17088",2397,NA,NA,NA,1,1,6,17088,3,44,0
"17089",2398,NA,NA,NA,1,1,7,17089,3,44,0
"17090",2399,NA,NA,NA,1,1,8,17090,3,44,0
"17091",2400,NA,NA,NA,1,1,9,17091,3,44,0
"17092",2401,NA,NA,NA,1,1,10,17092,3,44,0
"17093",2402,NA,NA,NA,1,1,11,17093,3,44,0
"17094",2403,NA,NA,NA,1,1,12,17094,3,44,0
"17095",2404,NA,NA,NA,1,1,13,17095,3,44,0
"17096",2405,NA,NA,NA,1,1,14,17096,3,44,0
"17097",2406,NA,NA,NA,1,1,15,17097,3,44,0
"17098",2407,NA,NA,NA,1,1,16,17098,3,44,0
"17099",2408,NA,NA,NA,1,1,17,17099,3,44,0
"17100",2409,NA,NA,NA,1,1,18,17100,3,44,0
"17101",2410,NA,NA,NA,1,1,19,17101,3,44,0
"17102",2411,NA,NA,NA,1,1,20,17102,3,44,0
"17103",2412,NA,NA,NA,1,1,21,17103,3,44,0
"17104",2413,NA,NA,NA,1,1,22,17104,3,44,0
"17105",2414,NA,NA,NA,1,1,23,17105,3,44,0
"17106",2415,NA,NA,NA,1,1,24,17106,3,44,0
"17107",2416,NA,NA,NA,1,1,25,17107,3,44,0
"17108",2417,NA,NA,NA,1,1,26,17108,3,44,0
"17109",2418,6,8,54,1,1,1,17109,4,44,0
"17110",2419,3,1,44.6266240647479,1,1,2,17110,4,44,1
"17111",2420,NA,NA,NA,1,1,3,17111,4,44,1
"17112",2421,NA,NA,NA,1,1,4,17112,4,44,1
"17113",2422,NA,NA,NA,1,1,5,17113,4,44,1
"17114",2423,NA,NA,NA,1,1,6,17114,4,44,0
"17115",2424,NA,NA,NA,1,1,7,17115,4,44,0
"17116",2425,NA,NA,NA,1,1,8,17116,4,44,1
"17117",2426,NA,NA,NA,1,1,9,17117,4,44,1
"17118",2427,NA,NA,NA,1,1,10,17118,4,44,1
"17119",2428,NA,NA,NA,1,1,11,17119,4,44,1
"17120",2429,NA,NA,NA,1,1,12,17120,4,44,1
"17121",2430,NA,NA,NA,1,1,13,17121,4,44,0
"17122",2431,NA,NA,NA,1,1,14,17122,4,44,0
"17123",2432,NA,NA,NA,1,1,15,17123,4,44,0
"17124",2433,NA,NA,NA,1,1,16,17124,4,44,0
"17125",2434,NA,NA,NA,1,1,17,17125,4,44,0
"17126",2435,NA,NA,NA,1,1,18,17126,4,44,0
"17127",2436,NA,NA,NA,1,1,19,17127,4,44,0
"17128",2437,NA,NA,NA,1,1,20,17128,4,44,0
"17129",2438,NA,NA,NA,1,1,21,17129,4,44,0
"17130",2439,NA,NA,NA,1,1,22,17130,4,44,0
"17131",2440,NA,NA,NA,1,1,23,17131,4,44,0
"17132",2441,NA,NA,NA,1,1,24,17132,4,44,0
"17133",2442,NA,NA,NA,1,1,25,17133,4,44,0
"17134",2443,NA,NA,NA,1,1,26,17134,4,44,0
"17135",2444,5,2,55,1,1,1,17135,5,44,0
"17136",2445,8,5,44.2077155343001,1,1,2,17136,5,44,1
"17137",2446,NA,NA,NA,1,1,3,17137,5,44,0
"17138",2447,NA,NA,NA,1,1,4,17138,5,44,0
"17139",2448,NA,NA,NA,1,1,5,17139,5,44,0
"17140",2449,NA,NA,NA,1,1,6,17140,5,44,0
"17141",2450,NA,NA,NA,1,1,7,17141,5,44,0
"17142",2451,NA,NA,NA,1,1,8,17142,5,44,0
"17143",2452,NA,NA,NA,1,1,9,17143,5,44,0
"17144",2453,NA,NA,NA,1,1,10,17144,5,44,0
"17145",2454,NA,NA,NA,1,1,11,17145,5,44,0
"17146",2455,NA,NA,NA,1,1,12,17146,5,44,0
"17147",2456,NA,NA,NA,1,1,13,17147,5,44,0
"17148",2457,NA,NA,NA,1,1,14,17148,5,44,0
"17149",2458,NA,NA,NA,1,1,15,17149,5,44,0
"17150",2459,NA,NA,NA,1,1,16,17150,5,44,0
"17151",2460,NA,NA,NA,1,1,17,17151,5,44,0
"17152",2461,NA,NA,NA,1,1,18,17152,5,44,0
"17153",2462,NA,NA,NA,1,1,19,17153,5,44,0
"17154",2463,NA,NA,NA,1,1,20,17154,5,44,0
"17155",2464,NA,NA,NA,1,1,21,17155,5,44,0
"17156",2465,NA,NA,NA,1,1,22,17156,5,44,0
"17157",2466,NA,NA,NA,1,1,23,17157,5,44,0
"17158",2467,NA,NA,NA,1,1,24,17158,5,44,0
"17159",2468,NA,NA,NA,1,1,25,17159,5,44,0
"17160",2469,NA,NA,NA,1,1,26,17160,5,44,0
"17161",2470,2,0,53,1,1,1,17161,1,47,0
"17162",2471,2,0,53.6863740747426,1,1,2,17162,1,47,0
"17163",2472,1,0,50.9597252714007,1,1,3,17163,1,47,0
"17164",2473,2,1,57.112129350463,1,1,4,17164,1,47,0
"17165",2474,1,1,53.7119132912893,1,1,5,17165,1,47,0
"17166",2475,3,1,53.6961722758673,1,1,6,17166,1,47,0
"17167",2476,3,0,50.9588494728118,1,1,7,17167,1,47,0
"17168",2477,2,2,53.9318434248587,1,1,8,17168,1,47,0
"17169",2478,1,2,51.2662793916677,1,1,9,17169,1,47,0
"17170",2479,3,2,51.0848776393592,1,1,10,17170,1,47,0
"17171",2480,4,0,45.6263482878514,1,1,11,17171,1,47,1
"17172",2481,NA,NA,NA,1,1,12,17172,1,47,0
"17173",2482,NA,NA,NA,1,1,13,17173,1,47,0
"17174",2483,NA,NA,NA,1,1,14,17174,1,47,0
"17175",2484,NA,NA,NA,1,1,15,17175,1,47,1
"17176",2485,NA,NA,NA,1,1,16,17176,1,47,0
"17177",2486,NA,NA,NA,1,1,17,17177,1,47,0
"17178",2487,NA,NA,NA,1,1,18,17178,1,47,0
"17179",2488,NA,NA,NA,1,1,19,17179,1,47,0
"17180",2489,NA,NA,NA,1,1,20,17180,1,47,0
"17181",2490,NA,NA,NA,1,1,21,17181,1,47,0
"17182",2491,NA,NA,NA,1,1,22,17182,1,47,0
"17183",2492,NA,NA,NA,1,1,23,17183,1,47,0
"17184",2493,NA,NA,NA,1,1,24,17184,1,47,0
"17185",2494,NA,NA,NA,1,1,25,17185,1,47,0
"17186",2495,NA,NA,NA,1,1,26,17186,1,47,1
"17187",2496,4,9,53,1,1,1,17187,2,47,0
"17188",2497,5,9,46.8735939987807,1,1,2,17188,2,47,0
"17189",2498,4,9,53.3879330158142,1,1,3,17189,2,47,0
"17190",2499,3,9,56.7195050050699,1,1,4,17190,2,47,0
"17191",2500,3,10,53.1722582202307,1,1,5,17191,2,47,0
"17192",2501,3,8,55.3781399898945,1,1,6,17192,2,47,0
"17193",2502,2,8,52.3138518771992,1,1,7,17193,2,47,0
"17194",2503,4,10,50.5475198378171,1,1,8,17194,2,47,0
"17195",2504,4,8,52.3138518771992,1,1,9,17195,2,47,0
"17196",2505,2,9,53.3879330158142,1,1,10,17196,2,47,0
"17197",2506,2,10,50.5475198378171,1,1,11,17197,2,47,0
"17198",2507,5,8,46.3221423549857,1,1,12,17198,2,47,0
"17199",2508,3,7,57.3244394551779,1,1,13,17199,2,47,0
"17200",2509,2,7,53.8723266563286,1,1,14,17200,2,47,0
"17201",2510,3,6,74.3459757692926,1,1,15,17201,2,47,0
"17202",2511,3,5,103.038212172735,1,1,16,17202,2,47,0
"17203",2512,3,4,118.202993356357,1,1,17,17203,2,47,0
"17204",2513,3,4,118.202993356357,1,1,18,17204,2,47,0
"17205",2514,3,4,118.202993356357,1,1,19,17205,2,47,0
"17206",2515,3,4,118.202993356357,1,1,20,17206,2,47,0
"17207",2516,3,4,118.202993356357,1,1,21,17207,2,47,0
"17208",2517,3,4,118.202993356357,1,1,22,17208,2,47,0
"17209",2518,3,4,118.202993356357,1,1,23,17209,2,47,0
"17210",2519,3,4,118.202993356357,1,1,24,17210,2,47,0
"17211",2520,3,4,118.202993356357,1,1,25,17211,2,47,0
"17212",2521,3,4,118.202993356357,1,1,26,17212,2,47,0
"17213",2522,7,4,56,1,1,1,17213,3,47,0
"17214",2523,7,4,56.1185865603916,1,1,2,17214,3,47,0
"17215",2524,7,3,52.9002644603766,1,1,3,17215,3,47,0
"17216",2525,7,5,52.9666499374019,1,1,4,17216,3,47,0
"17217",2526,6,4,60.1613961109419,1,1,5,17217,3,47,0
"17218",2527,6,3,56.1132329472686,1,1,6,17218,3,47,0
"17219",2528,6,5,56.4277486073921,1,1,7,17219,3,47,0
"17220",2529,5,4,56.2403332645488,1,1,8,17220,3,47,0
"17221",2530,5,3,52.9108289489955,1,1,9,17221,3,47,0
"17222",2531,5,5,53.8662431642796,1,1,10,17222,3,47,0
"17223",2532,4,4,48.5257279350653,1,1,11,17223,3,47,0
"17224",2533,8,4,48.2721211103018,1,1,12,17224,3,47,0
"17225",2534,6,2,48.2710987132357,1,1,13,17225,3,47,0
"17226",2535,6,4,60.1613961109419,1,1,14,17226,3,47,0
"17227",2536,4,5,48.5058177089531,1,1,15,17227,3,47,0
"17228",2537,5,6,51.2030835980968,1,1,16,17228,3,47,0
"17229",2538,6,4,60.1613961109419,1,1,17,17229,3,47,0
"17230",2539,4,6,52.321416547662,1,1,18,17230,3,47,0
"17231",2540,4,7,68.2194093529701,1,1,19,17231,3,47,0
"17232",2541,4,8,93.0199832155622,1,1,20,17232,3,47,0
"17233",2542,4,9,105.950864974162,1,1,21,17233,3,47,0
"17234",2543,4,9,105.950864974162,1,1,22,17234,3,47,0
"17235",2544,4,9,105.950864974162,1,1,23,17235,3,47,0
"17236",2545,4,9,105.950864974162,1,1,24,17236,3,47,0
"17237",2546,4,9,105.950864974162,1,1,25,17237,3,47,0
"17238",2547,4,9,105.950864974162,1,1,26,17238,3,47,0
"17239",2548,3,1,56,1,1,1,17239,4,47,0
"17240",2549,3,1,56.7700257945888,1,1,2,17240,4,47,0
"17241",2550,4,1,53.4629275365827,1,1,3,17241,4,47,0
"17242",2551,5,1,47.0170226540583,1,1,4,17242,4,47,0
"17243",2552,2,1,53.4225490743735,1,1,5,17243,4,47,0
"17244",2553,3,0,48.6062752292269,1,1,6,17244,4,47,0
"17245",2554,2,2,56.7700257945888,1,1,7,17245,4,47,0
"17246",2555,3,2,60.9970981326317,1,1,8,17246,4,47,0
"17247",2556,3,3,57.0683845170413,1,1,9,17247,4,47,0
"17248",2557,4,2,57.0683845170413,1,1,10,17248,4,47,0
"17249",2558,2,3,53.4629275365827,1,1,11,17249,4,47,0
"17250",2559,4,3,54.8764669845258,1,1,12,17250,4,47,0
"17251",2560,3,2,60.9970981326317,1,1,13,17251,4,47,0
"17252",2561,3,4,49.5384988796037,1,1,14,17252,4,47,0
"17253",2562,5,3,51.3109763538497,1,1,15,17253,4,47,0
"17254",2563,3,2,60.9970981326317,1,1,16,17254,4,47,0
"17255",2564,4,4,51.3109763538497,1,1,17,17255,4,47,0
"17256",2565,5,2,49.5384988796037,1,1,18,17256,4,47,0
"17257",2566,5,4,56.9652737274393,1,1,19,17257,4,47,0
"17258",2567,5,5,67.3177139482092,1,1,20,17258,4,47,0
"17259",2568,6,5,91.3226404570337,1,1,21,17259,4,47,0
"17260",2569,7,5,103.696350408496,1,1,22,17260,4,47,0
"17261",2570,7,5,103.696350408496,1,1,23,17261,4,47,0
"17262",2571,10,6,50.7518655439852,1,1,24,17262,4,47,0
"17263",2572,7,5,103.696350408496,1,1,25,17263,4,47,0
"17264",2573,7,6,119.463135687562,1,1,26,17264,4,47,0
"17265",2574,9,3,53,1,1,1,17265,5,47,0
"17266",2575,9,3,53.3215638125213,1,1,2,17266,5,47,0
"17267",2576,8,3,50.7825636594672,1,1,3,17267,5,47,0
"17268",2577,9,4,46.8375348516248,1,1,4,17268,5,47,0
"17269",2578,6,1,52.3699639560114,1,1,5,17269,5,47,0
"17270",2579,8,2,53.5525332032407,1,1,6,17270,5,47,0
"17271",2580,7,2,48.6202141406098,1,1,7,17271,5,47,0
"17272",2581,9,2,56.6441467729446,1,1,8,17272,5,47,0
"17273",2582,9,1,53.3369907867474,1,1,9,17273,5,47,0
"17274",2583,7,1,47.702955625945,1,1,10,17274,5,47,0
"17275",2584,5,1,72.4846310880726,1,1,11,17275,5,47,0
"17276",2585,4,1,102.582294315036,1,1,12,17276,5,47,0
"17277",2586,3,1,118.096028901052,1,1,13,17277,5,47,0
"17278",2587,3,1,118.096028901052,1,1,14,17278,5,47,0
"17279",2588,3,1,118.096028901052,1,1,15,17279,5,47,0
"17280",2589,3,1,118.096028901052,1,1,16,17280,5,47,0
"17281",2590,3,1,118.096028901052,1,1,17,17281,5,47,0
"17282",2591,3,1,118.096028901052,1,1,18,17282,5,47,0
"17283",2592,3,1,118.096028901052,1,1,19,17283,5,47,0
"17284",2593,3,1,118.096028901052,1,1,20,17284,5,47,0
"17285",2594,3,1,118.096028901052,1,1,21,17285,5,47,0
"17286",2595,3,1,118.096028901052,1,1,22,17286,5,47,0
"17287",2596,3,1,118.096028901052,1,1,23,17287,5,47,0
"17288",2597,3,1,118.096028901052,1,1,24,17288,5,47,0
"17289",2598,4,7,40.0212251974219,1,1,25,17289,5,47,1
"17290",2599,NA,NA,NA,1,1,26,17290,5,47,0
"17291",2600,7,4,56,1,1,1,17291,1,54,0
"17292",2601,7,4,56.1185865603916,1,1,2,17292,1,54,0
"17293",2602,8,3,46.622918356368,1,1,3,17293,1,54,0
"17294",2603,9,3,42.1801924006341,1,1,4,17294,1,54,1
"17295",2604,NA,NA,NA,1,1,5,17295,1,54,0
"17296",2605,NA,NA,NA,1,1,6,17296,1,54,0
"17297",2606,NA,NA,NA,1,1,7,17297,1,54,0
"17298",2607,NA,NA,NA,1,1,8,17298,1,54,0
"17299",2608,NA,NA,NA,1,1,9,17299,1,54,0
"17300",2609,NA,NA,NA,1,1,10,17300,1,54,0
"17301",2610,NA,NA,NA,1,1,11,17301,1,54,0
"17302",2611,NA,NA,NA,1,1,12,17302,1,54,0
"17303",2612,NA,NA,NA,1,1,13,17303,1,54,0
"17304",2613,NA,NA,NA,1,1,14,17304,1,54,0
"17305",2614,NA,NA,NA,1,1,15,17305,1,54,0
"17306",2615,NA,NA,NA,1,1,16,17306,1,54,0
"17307",2616,NA,NA,NA,1,1,17,17307,1,54,0
"17308",2617,NA,NA,NA,1,1,18,17308,1,54,0
"17309",2618,NA,NA,NA,1,1,19,17309,1,54,0
"17310",2619,NA,NA,NA,1,1,20,17310,1,54,0
"17311",2620,NA,NA,NA,1,1,21,17311,1,54,0
"17312",2621,NA,NA,NA,1,1,22,17312,1,54,0
"17313",2622,NA,NA,NA,1,1,23,17313,1,54,0
"17314",2623,NA,NA,NA,1,1,24,17314,1,54,0
"17315",2624,NA,NA,NA,1,1,25,17315,1,54,0
"17316",2625,NA,NA,NA,1,1,26,17316,1,54,0
"17317",2626,3,8,51,1,1,1,17317,2,54,0
"17318",2627,4,3,40.0070451940565,1,1,2,17318,2,54,1
"17319",2628,NA,NA,NA,1,1,3,17319,2,54,0
"17320",2629,NA,NA,NA,1,1,4,17320,2,54,0
"17321",2630,NA,NA,NA,1,1,5,17321,2,54,0
"17322",2631,NA,NA,NA,1,1,6,17322,2,54,0
"17323",2632,NA,NA,NA,1,1,7,17323,2,54,0
"17324",2633,NA,NA,NA,1,1,8,17324,2,54,0
"17325",2634,NA,NA,NA,1,1,9,17325,2,54,0
"17326",2635,NA,NA,NA,1,1,10,17326,2,54,0
"17327",2636,NA,NA,NA,1,1,11,17327,2,54,0
"17328",2637,NA,NA,NA,1,1,12,17328,2,54,0
"17329",2638,NA,NA,NA,1,1,13,17329,2,54,0
"17330",2639,NA,NA,NA,1,1,14,17330,2,54,0
"17331",2640,NA,NA,NA,1,1,15,17331,2,54,0
"17332",2641,NA,NA,NA,1,1,16,17332,2,54,0
"17333",2642,NA,NA,NA,1,1,17,17333,2,54,0
"17334",2643,NA,NA,NA,1,1,18,17334,2,54,0
"17335",2644,NA,NA,NA,1,1,19,17335,2,54,0
"17336",2645,NA,NA,NA,1,1,20,17336,2,54,0
"17337",2646,NA,NA,NA,1,1,21,17337,2,54,0
"17338",2647,NA,NA,NA,1,1,22,17338,2,54,0
"17339",2648,NA,NA,NA,1,1,23,17339,2,54,0
"17340",2649,NA,NA,NA,1,1,24,17340,2,54,0
"17341",2650,NA,NA,NA,1,1,25,17341,2,54,0
"17342",2651,NA,NA,NA,1,1,26,17342,2,54,0
"17343",2652,5,6,52,1,1,1,17343,3,54,0
"17344",2653,7,5,46.0242023771169,1,1,2,17344,3,54,0
"17345",2654,9,7,42.4674497122713,1,1,3,17345,3,54,1
"17346",2655,NA,NA,NA,1,1,4,17346,3,54,0
"17347",2656,NA,NA,NA,1,1,5,17347,3,54,1
"17348",2657,NA,NA,NA,1,1,6,17348,3,54,0
"17349",2658,NA,NA,NA,1,1,7,17349,3,54,0
"17350",2659,NA,NA,NA,1,1,8,17350,3,54,1
"17351",2660,NA,NA,NA,1,1,9,17351,3,54,1
"17352",2661,NA,NA,NA,1,1,10,17352,3,54,1
"17353",2662,NA,NA,NA,1,1,11,17353,3,54,1
"17354",2663,NA,NA,NA,1,1,12,17354,3,54,1
"17355",2664,NA,NA,NA,1,1,13,17355,3,54,0
"17356",2665,NA,NA,NA,1,1,14,17356,3,54,0
"17357",2666,NA,NA,NA,1,1,15,17357,3,54,0
"17358",2667,NA,NA,NA,1,1,16,17358,3,54,0
"17359",2668,NA,NA,NA,1,1,17,17359,3,54,1
"17360",2669,NA,NA,NA,1,1,18,17360,3,54,0
"17361",2670,NA,NA,NA,1,1,19,17361,3,54,0
"17362",2671,NA,NA,NA,1,1,20,17362,3,54,0
"17363",2672,NA,NA,NA,1,1,21,17363,3,54,0
"17364",2673,NA,NA,NA,1,1,22,17364,3,54,0
"17365",2674,NA,NA,NA,1,1,23,17365,3,54,0
"17366",2675,NA,NA,NA,1,1,24,17366,3,54,0
"17367",2676,NA,NA,NA,1,1,25,17367,3,54,0
"17368",2677,NA,NA,NA,1,1,26,17368,3,54,0
"17369",2678,1,3,55,1,1,1,17369,4,54,0
"17370",2679,3,5,47.8111887228864,1,1,2,17370,4,54,0
"17371",2680,7,9,90.7755307462081,1,1,3,17371,4,54,0
"17372",2681,6,8,119.192805570968,1,1,4,17372,4,54,0
"17373",2682,6,8,119.192805570968,1,1,5,17373,4,54,0
"17374",2683,6,8,119.192805570968,1,1,6,17374,4,54,0
"17375",2684,6,8,119.192805570968,1,1,7,17375,4,54,0
"17376",2685,7,8,103.411221629152,1,1,8,17376,4,54,0
"17377",2686,6,8,119.192805570968,1,1,9,17377,4,54,0
"17378",2687,6,9,103.411118009905,1,1,10,17378,4,54,0
"17379",2688,6,8,119.192805570968,1,1,11,17379,4,54,0
"17380",2689,6,8,119.192805570968,1,1,12,17380,4,54,0
"17381",2690,6,8,119.192805570968,1,1,13,17381,4,54,0
"17382",2691,6,8,119.192805570968,1,1,14,17382,4,54,0
"17383",2692,6,8,119.192805570968,1,1,15,17383,4,54,0
"17384",2693,6,8,119.192805570968,1,1,16,17384,4,54,0
"17385",2694,6,8,119.192805570968,1,1,17,17385,4,54,0
"17386",2695,6,8,119.192805570968,1,1,18,17386,4,54,0
"17387",2696,6,8,119.192805570968,1,1,19,17387,4,54,0
"17388",2697,0,8,40.0572749467701,1,1,20,17388,4,54,1
"17389",2698,NA,NA,NA,1,1,21,17389,4,54,0
"17390",2699,NA,NA,NA,1,1,22,17390,4,54,0
"17391",2700,NA,NA,NA,1,1,23,17391,4,54,0
"17392",2701,NA,NA,NA,1,1,24,17392,4,54,0
"17393",2702,NA,NA,NA,1,1,25,17393,4,54,0
"17394",2703,NA,NA,NA,1,1,26,17394,4,54,0
"17395",2704,8,5,50,1,1,1,17395,5,54,0
"17396",2705,8,9,41.8437592089489,1,1,2,17396,5,54,1
"17397",2706,NA,NA,NA,1,1,3,17397,5,54,0
"17398",2707,NA,NA,NA,1,1,4,17398,5,54,0
"17399",2708,NA,NA,NA,1,1,5,17399,5,54,1
"17400",2709,NA,NA,NA,1,1,6,17400,5,54,1
"17401",2710,NA,NA,NA,1,1,7,17401,5,54,0
"17402",2711,NA,NA,NA,1,1,8,17402,5,54,1
"17403",2712,NA,NA,NA,1,1,9,17403,5,54,0
"17404",2713,NA,NA,NA,1,1,10,17404,5,54,0
"17405",2714,NA,NA,NA,1,1,11,17405,5,54,1
"17406",2715,NA,NA,NA,1,1,12,17406,5,54,1
"17407",2716,NA,NA,NA,1,1,13,17407,5,54,0
"17408",2717,NA,NA,NA,1,1,14,17408,5,54,1
"17409",2718,NA,NA,NA,1,1,15,17409,5,54,0
"17410",2719,NA,NA,NA,1,1,16,17410,5,54,0
"17411",2720,NA,NA,NA,1,1,17,17411,5,54,1
"17412",2721,NA,NA,NA,1,1,18,17412,5,54,0
"17413",2722,NA,NA,NA,1,1,19,17413,5,54,1
"17414",2723,NA,NA,NA,1,1,20,17414,5,54,0
"17415",2724,NA,NA,NA,1,1,21,17415,5,54,0
"17416",2725,NA,NA,NA,1,1,22,17416,5,54,0
"17417",2726,NA,NA,NA,1,1,23,17417,5,54,0
"17418",2727,NA,NA,NA,1,1,24,17418,5,54,0
"17419",2728,NA,NA,NA,1,1,25,17419,5,54,0
"17420",2729,NA,NA,NA,1,1,26,17420,5,54,0
"17421",2730,7,3,52,1,1,1,17421,1,58,0
"17422",2731,7,4,56.1185865603916,1,1,2,17422,1,58,0
"17423",2732,6,4,60.1613961109419,1,1,3,17423,1,58,0
"17424",2733,6,3,56.1132329472686,1,1,4,17424,1,58,0
"17425",2734,5,5,53.8662431642796,1,1,5,17425,1,58,0
"17426",2735,6,5,56.4277486073921,1,1,6,17426,1,58,0
"17427",2736,5,4,56.2403332645488,1,1,7,17427,1,58,0
"17428",2737,6,4,60.1613961109419,1,1,8,17428,1,58,0
"17429",2738,7,3,52.9002644603766,1,1,9,17429,1,58,0
"17430",2739,6,4,60.1613961109419,1,1,10,17430,1,58,0
"17431",2740,6,4,60.1613961109419,1,1,11,17431,1,58,0
"17432",2741,0,10,48.9211539630172,1,1,12,17432,1,58,0
"17433",2742,6,3,56.1132329472686,1,1,13,17433,1,58,0
"17434",2743,6,4,60.1613961109419,1,1,14,17434,1,58,0
"17435",2744,7,5,52.9666499374019,1,1,15,17435,1,58,0
"17436",2745,6,4,60.1613961109419,1,1,16,17436,1,58,0
"17437",2746,5,2,46.6234432725241,1,1,17,17437,1,58,0
"17438",2747,6,4,60.1613961109419,1,1,18,17438,1,58,0
"17439",2748,6,4,60.1613961109419,1,1,19,17439,1,58,0
"17440",2749,7,4,56.1185865603916,1,1,20,17440,1,58,0
"17441",2750,6,4,60.1613961109419,1,1,21,17441,1,58,0
"17442",2751,5,6,51.2030835980968,1,1,22,17442,1,58,0
"17443",2752,6,4,60.1613961109419,1,1,23,17443,1,58,0
"17444",2753,6,4,60.1613961109419,1,1,24,17444,1,58,0
"17445",2754,6,4,60.1613961109419,1,1,25,17445,1,58,0
"17446",2755,6,6,49.7786841950966,1,1,26,17446,1,58,0
"17447",2756,4,2,59,1,1,1,17447,2,58,0
"17448",2757,4,2,59.5781048356791,1,1,2,17448,2,58,0
"17449",2758,4,3,55.125434195726,1,1,3,17449,2,58,0
"17450",2759,4,1,56.5370323182295,1,1,4,17450,2,58,0
"17451",2760,3,2,62.312800325404,1,1,5,17451,2,58,0
"17452",2761,3,2,62.312800325404,1,1,6,17452,2,58,0
"17453",2762,2,2,57.6812315518143,1,1,7,17453,2,58,0
"17454",2763,3,1,57.9830972175724,1,1,8,17454,2,58,0
"17455",2764,3,3,57.792058185847,1,1,9,17455,2,58,0
"17456",2765,2,3,54.1515469791542,1,1,10,17456,2,58,0
"17457",2766,2,1,54.1681242630355,1,1,11,17457,2,58,0
"17458",2767,3,2,62.312800325404,1,1,12,17458,2,58,0
"17459",2768,3,2,62.312800325404,1,1,13,17459,2,58,0
"17460",2769,3,1,57.9830972175724,1,1,14,17460,2,58,0
"17461",2770,3,2,62.312800325404,1,1,15,17461,2,58,0
"17462",2771,2,2,57.6812315518143,1,1,16,17462,2,58,0
"17463",2772,3,2,62.312800325404,1,1,17,17463,2,58,0
"17464",2773,3,3,57.792058185847,1,1,18,17464,2,58,0
"17465",2774,3,2,62.312800325404,1,1,19,17465,2,58,0
"17466",2775,4,0,49.1791189373616,1,1,20,17466,2,58,0
"17467",2776,3,2,62.312800325404,1,1,21,17467,2,58,0
"17468",2777,3,2,62.312800325404,1,1,22,17468,2,58,0
"17469",2778,3,3,57.792058185847,1,1,23,17469,2,58,0
"17470",2779,3,2,62.312800325404,1,1,24,17470,2,58,0
"17471",2780,3,2,62.312800325404,1,1,25,17471,2,58,0
"17472",2781,3,2,62.312800325404,1,1,26,17472,2,58,0
"17473",2782,3,3,55,1,1,1,17473,3,58,0
"17474",2783,2,4,55.5366955298451,1,1,2,17474,3,58,0
"17475",2784,3,5,47.8111887228864,1,1,3,17475,3,58,0
"17476",2785,3,3,55.5135090999876,1,1,4,17476,3,58,0
"17477",2786,3,4,52.6952154915274,1,1,5,17477,3,58,0
"17478",2787,3,2,52.3926659295967,1,1,6,17478,3,58,0
"17479",2788,2,3,59.331030923842,1,1,7,17479,3,58,0
"17480",2789,2,2,55.4728357621481,1,1,8,17480,3,58,0
"17481",2790,2,3,59.331030923842,1,1,9,17481,3,58,0
"17482",2791,3,4,52.6952154915274,1,1,10,17482,3,58,0
"17483",2792,1,3,55.4732604364245,1,1,11,17483,3,58,0
"17484",2793,2,3,59.331030923842,1,1,12,17484,3,58,0
"17485",2794,2,3,59.331030923842,1,1,13,17485,3,58,0
"17486",2795,2,3,59.331030923842,1,1,14,17486,3,58,0
"17487",2796,1,2,52.3891733788038,1,1,15,17487,3,58,0
"17488",2797,1,4,52.3978158585524,1,1,16,17488,3,58,0
"17489",2798,2,3,59.331030923842,1,1,17,17489,3,58,0
"17490",2799,2,2,55.4728357621481,1,1,18,17490,3,58,0
"17491",2800,2,3,59.331030923842,1,1,19,17491,3,58,0
"17492",2801,1,3,55.4732604364245,1,1,20,17492,3,58,0
"17493",2802,2,3,59.331030923842,1,1,21,17493,3,58,0
"17494",2803,2,3,59.331030923842,1,1,22,17494,3,58,0
"17495",2804,2,3,59.331030923842,1,1,23,17495,3,58,0
"17496",2805,4,2,46.3716823833465,1,1,24,17496,3,58,0
"17497",2806,2,3,59.331030923842,1,1,25,17497,3,58,0
"17498",2807,2,3,59.331030923842,1,1,26,17498,3,58,0
"17499",2808,3,9,53,1,1,1,17499,4,58,0
"17500",2809,3,9,53.9224695038014,1,1,2,17500,4,58,0
"17501",2810,3,10,51.1419331714814,1,1,3,17501,4,58,0
"17502",2811,4,9,57.6126824817105,1,1,4,17502,4,58,0
"17503",2812,4,8,54.2165255799206,1,1,5,17503,4,58,0
"17504",2813,4,10,54.0304289335409,1,1,6,17504,4,58,0
"17505",2814,5,9,55.7702686344113,1,1,7,17505,4,58,0
"17506",2815,4,9,57.6126824817105,1,1,8,17506,4,58,0
"17507",2816,4,9,57.6126824817105,1,1,9,17507,4,58,0
"17508",2817,5,9,55.7702686344113,1,1,10,17508,4,58,0
"17509",2818,4,9,57.6126824817105,1,1,11,17509,4,58,0
"17510",2819,5,8,53.4657034375928,1,1,12,17510,4,58,0
"17511",2820,4,9,57.6126824817105,1,1,13,17511,4,58,0
"17512",2821,4,9,57.6126824817105,1,1,14,17512,4,58,0
"17513",2822,5,9,55.7702686344113,1,1,15,17513,4,58,0
"17514",2823,5,8,53.4657034375928,1,1,16,17514,4,58,0
"17515",2824,5,10,52.0906248776701,1,1,17,17515,4,58,0
"17516",2825,4,9,57.6126824817105,1,1,18,17516,4,58,0
"17517",2826,3,8,51.1580815831884,1,1,19,17517,4,58,0
"17518",2827,4,9,57.6126824817105,1,1,20,17518,4,58,0
"17519",2828,5,9,55.7702686344113,1,1,21,17519,4,58,0
"17520",2829,3,9,53.9224695038014,1,1,22,17520,4,58,0
"17521",2830,4,9,57.6126824817105,1,1,23,17521,4,58,0
"17522",2831,6,9,55.9951411791553,1,1,24,17522,4,58,0
"17523",2832,6,8,56.77744966713,1,1,25,17523,4,58,0
"17524",2833,7,8,75.4869832901858,1,1,26,17524,4,58,0
"17525",2834,2,2,55,1,1,1,17525,5,58,0
"17526",2835,2,2,55.2964093651036,1,1,2,17526,5,58,0
"17527",2836,3,2,52.5298978041246,1,1,3,17527,5,58,0
"17528",2837,2,3,47.8609806182409,1,1,4,17528,5,58,0
"17529",2838,2,1,59.0911405579218,1,1,5,17529,5,58,0
"17530",2839,1,1,55.2713287302576,1,1,6,17530,5,58,0
"17531",2840,3,1,55.512390437257,1,1,7,17531,5,58,0
"17532",2841,2,1,59.0911405579218,1,1,8,17532,5,58,0
"17533",2842,2,0,55.2809509950638,1,1,9,17533,5,58,0
"17534",2843,3,0,52.3517532983298,1,1,10,17534,5,58,0
"17535",2844,1,2,52.2288481639787,1,1,11,17535,5,58,0
"17536",2845,2,1,59.0911405579218,1,1,12,17536,5,58,0
"17537",2846,2,1,59.0911405579218,1,1,13,17537,5,58,0
"17538",2847,2,0,55.2809509950638,1,1,14,17538,5,58,0
"17539",2848,2,1,59.0911405579218,1,1,15,17539,5,58,0
"17540",2849,1,1,55.2713287302576,1,1,16,17540,5,58,0
"17541",2850,2,1,59.0911405579218,1,1,17,17541,5,58,0
"17542",2851,2,1,59.0911405579218,1,1,18,17542,5,58,0
"17543",2852,2,1,59.0911405579218,1,1,19,17543,5,58,0
"17544",2853,2,0,55.2809509950638,1,1,20,17544,5,58,0
"17545",2854,2,1,59.0911405579218,1,1,21,17545,5,58,0
"17546",2855,1,1,55.2713287302576,1,1,22,17546,5,58,0
"17547",2856,2,1,59.0911405579218,1,1,23,17547,5,58,0
"17548",2857,2,1,59.0911405579218,1,1,24,17548,5,58,0
"17549",2858,2,2,55.2964093651036,1,1,25,17549,5,58,0
"17550",2859,2,1,59.0911405579218,1,1,26,17550,5,58,0
"17551",2860,2,7,54,1,1,1,17551,1,67,0
"17552",2861,4,1,53.6335331180993,1,1,2,17552,1,67,0
"17553",2862,0,7,42.9575307056241,1,1,3,17553,1,67,1
"17554",2863,NA,NA,NA,1,1,4,17554,1,67,0
"17555",2864,NA,NA,NA,1,1,5,17555,1,67,0
"17556",2865,NA,NA,NA,1,1,6,17556,1,67,0
"17557",2866,NA,NA,NA,1,1,7,17557,1,67,0
"17558",2867,NA,NA,NA,1,1,8,17558,1,67,0
"17559",2868,NA,NA,NA,1,1,9,17559,1,67,0
"17560",2869,NA,NA,NA,1,1,10,17560,1,67,0
"17561",2870,NA,NA,NA,1,1,11,17561,1,67,0
"17562",2871,NA,NA,NA,1,1,12,17562,1,67,0
"17563",2872,NA,NA,NA,1,1,13,17563,1,67,1
"17564",2873,NA,NA,NA,1,1,14,17564,1,67,0
"17565",2874,NA,NA,NA,1,1,15,17565,1,67,0
"17566",2875,NA,NA,NA,1,1,16,17566,1,67,0
"17567",2876,NA,NA,NA,1,1,17,17567,1,67,1
"17568",2877,NA,NA,NA,1,1,18,17568,1,67,0
"17569",2878,NA,NA,NA,1,1,19,17569,1,67,0
"17570",2879,NA,NA,NA,1,1,20,17570,1,67,0
"17571",2880,NA,NA,NA,1,1,21,17571,1,67,0
"17572",2881,NA,NA,NA,1,1,22,17572,1,67,0
"17573",2882,NA,NA,NA,1,1,23,17573,1,67,0
"17574",2883,NA,NA,NA,1,1,24,17574,1,67,0
"17575",2884,NA,NA,NA,1,1,25,17575,1,67,0
"17576",2885,NA,NA,NA,1,1,26,17576,1,67,0
"17577",2886,2,3,53,1,1,1,17577,2,67,0
"17578",2887,2,10,40.0087845426293,1,1,2,17578,2,67,1
"17579",2888,NA,NA,NA,1,1,3,17579,2,67,1
"17580",2889,NA,NA,NA,1,1,4,17580,2,67,0
"17581",2890,NA,NA,NA,1,1,5,17581,2,67,0
"17582",2891,NA,NA,NA,1,1,6,17582,2,67,0
"17583",2892,NA,NA,NA,1,1,7,17583,2,67,0
"17584",2893,NA,NA,NA,1,1,8,17584,2,67,0
"17585",2894,NA,NA,NA,1,1,9,17585,2,67,0
"17586",2895,NA,NA,NA,1,1,10,17586,2,67,0
"17587",2896,NA,NA,NA,1,1,11,17587,2,67,0
"17588",2897,NA,NA,NA,1,1,12,17588,2,67,0
"17589",2898,NA,NA,NA,1,1,13,17589,2,67,0
"17590",2899,NA,NA,NA,1,1,14,17590,2,67,0
"17591",2900,NA,NA,NA,1,1,15,17591,2,67,0
"17592",2901,NA,NA,NA,1,1,16,17592,2,67,0
"17593",2902,NA,NA,NA,1,1,17,17593,2,67,0
"17594",2903,NA,NA,NA,1,1,18,17594,2,67,0
"17595",2904,NA,NA,NA,1,1,19,17595,2,67,0
"17596",2905,NA,NA,NA,1,1,20,17596,2,67,0
"17597",2906,NA,NA,NA,1,1,21,17597,2,67,0
"17598",2907,NA,NA,NA,1,1,22,17598,2,67,0
"17599",2908,NA,NA,NA,1,1,23,17599,2,67,0
"17600",2909,NA,NA,NA,1,1,24,17600,2,67,0
"17601",2910,NA,NA,NA,1,1,25,17601,2,67,0
"17602",2911,NA,NA,NA,1,1,26,17602,2,67,0
"17603",2912,1,8,57,1,1,1,17603,3,67,0
"17604",2913,1,8,57.7724331727383,1,1,2,17604,3,67,0
"17605",2914,2,9,51.5089963743017,1,1,3,17605,3,67,0
"17606",2915,0,8,49.1148086007066,1,1,4,17606,3,67,0
"17607",2916,2,8,62.4164640166022,1,1,5,17607,3,67,0
"17608",2917,3,7,64.4593263189505,1,1,6,17608,3,67,0
"17609",2918,2,7,67.9947757341506,1,1,7,17609,3,67,0
"17610",2919,2,6,62.4164640166022,1,1,8,17610,3,67,0
"17611",2920,1,6,57.7724331727383,1,1,9,17611,3,67,0
"17612",2921,3,6,59.5854974337311,1,1,10,17612,3,67,0
"17613",2922,1,7,62.1950830671822,1,1,11,17613,3,67,0
"17614",2923,4,7,62.2363420667803,1,1,12,17614,3,67,0
"17615",2924,4,8,57.8054707969235,1,1,13,17615,3,67,0
"17616",2925,1,9,49.1246714377466,1,1,14,17616,3,67,0
"17617",2926,3,8,59.5854974337311,1,1,15,17617,3,67,0
"17618",2927,6,7,105.0154752929,1,1,16,17618,3,67,0
"17619",2928,7,7,120.313905748197,1,1,17,17619,3,67,0
"17620",2929,7,8,104.310348306917,1,1,18,17620,3,67,0
"17621",2930,6,6,92.0603228354384,1,1,19,17621,3,67,0
"17622",2931,7,7,120.313905748197,1,1,20,17622,3,67,0
"17623",2932,7,6,104.310348306917,1,1,21,17623,3,67,0
"17624",2933,7,7,120.313905748197,1,1,22,17624,3,67,0
"17625",2934,8,7,104.233935089325,1,1,23,17625,3,67,0
"17626",2935,7,7,120.313905748197,1,1,24,17626,3,67,0
"17627",2936,7,7,120.313905748197,1,1,25,17627,3,67,0
"17628",2937,7,7,120.313905748197,1,1,26,17628,3,67,0
"17629",2938,8,1,50,1,1,1,17629,4,67,0
"17630",2939,9,1,53.3369907867474,1,1,2,17630,4,67,0
"17631",2940,6,5,40.6063597277193,1,1,3,17631,4,67,1
"17632",2941,NA,NA,NA,1,1,4,17632,4,67,1
"17633",2942,NA,NA,NA,1,1,5,17633,4,67,0
"17634",2943,NA,NA,NA,1,1,6,17634,4,67,1
"17635",2944,NA,NA,NA,1,1,7,17635,4,67,0
"17636",2945,NA,NA,NA,1,1,8,17636,4,67,0
"17637",2946,NA,NA,NA,1,1,9,17637,4,67,0
"17638",2947,NA,NA,NA,1,1,10,17638,4,67,0
"17639",2948,NA,NA,NA,1,1,11,17639,4,67,0
"17640",2949,NA,NA,NA,1,1,12,17640,4,67,0
"17641",2950,NA,NA,NA,1,1,13,17641,4,67,0
"17642",2951,NA,NA,NA,1,1,14,17642,4,67,0
"17643",2952,NA,NA,NA,1,1,15,17643,4,67,0
"17644",2953,NA,NA,NA,1,1,16,17644,4,67,0
"17645",2954,NA,NA,NA,1,1,17,17645,4,67,0
"17646",2955,NA,NA,NA,1,1,18,17646,4,67,0
"17647",2956,NA,NA,NA,1,1,19,17647,4,67,0
"17648",2957,NA,NA,NA,1,1,20,17648,4,67,0
"17649",2958,NA,NA,NA,1,1,21,17649,4,67,0
"17650",2959,NA,NA,NA,1,1,22,17650,4,67,0
"17651",2960,NA,NA,NA,1,1,23,17651,4,67,0
"17652",2961,NA,NA,NA,1,1,24,17652,4,67,0
"17653",2962,NA,NA,NA,1,1,25,17653,4,67,0
"17654",2963,NA,NA,NA,1,1,26,17654,4,67,0
"17655",2964,3,4,52,1,1,1,17655,5,67,0
"17656",2965,0,1,43.2657240706395,1,1,2,17656,5,67,1
"17657",2966,NA,NA,NA,1,1,3,17657,5,67,1
"17658",2967,NA,NA,NA,1,1,4,17658,5,67,0
"17659",2968,NA,NA,NA,1,1,5,17659,5,67,0
"17660",2969,NA,NA,NA,1,1,6,17660,5,67,0
"17661",2970,NA,NA,NA,1,1,7,17661,5,67,0
"17662",2971,NA,NA,NA,1,1,8,17662,5,67,0
"17663",2972,NA,NA,NA,1,1,9,17663,5,67,0
"17664",2973,NA,NA,NA,1,1,10,17664,5,67,0
"17665",2974,NA,NA,NA,1,1,11,17665,5,67,0
"17666",2975,NA,NA,NA,1,1,12,17666,5,67,0
"17667",2976,NA,NA,NA,1,1,13,17667,5,67,0
"17668",2977,NA,NA,NA,1,1,14,17668,5,67,0
"17669",2978,NA,NA,NA,1,1,15,17669,5,67,0
"17670",2979,NA,NA,NA,1,1,16,17670,5,67,0
"17671",2980,NA,NA,NA,1,1,17,17671,5,67,0
"17672",2981,NA,NA,NA,1,1,18,17672,5,67,0
"17673",2982,NA,NA,NA,1,1,19,17673,5,67,0
"17674",2983,NA,NA,NA,1,1,20,17674,5,67,0
"17675",2984,NA,NA,NA,1,1,21,17675,5,67,0
"17676",2985,NA,NA,NA,1,1,22,17676,5,67,0
"17677",2986,NA,NA,NA,1,1,23,17677,5,67,0
"17678",2987,NA,NA,NA,1,1,24,17678,5,67,0
"17679",2988,NA,NA,NA,1,1,25,17679,5,67,0
"17680",2989,NA,NA,NA,1,1,26,17680,5,67,0
"17681",2990,5,3,55,1,1,1,17681,1,69,0
"17682",2991,10,1,91.9212044888841,1,1,2,17682,1,69,0
"17683",2992,9,1,104.85173838323,1,1,3,17683,1,69,0
"17684",2993,9,2,121.010084917168,1,1,4,17684,1,69,0
"17685",2994,8,2,105.092284466109,1,1,5,17685,1,69,0
"17686",2995,10,2,104.843478611367,1,1,6,17686,1,69,0
"17687",2996,9,2,121.010084917168,1,1,7,17687,1,69,0
"17688",2997,9,2,121.010084917168,1,1,8,17688,1,69,0
"17689",2998,9,2,121.010084917168,1,1,9,17689,1,69,0
"17690",2999,9,2,121.010084917168,1,1,10,17690,1,69,0
"17691",3000,9,3,104.906885870399,1,1,11,17691,1,69,0
"17692",3001,9,2,121.010084917168,1,1,12,17692,1,69,0
"17693",3002,9,2,121.010084917168,1,1,13,17693,1,69,0
"17694",3003,9,2,121.010084917168,1,1,14,17694,1,69,0
"17695",3004,0,8,40.0174933249899,1,1,15,17695,1,69,1
"17696",3005,NA,NA,NA,1,1,16,17696,1,69,0
"17697",3006,NA,NA,NA,1,1,17,17697,1,69,0
"17698",3007,NA,NA,NA,1,1,18,17698,1,69,0
"17699",3008,NA,NA,NA,1,1,19,17699,1,69,0
"17700",3009,NA,NA,NA,1,1,20,17700,1,69,0
"17701",3010,NA,NA,NA,1,1,21,17701,1,69,0
"17702",3011,NA,NA,NA,1,1,22,17702,1,69,0
"17703",3012,NA,NA,NA,1,1,23,17703,1,69,0
"17704",3013,NA,NA,NA,1,1,24,17704,1,69,0
"17705",3014,NA,NA,NA,1,1,25,17705,1,69,0
"17706",3015,NA,NA,NA,1,1,26,17706,1,69,0
"17707",3016,1,7,62,1,1,1,17707,2,69,0
"17708",3017,2,6,62.4164640166022,1,1,2,17708,2,69,0
"17709",3018,1,6,57.7724331727383,1,1,3,17709,2,69,0
"17710",3019,5,9,55.0963519426674,1,1,4,17710,2,69,0
"17711",3020,1,1,40.0074456208922,1,1,5,17711,2,69,1
"17712",3021,NA,NA,NA,1,1,6,17712,2,69,0
"17713",3022,NA,NA,NA,1,1,7,17713,2,69,1
"17714",3023,NA,NA,NA,1,1,8,17714,2,69,0
"17715",3024,NA,NA,NA,1,1,9,17715,2,69,0
"17716",3025,NA,NA,NA,1,1,10,17716,2,69,0
"17717",3026,NA,NA,NA,1,1,11,17717,2,69,0
"17718",3027,NA,NA,NA,1,1,12,17718,2,69,0
"17719",3028,NA,NA,NA,1,1,13,17719,2,69,0
"17720",3029,NA,NA,NA,1,1,14,17720,2,69,0
"17721",3030,NA,NA,NA,1,1,15,17721,2,69,0
"17722",3031,NA,NA,NA,1,1,16,17722,2,69,0
"17723",3032,NA,NA,NA,1,1,17,17723,2,69,0
"17724",3033,NA,NA,NA,1,1,18,17724,2,69,0
"17725",3034,NA,NA,NA,1,1,19,17725,2,69,0
"17726",3035,NA,NA,NA,1,1,20,17726,2,69,0
"17727",3036,NA,NA,NA,1,1,21,17727,2,69,0
"17728",3037,NA,NA,NA,1,1,22,17728,2,69,0
"17729",3038,NA,NA,NA,1,1,23,17729,2,69,0
"17730",3039,NA,NA,NA,1,1,24,17730,2,69,0
"17731",3040,NA,NA,NA,1,1,25,17731,2,69,0
"17732",3041,NA,NA,NA,1,1,26,17732,2,69,0
"17733",3042,1,4,52,1,1,1,17733,3,69,0
"17734",3043,6,7,103.426699601163,1,1,2,17734,3,69,0
"17735",3044,6,6,72.6309568731535,1,1,3,17735,3,69,0
"17736",3045,7,7,90.7776394852742,1,1,4,17736,3,69,0
"17737",3046,6,8,119.192805570968,1,1,5,17737,3,69,0
"17738",3047,7,7,90.7776394852742,1,1,6,17738,3,69,0
"17739",3048,5,8,103.421042182012,1,1,7,17739,3,69,0
"17740",3049,6,8,119.192805570968,1,1,8,17740,3,69,0
"17741",3050,6,8,119.192805570968,1,1,9,17741,3,69,0
"17742",3051,6,8,119.192805570968,1,1,10,17742,3,69,0
"17743",3052,7,8,103.411221629152,1,1,11,17743,3,69,0
"17744",3053,6,8,119.192805570968,1,1,12,17744,3,69,0
"17745",3054,6,9,103.411118009905,1,1,13,17745,3,69,0
"17746",3055,6,7,103.426699601163,1,1,14,17746,3,69,0
"17747",3056,6,8,119.192805570968,1,1,15,17747,3,69,0
"17748",3057,6,9,103.411118009905,1,1,16,17748,3,69,0
"17749",3058,7,8,103.411221629152,1,1,17,17749,3,69,0
"17750",3059,6,3,40.8580955814452,1,1,18,17750,3,69,1
"17751",3060,NA,NA,NA,1,1,19,17751,3,69,0
"17752",3061,NA,NA,NA,1,1,20,17752,3,69,0
"17753",3062,NA,NA,NA,1,1,21,17753,3,69,0
"17754",3063,NA,NA,NA,1,1,22,17754,3,69,0
"17755",3064,NA,NA,NA,1,1,23,17755,3,69,0
"17756",3065,NA,NA,NA,1,1,24,17756,3,69,0
"17757",3066,NA,NA,NA,1,1,25,17757,3,69,0
"17758",3067,NA,NA,NA,1,1,26,17758,3,69,0
"17759",3068,3,3,57,1,1,1,17759,4,69,0
"17760",3069,4,3,55.125434195726,1,1,2,17760,4,69,0
"17761",3070,3,4,49.1101777397648,1,1,3,17761,4,69,0
"17762",3071,3,2,62.312800325404,1,1,4,17762,4,69,0
"17763",3072,3,3,57.792058185847,1,1,5,17763,4,69,0
"17764",3073,3,1,57.9830972175724,1,1,6,17764,4,69,0
"17765",3074,0,5,40.4039170373509,1,1,7,17765,4,69,1
"17766",3075,NA,NA,NA,1,1,8,17766,4,69,0
"17767",3076,NA,NA,NA,1,1,9,17767,4,69,1
"17768",3077,NA,NA,NA,1,1,10,17768,4,69,0
"17769",3078,NA,NA,NA,1,1,11,17769,4,69,0
"17770",3079,NA,NA,NA,1,1,12,17770,4,69,0
"17771",3080,NA,NA,NA,1,1,13,17771,4,69,0
"17772",3081,NA,NA,NA,1,1,14,17772,4,69,0
"17773",3082,NA,NA,NA,1,1,15,17773,4,69,0
"17774",3083,NA,NA,NA,1,1,16,17774,4,69,0
"17775",3084,NA,NA,NA,1,1,17,17775,4,69,0
"17776",3085,NA,NA,NA,1,1,18,17776,4,69,0
"17777",3086,NA,NA,NA,1,1,19,17777,4,69,0
"17778",3087,NA,NA,NA,1,1,20,17778,4,69,0
"17779",3088,NA,NA,NA,1,1,21,17779,4,69,0
"17780",3089,NA,NA,NA,1,1,22,17780,4,69,0
"17781",3090,NA,NA,NA,1,1,23,17781,4,69,0
"17782",3091,NA,NA,NA,1,1,24,17782,4,69,0
"17783",3092,NA,NA,NA,1,1,25,17783,4,69,0
"17784",3093,NA,NA,NA,1,1,26,17784,4,69,0
"17785",3094,6,5,56,1,1,1,17785,5,69,0
"17786",3095,5,2,46.6234432725241,1,1,2,17786,5,69,0
"17787",3096,4,5,48.5058177089531,1,1,3,17787,5,69,0
"17788",3097,0,2,40.0029825187798,1,1,4,17788,5,69,1
"17789",3098,NA,NA,NA,1,1,5,17789,5,69,0
"17790",3099,NA,NA,NA,1,1,6,17790,5,69,0
"17791",3100,NA,NA,NA,1,1,7,17791,5,69,0
"17792",3101,NA,NA,NA,1,1,8,17792,5,69,0
"17793",3102,NA,NA,NA,1,1,9,17793,5,69,1
"17794",3103,NA,NA,NA,1,1,10,17794,5,69,0
"17795",3104,NA,NA,NA,1,1,11,17795,5,69,0
"17796",3105,NA,NA,NA,1,1,12,17796,5,69,0
"17797",3106,NA,NA,NA,1,1,13,17797,5,69,0
"17798",3107,NA,NA,NA,1,1,14,17798,5,69,0
"17799",3108,NA,NA,NA,1,1,15,17799,5,69,0
"17800",3109,NA,NA,NA,1,1,16,17800,5,69,0
"17801",3110,NA,NA,NA,1,1,17,17801,5,69,0
"17802",3111,NA,NA,NA,1,1,18,17802,5,69,0
"17803",3112,NA,NA,NA,1,1,19,17803,5,69,0
"17804",3113,NA,NA,NA,1,1,20,17804,5,69,0
"17805",3114,NA,NA,NA,1,1,21,17805,5,69,0
"17806",3115,NA,NA,NA,1,1,22,17806,5,69,0
"17807",3116,NA,NA,NA,1,1,23,17807,5,69,0
"17808",3117,NA,NA,NA,1,1,24,17808,5,69,0
"17809",3118,NA,NA,NA,1,1,25,17809,5,69,0
"17810",3119,NA,NA,NA,1,1,26,17810,5,69,0
"17811",3120,0,4,52,1,1,1,17811,1,72,0
"17812",3121,1,9,71.7714305775289,1,1,2,17812,1,72,0
"17813",3122,1,8,65.5132513627574,1,1,3,17813,1,72,0
"17814",3123,3,8,101.901206155037,1,1,4,17814,1,72,0
"17815",3124,3,7,72.0019168853011,1,1,5,17815,1,72,0
"17816",3125,2,8,89.6034413143849,1,1,6,17816,1,72,0
"17817",3126,2,9,101.874523028906,1,1,7,17817,1,72,0
"17818",3127,3,9,117.267936882155,1,1,8,17818,1,72,0
"17819",3128,3,9,117.267936882155,1,1,9,17819,1,72,0
"17820",3129,3,9,117.267936882155,1,1,10,17820,1,72,0
"17821",3130,4,8,89.5514696812966,1,1,11,17821,1,72,0
"17822",3131,3,9,117.267936882155,1,1,12,17822,1,72,0
"17823",3132,3,10,101.869251008432,1,1,13,17823,1,72,0
"17824",3133,2,10,89.5412011875555,1,1,14,17824,1,72,0
"17825",3134,4,9,101.870013225293,1,1,15,17825,1,72,0
"17826",3135,4,10,89.5409502711099,1,1,16,17826,1,72,0
"17827",3136,3,9,117.267936882155,1,1,17,17827,1,72,0
"17828",3137,3,9,117.267936882155,1,1,18,17828,1,72,0
"17829",3138,2,9,101.874523028906,1,1,19,17829,1,72,0
"17830",3139,3,9,117.267936882155,1,1,20,17830,1,72,0
"17831",3140,3,9,117.267936882155,1,1,21,17831,1,72,0
"17832",3141,3,9,117.267936882155,1,1,22,17832,1,72,0
"17833",3142,3,9,117.267936882155,1,1,23,17833,1,72,0
"17834",3143,3,9,117.267936882155,1,1,24,17834,1,72,0
"17835",3144,3,9,117.267936882155,1,1,25,17835,1,72,0
"17836",3145,3,9,117.267936882155,1,1,26,17836,1,72,0
"17837",3146,3,5,53,1,1,1,17837,2,72,0
"17838",3147,0,8,43.5847890368534,1,1,2,17838,2,72,1
"17839",3148,NA,NA,NA,1,1,3,17839,2,72,1
"17840",3149,NA,NA,NA,1,1,4,17840,2,72,0
"17841",3150,NA,NA,NA,1,1,5,17841,2,72,0
"17842",3151,NA,NA,NA,1,1,6,17842,2,72,0
"17843",3152,NA,NA,NA,1,1,7,17843,2,72,0
"17844",3153,NA,NA,NA,1,1,8,17844,2,72,1
"17845",3154,NA,NA,NA,1,1,9,17845,2,72,0
"17846",3155,NA,NA,NA,1,1,10,17846,2,72,1
"17847",3156,NA,NA,NA,1,1,11,17847,2,72,1
"17848",3157,NA,NA,NA,1,1,12,17848,2,72,0
"17849",3158,NA,NA,NA,1,1,13,17849,2,72,0
"17850",3159,NA,NA,NA,1,1,14,17850,2,72,0
"17851",3160,NA,NA,NA,1,1,15,17851,2,72,0
"17852",3161,NA,NA,NA,1,1,16,17852,2,72,0
"17853",3162,NA,NA,NA,1,1,17,17853,2,72,0
"17854",3163,NA,NA,NA,1,1,18,17854,2,72,0
"17855",3164,NA,NA,NA,1,1,19,17855,2,72,0
"17856",3165,NA,NA,NA,1,1,20,17856,2,72,0
"17857",3166,NA,NA,NA,1,1,21,17857,2,72,0
"17858",3167,NA,NA,NA,1,1,22,17858,2,72,0
"17859",3168,NA,NA,NA,1,1,23,17859,2,72,0
"17860",3169,NA,NA,NA,1,1,24,17860,2,72,0
"17861",3170,NA,NA,NA,1,1,25,17861,2,72,0
"17862",3171,NA,NA,NA,1,1,26,17862,2,72,0
"17863",3172,6,6,52,1,1,1,17863,3,72,0
"17864",3173,3,10,67.713548010969,1,1,2,17864,3,72,0
"17865",3174,6,7,56.1920406891428,1,1,3,17865,3,72,0
"17866",3175,2,10,93.467793981095,1,1,4,17866,3,72,0
"17867",3176,1,10,106.70406114105,1,1,5,17867,3,72,0
"17868",3177,2,9,106.884257494203,1,1,6,17868,3,72,0
"17869",3178,1,9,123.318322117674,1,1,7,17869,3,72,0
"17870",3179,1,10,106.70406114105,1,1,8,17870,3,72,0
"17871",3180,2,9,106.884257494203,1,1,9,17871,3,72,0
"17872",3181,1,9,123.318322117674,1,1,10,17872,3,72,0
"17873",3182,1,8,106.745372876225,1,1,11,17873,3,72,0
"17874",3183,0,9,106.697873633235,1,1,12,17874,3,72,0
"17875",3184,0,8,93.410022519143,1,1,13,17875,3,72,0
"17876",3185,0,10,93.4064377210237,1,1,14,17876,3,72,0
"17877",3186,1,9,123.318322117674,1,1,15,17877,3,72,0
"17878",3187,1,9,123.318322117674,1,1,16,17878,3,72,0
"17879",3188,1,9,123.318322117674,1,1,17,17879,3,72,0
"17880",3189,1,9,123.318322117674,1,1,18,17880,3,72,0
"17881",3190,1,10,106.70406114105,1,1,19,17881,3,72,0
"17882",3191,1,9,123.318322117674,1,1,20,17882,3,72,0
"17883",3192,1,9,123.318322117674,1,1,21,17883,3,72,0
"17884",3193,1,9,123.318322117674,1,1,22,17884,3,72,0
"17885",3194,2,8,93.773048709854,1,1,23,17885,3,72,0
"17886",3195,3,9,75.1362203938708,1,1,24,17886,3,72,0
"17887",3196,2,9,106.884257494203,1,1,25,17887,3,72,0
"17888",3197,1,9,123.318322117674,1,1,26,17888,3,72,0
"17889",3198,8,1,51,1,1,1,17889,4,72,0
"17890",3199,8,2,49.388763315403,1,1,2,17890,4,72,0
"17891",3200,9,2,44.7256505891898,1,1,3,17891,4,72,1
"17892",3201,NA,NA,NA,1,1,4,17892,4,72,0
"17893",3202,NA,NA,NA,1,1,5,17893,4,72,0
"17894",3203,NA,NA,NA,1,1,6,17894,4,72,0
"17895",3204,NA,NA,NA,1,1,7,17895,4,72,0
"17896",3205,NA,NA,NA,1,1,8,17896,4,72,0
"17897",3206,NA,NA,NA,1,1,9,17897,4,72,0
"17898",3207,NA,NA,NA,1,1,10,17898,4,72,1
"17899",3208,NA,NA,NA,1,1,11,17899,4,72,0
"17900",3209,NA,NA,NA,1,1,12,17900,4,72,0
"17901",3210,NA,NA,NA,1,1,13,17901,4,72,0
"17902",3211,NA,NA,NA,1,1,14,17902,4,72,0
"17903",3212,NA,NA,NA,1,1,15,17903,4,72,0
"17904",3213,NA,NA,NA,1,1,16,17904,4,72,0
"17905",3214,NA,NA,NA,1,1,17,17905,4,72,0
"17906",3215,NA,NA,NA,1,1,18,17906,4,72,0
"17907",3216,NA,NA,NA,1,1,19,17907,4,72,0
"17908",3217,NA,NA,NA,1,1,20,17908,4,72,0
"17909",3218,NA,NA,NA,1,1,21,17909,4,72,0
"17910",3219,NA,NA,NA,1,1,22,17910,4,72,0
"17911",3220,NA,NA,NA,1,1,23,17911,4,72,0
"17912",3221,NA,NA,NA,1,1,24,17912,4,72,0
"17913",3222,NA,NA,NA,1,1,25,17913,4,72,0
"17914",3223,NA,NA,NA,1,1,26,17914,4,72,0
"17915",3224,2,7,53,1,1,1,17915,5,72,0
"17916",3225,10,0,40.0006253827898,1,1,2,17916,5,72,1
"17917",3226,NA,NA,NA,1,1,3,17917,5,72,0
"17918",3227,NA,NA,NA,1,1,4,17918,5,72,0
"17919",3228,NA,NA,NA,1,1,5,17919,5,72,0
"17920",3229,NA,NA,NA,1,1,6,17920,5,72,1
"17921",3230,NA,NA,NA,1,1,7,17921,5,72,0
"17922",3231,NA,NA,NA,1,1,8,17922,5,72,1
"17923",3232,NA,NA,NA,1,1,9,17923,5,72,1
"17924",3233,NA,NA,NA,1,1,10,17924,5,72,1
"17925",3234,NA,NA,NA,1,1,11,17925,5,72,0
"17926",3235,NA,NA,NA,1,1,12,17926,5,72,1
"17927",3236,NA,NA,NA,1,1,13,17927,5,72,1
"17928",3237,NA,NA,NA,1,1,14,17928,5,72,0
"17929",3238,NA,NA,NA,1,1,15,17929,5,72,0
"17930",3239,NA,NA,NA,1,1,16,17930,5,72,0
"17931",3240,NA,NA,NA,1,1,17,17931,5,72,0
"17932",3241,NA,NA,NA,1,1,18,17932,5,72,0
"17933",3242,NA,NA,NA,1,1,19,17933,5,72,0
"17934",3243,NA,NA,NA,1,1,20,17934,5,72,0
"17935",3244,NA,NA,NA,1,1,21,17935,5,72,0
"17936",3245,NA,NA,NA,1,1,22,17936,5,72,0
"17937",3246,NA,NA,NA,1,1,23,17937,5,72,0
"17938",3247,NA,NA,NA,1,1,24,17938,5,72,0
"17939",3248,NA,NA,NA,1,1,25,17939,5,72,0
"17940",3249,NA,NA,NA,1,1,26,17940,5,72,0
"17941",3250,3,3,57,1,1,1,17941,1,74,0
"17942",3251,3,3,57.792058185847,1,1,2,17942,1,74,0
"17943",3252,3,3,57.792058185847,1,1,3,17943,1,74,0
"17944",3253,7,10,40.0000014428022,1,1,4,17944,1,74,1
"17945",3254,NA,NA,NA,1,1,5,17945,1,74,0
"17946",3255,NA,NA,NA,1,1,6,17946,1,74,0
"17947",3256,NA,NA,NA,1,1,7,17947,1,74,0
"17948",3257,NA,NA,NA,1,1,8,17948,1,74,0
"17949",3258,NA,NA,NA,1,1,9,17949,1,74,0
"17950",3259,NA,NA,NA,1,1,10,17950,1,74,0
"17951",3260,NA,NA,NA,1,1,11,17951,1,74,0
"17952",3261,NA,NA,NA,1,1,12,17952,1,74,0
"17953",3262,NA,NA,NA,1,1,13,17953,1,74,0
"17954",3263,NA,NA,NA,1,1,14,17954,1,74,0
"17955",3264,NA,NA,NA,1,1,15,17955,1,74,0
"17956",3265,NA,NA,NA,1,1,16,17956,1,74,0
"17957",3266,NA,NA,NA,1,1,17,17957,1,74,0
"17958",3267,NA,NA,NA,1,1,18,17958,1,74,0
"17959",3268,NA,NA,NA,1,1,19,17959,1,74,0
"17960",3269,NA,NA,NA,1,1,20,17960,1,74,0
"17961",3270,NA,NA,NA,1,1,21,17961,1,74,0
"17962",3271,NA,NA,NA,1,1,22,17962,1,74,0
"17963",3272,NA,NA,NA,1,1,23,17963,1,74,0
"17964",3273,NA,NA,NA,1,1,24,17964,1,74,0
"17965",3274,NA,NA,NA,1,1,25,17965,1,74,0
"17966",3275,NA,NA,NA,1,1,26,17966,1,74,0
"17967",3276,0,2,52,1,1,1,17967,2,74,0
"17968",3277,10,5,40.0000413211801,1,1,2,17968,2,74,1
"17969",3278,NA,NA,NA,1,1,3,17969,2,74,1
"17970",3279,NA,NA,NA,1,1,4,17970,2,74,0
"17971",3280,NA,NA,NA,1,1,5,17971,2,74,0
"17972",3281,NA,NA,NA,1,1,6,17972,2,74,0
"17973",3282,NA,NA,NA,1,1,7,17973,2,74,0
"17974",3283,NA,NA,NA,1,1,8,17974,2,74,0
"17975",3284,NA,NA,NA,1,1,9,17975,2,74,0
"17976",3285,NA,NA,NA,1,1,10,17976,2,74,0
"17977",3286,NA,NA,NA,1,1,11,17977,2,74,0
"17978",3287,NA,NA,NA,1,1,12,17978,2,74,0
"17979",3288,NA,NA,NA,1,1,13,17979,2,74,0
"17980",3289,NA,NA,NA,1,1,14,17980,2,74,0
"17981",3290,NA,NA,NA,1,1,15,17981,2,74,0
"17982",3291,NA,NA,NA,1,1,16,17982,2,74,0
"17983",3292,NA,NA,NA,1,1,17,17983,2,74,0
"17984",3293,NA,NA,NA,1,1,18,17984,2,74,0
"17985",3294,NA,NA,NA,1,1,19,17985,2,74,0
"17986",3295,NA,NA,NA,1,1,20,17986,2,74,0
"17987",3296,NA,NA,NA,1,1,21,17987,2,74,1
"17988",3297,NA,NA,NA,1,1,22,17988,2,74,0
"17989",3298,NA,NA,NA,1,1,23,17989,2,74,0
"17990",3299,NA,NA,NA,1,1,24,17990,2,74,1
"17991",3300,NA,NA,NA,1,1,25,17991,2,74,0
"17992",3301,NA,NA,NA,1,1,26,17992,2,74,0
"17993",3302,8,1,50,1,1,1,17993,3,74,0
"17994",3303,7,1,47.702955625945,1,1,2,17994,3,74,0
"17995",3304,8,1,50.9603463553358,1,1,3,17995,3,74,0
"17996",3305,7,1,47.702955625945,1,1,4,17996,3,74,0
"17997",3306,8,1,50.9603463553358,1,1,5,17997,3,74,0
"17998",3307,7,1,47.702955625945,1,1,6,17998,3,74,0
"17999",3308,8,1,50.9603463553358,1,1,7,17999,3,74,0
"18000",3309,7,0,44.5957617171856,1,1,8,18000,3,74,1
"18001",3310,NA,NA,NA,1,1,9,18001,3,74,0
"18002",3311,NA,NA,NA,1,1,10,18002,3,74,0
"18003",3312,NA,NA,NA,1,1,11,18003,3,74,0
"18004",3313,NA,NA,NA,1,1,12,18004,3,74,0
"18005",3314,NA,NA,NA,1,1,13,18005,3,74,0
"18006",3315,NA,NA,NA,1,1,14,18006,3,74,0
"18007",3316,NA,NA,NA,1,1,15,18007,3,74,0
"18008",3317,NA,NA,NA,1,1,16,18008,3,74,1
"18009",3318,NA,NA,NA,1,1,17,18009,3,74,1
"18010",3319,NA,NA,NA,1,1,18,18010,3,74,0
"18011",3320,NA,NA,NA,1,1,19,18011,3,74,0
"18012",3321,NA,NA,NA,1,1,20,18012,3,74,0
"18013",3322,NA,NA,NA,1,1,21,18013,3,74,0
"18014",3323,NA,NA,NA,1,1,22,18014,3,74,0
"18015",3324,NA,NA,NA,1,1,23,18015,3,74,0
"18016",3325,NA,NA,NA,1,1,24,18016,3,74,0
"18017",3326,NA,NA,NA,1,1,25,18017,3,74,0
"18018",3327,NA,NA,NA,1,1,26,18018,3,74,0
"18019",3328,2,2,55,1,1,1,18019,4,74,0
"18020",3329,2,1,47.9436713713208,1,1,2,18020,4,74,0
"18021",3330,2,3,59.331030923842,1,1,3,18021,4,74,0
"18022",3331,2,3,59.331030923842,1,1,4,18022,4,74,0
"18023",3332,2,3,59.331030923842,1,1,5,18023,4,74,0
"18024",3333,2,3,59.331030923842,1,1,6,18024,4,74,0
"18025",3334,2,3,59.331030923842,1,1,7,18025,4,74,0
"18026",3335,2,3,59.331030923842,1,1,8,18026,4,74,0
"18027",3336,2,3,59.331030923842,1,1,9,18027,4,74,0
"18028",3337,2,3,59.331030923842,1,1,10,18028,4,74,0
"18029",3338,2,3,59.331030923842,1,1,11,18029,4,74,0
"18030",3339,2,3,59.331030923842,1,1,12,18030,4,74,0
"18031",3340,2,3,59.331030923842,1,1,13,18031,4,74,0
"18032",3341,3,2,52.3926659295967,1,1,14,18032,4,74,0
"18033",3342,2,3,59.331030923842,1,1,15,18033,4,74,0
"18034",3343,2,3,59.331030923842,1,1,16,18034,4,74,0
"18035",3344,2,3,59.331030923842,1,1,17,18035,4,74,0
"18036",3345,2,3,59.331030923842,1,1,18,18036,4,74,0
"18037",3346,2,3,59.331030923842,1,1,19,18037,4,74,0
"18038",3347,3,3,55.5135090999876,1,1,20,18038,4,74,0
"18039",3348,2,3,59.331030923842,1,1,21,18039,4,74,0
"18040",3349,2,3,59.331030923842,1,1,22,18040,4,74,0
"18041",3350,2,3,59.331030923842,1,1,23,18041,4,74,0
"18042",3351,3,3,55.5135090999876,1,1,24,18042,4,74,0
"18043",3352,3,3,55.5135090999876,1,1,25,18043,4,74,0
"18044",3353,2,3,59.331030923842,1,1,26,18044,4,74,0
"18045",3354,6,0,52,1,1,1,18045,5,74,0
"18046",3355,6,0,52.8288621491422,1,1,2,18046,5,74,0
"18047",3356,6,0,52.8288621491422,1,1,3,18047,5,74,0
"18048",3357,5,1,60.2186332264043,1,1,4,18048,5,74,0
"18049",3358,5,1,60.2186332264043,1,1,5,18049,5,74,0
"18050",3359,5,1,60.2186332264043,1,1,6,18050,5,74,0
"18051",3360,5,1,60.2186332264043,1,1,7,18051,5,74,0
"18052",3361,10,1,40.0862186711637,1,1,8,18052,5,74,1
"18053",3362,NA,NA,NA,1,1,9,18053,5,74,0
"18054",3363,NA,NA,NA,1,1,10,18054,5,74,0
"18055",3364,NA,NA,NA,1,1,11,18055,5,74,0
"18056",3365,NA,NA,NA,1,1,12,18056,5,74,0
"18057",3366,NA,NA,NA,1,1,13,18057,5,74,0
"18058",3367,NA,NA,NA,1,1,14,18058,5,74,0
"18059",3368,NA,NA,NA,1,1,15,18059,5,74,0
"18060",3369,NA,NA,NA,1,1,16,18060,5,74,0
"18061",3370,NA,NA,NA,1,1,17,18061,5,74,0
"18062",3371,NA,NA,NA,1,1,18,18062,5,74,0
"18063",3372,NA,NA,NA,1,1,19,18063,5,74,0
"18064",3373,NA,NA,NA,1,1,20,18064,5,74,0
"18065",3374,NA,NA,NA,1,1,21,18065,5,74,0
"18066",3375,NA,NA,NA,1,1,22,18066,5,74,0
"18067",3376,NA,NA,NA,1,1,23,18067,5,74,0
"18068",3377,NA,NA,NA,1,1,24,18068,5,74,0
"18069",3378,NA,NA,NA,1,1,25,18069,5,74,0
"18070",3379,NA,NA,NA,1,1,26,18070,5,74,0
"18071",3380,6,8,52,1,1,1,18071,1,76,0
"18072",3381,6,8,52.9572773453584,1,1,2,18072,1,76,0
"18073",3382,6,8,52.9572773453584,1,1,3,18073,1,76,0
"18074",3383,6,8,52.9572773453584,1,1,4,18074,1,76,0
"18075",3384,6,8,52.9572773453584,1,1,5,18075,1,76,0
"18076",3385,6,8,52.9572773453584,1,1,6,18076,1,76,0
"18077",3386,6,8,52.9572773453584,1,1,7,18077,1,76,0
"18078",3387,6,8,52.9572773453584,1,1,8,18078,1,76,0
"18079",3388,5,8,55.3195343683106,1,1,9,18079,1,76,0
"18080",3389,5,8,55.3195343683106,1,1,10,18080,1,76,0
"18081",3390,5,9,58.7881445554827,1,1,11,18081,1,76,0
"18082",3391,5,9,58.7881445554827,1,1,12,18082,1,76,0
"18083",3392,5,9,58.7881445554827,1,1,13,18083,1,76,0
"18084",3393,5,9,58.7881445554827,1,1,14,18084,1,76,0
"18085",3394,5,9,58.7881445554827,1,1,15,18085,1,76,0
"18086",3395,5,9,58.7881445554827,1,1,16,18086,1,76,0
"18087",3396,5,9,58.7881445554827,1,1,17,18087,1,76,0
"18088",3397,5,9,58.7881445554827,1,1,18,18088,1,76,0
"18089",3398,5,9,58.7881445554827,1,1,19,18089,1,76,0
"18090",3399,5,9,58.7881445554827,1,1,20,18090,1,76,0
"18091",3400,5,9,58.7881445554827,1,1,21,18091,1,76,0
"18092",3401,6,9,55.1377992203185,1,1,22,18092,1,76,0
"18093",3402,5,9,58.7881445554827,1,1,23,18093,1,76,0
"18094",3403,5,9,58.7881445554827,1,1,24,18094,1,76,0
"18095",3404,5,9,58.7881445554827,1,1,25,18095,1,76,0
"18096",3405,5,9,58.7881445554827,1,1,26,18096,1,76,0
"18097",3406,2,3,56,1,1,1,18097,2,76,0
"18098",3407,2,3,56.1985532217812,1,1,2,18098,2,76,0
"18099",3408,2,3,56.1985532217812,1,1,3,18099,2,76,0
"18100",3409,2,3,56.1985532217812,1,1,4,18100,2,76,0
"18101",3410,2,3,56.1985532217812,1,1,5,18101,2,76,0
"18102",3411,2,3,56.1985532217812,1,1,6,18102,2,76,0
"18103",3412,2,3,56.1985532217812,1,1,7,18103,2,76,0
"18104",3413,2,3,56.1985532217812,1,1,8,18104,2,76,0
"18105",3414,2,3,56.1985532217812,1,1,9,18105,2,76,0
"18106",3415,2,3,56.1985532217812,1,1,10,18106,2,76,0
"18107",3416,2,3,56.1985532217812,1,1,11,18107,2,76,0
"18108",3417,2,3,56.1985532217812,1,1,12,18108,2,76,0
"18109",3418,2,3,56.1985532217812,1,1,13,18109,2,76,0
"18110",3419,2,3,56.1985532217812,1,1,14,18110,2,76,0
"18111",3420,2,3,56.1985532217812,1,1,15,18111,2,76,0
"18112",3421,2,3,56.1985532217812,1,1,16,18112,2,76,0
"18113",3422,2,3,56.1985532217812,1,1,17,18113,2,76,0
"18114",3423,2,3,56.1985532217812,1,1,18,18114,2,76,0
"18115",3424,2,3,56.1985532217812,1,1,19,18115,2,76,0
"18116",3425,3,3,48.3318782440943,1,1,20,18116,2,76,0
"18117",3426,1,3,60.2142811540137,1,1,21,18117,2,76,0
"18118",3427,1,3,60.2142811540137,1,1,22,18118,2,76,0
"18119",3428,1,3,60.2142811540137,1,1,23,18119,2,76,0
"18120",3429,1,3,60.2142811540137,1,1,24,18120,2,76,0
"18121",3430,1,3,60.2142811540137,1,1,25,18121,2,76,0
"18122",3431,1,3,60.2142811540137,1,1,26,18122,2,76,0
"18123",3432,4,8,54,1,1,1,18123,3,76,0
"18124",3433,4,8,54.9820145158932,1,1,2,18124,3,76,0
"18125",3434,4,8,54.9820145158932,1,1,3,18125,3,76,0
"18126",3435,4,8,54.9820145158932,1,1,4,18126,3,76,0
"18127",3436,4,8,54.9820145158932,1,1,5,18127,3,76,0
"18128",3437,4,7,52.8412895883584,1,1,6,18128,3,76,0
"18129",3438,5,8,47.6684049800704,1,1,7,18129,3,76,0
"18130",3439,3,8,58.7998697833986,1,1,8,18130,3,76,0
"18131",3440,3,8,58.7998697833986,1,1,9,18131,3,76,0
"18132",3441,3,8,58.7998697833986,1,1,10,18132,3,76,0
"18133",3442,3,7,56.6988738873465,1,1,11,18133,3,76,0
"18134",3443,3,8,58.7998697833986,1,1,12,18134,3,76,0
"18135",3444,3,8,58.7998697833986,1,1,13,18135,3,76,0
"18136",3445,3,8,58.7998697833986,1,1,14,18136,3,76,0
"18137",3446,3,8,58.7998697833986,1,1,15,18137,3,76,0
"18138",3447,3,8,58.7998697833986,1,1,16,18138,3,76,0
"18139",3448,3,8,58.7998697833986,1,1,17,18139,3,76,0
"18140",3449,3,8,58.7998697833986,1,1,18,18140,3,76,0
"18141",3450,3,8,58.7998697833986,1,1,19,18141,3,76,0
"18142",3451,3,8,58.7998697833986,1,1,20,18142,3,76,0
"18143",3452,3,8,58.7998697833986,1,1,21,18143,3,76,0
"18144",3453,3,8,58.7998697833986,1,1,22,18144,3,76,0
"18145",3454,3,8,58.7998697833986,1,1,23,18145,3,76,0
"18146",3455,3,8,58.7998697833986,1,1,24,18146,3,76,0
"18147",3456,3,8,58.7998697833986,1,1,25,18147,3,76,0
"18148",3457,3,8,58.7998697833986,1,1,26,18148,3,76,0
"18149",3458,6,5,56,1,1,1,18149,4,76,0
"18150",3459,6,5,56.4277486073921,1,1,2,18150,4,76,0
"18151",3460,6,5,56.4277486073921,1,1,3,18151,4,76,0
"18152",3461,6,5,56.4277486073921,1,1,4,18152,4,76,0
"18153",3462,6,5,56.4277486073921,1,1,5,18153,4,76,0
"18154",3463,6,5,56.4277486073921,1,1,6,18154,4,76,0
"18155",3464,6,5,56.4277486073921,1,1,7,18155,4,76,0
"18156",3465,6,5,56.4277486073921,1,1,8,18156,4,76,0
"18157",3466,6,5,56.4277486073921,1,1,9,18157,4,76,0
"18158",3467,6,5,56.4277486073921,1,1,10,18158,4,76,0
"18159",3468,6,5,56.4277486073921,1,1,11,18159,4,76,0
"18160",3469,6,5,56.4277486073921,1,1,12,18160,4,76,0
"18161",3470,6,5,56.4277486073921,1,1,13,18161,4,76,0
"18162",3471,6,5,56.4277486073921,1,1,14,18162,4,76,0
"18163",3472,6,5,56.4277486073921,1,1,15,18163,4,76,0
"18164",3473,6,5,56.4277486073921,1,1,16,18164,4,76,0
"18165",3474,5,4,56.2403332645488,1,1,17,18165,4,76,0
"18166",3475,6,4,60.1613961109419,1,1,18,18166,4,76,0
"18167",3476,6,4,60.1613961109419,1,1,19,18167,4,76,0
"18168",3477,6,4,60.1613961109419,1,1,20,18168,4,76,0
"18169",3478,6,4,60.1613961109419,1,1,21,18169,4,76,0
"18170",3479,6,4,60.1613961109419,1,1,22,18170,4,76,0
"18171",3480,6,4,60.1613961109419,1,1,23,18171,4,76,0
"18172",3481,6,3,56.1132329472686,1,1,24,18172,4,76,0
"18173",3482,6,4,60.1613961109419,1,1,25,18173,4,76,0
"18174",3483,6,4,60.1613961109419,1,1,26,18174,4,76,0
"18175",3484,4,7,52,1,1,1,18175,5,76,0
"18176",3485,4,7,52.7481205190991,1,1,2,18176,5,76,0
"18177",3486,3,7,55.088029418206,1,1,3,18177,5,76,0
"18178",3487,3,7,55.088029418206,1,1,4,18178,5,76,0
"18179",3488,4,6,50.3688207769437,1,1,5,18179,5,76,0
"18180",3489,3,7,55.088029418206,1,1,6,18180,5,76,0
"18181",3490,3,7,55.088029418206,1,1,7,18181,5,76,0
"18182",3491,3,7,55.088029418206,1,1,8,18182,5,76,0
"18183",3492,3,7,55.088029418206,1,1,9,18183,5,76,0
"18184",3493,3,7,55.088029418206,1,1,10,18184,5,76,0
"18185",3494,3,7,55.088029418206,1,1,11,18185,5,76,0
"18186",3495,3,7,55.088029418206,1,1,12,18186,5,76,0
"18187",3496,3,6,49.0051935732521,1,1,13,18187,5,76,0
"18188",3497,3,8,58.5108679550985,1,1,14,18188,5,76,0
"18189",3498,3,8,58.5108679550985,1,1,15,18189,5,76,0
"18190",3499,3,9,54.7935525645209,1,1,16,18190,5,76,0
"18191",3500,3,8,58.5108679550985,1,1,17,18191,5,76,0
"18192",3501,3,8,58.5108679550985,1,1,18,18192,5,76,0
"18193",3502,3,8,58.5108679550985,1,1,19,18193,5,76,0
"18194",3503,3,8,58.5108679550985,1,1,20,18194,5,76,0
"18195",3504,3,8,58.5108679550985,1,1,21,18195,5,76,0
"18196",3505,3,8,58.5108679550985,1,1,22,18196,5,76,0
"18197",3506,3,8,58.5108679550985,1,1,23,18197,5,76,0
"18198",3507,3,8,58.5108679550985,1,1,24,18198,5,76,0
"18199",3508,3,8,58.5108679550985,1,1,25,18199,5,76,0
"18200",3509,3,8,58.5108679550985,1,1,26,18200,5,76,0
"18201",3510,3,2,51,1,1,1,18201,1,78,0
"18202",3511,3,2,51.0848776393592,1,1,2,18202,1,78,0
"18203",3512,3,2,51.0848776393592,1,1,3,18203,1,78,0
"18204",3513,3,2,51.0848776393592,1,1,4,18204,1,78,0
"18205",3514,3,2,51.0848776393592,1,1,5,18205,1,78,0
"18206",3515,3,2,51.0848776393592,1,1,6,18206,1,78,0
"18207",3516,3,2,51.0848776393592,1,1,7,18207,1,78,0
"18208",3517,3,2,51.0848776393592,1,1,8,18208,1,78,0
"18209",3518,2,2,53.9318434248587,1,1,9,18209,1,78,0
"18210",3519,2,2,53.9318434248587,1,1,10,18210,1,78,0
"18211",3520,2,2,53.9318434248587,1,1,11,18211,1,78,0
"18212",3521,2,2,53.9318434248587,1,1,12,18212,1,78,0
"18213",3522,2,2,53.9318434248587,1,1,13,18213,1,78,0
"18214",3523,2,2,53.9318434248587,1,1,14,18214,1,78,0
"18215",3524,2,2,53.9318434248587,1,1,15,18215,1,78,0
"18216",3525,2,2,53.9318434248587,1,1,16,18216,1,78,0
"18217",3526,2,2,53.9318434248587,1,1,17,18217,1,78,0
"18218",3527,2,2,53.9318434248587,1,1,18,18218,1,78,0
"18219",3528,2,2,53.9318434248587,1,1,19,18219,1,78,0
"18220",3529,2,2,53.9318434248587,1,1,20,18220,1,78,0
"18221",3530,2,2,53.9318434248587,1,1,21,18221,1,78,0
"18222",3531,2,2,53.9318434248587,1,1,22,18222,1,78,0
"18223",3532,2,2,53.9318434248587,1,1,23,18223,1,78,0
"18224",3533,2,2,53.9318434248587,1,1,24,18224,1,78,0
"18225",3534,2,2,53.9318434248587,1,1,25,18225,1,78,0
"18226",3535,2,2,53.9318434248587,1,1,26,18226,1,78,0
"18227",3536,5,6,50,1,1,1,18227,2,78,0
"18228",3537,5,6,50.6191430942396,1,1,2,18228,2,78,0
"18229",3538,5,6,50.6191430942396,1,1,3,18229,2,78,0
"18230",3539,5,6,50.6191430942396,1,1,4,18230,2,78,0
"18231",3540,5,6,50.6191430942396,1,1,5,18231,2,78,0
"18232",3541,5,6,50.6191430942396,1,1,6,18232,2,78,0
"18233",3542,5,6,50.6191430942396,1,1,7,18233,2,78,0
"18234",3543,5,6,50.6191430942396,1,1,8,18234,2,78,0
"18235",3544,5,5,45.3546937545801,1,1,9,18235,2,78,1
"18236",3545,NA,NA,NA,1,1,10,18236,2,78,0
"18237",3546,NA,NA,NA,1,1,11,18237,2,78,0
"18238",3547,NA,NA,NA,1,1,12,18238,2,78,0
"18239",3548,NA,NA,NA,1,1,13,18239,2,78,0
"18240",3549,NA,NA,NA,1,1,14,18240,2,78,0
"18241",3550,NA,NA,NA,1,1,15,18241,2,78,0
"18242",3551,NA,NA,NA,1,1,16,18242,2,78,0
"18243",3552,NA,NA,NA,1,1,17,18243,2,78,0
"18244",3553,NA,NA,NA,1,1,18,18244,2,78,0
"18245",3554,NA,NA,NA,1,1,19,18245,2,78,0
"18246",3555,NA,NA,NA,1,1,20,18246,2,78,0
"18247",3556,NA,NA,NA,1,1,21,18247,2,78,0
"18248",3557,NA,NA,NA,1,1,22,18248,2,78,0
"18249",3558,NA,NA,NA,1,1,23,18249,2,78,0
"18250",3559,NA,NA,NA,1,1,24,18250,2,78,0
"18251",3560,NA,NA,NA,1,1,25,18251,2,78,0
"18252",3561,NA,NA,NA,1,1,26,18252,2,78,1
"18253",3562,3,9,54,1,1,1,18253,3,78,0
"18254",3563,3,9,54.8754810469809,1,1,2,18254,3,78,0
"18255",3564,3,9,54.8754810469809,1,1,3,18255,3,78,0
"18256",3565,3,9,54.8754810469809,1,1,4,18256,3,78,0
"18257",3566,3,9,54.8754810469809,1,1,5,18257,3,78,0
"18258",3567,3,9,54.8754810469809,1,1,6,18258,3,78,0
"18259",3568,3,9,54.8754810469809,1,1,7,18259,3,78,0
"18260",3569,3,9,54.8754810469809,1,1,8,18260,3,78,0
"18261",3570,3,9,54.8754810469809,1,1,9,18261,3,78,0
"18262",3571,3,9,54.8754810469809,1,1,10,18262,3,78,0
"18263",3572,3,9,54.8754810469809,1,1,11,18263,3,78,0
"18264",3573,3,9,54.8754810469809,1,1,12,18264,3,78,0
"18265",3574,3,9,54.8754810469809,1,1,13,18265,3,78,0
"18266",3575,3,9,54.8754810469809,1,1,14,18266,3,78,0
"18267",3576,3,9,54.8754810469809,1,1,15,18267,3,78,0
"18268",3577,3,9,54.8754810469809,1,1,16,18268,3,78,0
"18269",3578,3,9,54.8754810469809,1,1,17,18269,3,78,0
"18270",3579,3,9,54.8754810469809,1,1,18,18270,3,78,0
"18271",3580,3,9,54.8754810469809,1,1,19,18271,3,78,0
"18272",3581,3,9,54.8754810469809,1,1,20,18272,3,78,0
"18273",3582,3,9,54.8754810469809,1,1,21,18273,3,78,0
"18274",3583,3,9,54.8754810469809,1,1,22,18274,3,78,0
"18275",3584,3,9,54.8754810469809,1,1,23,18275,3,78,0
"18276",3585,3,9,54.8754810469809,1,1,24,18276,3,78,0
"18277",3586,3,9,54.8754810469809,1,1,25,18277,3,78,0
"18278",3587,3,9,54.8754810469809,1,1,26,18278,3,78,0
"18279",3588,8,6,53,1,1,1,18279,4,78,0
"18280",3589,8,6,53.4323222135967,1,1,2,18280,4,78,0
"18281",3590,8,6,53.4323222135967,1,1,3,18281,4,78,0
"18282",3591,8,6,53.4323222135967,1,1,4,18282,4,78,0
"18283",3592,8,5,50.753658000521,1,1,5,18283,4,78,0
"18284",3593,8,6,53.4323222135967,1,1,6,18284,4,78,0
"18285",3594,8,6,53.4323222135967,1,1,7,18285,4,78,0
"18286",3595,8,6,53.4323222135967,1,1,8,18286,4,78,0
"18287",3596,8,6,53.4323222135967,1,1,9,18287,4,78,0
"18288",3597,8,6,53.4323222135967,1,1,10,18288,4,78,0
"18289",3598,8,6,53.4323222135967,1,1,11,18289,4,78,0
"18290",3599,8,5,50.753658000521,1,1,12,18290,4,78,0
"18291",3600,8,6,53.4323222135967,1,1,13,18291,4,78,0
"18292",3601,8,6,53.4323222135967,1,1,14,18292,4,78,0
"18293",3602,8,6,53.4323222135967,1,1,15,18293,4,78,0
"18294",3603,8,6,53.4323222135967,1,1,16,18294,4,78,0
"18295",3604,8,6,53.4323222135967,1,1,17,18295,4,78,0
"18296",3605,8,6,53.4323222135967,1,1,18,18296,4,78,0
"18297",3606,8,6,53.4323222135967,1,1,19,18297,4,78,0
"18298",3607,8,6,53.4323222135967,1,1,20,18298,4,78,0
"18299",3608,8,6,53.4323222135967,1,1,21,18299,4,78,0
"18300",3609,8,6,53.4323222135967,1,1,22,18300,4,78,0
"18301",3610,8,6,53.4323222135967,1,1,23,18301,4,78,0
"18302",3611,8,6,53.4323222135967,1,1,24,18302,4,78,0
"18303",3612,8,6,53.4323222135967,1,1,25,18303,4,78,0
"18304",3613,8,6,53.4323222135967,1,1,26,18304,4,78,0
"18305",3614,10,2,53,1,1,1,18305,5,78,0
"18306",3615,10,2,53.3119610904503,1,1,2,18306,5,78,0
"18307",3616,10,2,53.3119610904503,1,1,3,18307,5,78,0
"18308",3617,10,2,53.3119610904503,1,1,4,18308,5,78,0
"18309",3618,10,3,50.6590498183987,1,1,5,18309,5,78,0
"18310",3619,10,2,53.3119610904503,1,1,6,18310,5,78,0
"18311",3620,10,3,50.6590498183987,1,1,7,18311,5,78,0
"18312",3621,10,2,53.3119610904503,1,1,8,18312,5,78,0
"18313",3622,10,2,53.3119610904503,1,1,9,18313,5,78,0
"18314",3623,10,2,53.3119610904503,1,1,10,18314,5,78,0
"18315",3624,10,2,53.3119610904503,1,1,11,18315,5,78,0
"18316",3625,10,2,53.3119610904503,1,1,12,18316,5,78,0
"18317",3626,10,2,53.3119610904503,1,1,13,18317,5,78,0
"18318",3627,10,3,50.6590498183987,1,1,14,18318,5,78,0
"18319",3628,10,2,53.3119610904503,1,1,15,18319,5,78,0
"18320",3629,10,2,53.3119610904503,1,1,16,18320,5,78,0
"18321",3630,10,2,53.3119610904503,1,1,17,18321,5,78,0
"18322",3631,10,2,53.3119610904503,1,1,18,18322,5,78,0
"18323",3632,10,2,53.3119610904503,1,1,19,18323,5,78,0
"18324",3633,10,2,53.3119610904503,1,1,20,18324,5,78,0
"18325",3634,10,2,53.3119610904503,1,1,21,18325,5,78,0
"18326",3635,10,3,50.6590498183987,1,1,22,18326,5,78,0
"18327",3636,10,2,53.3119610904503,1,1,23,18327,5,78,0
"18328",3637,10,2,53.3119610904503,1,1,24,18328,5,78,0
"18329",3638,10,2,53.3119610904503,1,1,25,18329,5,78,0
"18330",3639,10,2,53.3119610904503,1,1,26,18330,5,78,0
"18331",3640,9,1,53,1,1,1,18331,1,81,0
"18332",3641,2,1,102.531084287398,1,1,2,18332,1,81,0
"18333",3642,2,3,65.7074435919068,1,1,3,18333,1,81,0
"18334",3643,3,3,72.108866865964,1,1,4,18334,1,81,0
"18335",3644,2,2,90.0710893621842,1,1,5,18335,1,81,0
"18336",3645,1,0,65.7071997033209,1,1,6,18336,1,81,0
"18337",3646,4,0,90.0971987571824,1,1,7,18337,1,81,0
"18338",3647,3,1,118.096028901052,1,1,8,18338,1,81,0
"18339",3648,2,0,90.0709066523269,1,1,9,18339,1,81,0
"18340",3649,4,1,102.582294315036,1,1,10,18340,1,81,0
"18341",3650,5,1,72.4846310880726,1,1,11,18341,1,81,0
"18342",3651,3,0,102.533128396571,1,1,12,18342,1,81,0
"18343",3652,3,2,102.536412300792,1,1,13,18343,1,81,0
"18344",3653,3,1,118.096028901052,1,1,14,18344,1,81,0
"18345",3654,2,1,102.531084287398,1,1,15,18345,1,81,0
"18346",3655,4,5,41.7949218065246,1,1,16,18346,1,81,1
"18347",3656,NA,NA,NA,1,1,17,18347,1,81,0
"18348",3657,NA,NA,NA,1,1,18,18348,1,81,0
"18349",3658,NA,NA,NA,1,1,19,18349,1,81,0
"18350",3659,NA,NA,NA,1,1,20,18350,1,81,0
"18351",3660,NA,NA,NA,1,1,21,18351,1,81,0
"18352",3661,NA,NA,NA,1,1,22,18352,1,81,0
"18353",3662,NA,NA,NA,1,1,23,18353,1,81,0
"18354",3663,NA,NA,NA,1,1,24,18354,1,81,0
"18355",3664,NA,NA,NA,1,1,25,18355,1,81,0
"18356",3665,NA,NA,NA,1,1,26,18356,1,81,0
"18357",3666,1,6,56,1,1,1,18357,2,81,0
"18358",3667,4,0,40.0114772228992,1,1,2,18358,2,81,1
"18359",3668,NA,NA,NA,1,1,3,18359,2,81,1
"18360",3669,NA,NA,NA,1,1,4,18360,2,81,1
"18361",3670,NA,NA,NA,1,1,5,18361,2,81,0
"18362",3671,NA,NA,NA,1,1,6,18362,2,81,0
"18363",3672,NA,NA,NA,1,1,7,18363,2,81,1
"18364",3673,NA,NA,NA,1,1,8,18364,2,81,1
"18365",3674,NA,NA,NA,1,1,9,18365,2,81,0
"18366",3675,NA,NA,NA,1,1,10,18366,2,81,0
"18367",3676,NA,NA,NA,1,1,11,18367,2,81,0
"18368",3677,NA,NA,NA,1,1,12,18368,2,81,1
"18369",3678,NA,NA,NA,1,1,13,18369,2,81,1
"18370",3679,NA,NA,NA,1,1,14,18370,2,81,0
"18371",3680,NA,NA,NA,1,1,15,18371,2,81,0
"18372",3681,NA,NA,NA,1,1,16,18372,2,81,0
"18373",3682,NA,NA,NA,1,1,17,18373,2,81,0
"18374",3683,NA,NA,NA,1,1,18,18374,2,81,0
"18375",3684,NA,NA,NA,1,1,19,18375,2,81,0
"18376",3685,NA,NA,NA,1,1,20,18376,2,81,0
"18377",3686,NA,NA,NA,1,1,21,18377,2,81,1
"18378",3687,NA,NA,NA,1,1,22,18378,2,81,0
"18379",3688,NA,NA,NA,1,1,23,18379,2,81,0
"18380",3689,NA,NA,NA,1,1,24,18380,2,81,0
"18381",3690,NA,NA,NA,1,1,25,18381,2,81,0
"18382",3691,NA,NA,NA,1,1,26,18382,2,81,0
"18383",3692,1,8,53,1,1,1,18383,3,81,0
"18384",3693,8,8,40.0058133163098,1,1,2,18384,3,81,1
"18385",3694,NA,NA,NA,1,1,3,18385,3,81,1
"18386",3695,NA,NA,NA,1,1,4,18386,3,81,1
"18387",3696,NA,NA,NA,1,1,5,18387,3,81,0
"18388",3697,NA,NA,NA,1,1,6,18388,3,81,0
"18389",3698,NA,NA,NA,1,1,7,18389,3,81,0
"18390",3699,NA,NA,NA,1,1,8,18390,3,81,0
"18391",3700,NA,NA,NA,1,1,9,18391,3,81,0
"18392",3701,NA,NA,NA,1,1,10,18392,3,81,0
"18393",3702,NA,NA,NA,1,1,11,18393,3,81,0
"18394",3703,NA,NA,NA,1,1,12,18394,3,81,0
"18395",3704,NA,NA,NA,1,1,13,18395,3,81,0
"18396",3705,NA,NA,NA,1,1,14,18396,3,81,0
"18397",3706,NA,NA,NA,1,1,15,18397,3,81,0
"18398",3707,NA,NA,NA,1,1,16,18398,3,81,0
"18399",3708,NA,NA,NA,1,1,17,18399,3,81,0
"18400",3709,NA,NA,NA,1,1,18,18400,3,81,0
"18401",3710,NA,NA,NA,1,1,19,18401,3,81,0
"18402",3711,NA,NA,NA,1,1,20,18402,3,81,0
"18403",3712,NA,NA,NA,1,1,21,18403,3,81,0
"18404",3713,NA,NA,NA,1,1,22,18404,3,81,0
"18405",3714,NA,NA,NA,1,1,23,18405,3,81,0
"18406",3715,NA,NA,NA,1,1,24,18406,3,81,0
"18407",3716,NA,NA,NA,1,1,25,18407,3,81,0
"18408",3717,NA,NA,NA,1,1,26,18408,3,81,0
"18409",3718,0,8,51,1,1,1,18409,4,81,0
"18410",3719,7,9,48.8099540614258,1,1,2,18410,4,81,0
"18411",3720,5,3,48.8040742557562,1,1,3,18411,4,81,0
"18412",3721,7,6,105.053340162459,1,1,4,18412,4,81,0
"18413",3722,7,6,105.053340162459,1,1,5,18413,4,81,0
"18414",3723,8,4,53.7307727292363,1,1,6,18414,4,81,0
"18415",3724,7,7,92.0924750742479,1,1,7,18415,4,81,0
"18416",3725,8,7,66.7440293653031,1,1,8,18416,4,81,0
"18417",3726,7,7,92.0924750742479,1,1,9,18417,4,81,0
"18418",3727,3,0,40.0036884380997,1,1,10,18418,4,81,1
"18419",3728,NA,NA,NA,1,1,11,18419,4,81,1
"18420",3729,NA,NA,NA,1,1,12,18420,4,81,0
"18421",3730,NA,NA,NA,1,1,13,18421,4,81,0
"18422",3731,NA,NA,NA,1,1,14,18422,4,81,0
"18423",3732,NA,NA,NA,1,1,15,18423,4,81,0
"18424",3733,NA,NA,NA,1,1,16,18424,4,81,0
"18425",3734,NA,NA,NA,1,1,17,18425,4,81,0
"18426",3735,NA,NA,NA,1,1,18,18426,4,81,0
"18427",3736,NA,NA,NA,1,1,19,18427,4,81,0
"18428",3737,NA,NA,NA,1,1,20,18428,4,81,0
"18429",3738,NA,NA,NA,1,1,21,18429,4,81,0
"18430",3739,NA,NA,NA,1,1,22,18430,4,81,0
"18431",3740,NA,NA,NA,1,1,23,18431,4,81,0
"18432",3741,NA,NA,NA,1,1,24,18432,4,81,0
"18433",3742,NA,NA,NA,1,1,25,18433,4,81,0
"18434",3743,NA,NA,NA,1,1,26,18434,4,81,0
"18435",3744,2,2,56,1,1,1,18435,5,81,0
"18436",3745,9,9,44.4202196139599,1,1,2,18436,5,81,1
"18437",3746,NA,NA,NA,1,1,3,18437,5,81,1
"18438",3747,NA,NA,NA,1,1,4,18438,5,81,1
"18439",3748,NA,NA,NA,1,1,5,18439,5,81,1
"18440",3749,NA,NA,NA,1,1,6,18440,5,81,1
"18441",3750,NA,NA,NA,1,1,7,18441,5,81,0
"18442",3751,NA,NA,NA,1,1,8,18442,5,81,1
"18443",3752,NA,NA,NA,1,1,9,18443,5,81,0
"18444",3753,NA,NA,NA,1,1,10,18444,5,81,1
"18445",3754,NA,NA,NA,1,1,11,18445,5,81,1
"18446",3755,NA,NA,NA,1,1,12,18446,5,81,0
"18447",3756,NA,NA,NA,1,1,13,18447,5,81,0
"18448",3757,NA,NA,NA,1,1,14,18448,5,81,0
"18449",3758,NA,NA,NA,1,1,15,18449,5,81,0
"18450",3759,NA,NA,NA,1,1,16,18450,5,81,0
"18451",3760,NA,NA,NA,1,1,17,18451,5,81,0
"18452",3761,NA,NA,NA,1,1,18,18452,5,81,0
"18453",3762,NA,NA,NA,1,1,19,18453,5,81,0
"18454",3763,NA,NA,NA,1,1,20,18454,5,81,0
"18455",3764,NA,NA,NA,1,1,21,18455,5,81,0
"18456",3765,NA,NA,NA,1,1,22,18456,5,81,0
"18457",3766,NA,NA,NA,1,1,23,18457,5,81,0
"18458",3767,NA,NA,NA,1,1,24,18458,5,81,0
"18459",3768,NA,NA,NA,1,1,25,18459,5,81,0
"18460",3769,NA,NA,NA,1,1,26,18460,5,81,0
"18461",3770,3,1,55,1,1,1,18461,1,90,0
"18462",3771,8,10,40.000052102102,1,1,2,18462,1,90,1
"18463",3772,NA,NA,NA,1,1,3,18463,1,90,0
"18464",3773,NA,NA,NA,1,1,4,18464,1,90,0
"18465",3774,NA,NA,NA,1,1,5,18465,1,90,0
"18466",3775,NA,NA,NA,1,1,6,18466,1,90,1
"18467",3776,NA,NA,NA,1,1,7,18467,1,90,1
"18468",3777,NA,NA,NA,1,1,8,18468,1,90,1
"18469",3778,NA,NA,NA,1,1,9,18469,1,90,1
"18470",3779,NA,NA,NA,1,1,10,18470,1,90,1
"18471",3780,NA,NA,NA,1,1,11,18471,1,90,1
"18472",3781,NA,NA,NA,1,1,12,18472,1,90,1
"18473",3782,NA,NA,NA,1,1,13,18473,1,90,1
"18474",3783,NA,NA,NA,1,1,14,18474,1,90,1
"18475",3784,NA,NA,NA,1,1,15,18475,1,90,1
"18476",3785,NA,NA,NA,1,1,16,18476,1,90,0
"18477",3786,NA,NA,NA,1,1,17,18477,1,90,0
"18478",3787,NA,NA,NA,1,1,18,18478,1,90,0
"18479",3788,NA,NA,NA,1,1,19,18479,1,90,1
"18480",3789,NA,NA,NA,1,1,20,18480,1,90,1
"18481",3790,NA,NA,NA,1,1,21,18481,1,90,0
"18482",3791,NA,NA,NA,1,1,22,18482,1,90,0
"18483",3792,NA,NA,NA,1,1,23,18483,1,90,0
"18484",3793,NA,NA,NA,1,1,24,18484,1,90,1
"18485",3794,NA,NA,NA,1,1,25,18485,1,90,0
"18486",3795,NA,NA,NA,1,1,26,18486,1,90,0
"18487",3796,9,7,53,1,1,1,18487,2,90,0
"18488",3797,2,5,116.628775364176,1,1,2,18488,2,90,0
"18489",3798,3,5,101.418353917646,1,1,3,18489,2,90,0
"18490",3799,1,5,101.35543904693,1,1,4,18490,2,90,0
"18491",3800,3,6,89.2083028565255,1,1,5,18491,2,90,0
"18492",3801,6,9,41.1987991695392,1,1,6,18492,2,90,1
"18493",3802,NA,NA,NA,1,1,7,18493,2,90,0
"18494",3803,NA,NA,NA,1,1,8,18494,2,90,0
"18495",3804,NA,NA,NA,1,1,9,18495,2,90,0
"18496",3805,NA,NA,NA,1,1,10,18496,2,90,0
"18497",3806,NA,NA,NA,1,1,11,18497,2,90,0
"18498",3807,NA,NA,NA,1,1,12,18498,2,90,0
"18499",3808,NA,NA,NA,1,1,13,18499,2,90,0
"18500",3809,NA,NA,NA,1,1,14,18500,2,90,0
"18501",3810,NA,NA,NA,1,1,15,18501,2,90,0
"18502",3811,NA,NA,NA,1,1,16,18502,2,90,0
"18503",3812,NA,NA,NA,1,1,17,18503,2,90,0
"18504",3813,NA,NA,NA,1,1,18,18504,2,90,0
"18505",3814,NA,NA,NA,1,1,19,18505,2,90,0
"18506",3815,NA,NA,NA,1,1,20,18506,2,90,0
"18507",3816,NA,NA,NA,1,1,21,18507,2,90,0
"18508",3817,NA,NA,NA,1,1,22,18508,2,90,0
"18509",3818,NA,NA,NA,1,1,23,18509,2,90,0
"18510",3819,NA,NA,NA,1,1,24,18510,2,90,1
"18511",3820,NA,NA,NA,1,1,25,18511,2,90,0
"18512",3821,NA,NA,NA,1,1,26,18512,2,90,0
"18513",3822,10,7,51,1,1,1,18513,3,90,0
"18514",3823,8,7,53.4243268432186,1,1,2,18514,3,90,0
"18515",3824,7,1,40.0003388944262,1,1,3,18515,3,90,1
"18516",3825,NA,NA,NA,1,1,4,18516,3,90,0
"18517",3826,NA,NA,NA,1,1,5,18517,3,90,1
"18518",3827,NA,NA,NA,1,1,6,18518,3,90,0
"18519",3828,NA,NA,NA,1,1,7,18519,3,90,0
"18520",3829,NA,NA,NA,1,1,8,18520,3,90,0
"18521",3830,NA,NA,NA,1,1,9,18521,3,90,0
"18522",3831,NA,NA,NA,1,1,10,18522,3,90,0
"18523",3832,NA,NA,NA,1,1,11,18523,3,90,0
"18524",3833,NA,NA,NA,1,1,12,18524,3,90,0
"18525",3834,NA,NA,NA,1,1,13,18525,3,90,0
"18526",3835,NA,NA,NA,1,1,14,18526,3,90,0
"18527",3836,NA,NA,NA,1,1,15,18527,3,90,0
"18528",3837,NA,NA,NA,1,1,16,18528,3,90,0
"18529",3838,NA,NA,NA,1,1,17,18529,3,90,0
"18530",3839,NA,NA,NA,1,1,18,18530,3,90,0
"18531",3840,NA,NA,NA,1,1,19,18531,3,90,0
"18532",3841,NA,NA,NA,1,1,20,18532,3,90,0
"18533",3842,NA,NA,NA,1,1,21,18533,3,90,0
"18534",3843,NA,NA,NA,1,1,22,18534,3,90,0
"18535",3844,NA,NA,NA,1,1,23,18535,3,90,0
"18536",3845,NA,NA,NA,1,1,24,18536,3,90,0
"18537",3846,NA,NA,NA,1,1,25,18537,3,90,0
"18538",3847,NA,NA,NA,1,1,26,18538,3,90,0
"18539",3848,4,2,59,1,1,1,18539,4,90,0
"18540",3849,3,10,40.0000146886491,1,1,2,18540,4,90,1
"18541",3850,NA,NA,NA,1,1,3,18541,4,90,0
"18542",3851,NA,NA,NA,1,1,4,18542,4,90,1
"18543",3852,NA,NA,NA,1,1,5,18543,4,90,0
"18544",3853,NA,NA,NA,1,1,6,18544,4,90,0
"18545",3854,NA,NA,NA,1,1,7,18545,4,90,0
"18546",3855,NA,NA,NA,1,1,8,18546,4,90,0
"18547",3856,NA,NA,NA,1,1,9,18547,4,90,1
"18548",3857,NA,NA,NA,1,1,10,18548,4,90,1
"18549",3858,NA,NA,NA,1,1,11,18549,4,90,1
"18550",3859,NA,NA,NA,1,1,12,18550,4,90,1
"18551",3860,NA,NA,NA,1,1,13,18551,4,90,0
"18552",3861,NA,NA,NA,1,1,14,18552,4,90,0
"18553",3862,NA,NA,NA,1,1,15,18553,4,90,0
"18554",3863,NA,NA,NA,1,1,16,18554,4,90,0
"18555",3864,NA,NA,NA,1,1,17,18555,4,90,0
"18556",3865,NA,NA,NA,1,1,18,18556,4,90,1
"18557",3866,NA,NA,NA,1,1,19,18557,4,90,0
"18558",3867,NA,NA,NA,1,1,20,18558,4,90,0
"18559",3868,NA,NA,NA,1,1,21,18559,4,90,0
"18560",3869,NA,NA,NA,1,1,22,18560,4,90,0
"18561",3870,NA,NA,NA,1,1,23,18561,4,90,0
"18562",3871,NA,NA,NA,1,1,24,18562,4,90,0
"18563",3872,NA,NA,NA,1,1,25,18563,4,90,0
"18564",3873,NA,NA,NA,1,1,26,18564,4,90,0
"18565",3874,6,3,56,1,1,1,18565,5,90,0
"18566",3875,6,3,56.1132329472686,1,1,2,18566,5,90,0
"18567",3876,10,8,40.0176466497485,1,1,3,18567,5,90,1
"18568",3877,NA,NA,NA,1,1,4,18568,5,90,1
"18569",3878,NA,NA,NA,1,1,5,18569,5,90,0
"18570",3879,NA,NA,NA,1,1,6,18570,5,90,0
"18571",3880,NA,NA,NA,1,1,7,18571,5,90,0
"18572",3881,NA,NA,NA,1,1,8,18572,5,90,0
"18573",3882,NA,NA,NA,1,1,9,18573,5,90,0
"18574",3883,NA,NA,NA,1,1,10,18574,5,90,0
"18575",3884,NA,NA,NA,1,1,11,18575,5,90,1
"18576",3885,NA,NA,NA,1,1,12,18576,5,90,0
"18577",3886,NA,NA,NA,1,1,13,18577,5,90,0
"18578",3887,NA,NA,NA,1,1,14,18578,5,90,0
"18579",3888,NA,NA,NA,1,1,15,18579,5,90,0
"18580",3889,NA,NA,NA,1,1,16,18580,5,90,0
"18581",3890,NA,NA,NA,1,1,17,18581,5,90,0
"18582",3891,NA,NA,NA,1,1,18,18582,5,90,0
"18583",3892,NA,NA,NA,1,1,19,18583,5,90,0
"18584",3893,NA,NA,NA,1,1,20,18584,5,90,0
"18585",3894,NA,NA,NA,1,1,21,18585,5,90,0
"18586",3895,NA,NA,NA,1,1,22,18586,5,90,0
"18587",3896,NA,NA,NA,1,1,23,18587,5,90,0
"18588",3897,NA,NA,NA,1,1,24,18588,5,90,1
"18589",3898,NA,NA,NA,1,1,25,18589,5,90,0
"18590",3899,NA,NA,NA,1,1,26,18590,5,90,0
"18591",3900,8,5,55,1,1,1,18591,1,92,0
"18592",3901,8,5,55.7370654207569,1,1,2,18592,1,92,0
"18593",3902,7,4,48.8696585598225,1,1,3,18593,1,92,0
"18594",3903,9,5,58.6266215525236,1,1,4,18594,1,92,0
"18595",3904,10,5,54.3879612226605,1,1,5,18595,1,92,0
"18596",3905,9,4,61.2191632461105,1,1,6,18596,1,92,0
"18597",3906,8,4,57.1022277188402,1,1,7,18597,1,92,0
"18598",3907,9,3,56.813726175488,1,1,8,18598,1,92,0
"18599",3908,10,4,56.9196463200751,1,1,9,18599,1,92,0
"18600",3909,10,3,53.4571897010754,1,1,10,18600,1,92,0
"18601",3910,9,5,58.6266215525236,1,1,11,18601,1,92,0
"18602",3911,9,4,61.2191632461105,1,1,12,18602,1,92,0
"18603",3912,9,4,61.2191632461105,1,1,13,18603,1,92,0
"18604",3913,8,3,53.4730330795277,1,1,14,18604,1,92,0
"18605",3914,9,4,61.2191632461105,1,1,15,18605,1,92,0
"18606",3915,9,6,57.3124456102001,1,1,16,18606,1,92,0
"18607",3916,9,7,69.2391852189869,1,1,17,18607,1,92,0
"18608",3917,9,8,92.0213316521849,1,1,18,18608,1,92,0
"18609",3918,9,9,104.299737306726,1,1,19,18609,1,92,0
"18610",3919,10,9,73.0358794611507,1,1,20,18610,1,92,0
"18611",3920,8,9,120.264325000115,1,1,21,18611,1,92,0
"18612",3921,8,9,120.264325000115,1,1,22,18612,1,92,0
"18613",3922,8,9,120.264325000115,1,1,23,18613,1,92,0
"18614",3923,8,9,120.264325000115,1,1,24,18614,1,92,0
"18615",3924,8,9,120.264325000115,1,1,25,18615,1,92,0
"18616",3925,8,9,120.264325000115,1,1,26,18616,1,92,0
"18617",3926,3,8,59,1,1,1,18617,2,92,0
"18618",3927,3,8,59.5854974337311,1,1,2,18618,2,92,0
"18619",3928,2,8,62.4164640166022,1,1,3,18619,2,92,0
"18620",3929,2,7,67.9947757341506,1,1,4,18620,2,92,0
"18621",3930,3,7,64.4593263189505,1,1,5,18621,2,92,0
"18622",3931,2,6,62.4164640166022,1,1,6,18622,2,92,0
"18623",3932,1,7,62.1950830671822,1,1,7,18623,2,92,0
"18624",3933,3,6,59.5854974337311,1,1,8,18624,2,92,0
"18625",3934,2,7,67.9947757341506,1,1,9,18625,2,92,0
"18626",3935,1,8,57.7724331727383,1,1,10,18626,2,92,0
"18627",3936,1,6,57.7724331727383,1,1,11,18627,2,92,0
"18628",3937,2,7,67.9947757341506,1,1,12,18628,2,92,0
"18629",3938,2,7,67.9947757341506,1,1,13,18629,2,92,0
"18630",3939,2,8,62.4164640166022,1,1,14,18630,2,92,0
"18631",3940,2,7,67.9947757341506,1,1,15,18631,2,92,0
"18632",3941,2,7,67.9947757341506,1,1,16,18632,2,92,0
"18633",3942,2,7,67.9947757341506,1,1,17,18633,2,92,0
"18634",3943,2,7,67.9947757341506,1,1,18,18634,2,92,0
"18635",3944,3,7,64.4593263189505,1,1,19,18635,2,92,0
"18636",3945,2,7,67.9947757341506,1,1,20,18636,2,92,0
"18637",3946,2,7,67.9947757341506,1,1,21,18637,2,92,0
"18638",3947,2,7,67.9947757341506,1,1,22,18638,2,92,0
"18639",3948,2,7,67.9947757341506,1,1,23,18639,2,92,0
"18640",3949,2,8,62.4164640166022,1,1,24,18640,2,92,0
"18641",3950,2,7,67.9947757341506,1,1,25,18641,2,92,0
"18642",3951,2,7,67.9947757341506,1,1,26,18642,2,92,0
"18643",3952,5,9,55,1,1,1,18643,3,92,0
"18644",3953,5,9,55.7702686344113,1,1,2,18644,3,92,0
"18645",3954,4,9,57.6126824817105,1,1,3,18645,3,92,0
"18646",3955,4,8,54.2165255799206,1,1,4,18646,3,92,0
"18647",3956,3,8,51.1580815831884,1,1,5,18647,3,92,0
"18648",3957,4,10,54.0304289335409,1,1,6,18648,3,92,0
"18649",3958,3,9,53.9224695038014,1,1,7,18649,3,92,0
"18650",3959,5,10,52.0906248776701,1,1,8,18650,3,92,0
"18651",3960,5,8,53.4657034375928,1,1,9,18651,3,92,0
"18652",3961,6,9,55.9951411791553,1,1,10,18652,3,92,0
"18653",3962,7,9,69.2587554351749,1,1,11,18653,3,92,0
"18654",3963,8,9,92.9082097216121,1,1,12,18654,3,92,0
"18655",3964,9,9,105.522181222416,1,1,13,18655,3,92,0
"18656",3965,9,9,105.522181222416,1,1,14,18656,3,92,0
"18657",3966,9,9,105.522181222416,1,1,15,18657,3,92,0
"18658",3967,9,9,105.522181222416,1,1,16,18658,3,92,0
"18659",3968,9,9,105.522181222416,1,1,17,18659,3,92,0
"18660",3969,10,9,92.4181464669852,1,1,18,18660,3,92,0
"18661",3970,9,10,73.6594918605434,1,1,19,18661,3,92,0
"18662",3971,9,8,121.797228716411,1,1,20,18662,3,92,0
"18663",3972,9,8,121.797228716411,1,1,21,18663,3,92,0
"18664",3973,9,8,121.797228716411,1,1,22,18664,3,92,0
"18665",3974,9,8,121.797228716411,1,1,23,18665,3,92,0
"18666",3975,9,8,121.797228716411,1,1,24,18666,3,92,0
"18667",3976,9,8,121.797228716411,1,1,25,18667,3,92,0
"18668",3977,9,8,121.797228716411,1,1,26,18668,3,92,0
"18669",3978,5,10,55,1,1,1,18669,4,92,0
"18670",3979,5,10,55.0145510666704,1,1,2,18670,4,92,0
"18671",3980,6,10,52.0308198783537,1,1,3,18671,4,92,0
"18672",3981,6,9,55.1377992203185,1,1,4,18672,4,92,0
"18673",3982,5,9,58.7881445554827,1,1,5,18673,4,92,0
"18674",3983,5,8,55.3195343683106,1,1,6,18674,4,92,0
"18675",3984,4,9,55.0197424221829,1,1,7,18675,4,92,0
"18676",3985,4,8,52.0849490410743,1,1,8,18676,4,92,0
"18677",3986,6,8,52.9572773453584,1,1,9,18677,4,92,0
"18678",3987,4,10,52.0205755788556,1,1,10,18678,4,92,0
"18679",3988,5,9,58.7881445554827,1,1,11,18679,4,92,0
"18680",3989,5,9,58.7881445554827,1,1,12,18680,4,92,0
"18681",3990,7,9,47.9539803870913,1,1,13,18681,4,92,0
"18682",3991,5,9,58.7881445554827,1,1,14,18682,4,92,0
"18683",3992,5,7,49.1689619776585,1,1,15,18683,4,92,0
"18684",3993,5,9,58.7881445554827,1,1,16,18684,4,92,0
"18685",3994,3,9,47.708059892371,1,1,17,18685,4,92,0
"18686",3995,5,9,58.7881445554827,1,1,18,18686,4,92,0
"18687",3996,5,9,58.7881445554827,1,1,19,18687,4,92,0
"18688",3997,5,9,58.7881445554827,1,1,20,18688,4,92,0
"18689",3998,6,7,50.6126293983311,1,1,21,18689,4,92,0
"18690",3999,9,5,91.1992458808946,1,1,22,18690,4,92,0
"18691",4000,10,5,66.2807858680521,1,1,23,18691,4,92,0
"18692",4001,8,5,103.993488903549,1,1,24,18692,4,92,0
"18693",4002,8,5,103.993488903549,1,1,25,18693,4,92,0
"18694",4003,8,4,119.83749767917,1,1,26,18694,4,92,0
"18695",4004,7,5,53,1,1,1,18695,5,92,0
"18696",4005,7,5,53.4374352406937,1,1,2,18696,5,92,0
"18697",4006,7,4,46.8957265867873,1,1,3,18697,5,92,0
"18698",4007,7,6,56.8116179642695,1,1,4,18698,5,92,0
"18699",4008,6,6,53.7327038541262,1,1,5,18699,5,92,0
"18700",4009,8,5,50.753658000521,1,1,6,18700,5,92,0
"18701",4010,6,7,51.6762265863936,1,1,7,18701,5,92,0
"18702",4011,7,7,53.5537107695798,1,1,8,18702,5,92,0
"18703",4012,8,6,53.4323222135967,1,1,9,18703,5,92,0
"18704",4013,6,5,50.8170601805217,1,1,10,18704,5,92,0
"18705",4014,8,7,50.7637477315743,1,1,11,18705,5,92,0
"18706",4015,5,6,48.3345862314681,1,1,12,18706,5,92,0
"18707",4016,5,7,49.8951644463778,1,1,13,18707,5,92,0
"18708",4017,4,8,66.8152921970594,1,1,14,18708,5,92,0
"18709",4018,3,9,103.02139463118,1,1,15,18709,5,92,0
"18710",4019,3,10,90.4253578893934,1,1,16,18710,5,92,0
"18711",4020,2,9,118.632004595771,1,1,17,18711,5,92,0
"18712",4021,2,9,118.632004595771,1,1,18,18712,5,92,0
"18713",4022,2,8,102.983215070183,1,1,19,18713,5,92,0
"18714",4023,2,9,118.632004595771,1,1,20,18714,5,92,0
"18715",4024,2,9,118.632004595771,1,1,21,18715,5,92,0
"18716",4025,2,9,118.632004595771,1,1,22,18716,5,92,0
"18717",4026,2,9,118.632004595771,1,1,23,18717,5,92,0
"18718",4027,2,9,118.632004595771,1,1,24,18718,5,92,0
"18719",4028,2,9,118.632004595771,1,1,25,18719,5,92,0
"18720",4029,2,9,118.632004595771,1,1,26,18720,5,92,0
"18721",4030,3,9,53,1,1,1,18721,1,94,0
"18722",4031,3,9,53.9224695038014,1,1,2,18722,1,94,0
"18723",4032,3,9,53.9224695038014,1,1,3,18723,1,94,0
"18724",4033,1,9,42.3494151631042,1,1,4,18724,1,94,1
"18725",4034,NA,NA,NA,1,1,5,18725,1,94,0
"18726",4035,NA,NA,NA,1,1,6,18726,1,94,0
"18727",4036,NA,NA,NA,1,1,7,18727,1,94,0
"18728",4037,NA,NA,NA,1,1,8,18728,1,94,0
"18729",4038,NA,NA,NA,1,1,9,18729,1,94,0
"18730",4039,NA,NA,NA,1,1,10,18730,1,94,0
"18731",4040,NA,NA,NA,1,1,11,18731,1,94,0
"18732",4041,NA,NA,NA,1,1,12,18732,1,94,0
"18733",4042,NA,NA,NA,1,1,13,18733,1,94,0
"18734",4043,NA,NA,NA,1,1,14,18734,1,94,0
"18735",4044,NA,NA,NA,1,1,15,18735,1,94,0
"18736",4045,NA,NA,NA,1,1,16,18736,1,94,0
"18737",4046,NA,NA,NA,1,1,17,18737,1,94,0
"18738",4047,NA,NA,NA,1,1,18,18738,1,94,0
"18739",4048,NA,NA,NA,1,1,19,18739,1,94,0
"18740",4049,NA,NA,NA,1,1,20,18740,1,94,0
"18741",4050,NA,NA,NA,1,1,21,18741,1,94,0
"18742",4051,NA,NA,NA,1,1,22,18742,1,94,0
"18743",4052,NA,NA,NA,1,1,23,18743,1,94,0
"18744",4053,NA,NA,NA,1,1,24,18744,1,94,0
"18745",4054,NA,NA,NA,1,1,25,18745,1,94,0
"18746",4055,NA,NA,NA,1,1,26,18746,1,94,0
"18747",4056,6,0,49,1,1,1,18747,2,94,0
"18748",4057,6,0,49.0973047282424,1,1,2,18748,2,94,0
"18749",4058,6,1,51.5847879179068,1,1,3,18749,2,94,0
"18750",4059,5,1,46.1322812341233,1,1,4,18750,2,94,0
"18751",4060,7,1,54.2831964921943,1,1,5,18751,2,94,0
"18752",4061,7,2,52.2854645697773,1,1,6,18752,2,94,0
"18753",4062,7,1,54.2831964921943,1,1,7,18753,2,94,0
"18754",4063,7,2,52.2854645697773,1,1,8,18754,2,94,0
"18755",4064,8,1,51.3763690972523,1,1,9,18755,2,94,0
"18756",4065,6,2,50.9287816732922,1,1,10,18756,2,94,0
"18757",4066,7,1,54.2831964921943,1,1,11,18757,2,94,0
"18758",4067,7,0,51.3451529530752,1,1,12,18758,2,94,0
"18759",4068,7,0,51.3451529530752,1,1,13,18759,2,94,0
"18760",4069,7,1,54.2831964921943,1,1,14,18760,2,94,0
"18761",4070,7,2,52.2854645697773,1,1,15,18761,2,94,0
"18762",4071,7,2,52.2854645697773,1,1,16,18762,2,94,0
"18763",4072,7,0,51.3451529530752,1,1,17,18763,2,94,0
"18764",4073,7,1,54.2831964921943,1,1,18,18764,2,94,0
"18765",4074,6,2,50.9287816732922,1,1,19,18765,2,94,0
"18766",4075,6,3,53.4396697280577,1,1,20,18766,2,94,0
"18767",4076,8,1,51.3763690972523,1,1,21,18767,2,94,0
"18768",4077,5,3,53.3573440864203,1,1,22,18768,2,94,0
"18769",4078,5,4,74.096427479139,1,1,23,18769,2,94,0
"18770",4079,5,5,105.043109543987,1,1,24,18770,2,94,0
"18771",4080,5,5,105.043109543987,1,1,25,18771,2,94,0
"18772",4081,5,5,105.043109543987,1,1,26,18772,2,94,0
"18773",4082,2,7,54,1,1,1,18773,3,94,0
"18774",4083,2,8,55.1656531414362,1,1,2,18774,3,94,0
"18775",4084,1,7,47.9516457714667,1,1,3,18775,3,94,0
"18776",4085,2,7,54.1982056944266,1,1,4,18776,3,94,0
"18777",4086,3,8,58.7998697833986,1,1,5,18777,3,94,0
"18778",4087,3,8,58.7998697833986,1,1,6,18778,3,94,0
"18779",4088,3,8,58.7998697833986,1,1,7,18779,3,94,0
"18780",4089,3,8,58.7998697833986,1,1,8,18780,3,94,0
"18781",4090,3,8,58.7998697833986,1,1,9,18781,3,94,0
"18782",4091,3,8,58.7998697833986,1,1,10,18782,3,94,0
"18783",4092,3,8,58.7998697833986,1,1,11,18783,3,94,0
"18784",4093,3,7,56.6988738873465,1,1,12,18784,3,94,0
"18785",4094,3,9,54.8754810469809,1,1,13,18785,3,94,0
"18786",4095,3,8,58.7998697833986,1,1,14,18786,3,94,0
"18787",4096,3,8,58.7998697833986,1,1,15,18787,3,94,0
"18788",4097,3,8,58.7998697833986,1,1,16,18788,3,94,0
"18789",4098,3,10,47.6274076001778,1,1,17,18789,3,94,0
"18790",4099,4,8,54.9820145158932,1,1,18,18790,3,94,0
"18791",4100,3,8,58.7998697833986,1,1,19,18791,3,94,0
"18792",4101,4,7,52.8412895883584,1,1,20,18792,3,94,0
"18793",4102,3,8,58.7998697833986,1,1,21,18793,3,94,0
"18794",4103,2,6,57.0232431318678,1,1,22,18794,3,94,0
"18795",4104,3,6,56.3675783528353,1,1,23,18795,3,94,0
"18796",4105,2,8,55.1656531414362,1,1,24,18796,3,94,0
"18797",4106,2,6,57.0232431318678,1,1,25,18797,3,94,0
"18798",4107,2,5,75.1721236619588,1,1,26,18798,3,94,0
"18799",4108,7,7,53,1,1,1,18799,4,94,0
"18800",4109,8,7,50.7637477315743,1,1,2,18800,4,94,0
"18801",4110,7,7,53.5537107695798,1,1,3,18801,4,94,0
"18802",4111,7,8,47.1379365741756,1,1,4,18802,4,94,0
"18803",4112,7,6,56.8116179642695,1,1,5,18803,4,94,0
"18804",4113,6,6,53.7327038541262,1,1,6,18804,4,94,0
"18805",4114,7,6,56.8116179642695,1,1,7,18805,4,94,0
"18806",4115,7,6,56.8116179642695,1,1,8,18806,4,94,0
"18807",4116,8,6,53.4323222135967,1,1,9,18807,4,94,0
"18808",4117,2,7,72.3748908045164,1,1,10,18808,4,94,0
"18809",4118,2,7,72.3748908045164,1,1,11,18809,4,94,0
"18810",4119,2,7,72.3748908045164,1,1,12,18810,4,94,0
"18811",4120,2,7,72.3748908045164,1,1,13,18811,4,94,0
"18812",4121,2,7,72.3748908045164,1,1,14,18812,4,94,0
"18813",4122,2,7,72.3748908045164,1,1,15,18813,4,94,0
"18814",4123,2,7,72.3748908045164,1,1,16,18814,4,94,0
"18815",4124,2,7,72.3748908045164,1,1,17,18815,4,94,0
"18816",4125,2,7,72.3748908045164,1,1,18,18816,4,94,0
"18817",4126,2,7,72.3748908045164,1,1,19,18817,4,94,0
"18818",4127,2,7,72.3748908045164,1,1,20,18818,4,94,0
"18819",4128,2,7,72.3748908045164,1,1,21,18819,4,94,0
"18820",4129,2,7,72.3748908045164,1,1,22,18820,4,94,0
"18821",4130,2,7,72.3748908045164,1,1,23,18821,4,94,0
"18822",4131,2,7,72.3748908045164,1,1,24,18822,4,94,0
"18823",4132,2,7,72.3748908045164,1,1,25,18823,4,94,0
"18824",4133,2,7,72.3748908045164,1,1,26,18824,4,94,0
"18825",4134,3,9,50,1,1,1,18825,5,94,0
"18826",4135,3,10,45.6009998350188,1,1,2,18826,5,94,1
"18827",4136,NA,NA,NA,1,1,3,18827,5,94,0
"18828",4137,NA,NA,NA,1,1,4,18828,5,94,0
"18829",4138,NA,NA,NA,1,1,5,18829,5,94,0
"18830",4139,NA,NA,NA,1,1,6,18830,5,94,0
"18831",4140,NA,NA,NA,1,1,7,18831,5,94,0
"18832",4141,NA,NA,NA,1,1,8,18832,5,94,0
"18833",4142,NA,NA,NA,1,1,9,18833,5,94,0
"18834",4143,NA,NA,NA,1,1,10,18834,5,94,0
"18835",4144,NA,NA,NA,1,1,11,18835,5,94,0
"18836",4145,NA,NA,NA,1,1,12,18836,5,94,0
"18837",4146,NA,NA,NA,1,1,13,18837,5,94,0
"18838",4147,NA,NA,NA,1,1,14,18838,5,94,0
"18839",4148,NA,NA,NA,1,1,15,18839,5,94,0
"18840",4149,NA,NA,NA,1,1,16,18840,5,94,0
"18841",4150,NA,NA,NA,1,1,17,18841,5,94,0
"18842",4151,NA,NA,NA,1,1,18,18842,5,94,0
"18843",4152,NA,NA,NA,1,1,19,18843,5,94,0
"18844",4153,NA,NA,NA,1,1,20,18844,5,94,0
"18845",4154,NA,NA,NA,1,1,21,18845,5,94,0
"18846",4155,NA,NA,NA,1,1,22,18846,5,94,0
"18847",4156,NA,NA,NA,1,1,23,18847,5,94,0
"18848",4157,NA,NA,NA,1,1,24,18848,5,94,0
"18849",4158,NA,NA,NA,1,1,25,18849,5,94,0
"18850",4159,NA,NA,NA,1,1,26,18850,5,94,0
"18851",4160,3,2,52,1,1,1,18851,1,95,0
"18852",4161,3,2,52.3926659295967,1,1,2,18852,1,95,0
"18853",4162,3,2,52.3926659295967,1,1,3,18853,1,95,0
"18854",4163,3,2,52.3926659295967,1,1,4,18854,1,95,0
"18855",4164,3,2,52.3926659295967,1,1,5,18855,1,95,0
"18856",4165,3,2,52.3926659295967,1,1,6,18856,1,95,0
"18857",4166,3,2,52.3926659295967,1,1,7,18857,1,95,0
"18858",4167,3,2,52.3926659295967,1,1,8,18858,1,95,0
"18859",4168,3,2,52.3926659295967,1,1,9,18859,1,95,0
"18860",4169,3,2,52.3926659295967,1,1,10,18860,1,95,0
"18861",4170,3,2,52.3926659295967,1,1,11,18861,1,95,0
"18862",4171,3,2,52.3926659295967,1,1,12,18862,1,95,0
"18863",4172,3,2,52.3926659295967,1,1,13,18863,1,95,0
"18864",4173,3,2,52.3926659295967,1,1,14,18864,1,95,0
"18865",4174,3,2,52.3926659295967,1,1,15,18865,1,95,0
"18866",4175,3,2,52.3926659295967,1,1,16,18866,1,95,0
"18867",4176,3,2,52.3926659295967,1,1,17,18867,1,95,0
"18868",4177,3,2,52.3926659295967,1,1,18,18868,1,95,0
"18869",4178,3,2,52.3926659295967,1,1,19,18869,1,95,0
"18870",4179,3,2,52.3926659295967,1,1,20,18870,1,95,0
"18871",4180,3,2,52.3926659295967,1,1,21,18871,1,95,0
"18872",4181,3,2,52.3926659295967,1,1,22,18872,1,95,0
"18873",4182,3,2,52.3926659295967,1,1,23,18873,1,95,0
"18874",4183,3,2,52.3926659295967,1,1,24,18874,1,95,0
"18875",4184,3,2,52.3926659295967,1,1,25,18875,1,95,0
"18876",4185,3,2,52.3926659295967,1,1,26,18876,1,95,0
"18877",4186,7,6,56,1,1,1,18877,2,95,0
"18878",4187,7,6,56.5903756676098,1,1,2,18878,2,95,0
"18879",4188,7,6,56.5903756676098,1,1,3,18879,2,95,0
"18880",4189,7,6,56.5903756676098,1,1,4,18880,2,95,0
"18881",4190,7,6,56.5903756676098,1,1,5,18881,2,95,0
"18882",4191,7,6,56.5903756676098,1,1,6,18882,2,95,0
"18883",4192,7,6,56.5903756676098,1,1,7,18883,2,95,0
"18884",4193,7,6,56.5903756676098,1,1,8,18884,2,95,0
"18885",4194,7,6,56.5903756676098,1,1,9,18885,2,95,0
"18886",4195,7,6,56.5903756676098,1,1,10,18886,2,95,0
"18887",4196,7,6,56.5903756676098,1,1,11,18887,2,95,0
"18888",4197,7,6,56.5903756676098,1,1,12,18888,2,95,0
"18889",4198,7,6,56.5903756676098,1,1,13,18889,2,95,0
"18890",4199,7,6,56.5903756676098,1,1,14,18890,2,95,0
"18891",4200,7,6,56.5903756676098,1,1,15,18891,2,95,0
"18892",4201,7,6,56.5903756676098,1,1,16,18892,2,95,0
"18893",4202,7,6,56.5903756676098,1,1,17,18893,2,95,0
"18894",4203,7,6,56.5903756676098,1,1,18,18894,2,95,0
"18895",4204,7,6,56.5903756676098,1,1,19,18895,2,95,0
"18896",4205,7,6,56.5903756676098,1,1,20,18896,2,95,0
"18897",4206,7,6,56.5903756676098,1,1,21,18897,2,95,0
"18898",4207,7,6,56.5903756676098,1,1,22,18898,2,95,0
"18899",4208,7,6,56.5903756676098,1,1,23,18899,2,95,0
"18900",4209,7,6,56.5903756676098,1,1,24,18900,2,95,0
"18901",4210,7,6,56.5903756676098,1,1,25,18901,2,95,0
"18902",4211,7,6,56.5903756676098,1,1,26,18902,2,95,0
"18903",4212,3,0,52,1,1,1,18903,3,95,0
"18904",4213,3,1,55.512390437257,1,1,2,18904,3,95,0
"18905",4214,3,1,55.512390437257,1,1,3,18905,3,95,0
"18906",4215,3,1,55.512390437257,1,1,4,18906,3,95,0
"18907",4216,3,1,55.512390437257,1,1,5,18907,3,95,0
"18908",4217,3,1,55.512390437257,1,1,6,18908,3,95,0
"18909",4218,3,1,55.512390437257,1,1,7,18909,3,95,0
"18910",4219,3,1,55.512390437257,1,1,8,18910,3,95,0
"18911",4220,3,1,55.512390437257,1,1,9,18911,3,95,0
"18912",4221,3,1,55.512390437257,1,1,10,18912,3,95,0
"18913",4222,3,1,55.512390437257,1,1,11,18913,3,95,0
"18914",4223,3,1,55.512390437257,1,1,12,18914,3,95,0
"18915",4224,3,1,55.512390437257,1,1,13,18915,3,95,0
"18916",4225,3,1,55.512390437257,1,1,14,18916,3,95,0
"18917",4226,3,1,55.512390437257,1,1,15,18917,3,95,0
"18918",4227,3,1,55.512390437257,1,1,16,18918,3,95,0
"18919",4228,3,1,55.512390437257,1,1,17,18919,3,95,0
"18920",4229,3,1,55.512390437257,1,1,18,18920,3,95,0
"18921",4230,3,1,55.512390437257,1,1,19,18921,3,95,0
"18922",4231,3,1,55.512390437257,1,1,20,18922,3,95,0
"18923",4232,3,1,55.512390437257,1,1,21,18923,3,95,0
"18924",4233,3,1,55.512390437257,1,1,22,18924,3,95,0
"18925",4234,3,1,55.512390437257,1,1,23,18925,3,95,0
"18926",4235,3,1,55.512390437257,1,1,24,18926,3,95,0
"18927",4236,3,1,55.512390437257,1,1,25,18927,3,95,0
"18928",4237,3,1,55.512390437257,1,1,26,18928,3,95,0
"18929",4238,1,4,56,1,1,1,18929,4,95,0
"18930",4239,1,4,56.3005980640761,1,1,2,18930,4,95,0
"18931",4240,1,4,56.3005980640761,1,1,3,18931,4,95,0
"18932",4241,1,4,56.3005980640761,1,1,4,18932,4,95,0
"18933",4242,1,4,56.3005980640761,1,1,5,18933,4,95,0
"18934",4243,1,4,56.3005980640761,1,1,6,18934,4,95,0
"18935",4244,1,4,56.3005980640761,1,1,7,18935,4,95,0
"18936",4245,1,4,56.3005980640761,1,1,8,18936,4,95,0
"18937",4246,1,4,56.3005980640761,1,1,9,18937,4,95,0
"18938",4247,1,4,56.3005980640761,1,1,10,18938,4,95,0
"18939",4248,1,4,56.3005980640761,1,1,11,18939,4,95,0
"18940",4249,1,4,56.3005980640761,1,1,12,18940,4,95,0
"18941",4250,1,4,56.3005980640761,1,1,13,18941,4,95,0
"18942",4251,1,4,56.3005980640761,1,1,14,18942,4,95,0
"18943",4252,1,4,56.3005980640761,1,1,15,18943,4,95,0
"18944",4253,1,4,56.3005980640761,1,1,16,18944,4,95,0
"18945",4254,1,4,56.3005980640761,1,1,17,18945,4,95,0
"18946",4255,1,4,56.3005980640761,1,1,18,18946,4,95,0
"18947",4256,1,4,56.3005980640761,1,1,19,18947,4,95,0
"18948",4257,1,4,56.3005980640761,1,1,20,18948,4,95,0
"18949",4258,1,4,56.3005980640761,1,1,21,18949,4,95,0
"18950",4259,1,4,56.3005980640761,1,1,22,18950,4,95,0
"18951",4260,1,4,56.3005980640761,1,1,23,18951,4,95,0
"18952",4261,1,4,56.3005980640761,1,1,24,18952,4,95,0
"18953",4262,1,4,56.3005980640761,1,1,25,18953,4,95,0
"18954",4263,1,4,56.3005980640761,1,1,26,18954,4,95,0
"18955",4264,3,7,53,1,1,1,18955,5,95,0
"18956",4265,3,7,53.7225534849795,1,1,2,18956,5,95,0
"18957",4266,3,7,53.7225534849795,1,1,3,18957,5,95,0
"18958",4267,3,7,53.7225534849795,1,1,4,18958,5,95,0
"18959",4268,3,7,53.7225534849795,1,1,5,18959,5,95,0
"18960",4269,3,7,53.7225534849795,1,1,6,18960,5,95,0
"18961",4270,3,7,53.7225534849795,1,1,7,18961,5,95,0
"18962",4271,3,7,53.7225534849795,1,1,8,18962,5,95,0
"18963",4272,3,7,53.7225534849795,1,1,9,18963,5,95,0
"18964",4273,3,7,53.7225534849795,1,1,10,18964,5,95,0
"18965",4274,3,7,53.7225534849795,1,1,11,18965,5,95,0
"18966",4275,3,7,53.7225534849795,1,1,12,18966,5,95,0
"18967",4276,3,7,53.7225534849795,1,1,13,18967,5,95,0
"18968",4277,3,7,53.7225534849795,1,1,14,18968,5,95,0
"18969",4278,3,7,53.7225534849795,1,1,15,18969,5,95,0
"18970",4279,3,7,53.7225534849795,1,1,16,18970,5,95,0
"18971",4280,3,7,53.7225534849795,1,1,17,18971,5,95,0
"18972",4281,3,7,53.7225534849795,1,1,18,18972,5,95,0
"18973",4282,3,7,53.7225534849795,1,1,19,18973,5,95,0
"18974",4283,3,7,53.7225534849795,1,1,20,18974,5,95,0
"18975",4284,3,7,53.7225534849795,1,1,21,18975,5,95,0
"18976",4285,3,7,53.7225534849795,1,1,22,18976,5,95,0
"18977",4286,3,7,53.7225534849795,1,1,23,18977,5,95,0
"18978",4287,3,7,53.7225534849795,1,1,24,18978,5,95,0
"18979",4288,3,7,53.7225534849795,1,1,25,18979,5,95,0
"18980",4289,3,7,53.7225534849795,1,1,26,18980,5,95,0
"18981",4290,2,0,55,1,1,1,18981,1,96,0
"18982",4291,2,0,55.2809509950638,1,1,2,18982,1,96,0
"18983",4292,2,1,59.0911405579218,1,1,3,18983,1,96,0
"18984",4293,3,1,55.512390437257,1,1,4,18984,1,96,0
"18985",4294,3,2,52.5298978041246,1,1,5,18985,1,96,0
"18986",4295,3,0,52.3517532983298,1,1,6,18986,1,96,0
"18987",4296,2,2,55.2964093651036,1,1,7,18987,1,96,0
"18988",4297,1,1,55.2713287302576,1,1,8,18988,1,96,0
"18989",4298,1,0,52.227988091213,1,1,9,18989,1,96,0
"18990",4299,1,2,52.2288481639787,1,1,10,18990,1,96,0
"18991",4300,3,3,46.5199813328165,1,1,11,18991,1,96,0
"18992",4301,4,1,49.6298209994848,1,1,12,18992,1,96,0
"18993",4302,4,0,47.1966948231901,1,1,13,18993,1,96,0
"18994",4303,2,3,47.8609806182409,1,1,14,18994,1,96,0
"18995",4304,4,2,48.5130145702241,1,1,15,18995,1,96,0
"18996",4305,0,3,43.2231461138659,1,1,16,18996,1,96,1
"18997",4306,NA,NA,NA,1,1,17,18997,1,96,0
"18998",4307,NA,NA,NA,1,1,18,18998,1,96,1
"18999",4308,NA,NA,NA,1,1,19,18999,1,96,0
"19000",4309,NA,NA,NA,1,1,20,19000,1,96,0
"19001",4310,NA,NA,NA,1,1,21,19001,1,96,0
"19002",4311,NA,NA,NA,1,1,22,19002,1,96,0
"19003",4312,NA,NA,NA,1,1,23,19003,1,96,0
"19004",4313,NA,NA,NA,1,1,24,19004,1,96,0
"19005",4314,NA,NA,NA,1,1,25,19005,1,96,0
"19006",4315,NA,NA,NA,1,1,26,19006,1,96,0
"19007",4316,5,2,55,1,1,1,19007,2,96,0
"19008",4317,5,2,55.8096787064886,1,1,2,19008,2,96,0
"19009",4318,4,2,48.1333461208774,1,1,3,19009,2,96,0
"19010",4319,6,2,59.7333927165308,1,1,4,19010,2,96,0
"19011",4320,6,3,64.6826693539916,1,1,5,19011,2,96,0
"19012",4321,5,3,59.8612900205776,1,1,6,19012,2,96,0
"19013",4322,5,4,56.7710838783843,1,1,7,19013,2,96,0
"19014",4323,6,4,60.0498805575611,1,1,8,19014,2,96,0
"19015",4324,7,4,55.8658497222592,1,1,9,19015,2,96,0
"19016",4325,7,3,59.738779899663,1,1,10,19016,2,96,0
"19017",4326,7,2,55.7990479728925,1,1,11,19017,2,96,0
"19018",4327,6,3,64.6826693539916,1,1,12,19018,2,96,0
"19019",4328,5,5,52.7200868860306,1,1,13,19019,2,96,0
"19020",4329,7,1,48.1111383007515,1,1,14,19020,2,96,0
"19021",4330,6,5,51.6467788307602,1,1,15,19021,2,96,0
"19022",4331,9,3,43.3346779195704,1,1,16,19022,2,96,1
"19023",4332,NA,NA,NA,1,1,17,19023,2,96,0
"19024",4333,NA,NA,NA,1,1,18,19024,2,96,0
"19025",4334,NA,NA,NA,1,1,19,19025,2,96,0
"19026",4335,NA,NA,NA,1,1,20,19026,2,96,0
"19027",4336,NA,NA,NA,1,1,21,19027,2,96,0
"19028",4337,NA,NA,NA,1,1,22,19028,2,96,0
"19029",4338,NA,NA,NA,1,1,23,19029,2,96,0
"19030",4339,NA,NA,NA,1,1,24,19030,2,96,0
"19031",4340,NA,NA,NA,1,1,25,19031,2,96,0
"19032",4341,NA,NA,NA,1,1,26,19032,2,96,0
"19033",4342,1,8,53,1,1,1,19033,3,96,0
"19034",4343,1,8,53.6351227772656,1,1,2,19034,3,96,0
"19035",4344,2,8,57.0360632751569,1,1,3,19035,3,96,0
"19036",4345,3,8,53.6512235401195,1,1,4,19036,3,96,0
"19037",4346,3,9,50.9106735415885,1,1,5,19037,3,96,0
"19038",4347,3,7,51.2242336938397,1,1,6,19038,3,96,0
"19039",4348,2,7,53.8761799886141,1,1,7,19039,3,96,0
"19040",4349,2,9,53.6251006466423,1,1,8,19040,3,96,0
"19041",4350,1,9,50.9097777273725,1,1,9,19041,3,96,0
"19042",4351,1,6,46.558078194965,1,1,10,19042,3,96,0
"19043",4352,1,7,51.0386861597763,1,1,11,19043,3,96,0
"19044",4353,3,6,47.9290993331774,1,1,12,19044,3,96,0
"19045",4354,0,8,46.9984347360453,1,1,13,19045,3,96,0
"19046",4355,0,9,45.6011514394738,1,1,14,19046,3,96,1
"19047",4356,NA,NA,NA,1,1,15,19047,3,96,1
"19048",4357,NA,NA,NA,1,1,16,19048,3,96,0
"19049",4358,NA,NA,NA,1,1,17,19049,3,96,1
"19050",4359,NA,NA,NA,1,1,18,19050,3,96,0
"19051",4360,NA,NA,NA,1,1,19,19051,3,96,0
"19052",4361,NA,NA,NA,1,1,20,19052,3,96,1
"19053",4362,NA,NA,NA,1,1,21,19053,3,96,0
"19054",4363,NA,NA,NA,1,1,22,19054,3,96,0
"19055",4364,NA,NA,NA,1,1,23,19055,3,96,0
"19056",4365,NA,NA,NA,1,1,24,19056,3,96,0
"19057",4366,NA,NA,NA,1,1,25,19057,3,96,0
"19058",4367,NA,NA,NA,1,1,26,19058,3,96,0
"19059",4368,3,3,55,1,1,1,19059,4,96,0
"19060",4369,3,3,55.5135090999876,1,1,2,19060,4,96,0
"19061",4370,3,4,52.6952154915274,1,1,3,19061,4,96,0
"19062",4371,4,3,48.0694890452743,1,1,4,19062,4,96,0
"19063",4372,2,3,59.331030923842,1,1,5,19063,4,96,0
"19064",4373,2,2,55.4728357621481,1,1,6,19064,4,96,0
"19065",4374,2,4,55.5366955298451,1,1,7,19065,4,96,0
"19066",4375,3,2,52.3926659295967,1,1,8,19066,4,96,0
"19067",4376,1,3,55.4732604364245,1,1,9,19067,4,96,0
"19068",4377,2,1,47.9436713713208,1,1,10,19068,4,96,0
"19069",4378,1,4,52.3978158585524,1,1,11,19069,4,96,0
"19070",4379,1,2,52.3891733788038,1,1,12,19070,4,96,0
"19071",4380,0,3,47.943731850173,1,1,13,19071,4,96,0
"19072",4381,4,2,46.3716823833465,1,1,14,19072,4,96,0
"19073",4382,1,5,46.4021931702897,1,1,15,19073,4,96,0
"19074",4383,0,2,46.360769887065,1,1,16,19074,4,96,0
"19075",4384,2,5,48.2497739628967,1,1,17,19075,4,96,0
"19076",4385,8,1,40.0032724359902,1,1,18,19076,4,96,1
"19077",4386,NA,NA,NA,1,1,19,19077,4,96,0
"19078",4387,NA,NA,NA,1,1,20,19078,4,96,0
"19079",4388,NA,NA,NA,1,1,21,19079,4,96,0
"19080",4389,NA,NA,NA,1,1,22,19080,4,96,1
"19081",4390,NA,NA,NA,1,1,23,19081,4,96,0
"19082",4391,NA,NA,NA,1,1,24,19082,4,96,0
"19083",4392,NA,NA,NA,1,1,25,19083,4,96,0
"19084",4393,NA,NA,NA,1,1,26,19084,4,96,0
"19085",4394,1,7,53,1,1,1,19085,5,96,0
"19086",4395,1,7,53.6000668329386,1,1,2,19086,5,96,0
"19087",4396,0,7,46.9822232435156,1,1,3,19087,5,96,0
"19088",4397,3,3,42.4215728330544,1,1,4,19088,5,96,1
"19089",4398,NA,NA,NA,1,1,5,19089,5,96,0
"19090",4399,NA,NA,NA,1,1,6,19090,5,96,0
"19091",4400,NA,NA,NA,1,1,7,19091,5,96,0
"19092",4401,NA,NA,NA,1,1,8,19092,5,96,0
"19093",4402,NA,NA,NA,1,1,9,19093,5,96,0
"19094",4403,NA,NA,NA,1,1,10,19094,5,96,0
"19095",4404,NA,NA,NA,1,1,11,19095,5,96,0
"19096",4405,NA,NA,NA,1,1,12,19096,5,96,0
"19097",4406,NA,NA,NA,1,1,13,19097,5,96,0
"19098",4407,NA,NA,NA,1,1,14,19098,5,96,0
"19099",4408,NA,NA,NA,1,1,15,19099,5,96,0
"19100",4409,NA,NA,NA,1,1,16,19100,5,96,0
"19101",4410,NA,NA,NA,1,1,17,19101,5,96,0
"19102",4411,NA,NA,NA,1,1,18,19102,5,96,0
"19103",4412,NA,NA,NA,1,1,19,19103,5,96,0
"19104",4413,NA,NA,NA,1,1,20,19104,5,96,0
"19105",4414,NA,NA,NA,1,1,21,19105,5,96,0
"19106",4415,NA,NA,NA,1,1,22,19106,5,96,0
"19107",4416,NA,NA,NA,1,1,23,19107,5,96,0
"19108",4417,NA,NA,NA,1,1,24,19108,5,96,0
"19109",4418,NA,NA,NA,1,1,25,19109,5,96,0
"19110",4419,NA,NA,NA,1,1,26,19110,5,96,0
"19111",4420,1,2,56,1,1,1,19111,1,102,0
"19112",4421,1,2,56.1783913226422,1,1,2,19112,1,102,0
"19113",4422,2,10,89.5412011875555,1,1,3,19113,1,102,0
"19114",4423,3,10,101.869251008432,1,1,4,19114,1,102,0
"19115",4424,3,10,101.869251008432,1,1,5,19115,1,102,0
"19116",4425,3,10,101.869251008432,1,1,6,19116,1,102,0
"19117",4426,3,10,101.869251008432,1,1,7,19117,1,102,0
"19118",4427,3,10,101.869251008432,1,1,8,19118,1,102,0
"19119",4428,3,10,101.869251008432,1,1,9,19119,1,102,0
"19120",4429,3,10,101.869251008432,1,1,10,19120,1,102,0
"19121",4430,3,10,101.869251008432,1,1,11,19121,1,102,0
"19122",4431,7,6,40.2996181447348,1,1,12,19122,1,102,1
"19123",4432,NA,NA,NA,1,1,13,19123,1,102,0
"19124",4433,NA,NA,NA,1,1,14,19124,1,102,0
"19125",4434,NA,NA,NA,1,1,15,19125,1,102,0
"19126",4435,NA,NA,NA,1,1,16,19126,1,102,0
"19127",4436,NA,NA,NA,1,1,17,19127,1,102,0
"19128",4437,NA,NA,NA,1,1,18,19128,1,102,0
"19129",4438,NA,NA,NA,1,1,19,19129,1,102,0
"19130",4439,NA,NA,NA,1,1,20,19130,1,102,0
"19131",4440,NA,NA,NA,1,1,21,19131,1,102,0
"19132",4441,NA,NA,NA,1,1,22,19132,1,102,0
"19133",4442,NA,NA,NA,1,1,23,19133,1,102,0
"19134",4443,NA,NA,NA,1,1,24,19134,1,102,0
"19135",4444,NA,NA,NA,1,1,25,19135,1,102,0
"19136",4445,NA,NA,NA,1,1,26,19136,1,102,0
"19137",4446,6,8,52,1,1,1,19137,2,102,0
"19138",4447,2,3,40.0222941966005,1,1,2,19138,2,102,1
"19139",4448,NA,NA,NA,1,1,3,19139,2,102,0
"19140",4449,NA,NA,NA,1,1,4,19140,2,102,0
"19141",4450,NA,NA,NA,1,1,5,19141,2,102,0
"19142",4451,NA,NA,NA,1,1,6,19142,2,102,0
"19143",4452,NA,NA,NA,1,1,7,19143,2,102,0
"19144",4453,NA,NA,NA,1,1,8,19144,2,102,0
"19145",4454,NA,NA,NA,1,1,9,19145,2,102,0
"19146",4455,NA,NA,NA,1,1,10,19146,2,102,1
"19147",4456,NA,NA,NA,1,1,11,19147,2,102,1
"19148",4457,NA,NA,NA,1,1,12,19148,2,102,1
"19149",4458,NA,NA,NA,1,1,13,19149,2,102,0
"19150",4459,NA,NA,NA,1,1,14,19150,2,102,0
"19151",4460,NA,NA,NA,1,1,15,19151,2,102,1
"19152",4461,NA,NA,NA,1,1,16,19152,2,102,0
"19153",4462,NA,NA,NA,1,1,17,19153,2,102,1
"19154",4463,NA,NA,NA,1,1,18,19154,2,102,0
"19155",4464,NA,NA,NA,1,1,19,19155,2,102,0
"19156",4465,NA,NA,NA,1,1,20,19156,2,102,0
"19157",4466,NA,NA,NA,1,1,21,19157,2,102,0
"19158",4467,NA,NA,NA,1,1,22,19158,2,102,1
"19159",4468,NA,NA,NA,1,1,23,19159,2,102,1
"19160",4469,NA,NA,NA,1,1,24,19160,2,102,0
"19161",4470,NA,NA,NA,1,1,25,19161,2,102,0
"19162",4471,NA,NA,NA,1,1,26,19162,2,102,0
"19163",4472,4,2,57,1,1,1,19163,3,102,0
"19164",4473,4,3,54.8764669845258,1,1,2,19164,3,102,0
"19165",4474,1,4,43.5487891693026,1,1,3,19165,3,102,1
"19166",4475,NA,NA,NA,1,1,4,19166,3,102,1
"19167",4476,NA,NA,NA,1,1,5,19167,3,102,0
"19168",4477,NA,NA,NA,1,1,6,19168,3,102,0
"19169",4478,NA,NA,NA,1,1,7,19169,3,102,0
"19170",4479,NA,NA,NA,1,1,8,19170,3,102,0
"19171",4480,NA,NA,NA,1,1,9,19171,3,102,1
"19172",4481,NA,NA,NA,1,1,10,19172,3,102,1
"19173",4482,NA,NA,NA,1,1,11,19173,3,102,0
"19174",4483,NA,NA,NA,1,1,12,19174,3,102,0
"19175",4484,NA,NA,NA,1,1,13,19175,3,102,0
"19176",4485,NA,NA,NA,1,1,14,19176,3,102,0
"19177",4486,NA,NA,NA,1,1,15,19177,3,102,0
"19178",4487,NA,NA,NA,1,1,16,19178,3,102,0
"19179",4488,NA,NA,NA,1,1,17,19179,3,102,0
"19180",4489,NA,NA,NA,1,1,18,19180,3,102,0
"19181",4490,NA,NA,NA,1,1,19,19181,3,102,0
"19182",4491,NA,NA,NA,1,1,20,19182,3,102,0
"19183",4492,NA,NA,NA,1,1,21,19183,3,102,0
"19184",4493,NA,NA,NA,1,1,22,19184,3,102,0
"19185",4494,NA,NA,NA,1,1,23,19185,3,102,0
"19186",4495,NA,NA,NA,1,1,24,19186,3,102,0
"19187",4496,NA,NA,NA,1,1,25,19187,3,102,0
"19188",4497,NA,NA,NA,1,1,26,19188,3,102,0
"19189",4498,3,9,53,1,1,1,19189,4,102,0
"19190",4499,3,7,45.7366289644757,1,1,2,19190,4,102,1
"19191",4500,NA,NA,NA,1,1,3,19191,4,102,1
"19192",4501,NA,NA,NA,1,1,4,19192,4,102,0
"19193",4502,NA,NA,NA,1,1,5,19193,4,102,0
"19194",4503,NA,NA,NA,1,1,6,19194,4,102,0
"19195",4504,NA,NA,NA,1,1,7,19195,4,102,0
"19196",4505,NA,NA,NA,1,1,8,19196,4,102,1
"19197",4506,NA,NA,NA,1,1,9,19197,4,102,0
"19198",4507,NA,NA,NA,1,1,10,19198,4,102,1
"19199",4508,NA,NA,NA,1,1,11,19199,4,102,0
"19200",4509,NA,NA,NA,1,1,12,19200,4,102,0
"19201",4510,NA,NA,NA,1,1,13,19201,4,102,0
"19202",4511,NA,NA,NA,1,1,14,19202,4,102,0
"19203",4512,NA,NA,NA,1,1,15,19203,4,102,0
"19204",4513,NA,NA,NA,1,1,16,19204,4,102,0
"19205",4514,NA,NA,NA,1,1,17,19205,4,102,0
"19206",4515,NA,NA,NA,1,1,18,19206,4,102,0
"19207",4516,NA,NA,NA,1,1,19,19207,4,102,0
"19208",4517,NA,NA,NA,1,1,20,19208,4,102,0
"19209",4518,NA,NA,NA,1,1,21,19209,4,102,0
"19210",4519,NA,NA,NA,1,1,22,19210,4,102,0
"19211",4520,NA,NA,NA,1,1,23,19211,4,102,0
"19212",4521,NA,NA,NA,1,1,24,19212,4,102,0
"19213",4522,NA,NA,NA,1,1,25,19213,4,102,0
"19214",4523,NA,NA,NA,1,1,26,19214,4,102,0
"19215",4524,3,1,57,1,1,1,19215,5,102,0
"19216",4525,9,7,40.0225694868351,1,1,2,19216,5,102,1
"19217",4526,NA,NA,NA,1,1,3,19217,5,102,0
"19218",4527,NA,NA,NA,1,1,4,19218,5,102,0
"19219",4528,NA,NA,NA,1,1,5,19219,5,102,0
"19220",4529,NA,NA,NA,1,1,6,19220,5,102,0
"19221",4530,NA,NA,NA,1,1,7,19221,5,102,1
"19222",4531,NA,NA,NA,1,1,8,19222,5,102,1
"19223",4532,NA,NA,NA,1,1,9,19223,5,102,1
"19224",4533,NA,NA,NA,1,1,10,19224,5,102,0
"19225",4534,NA,NA,NA,1,1,11,19225,5,102,0
"19226",4535,NA,NA,NA,1,1,12,19226,5,102,1
"19227",4536,NA,NA,NA,1,1,13,19227,5,102,1
"19228",4537,NA,NA,NA,1,1,14,19228,5,102,0
"19229",4538,NA,NA,NA,1,1,15,19229,5,102,0
"19230",4539,NA,NA,NA,1,1,16,19230,5,102,0
"19231",4540,NA,NA,NA,1,1,17,19231,5,102,0
"19232",4541,NA,NA,NA,1,1,18,19232,5,102,0
"19233",4542,NA,NA,NA,1,1,19,19233,5,102,0
"19234",4543,NA,NA,NA,1,1,20,19234,5,102,0
"19235",4544,NA,NA,NA,1,1,21,19235,5,102,0
"19236",4545,NA,NA,NA,1,1,22,19236,5,102,0
"19237",4546,NA,NA,NA,1,1,23,19237,5,102,0
"19238",4547,NA,NA,NA,1,1,24,19238,5,102,0
"19239",4548,NA,NA,NA,1,1,25,19239,5,102,0
"19240",4549,NA,NA,NA,1,1,26,19240,5,102,0
"19241",4550,2,2,52,1,1,1,19241,1,106,0
"19242",4551,8,3,40.0004772929298,1,1,2,19242,1,106,1
"19243",4552,NA,NA,NA,1,1,3,19243,1,106,0
"19244",4553,NA,NA,NA,1,1,4,19244,1,106,1
"19245",4554,NA,NA,NA,1,1,5,19245,1,106,0
"19246",4555,NA,NA,NA,1,1,6,19246,1,106,1
"19247",4556,NA,NA,NA,1,1,7,19247,1,106,0
"19248",4557,NA,NA,NA,1,1,8,19248,1,106,1
"19249",4558,NA,NA,NA,1,1,9,19249,1,106,0
"19250",4559,NA,NA,NA,1,1,10,19250,1,106,0
"19251",4560,NA,NA,NA,1,1,11,19251,1,106,0
"19252",4561,NA,NA,NA,1,1,12,19252,1,106,0
"19253",4562,NA,NA,NA,1,1,13,19253,1,106,0
"19254",4563,NA,NA,NA,1,1,14,19254,1,106,0
"19255",4564,NA,NA,NA,1,1,15,19255,1,106,0
"19256",4565,NA,NA,NA,1,1,16,19256,1,106,0
"19257",4566,NA,NA,NA,1,1,17,19257,1,106,0
"19258",4567,NA,NA,NA,1,1,18,19258,1,106,0
"19259",4568,NA,NA,NA,1,1,19,19259,1,106,0
"19260",4569,NA,NA,NA,1,1,20,19260,1,106,0
"19261",4570,NA,NA,NA,1,1,21,19261,1,106,0
"19262",4571,NA,NA,NA,1,1,22,19262,1,106,0
"19263",4572,NA,NA,NA,1,1,23,19263,1,106,0
"19264",4573,NA,NA,NA,1,1,24,19264,1,106,0
"19265",4574,NA,NA,NA,1,1,25,19265,1,106,0
"19266",4575,NA,NA,NA,1,1,26,19266,1,106,0
"19267",4576,1,1,53,1,1,1,19267,2,106,0
"19268",4577,1,6,103.856658720533,1,1,2,19268,2,106,0
"19269",4578,2,5,66.7187121305222,1,1,3,19269,2,106,0
"19270",4579,1,7,119.685835508686,1,1,4,19270,2,106,0
"19271",4580,1,7,119.685835508686,1,1,5,19271,2,106,0
"19272",4581,2,7,103.809486194857,1,1,6,19272,2,106,0
"19273",4582,2,8,91.0903703789222,1,1,7,19273,2,106,0
"19274",4583,1,8,103.804008321822,1,1,8,19274,2,106,0
"19275",4584,0,7,103.806109925121,1,1,9,19275,2,106,0
"19276",4585,2,7,103.809486194857,1,1,10,19276,2,106,0
"19277",4586,2,6,91.1561227698045,1,1,11,19277,2,106,0
"19278",4587,0,6,91.1172141460544,1,1,12,19278,2,106,0
"19279",4588,0,8,91.0901825300325,1,1,13,19279,2,106,0
"19280",4589,1,7,119.685835508686,1,1,14,19280,2,106,0
"19281",4590,0,6,91.1172141460544,1,1,15,19281,2,106,0
"19282",4591,2,2,53.9318434248587,1,1,16,19282,2,106,0
"19283",4592,2,9,66.2305183752997,1,1,17,19283,2,106,0
"19284",4593,1,7,119.685835508686,1,1,18,19284,2,106,0
"19285",4594,2,7,103.809486194857,1,1,19,19285,2,106,0
"19286",4595,1,7,119.685835508686,1,1,20,19286,2,106,0
"19287",4596,1,7,119.685835508686,1,1,21,19287,2,106,0
"19288",4597,1,7,119.685835508686,1,1,22,19288,2,106,0
"19289",4598,1,7,119.685835508686,1,1,23,19289,2,106,0
"19290",4599,4,5,44.634012083345,1,1,24,19290,2,106,1
"19291",4600,NA,NA,NA,1,1,25,19291,2,106,0
"19292",4601,NA,NA,NA,1,1,26,19292,2,106,0
"19293",4602,10,7,51,1,1,1,19293,3,106,0
"19294",4603,0,3,40.0087395991797,1,1,2,19294,3,106,1
"19295",4604,NA,NA,NA,1,1,3,19295,3,106,1
"19296",4605,NA,NA,NA,1,1,4,19296,3,106,0
"19297",4606,NA,NA,NA,1,1,5,19297,3,106,1
"19298",4607,NA,NA,NA,1,1,6,19298,3,106,1
"19299",4608,NA,NA,NA,1,1,7,19299,3,106,0
"19300",4609,NA,NA,NA,1,1,8,19300,3,106,0
"19301",4610,NA,NA,NA,1,1,9,19301,3,106,1
"19302",4611,NA,NA,NA,1,1,10,19302,3,106,1
"19303",4612,NA,NA,NA,1,1,11,19303,3,106,1
"19304",4613,NA,NA,NA,1,1,12,19304,3,106,0
"19305",4614,NA,NA,NA,1,1,13,19305,3,106,0
"19306",4615,NA,NA,NA,1,1,14,19306,3,106,0
"19307",4616,NA,NA,NA,1,1,15,19307,3,106,0
"19308",4617,NA,NA,NA,1,1,16,19308,3,106,1
"19309",4618,NA,NA,NA,1,1,17,19309,3,106,1
"19310",4619,NA,NA,NA,1,1,18,19310,3,106,0
"19311",4620,NA,NA,NA,1,1,19,19311,3,106,0
"19312",4621,NA,NA,NA,1,1,20,19312,3,106,0
"19313",4622,NA,NA,NA,1,1,21,19313,3,106,0
"19314",4623,NA,NA,NA,1,1,22,19314,3,106,0
"19315",4624,NA,NA,NA,1,1,23,19315,3,106,0
"19316",4625,NA,NA,NA,1,1,24,19316,3,106,1
"19317",4626,NA,NA,NA,1,1,25,19317,3,106,0
"19318",4627,NA,NA,NA,1,1,26,19318,3,106,0
"19319",4628,7,3,52,1,1,1,19319,4,106,0
"19320",4629,10,3,40.4601763218152,1,1,2,19320,4,106,1
"19321",4630,NA,NA,NA,1,1,3,19321,4,106,0
"19322",4631,NA,NA,NA,1,1,4,19322,4,106,0
"19323",4632,NA,NA,NA,1,1,5,19323,4,106,1
"19324",4633,NA,NA,NA,1,1,6,19324,4,106,0
"19325",4634,NA,NA,NA,1,1,7,19325,4,106,0
"19326",4635,NA,NA,NA,1,1,8,19326,4,106,0
"19327",4636,NA,NA,NA,1,1,9,19327,4,106,0
"19328",4637,NA,NA,NA,1,1,10,19328,4,106,1
"19329",4638,NA,NA,NA,1,1,11,19329,4,106,0
"19330",4639,NA,NA,NA,1,1,12,19330,4,106,1
"19331",4640,NA,NA,NA,1,1,13,19331,4,106,0
"19332",4641,NA,NA,NA,1,1,14,19332,4,106,0
"19333",4642,NA,NA,NA,1,1,15,19333,4,106,0
"19334",4643,NA,NA,NA,1,1,16,19334,4,106,0
"19335",4644,NA,NA,NA,1,1,17,19335,4,106,0
"19336",4645,NA,NA,NA,1,1,18,19336,4,106,0
"19337",4646,NA,NA,NA,1,1,19,19337,4,106,0
"19338",4647,NA,NA,NA,1,1,20,19338,4,106,0
"19339",4648,NA,NA,NA,1,1,21,19339,4,106,0
"19340",4649,NA,NA,NA,1,1,22,19340,4,106,0
"19341",4650,NA,NA,NA,1,1,23,19341,4,106,0
"19342",4651,NA,NA,NA,1,1,24,19342,4,106,0
"19343",4652,NA,NA,NA,1,1,25,19343,4,106,0
"19344",4653,NA,NA,NA,1,1,26,19344,4,106,0
"19345",4654,1,4,52,1,1,1,19345,5,106,0
"19346",4655,8,7,66.069199006448,1,1,2,19346,5,106,0
"19347",4656,0,3,47.943731850173,1,1,3,19347,5,106,0
"19348",4657,7,7,90.7776394852742,1,1,4,19348,5,106,0
"19349",4658,6,6,72.6309568731535,1,1,5,19349,5,106,0
"19350",4659,6,7,103.426699601163,1,1,6,19350,5,106,0
"19351",4660,5,8,103.421042182012,1,1,7,19351,5,106,0
"19352",4661,5,8,103.421042182012,1,1,8,19352,5,106,0
"19353",4662,5,9,90.7763829180976,1,1,9,19353,5,106,0
"19354",4663,7,8,103.411221629152,1,1,10,19354,5,106,0
"19355",4664,6,8,119.192805570968,1,1,11,19355,5,106,0
"19356",4665,6,9,103.411118009905,1,1,12,19356,5,106,0
"19357",4666,3,7,49.0237041826639,1,1,13,19357,5,106,0
"19358",4667,7,9,90.7755307462081,1,1,14,19358,5,106,0
"19359",4668,6,8,119.192805570968,1,1,15,19359,5,106,0
"19360",4669,5,7,90.8502041012801,1,1,16,19360,5,106,0
"19361",4670,8,1,40.0032724359902,1,1,17,19361,5,106,1
"19362",4671,NA,NA,NA,1,1,18,19362,5,106,0
"19363",4672,NA,NA,NA,1,1,19,19363,5,106,0
"19364",4673,NA,NA,NA,1,1,20,19364,5,106,0
"19365",4674,NA,NA,NA,1,1,21,19365,5,106,0
"19366",4675,NA,NA,NA,1,1,22,19366,5,106,0
"19367",4676,NA,NA,NA,1,1,23,19367,5,106,1
"19368",4677,NA,NA,NA,1,1,24,19368,5,106,0
"19369",4678,NA,NA,NA,1,1,25,19369,5,106,0
"19370",4679,NA,NA,NA,1,1,26,19370,5,106,0
"19371",4680,4,9,55,1,1,1,19371,1,113,0
"19372",4681,4,9,55.582366983622,1,1,2,19372,1,113,0
"19373",4682,10,9,40.0752250799481,1,1,3,19373,1,113,1
"19374",4683,NA,NA,NA,1,1,4,19374,1,113,1
"19375",4684,NA,NA,NA,1,1,5,19375,1,113,0
"19376",4685,NA,NA,NA,1,1,6,19376,1,113,0
"19377",4686,NA,NA,NA,1,1,7,19377,1,113,0
"19378",4687,NA,NA,NA,1,1,8,19378,1,113,0
"19379",4688,NA,NA,NA,1,1,9,19379,1,113,0
"19380",4689,NA,NA,NA,1,1,10,19380,1,113,0
"19381",4690,NA,NA,NA,1,1,11,19381,1,113,0
"19382",4691,NA,NA,NA,1,1,12,19382,1,113,0
"19383",4692,NA,NA,NA,1,1,13,19383,1,113,0
"19384",4693,NA,NA,NA,1,1,14,19384,1,113,0
"19385",4694,NA,NA,NA,1,1,15,19385,1,113,0
"19386",4695,NA,NA,NA,1,1,16,19386,1,113,0
"19387",4696,NA,NA,NA,1,1,17,19387,1,113,0
"19388",4697,NA,NA,NA,1,1,18,19388,1,113,0
"19389",4698,NA,NA,NA,1,1,19,19389,1,113,0
"19390",4699,NA,NA,NA,1,1,20,19390,1,113,0
"19391",4700,NA,NA,NA,1,1,21,19391,1,113,0
"19392",4701,NA,NA,NA,1,1,22,19392,1,113,0
"19393",4702,NA,NA,NA,1,1,23,19393,1,113,0
"19394",4703,NA,NA,NA,1,1,24,19394,1,113,0
"19395",4704,NA,NA,NA,1,1,25,19395,1,113,0
"19396",4705,NA,NA,NA,1,1,26,19396,1,113,0
"19397",4706,4,2,53,1,1,1,19397,2,113,0
"19398",4707,5,1,60.2186332264043,1,1,2,19398,2,113,0
"19399",4708,5,1,60.2186332264043,1,1,3,19399,2,113,0
"19400",4709,4,2,53.7621243976676,1,1,4,19400,2,113,0
"19401",4710,4,1,56.117055112528,1,1,5,19401,2,113,0
"19402",4711,5,1,60.2186332264043,1,1,6,19402,2,113,0
"19403",4712,5,2,57.8582361610825,1,1,7,19403,2,113,0
"19404",4713,6,3,57.6437751227693,1,1,8,19404,2,113,0
"19405",4714,7,3,52.2396273768705,1,1,9,19405,2,113,0
"19406",4715,7,2,48.4436660942261,1,1,10,19406,2,113,0
"19407",4716,6,6,121.868316061554,1,1,11,19407,2,113,0
"19408",4717,6,6,121.868316061554,1,1,12,19408,2,113,0
"19409",4718,6,6,121.868316061554,1,1,13,19409,2,113,0
"19410",4719,6,6,121.868316061554,1,1,14,19410,2,113,0
"19411",4720,6,6,121.868316061554,1,1,15,19411,2,113,0
"19412",4721,9,0,40.4603917504616,1,1,16,19412,2,113,1
"19413",4722,NA,NA,NA,1,1,17,19413,2,113,0
"19414",4723,NA,NA,NA,1,1,18,19414,2,113,0
"19415",4724,NA,NA,NA,1,1,19,19415,2,113,0
"19416",4725,NA,NA,NA,1,1,20,19416,2,113,0
"19417",4726,NA,NA,NA,1,1,21,19417,2,113,0
"19418",4727,NA,NA,NA,1,1,22,19418,2,113,0
"19419",4728,NA,NA,NA,1,1,23,19419,2,113,0
"19420",4729,NA,NA,NA,1,1,24,19420,2,113,0
"19421",4730,NA,NA,NA,1,1,25,19421,2,113,0
"19422",4731,NA,NA,NA,1,1,26,19422,2,113,0
"19423",4732,6,6,52,1,1,1,19423,3,113,0
"19424",4733,10,7,40.458752785343,1,1,2,19424,3,113,1
"19425",4734,NA,NA,NA,1,1,3,19425,3,113,0
"19426",4735,NA,NA,NA,1,1,4,19426,3,113,0
"19427",4736,NA,NA,NA,1,1,5,19427,3,113,1
"19428",4737,NA,NA,NA,1,1,6,19428,3,113,0
"19429",4738,NA,NA,NA,1,1,7,19429,3,113,0
"19430",4739,NA,NA,NA,1,1,8,19430,3,113,1
"19431",4740,NA,NA,NA,1,1,9,19431,3,113,0
"19432",4741,NA,NA,NA,1,1,10,19432,3,113,0
"19433",4742,NA,NA,NA,1,1,11,19433,3,113,0
"19434",4743,NA,NA,NA,1,1,12,19434,3,113,1
"19435",4744,NA,NA,NA,1,1,13,19435,3,113,0
"19436",4745,NA,NA,NA,1,1,14,19436,3,113,0
"19437",4746,NA,NA,NA,1,1,15,19437,3,113,0
"19438",4747,NA,NA,NA,1,1,16,19438,3,113,0
"19439",4748,NA,NA,NA,1,1,17,19439,3,113,0
"19440",4749,NA,NA,NA,1,1,18,19440,3,113,0
"19441",4750,NA,NA,NA,1,1,19,19441,3,113,0
"19442",4751,NA,NA,NA,1,1,20,19442,3,113,0
"19443",4752,NA,NA,NA,1,1,21,19443,3,113,0
"19444",4753,NA,NA,NA,1,1,22,19444,3,113,0
"19445",4754,NA,NA,NA,1,1,23,19445,3,113,0
"19446",4755,NA,NA,NA,1,1,24,19446,3,113,0
"19447",4756,NA,NA,NA,1,1,25,19447,3,113,0
"19448",4757,NA,NA,NA,1,1,26,19448,3,113,0
"19449",4758,9,5,58,1,1,1,19449,4,113,0
"19450",4759,8,4,57.1022277188402,1,1,2,19450,4,113,0
"19451",4760,9,4,61.2191632461105,1,1,3,19451,4,113,0
"19452",4761,9,5,58.6266215525236,1,1,4,19452,4,113,0
"19453",4762,9,3,56.813726175488,1,1,5,19453,4,113,0
"19454",4763,9,5,58.6266215525236,1,1,6,19454,4,113,0
"19455",4764,10,3,53.4571897010754,1,1,7,19455,4,113,0
"19456",4765,8,5,55.7370654207569,1,1,8,19456,4,113,0
"19457",4766,7,5,48.7379112427164,1,1,9,19457,4,113,0
"19458",4767,1,2,40.0000057683744,1,1,10,19458,4,113,1
"19459",4768,NA,NA,NA,1,1,11,19459,4,113,0
"19460",4769,NA,NA,NA,1,1,12,19460,4,113,0
"19461",4770,NA,NA,NA,1,1,13,19461,4,113,0
"19462",4771,NA,NA,NA,1,1,14,19462,4,113,1
"19463",4772,NA,NA,NA,1,1,15,19463,4,113,0
"19464",4773,NA,NA,NA,1,1,16,19464,4,113,0
"19465",4774,NA,NA,NA,1,1,17,19465,4,113,0
"19466",4775,NA,NA,NA,1,1,18,19466,4,113,0
"19467",4776,NA,NA,NA,1,1,19,19467,4,113,1
"19468",4777,NA,NA,NA,1,1,20,19468,4,113,0
"19469",4778,NA,NA,NA,1,1,21,19469,4,113,1
"19470",4779,NA,NA,NA,1,1,22,19470,4,113,0
"19471",4780,NA,NA,NA,1,1,23,19471,4,113,1
"19472",4781,NA,NA,NA,1,1,24,19472,4,113,0
"19473",4782,NA,NA,NA,1,1,25,19473,4,113,0
"19474",4783,NA,NA,NA,1,1,26,19474,4,113,0
"19475",4784,2,4,55,1,1,1,19475,5,113,0
"19476",4785,1,5,46.4021931702897,1,1,2,19476,5,113,0
"19477",4786,7,1,40.0318929673093,1,1,3,19477,5,113,1
"19478",4787,NA,NA,NA,1,1,4,19478,5,113,1
"19479",4788,NA,NA,NA,1,1,5,19479,5,113,0
"19480",4789,NA,NA,NA,1,1,6,19480,5,113,0
"19481",4790,NA,NA,NA,1,1,7,19481,5,113,0
"19482",4791,NA,NA,NA,1,1,8,19482,5,113,0
"19483",4792,NA,NA,NA,1,1,9,19483,5,113,0
"19484",4793,NA,NA,NA,1,1,10,19484,5,113,0
"19485",4794,NA,NA,NA,1,1,11,19485,5,113,0
"19486",4795,NA,NA,NA,1,1,12,19486,5,113,0
"19487",4796,NA,NA,NA,1,1,13,19487,5,113,0
"19488",4797,NA,NA,NA,1,1,14,19488,5,113,0
"19489",4798,NA,NA,NA,1,1,15,19489,5,113,0
"19490",4799,NA,NA,NA,1,1,16,19490,5,113,0
"19491",4800,NA,NA,NA,1,1,17,19491,5,113,0
"19492",4801,NA,NA,NA,1,1,18,19492,5,113,0
"19493",4802,NA,NA,NA,1,1,19,19493,5,113,0
"19494",4803,NA,NA,NA,1,1,20,19494,5,113,0
"19495",4804,NA,NA,NA,1,1,21,19495,5,113,0
"19496",4805,NA,NA,NA,1,1,22,19496,5,113,0
"19497",4806,NA,NA,NA,1,1,23,19497,5,113,0
"19498",4807,NA,NA,NA,1,1,24,19498,5,113,0
"19499",4808,NA,NA,NA,1,1,25,19499,5,113,0
"19500",4809,NA,NA,NA,1,1,26,19500,5,113,0
