model,ID,kraken_present,cv_fold,logp
ucb_lcb_n_baseline,1.0,0.0,0.0,-37.598074197769165
ucb_lcb_n_baseline,3.0,0.0,0.0,-51.29184901714325
ucb_lcb_n_baseline,5.0,0.0,0.0,-59.458479166030884
ucb_lcb_n_baseline,6.0,0.0,0.0,-71.01915645599365
ucb_lcb_n_baseline,9.0,0.0,0.0,-69.74606037139893
ucb_lcb_n_baseline,10.0,0.0,0.0,-56.59539866447449
ucb_lcb_n_baseline,11.0,0.0,0.0,-44.71125853061676
ucb_lcb_n_baseline,13.0,0.0,0.0,-53.40972185134888
ucb_lcb_n_baseline,15.0,0.0,0.0,-61.631038188934326
ucb_lcb_n_baseline,16.0,0.0,0.0,-61.54279625415802
ucb_lcb_n_baseline,17.0,0.0,0.0,-40.21747636795044
ucb_lcb_n_baseline,19.0,0.0,0.0,-52.25654876232147
ucb_lcb_n_baseline,20.0,0.0,0.0,-55.096277713775635
ucb_lcb_n_baseline,21.0,0.0,0.0,-61.190309047698975
ucb_lcb_n_baseline,22.0,0.0,0.0,-52.09867739677429
ucb_lcb_n_baseline,23.0,0.0,0.0,-68.6431815624237
ucb_lcb_n_baseline,24.0,0.0,0.0,-43.730764865875244
ucb_lcb_n_baseline,25.0,0.0,0.0,-52.94341850280762
ucb_lcb_n_baseline,26.0,0.0,0.0,-70.50774121284485
ucb_lcb_n_baseline,27.0,0.0,0.0,-23.426440715789795
ucb_lcb_n_baseline,28.0,0.0,0.0,-36.56845152378082
ucb_lcb_n_baseline,29.0,0.0,0.0,-42.29996418952942
ucb_lcb_n_baseline,30.0,0.0,0.0,-38.448837637901306
ucb_lcb_n_baseline,31.0,0.0,0.0,-69.53140139579773
ucb_lcb_n_baseline,32.0,0.0,0.0,-74.2519736289978
ucb_lcb_n_baseline,33.0,0.0,0.0,-0.04945117700845003
ucb_lcb_n_baseline,34.0,0.0,0.0,-51.16452407836914
ucb_lcb_n_baseline,37.0,0.0,0.0,-39.50632655620575
ucb_lcb_n_baseline,38.0,0.0,0.0,-13.818112254142761
ucb_lcb_n_baseline,40.0,0.0,0.0,-64.71394181251526
ucb_lcb_n_baseline,41.0,0.0,0.0,-2.3009282797574997
ucb_lcb_n_baseline,42.0,0.0,0.0,-64.1413094997406
ucb_lcb_n_baseline,43.0,0.0,0.0,-56.88988959789276
ucb_lcb_n_baseline,44.0,0.0,0.0,-60.24048578739166
ucb_lcb_n_baseline,46.0,0.0,0.0,-53.478652477264404
ucb_lcb_n_baseline,50.0,0.0,0.0,-37.00394105911255
ucb_lcb_n_baseline,51.0,0.0,0.0,-68.47355031967163
ucb_lcb_n_baseline,52.0,0.0,0.0,-78.15792489051819
ucb_lcb_n_baseline,53.0,0.0,0.0,-35.24032151699066
ucb_lcb_n_baseline,54.0,0.0,0.0,-34.82578694820404
ucb_lcb_n_baseline,55.0,0.0,0.0,-43.78473091125488
ucb_lcb_n_baseline,56.0,0.0,0.0,-0.03220970323309302
ucb_lcb_n_baseline,57.0,0.0,0.0,-54.086617946624756
ucb_lcb_n_baseline,59.0,0.0,0.0,-40.025426149368286
ucb_lcb_n_baseline,60.0,0.0,0.0,-46.7693190574646
ucb_lcb_n_baseline,61.0,0.0,0.0,-50.876723527908325
ucb_lcb_n_baseline,62.0,0.0,0.0,-26.716593205928802
ucb_lcb_n_baseline,64.0,0.0,0.0,-59.79761266708374
ucb_lcb_n_baseline,65.0,0.0,0.0,-49.019251108169556
ucb_lcb_n_baseline,67.0,0.0,0.0,-62.9332389831543
ucb_lcb_n_baseline,68.0,0.0,0.0,-46.39514446258545
ucb_lcb_n_baseline,69.0,0.0,0.0,-48.36281418800354
ucb_lcb_n_baseline,71.0,0.0,0.0,-39.75394082069397
ucb_lcb_n_baseline,73.0,0.0,0.0,-61.06246042251587
ucb_lcb_n_baseline,75.0,0.0,0.0,-23.060717701911926
ucb_lcb_n_baseline,76.0,0.0,0.0,-50.58895015716553
ucb_lcb_n_baseline,77.0,0.0,0.0,-35.91904067993164
ucb_lcb_n_baseline,80.0,0.0,0.0,-39.90362811088562
ucb_lcb_n_baseline,81.0,0.0,0.0,-52.63508701324463
ucb_lcb_n_baseline,82.0,0.0,0.0,-68.29889011383057
ucb_lcb_n_baseline,83.0,0.0,0.0,-50.47758102416992
ucb_lcb_n_baseline,84.0,0.0,0.0,-29.342697739601135
ucb_lcb_n_baseline,85.0,0.0,0.0,-23.176955699920654
ucb_lcb_n_baseline,86.0,0.0,0.0,-48.91368341445923
ucb_lcb_n_baseline,87.0,0.0,0.0,-41.12236678600311
ucb_lcb_n_baseline,89.0,0.0,0.0,-47.62967276573181
ucb_lcb_n_baseline,90.0,0.0,0.0,-55.36537289619446
ucb_lcb_n_baseline,95.0,0.0,0.0,-52.89348340034485
ucb_lcb_n_baseline,96.0,0.0,0.0,-58.28795289993286
ucb_lcb_n_baseline,97.0,0.0,0.0,-52.89876067638397
ucb_lcb_n_baseline,98.0,0.0,0.0,-62.43899488449097
ucb_lcb_n_baseline,102.0,0.0,0.0,-41.02265286445618
ucb_lcb_n_baseline,103.0,0.0,0.0,-54.684144020080566
ucb_lcb_n_baseline,104.0,0.0,0.0,-28.807305097579956
ucb_lcb_n_baseline,105.0,0.0,0.0,-60.13562059402466
ucb_lcb_n_baseline,106.0,0.0,0.0,-35.197216153144836
ucb_lcb_n_baseline,108.0,0.0,0.0,-53.36305069923401
ucb_lcb_n_baseline,109.0,0.0,0.0,-53.9566969871521
ucb_lcb_n_baseline,110.0,0.0,0.0,-44.07593035697937
ucb_lcb_n_baseline,111.0,0.0,0.0,-63.42420721054077
ucb_lcb_n_baseline,112.0,0.0,0.0,-67.64421844482422
ucb_lcb_n_baseline,115.0,0.0,0.0,-29.902443289756775
ucb_lcb_n_baseline,116.0,0.0,0.0,-38.4570677280426
ucb_lcb_n_baseline,117.0,0.0,0.0,-32.810495138168335
ucb_lcb_n_baseline,119.0,0.0,0.0,-42.82819223403931
ucb_lcb_n_baseline,120.0,0.0,0.0,-25.3496835231781
ucb_lcb_n_baseline,122.0,0.0,0.0,-45.50436806678772
ucb_lcb_n_baseline,124.0,0.0,0.0,-48.41903877258301
ucb_lcb_n_baseline,125.0,0.0,0.0,-28.324822187423706
ucb_lcb_n_baseline,126.0,0.0,0.0,-28.317017078399658
ucb_lcb_n_baseline,131.0,0.0,0.0,-48.07513356208801
ucb_lcb_n_baseline,133.0,0.0,0.0,-57.42627811431885
ucb_lcb_n_baseline,134.0,0.0,0.0,-34.8648567199707
ucb_lcb_n_baseline,136.0,0.0,0.0,-40.32081365585327
ucb_lcb_n_baseline,137.0,0.0,0.0,-42.48314023017883
ucb_lcb_n_baseline,138.0,0.0,0.0,-46.03158783912659
ucb_lcb_n_baseline,140.0,0.0,0.0,-39.06688833236694
ucb_lcb_n_baseline,141.0,0.0,0.0,-68.33134651184082
ucb_lcb_n_baseline,142.0,0.0,0.0,-66.64810156822205
ucb_lcb_n_baseline,143.0,0.0,0.0,-54.38813877105713
ucb_lcb_n_baseline,144.0,0.0,0.0,-46.18553066253662
ucb_lcb_n_baseline,145.0,0.0,0.0,-64.07127106189728
ucb_lcb_n_baseline,146.0,0.0,0.0,-68.05357694625854
ucb_lcb_n_baseline,147.0,0.0,0.0,-47.2926150560379
ucb_lcb_n_baseline,148.0,0.0,0.0,-52.130295515060425
ucb_lcb_n_baseline,149.0,0.0,0.0,-67.25533175468445
ucb_lcb_n_baseline,151.0,0.0,0.0,-47.12238574028015
ucb_lcb_n_baseline,152.0,0.0,0.0,-56.43387222290039
ucb_lcb_n_baseline,153.0,0.0,0.0,-29.704042971134186
ucb_lcb_n_baseline,154.0,0.0,0.0,-31.394428372383118
ucb_lcb_n_baseline,155.0,0.0,0.0,-71.55965423583984
ucb_lcb_n_baseline,156.0,0.0,0.0,-36.88549041748047
ucb_lcb_n_baseline,157.0,0.0,0.0,-63.51950812339783
ucb_lcb_n_baseline,158.0,0.0,0.0,-53.47806143760681
ucb_lcb_n_baseline,159.0,0.0,0.0,-39.52238392829895
ucb_lcb_n_baseline,160.0,0.0,0.0,-39.81822741031647
ucb_lcb_n_baseline,161.0,0.0,0.0,-44.5808242559433
ucb_lcb_n_baseline,162.0,0.0,0.0,-38.1668267250061
ucb_lcb_n_baseline,163.0,0.0,0.0,-31.91330325603485
ucb_lcb_n_baseline,164.0,0.0,0.0,-66.49430775642395
ucb_lcb_n_baseline,166.0,0.0,0.0,-28.852547705173492
ucb_lcb_n_baseline,167.0,0.0,0.0,-62.80321550369263
ucb_lcb_n_baseline,170.0,0.0,0.0,-44.71869778633118
ucb_lcb_n_baseline,171.0,0.0,0.0,-15.814280986785889
ucb_lcb_n_baseline,172.0,0.0,0.0,-60.774333238601685
ucb_lcb_n_baseline,173.0,0.0,0.0,-53.07697665691376
ucb_lcb_n_baseline,174.0,0.0,0.0,-26.25211751461029
ucb_lcb_n_baseline,176.0,0.0,0.0,-23.947054982185364
ucb_lcb_n_baseline,177.0,0.0,0.0,-39.878607988357544
ucb_lcb_n_baseline,178.0,0.0,0.0,-34.746386766433716
ucb_lcb_n_baseline,180.0,0.0,0.0,-33.09337115287781
ucb_lcb_n_baseline,181.0,0.0,0.0,-42.5196168422699
ucb_lcb_n_baseline,182.0,0.0,0.0,-67.92892527580261
ucb_lcb_n_baseline,183.0,0.0,0.0,-43.205268144607544
ucb_lcb_n_baseline,184.0,0.0,0.0,-74.24084138870239
ucb_lcb_n_baseline,186.0,0.0,0.0,-54.147114276885986
ucb_lcb_n_baseline,187.0,0.0,0.0,-41.02048218250275
ucb_lcb_n_baseline,188.0,0.0,0.0,-69.36238598823547
ucb_lcb_n_baseline,190.0,0.0,0.0,-39.686086535453796
ucb_lcb_n_baseline,192.0,0.0,0.0,-48.65148162841797
ucb_lcb_n_baseline,193.0,0.0,0.0,-63.46533441543579
ucb_lcb_n_baseline,194.0,0.0,0.0,-45.178154945373535
ucb_lcb_n_baseline,196.0,0.0,0.0,-70.53982901573181
ucb_lcb_n_baseline,197.0,0.0,0.0,-38.94565391540527
ucb_lcb_n_baseline,198.0,0.0,0.0,-52.73705816268921
ucb_lcb_n_baseline,200.0,0.0,0.0,-39.382044672966
ucb_lcb_n_baseline,201.0,0.0,0.0,-43.194451332092285
ucb_lcb_n_baseline,203.0,0.0,0.0,-60.10561943054199
ucb_lcb_n_baseline,204.0,0.0,0.0,-44.516213178634644
ucb_lcb_n_baseline,207.0,0.0,0.0,-63.54834771156311
ucb_lcb_n_baseline,208.0,0.0,0.0,-50.49336838722229
ucb_lcb_n_baseline,210.0,0.0,0.0,-56.04909121990204
ucb_lcb_n_baseline,211.0,0.0,0.0,-55.98943305015564
ucb_lcb_n_baseline,212.0,0.0,0.0,-62.41238975524902
ucb_lcb_n_baseline,213.0,0.0,0.0,-66.64397621154785
ucb_lcb_n_baseline,215.0,0.0,0.0,-71.57393717765808
ucb_lcb_n_baseline,216.0,0.0,0.0,-62.99522042274475
ucb_lcb_n_baseline,217.0,0.0,0.0,-76.87134599685669
ucb_lcb_n_baseline,221.0,0.0,0.0,-49.69152235984802
ucb_lcb_n_baseline,223.0,0.0,0.0,-41.4321474134922
ucb_lcb_n_baseline,224.0,0.0,0.0,-70.9267086982727
ucb_lcb_n_baseline,225.0,0.0,0.0,-45.443742632865906
ucb_lcb_n_baseline,226.0,0.0,0.0,-51.7578866481781
ucb_lcb_n_baseline,227.0,0.0,0.0,-37.962852001190186
ucb_lcb_n_baseline,228.0,0.0,0.0,-56.80575203895569
ucb_lcb_n_baseline,229.0,0.0,0.0,-23.857318103313446
ucb_lcb_n_baseline,230.0,0.0,0.0,-67.94339871406555
ucb_lcb_n_baseline,232.0,0.0,0.0,-16.018106661736965
ucb_lcb_n_baseline,233.0,0.0,0.0,-46.25849390029907
ucb_lcb_n_baseline,234.0,0.0,0.0,-56.781484842300415
ucb_lcb_n_baseline,235.0,0.0,0.0,-17.77722406387329
ucb_lcb_n_baseline,237.0,0.0,0.0,-51.75802707672119
ucb_lcb_n_baseline,238.0,0.0,0.0,-34.17137622833252
ucb_lcb_n_baseline,239.0,0.0,0.0,-19.727716326713562
ucb_lcb_n_baseline,240.0,0.0,0.0,-55.752535581588745
ucb_lcb_n_baseline,242.0,0.0,0.0,-25.13493549823761
ucb_lcb_n_baseline,243.0,0.0,0.0,-36.41128897666931
ucb_lcb_n_baseline,246.0,0.0,0.0,-18.6218563914299
ucb_lcb_n_baseline,247.0,0.0,0.0,-42.010884284973145
ucb_lcb_n_baseline,248.0,0.0,0.0,-62.216761112213135
ucb_lcb_n_baseline,249.0,0.0,0.0,-36.651300966739655
ucb_lcb_n_baseline,250.0,0.0,0.0,-63.047996282577515
ucb_lcb_n_baseline,251.0,0.0,0.0,-48.8808867931366
ucb_lcb_n_baseline,252.0,0.0,0.0,-49.053353786468506
ucb_lcb_n_baseline,253.0,0.0,0.0,-47.43674898147583
ucb_lcb_n_baseline,254.0,0.0,0.0,-48.98091530799866
ucb_lcb_n_baseline,255.0,0.0,0.0,-37.43259924650192
ucb_lcb_n_baseline,256.0,0.0,0.0,-63.980077028274536
ucb_lcb_n_baseline,257.0,0.0,0.0,-53.509034633636475
ucb_lcb_n_baseline,258.0,0.0,0.0,-39.24274277687073
ucb_lcb_n_baseline,260.0,0.0,0.0,-51.63705372810364
ucb_lcb_n_baseline,261.0,0.0,0.0,-66.10913467407227
ucb_lcb_n_baseline,262.0,0.0,0.0,-57.11340856552124
ucb_lcb_n_baseline,263.0,0.0,0.0,-59.34183180332184
ucb_lcb_n_baseline,265.0,0.0,0.0,-65.91865289211273
ucb_lcb_n_baseline,266.0,0.0,0.0,-18.866854429244995
ucb_lcb_n_baseline,269.0,0.0,0.0,-50.832780599594116
ucb_lcb_n_baseline,270.0,0.0,0.0,-52.48489308357239
ucb_lcb_n_baseline,271.0,0.0,0.0,-77.62774753570557
ucb_lcb_n_baseline,273.0,0.0,0.0,-51.236634254455566
ucb_lcb_n_baseline,274.0,0.0,0.0,-32.329023361206055
ucb_lcb_n_baseline,275.0,0.0,0.0,-12.888841092586517
ucb_lcb_n_baseline,278.0,0.0,0.0,-23.30761057138443
ucb_lcb_n_baseline,279.0,0.0,0.0,-31.37538182735443
ucb_lcb_n_baseline,280.0,0.0,0.0,-58.9612512588501
ucb_lcb_n_baseline,281.0,0.0,0.0,-52.24182054400444
ucb_lcb_n_baseline,282.0,0.0,0.0,-59.9142165184021
ucb_lcb_n_baseline,283.0,0.0,0.0,-49.01809239387512
ucb_lcb_n_baseline,284.0,0.0,0.0,-58.29185116291046
ucb_lcb_n_baseline,285.0,0.0,0.0,-48.81705284118652
ucb_lcb_n_baseline,286.0,0.0,0.0,-46.917051911354065
ucb_lcb_n_baseline,287.0,0.0,0.0,-67.3077700138092
ucb_lcb_n_baseline,288.0,0.0,0.0,-54.34483575820923
ucb_lcb_n_baseline,289.0,0.0,0.0,-25.104731798171997
ucb_lcb_n_baseline,291.0,0.0,0.0,-66.30512475967407
ucb_lcb_n_baseline,293.0,0.0,0.0,-36.5467563867569
ucb_lcb_n_baseline,294.0,0.0,0.0,-53.89161193370819
ucb_lcb_n_baseline,295.0,0.0,0.0,-58.80928897857666
ucb_lcb_n_baseline,296.0,0.0,0.0,-62.47393846511841
ucb_lcb_n_baseline,299.0,0.0,0.0,-42.21407067775726
random,1.0,0.0,0.0,-47.95790672302246
random,3.0,0.0,0.0,-47.95790672302246
random,5.0,0.0,0.0,-47.95790672302246
random,6.0,0.0,0.0,-47.95790672302246
random,9.0,0.0,0.0,-47.95790672302246
random,10.0,0.0,0.0,-47.95790672302246
random,11.0,0.0,0.0,-47.95790672302246
random,13.0,0.0,0.0,-47.95790672302246
random,15.0,0.0,0.0,-47.95790672302246
random,16.0,0.0,0.0,-47.95790672302246
random,17.0,0.0,0.0,-47.95790672302246
random,19.0,0.0,0.0,-47.95790672302246
random,20.0,0.0,0.0,-47.95790672302246
random,21.0,0.0,0.0,-47.95790672302246
random,22.0,0.0,0.0,-47.95790672302246
random,23.0,0.0,0.0,-47.95790672302246
random,24.0,0.0,0.0,-47.95790672302246
random,25.0,0.0,0.0,-47.95790672302246
random,26.0,0.0,0.0,-47.95790672302246
random,27.0,0.0,0.0,-47.95790672302246
random,28.0,0.0,0.0,-47.95790672302246
random,29.0,0.0,0.0,-47.95790672302246
random,30.0,0.0,0.0,-47.95790672302246
random,31.0,0.0,0.0,-47.95790672302246
random,32.0,0.0,0.0,-47.95790672302246
random,33.0,0.0,0.0,-47.95790672302246
random,34.0,0.0,0.0,-47.95790672302246
random,37.0,0.0,0.0,-47.95790672302246
random,38.0,0.0,0.0,-47.95790672302246
random,40.0,0.0,0.0,-47.95790672302246
random,41.0,0.0,0.0,-47.95790672302246
random,42.0,0.0,0.0,-47.95790672302246
random,43.0,0.0,0.0,-47.95790672302246
random,44.0,0.0,0.0,-47.95790672302246
random,46.0,0.0,0.0,-47.95790672302246
random,50.0,0.0,0.0,-47.95790672302246
random,51.0,0.0,0.0,-47.95790672302246
random,52.0,0.0,0.0,-47.95790672302246
random,53.0,0.0,0.0,-47.95790672302246
random,54.0,0.0,0.0,-47.95790672302246
random,55.0,0.0,0.0,-47.95790672302246
random,56.0,0.0,0.0,-47.95790672302246
random,57.0,0.0,0.0,-47.95790672302246
random,59.0,0.0,0.0,-47.95790672302246
random,60.0,0.0,0.0,-47.95790672302246
random,61.0,0.0,0.0,-47.95790672302246
random,62.0,0.0,0.0,-47.95790672302246
random,64.0,0.0,0.0,-47.95790672302246
random,65.0,0.0,0.0,-47.95790672302246
random,67.0,0.0,0.0,-47.95790672302246
random,68.0,0.0,0.0,-47.95790672302246
random,69.0,0.0,0.0,-47.95790672302246
random,71.0,0.0,0.0,-47.95790672302246
random,73.0,0.0,0.0,-47.95790672302246
random,75.0,0.0,0.0,-47.95790672302246
random,76.0,0.0,0.0,-47.95790672302246
random,77.0,0.0,0.0,-47.95790672302246
random,80.0,0.0,0.0,-47.95790672302246
random,81.0,0.0,0.0,-47.95790672302246
random,82.0,0.0,0.0,-47.95790672302246
random,83.0,0.0,0.0,-47.95790672302246
random,84.0,0.0,0.0,-47.95790672302246
random,85.0,0.0,0.0,-47.95790672302246
random,86.0,0.0,0.0,-47.95790672302246
random,87.0,0.0,0.0,-47.95790672302246
random,89.0,0.0,0.0,-47.95790672302246
random,90.0,0.0,0.0,-47.95790672302246
random,95.0,0.0,0.0,-47.95790672302246
random,96.0,0.0,0.0,-47.95790672302246
random,97.0,0.0,0.0,-47.95790672302246
random,98.0,0.0,0.0,-47.95790672302246
random,102.0,0.0,0.0,-47.95790672302246
random,103.0,0.0,0.0,-47.95790672302246
random,104.0,0.0,0.0,-47.95790672302246
random,105.0,0.0,0.0,-47.95790672302246
random,106.0,0.0,0.0,-47.95790672302246
random,108.0,0.0,0.0,-47.95790672302246
random,109.0,0.0,0.0,-47.95790672302246
random,110.0,0.0,0.0,-47.95790672302246
random,111.0,0.0,0.0,-47.95790672302246
random,112.0,0.0,0.0,-47.95790672302246
random,115.0,0.0,0.0,-47.95790672302246
random,116.0,0.0,0.0,-47.95790672302246
random,117.0,0.0,0.0,-47.95790672302246
random,119.0,0.0,0.0,-47.95790672302246
random,120.0,0.0,0.0,-47.95790672302246
random,122.0,0.0,0.0,-47.95790672302246
random,124.0,0.0,0.0,-47.95790672302246
random,125.0,0.0,0.0,-47.95790672302246
random,126.0,0.0,0.0,-47.95790672302246
random,131.0,0.0,0.0,-47.95790672302246
random,133.0,0.0,0.0,-47.95790672302246
random,134.0,0.0,0.0,-47.95790672302246
random,136.0,0.0,0.0,-47.95790672302246
random,137.0,0.0,0.0,-47.95790672302246
random,138.0,0.0,0.0,-47.95790672302246
random,140.0,0.0,0.0,-47.95790672302246
random,141.0,0.0,0.0,-47.95790672302246
random,142.0,0.0,0.0,-47.95790672302246
random,143.0,0.0,0.0,-47.95790672302246
random,144.0,0.0,0.0,-47.95790672302246
random,145.0,0.0,0.0,-47.95790672302246
random,146.0,0.0,0.0,-47.95790672302246
random,147.0,0.0,0.0,-47.95790672302246
random,148.0,0.0,0.0,-47.95790672302246
random,149.0,0.0,0.0,-47.95790672302246
random,151.0,0.0,0.0,-47.95790672302246
random,152.0,0.0,0.0,-47.95790672302246
random,153.0,0.0,0.0,-47.95790672302246
random,154.0,0.0,0.0,-47.95790672302246
random,155.0,0.0,0.0,-47.95790672302246
random,156.0,0.0,0.0,-47.95790672302246
random,157.0,0.0,0.0,-47.95790672302246
random,158.0,0.0,0.0,-47.95790672302246
random,159.0,0.0,0.0,-47.95790672302246
random,160.0,0.0,0.0,-47.95790672302246
random,161.0,0.0,0.0,-47.95790672302246
random,162.0,0.0,0.0,-47.95790672302246
random,163.0,0.0,0.0,-47.95790672302246
random,164.0,0.0,0.0,-47.95790672302246
random,166.0,0.0,0.0,-47.95790672302246
random,167.0,0.0,0.0,-47.95790672302246
random,170.0,0.0,0.0,-47.95790672302246
random,171.0,0.0,0.0,-47.95790672302246
random,172.0,0.0,0.0,-47.95790672302246
random,173.0,0.0,0.0,-47.95790672302246
random,174.0,0.0,0.0,-47.95790672302246
random,176.0,0.0,0.0,-47.95790672302246
random,177.0,0.0,0.0,-47.95790672302246
random,178.0,0.0,0.0,-47.95790672302246
random,180.0,0.0,0.0,-47.95790672302246
random,181.0,0.0,0.0,-47.95790672302246
random,182.0,0.0,0.0,-47.95790672302246
random,183.0,0.0,0.0,-47.95790672302246
random,184.0,0.0,0.0,-47.95790672302246
random,186.0,0.0,0.0,-47.95790672302246
random,187.0,0.0,0.0,-47.95790672302246
random,188.0,0.0,0.0,-47.95790672302246
random,190.0,0.0,0.0,-47.95790672302246
random,192.0,0.0,0.0,-47.95790672302246
random,193.0,0.0,0.0,-47.95790672302246
random,194.0,0.0,0.0,-47.95790672302246
random,196.0,0.0,0.0,-47.95790672302246
random,197.0,0.0,0.0,-47.95790672302246
random,198.0,0.0,0.0,-47.95790672302246
random,200.0,0.0,0.0,-47.95790672302246
random,201.0,0.0,0.0,-47.95790672302246
random,203.0,0.0,0.0,-47.95790672302246
random,204.0,0.0,0.0,-47.95790672302246
random,207.0,0.0,0.0,-47.95790672302246
random,208.0,0.0,0.0,-47.95790672302246
random,210.0,0.0,0.0,-47.95790672302246
random,211.0,0.0,0.0,-47.95790672302246
random,212.0,0.0,0.0,-47.95790672302246
random,213.0,0.0,0.0,-47.95790672302246
random,215.0,0.0,0.0,-47.95790672302246
random,216.0,0.0,0.0,-47.95790672302246
random,217.0,0.0,0.0,-47.95790672302246
random,221.0,0.0,0.0,-47.95790672302246
random,223.0,0.0,0.0,-47.95790672302246
random,224.0,0.0,0.0,-47.95790672302246
random,225.0,0.0,0.0,-47.95790672302246
random,226.0,0.0,0.0,-47.95790672302246
random,227.0,0.0,0.0,-47.95790672302246
random,228.0,0.0,0.0,-47.95790672302246
random,229.0,0.0,0.0,-47.95790672302246
random,230.0,0.0,0.0,-47.95790672302246
random,232.0,0.0,0.0,-47.95790672302246
random,233.0,0.0,0.0,-47.95790672302246
random,234.0,0.0,0.0,-47.95790672302246
random,235.0,0.0,0.0,-47.95790672302246
random,237.0,0.0,0.0,-47.95790672302246
random,238.0,0.0,0.0,-47.95790672302246
random,239.0,0.0,0.0,-47.95790672302246
random,240.0,0.0,0.0,-47.95790672302246
random,242.0,0.0,0.0,-47.95790672302246
random,243.0,0.0,0.0,-47.95790672302246
random,246.0,0.0,0.0,-47.95790672302246
random,247.0,0.0,0.0,-47.95790672302246
random,248.0,0.0,0.0,-47.95790672302246
random,249.0,0.0,0.0,-47.95790672302246
random,250.0,0.0,0.0,-47.95790672302246
random,251.0,0.0,0.0,-47.95790672302246
random,252.0,0.0,0.0,-47.95790672302246
random,253.0,0.0,0.0,-47.95790672302246
random,254.0,0.0,0.0,-47.95790672302246
random,255.0,0.0,0.0,-47.95790672302246
random,256.0,0.0,0.0,-47.95790672302246
random,257.0,0.0,0.0,-47.95790672302246
random,258.0,0.0,0.0,-47.95790672302246
random,260.0,0.0,0.0,-47.95790672302246
random,261.0,0.0,0.0,-47.95790672302246
random,262.0,0.0,0.0,-47.95790672302246
random,263.0,0.0,0.0,-47.95790672302246
random,265.0,0.0,0.0,-47.95790672302246
random,266.0,0.0,0.0,-47.95790672302246
random,269.0,0.0,0.0,-47.95790672302246
random,270.0,0.0,0.0,-47.95790672302246
random,271.0,0.0,0.0,-47.95790672302246
random,273.0,0.0,0.0,-47.95790672302246
random,274.0,0.0,0.0,-47.95790672302246
random,275.0,0.0,0.0,-47.95790672302246
random,278.0,0.0,0.0,-47.95790672302246
random,279.0,0.0,0.0,-47.95790672302246
random,280.0,0.0,0.0,-47.95790672302246
random,281.0,0.0,0.0,-47.95790672302246
random,282.0,0.0,0.0,-47.95790672302246
random,283.0,0.0,0.0,-47.95790672302246
random,284.0,0.0,0.0,-47.95790672302246
random,285.0,0.0,0.0,-47.95790672302246
random,286.0,0.0,0.0,-47.95790672302246
random,287.0,0.0,0.0,-47.95790672302246
random,288.0,0.0,0.0,-47.95790672302246
random,289.0,0.0,0.0,-47.95790672302246
random,291.0,0.0,0.0,-47.95790672302246
random,293.0,0.0,0.0,-47.95790672302246
random,294.0,0.0,0.0,-47.95790672302246
random,295.0,0.0,0.0,-47.95790672302246
random,296.0,0.0,0.0,-47.95790672302246
random,299.0,0.0,0.0,-47.95790672302246
ucb_lcb_n_baseline,1.0,0.0,1.0,-16.01974356174469
ucb_lcb_n_baseline,3.0,0.0,1.0,-48.65172815322876
ucb_lcb_n_baseline,5.0,0.0,1.0,-67.27223241329193
ucb_lcb_n_baseline,6.0,0.0,1.0,-63.543665409088135
ucb_lcb_n_baseline,9.0,0.0,1.0,-54.31399965286255
ucb_lcb_n_baseline,10.0,0.0,1.0,-60.70911693572998
ucb_lcb_n_baseline,11.0,0.0,1.0,-41.86491250991821
ucb_lcb_n_baseline,13.0,0.0,1.0,-33.703442096710205
ucb_lcb_n_baseline,15.0,0.0,1.0,-48.577510833740234
ucb_lcb_n_baseline,16.0,0.0,1.0,-54.28207063674927
ucb_lcb_n_baseline,17.0,0.0,1.0,-48.55229926109314
ucb_lcb_n_baseline,19.0,0.0,1.0,-35.65375900268555
ucb_lcb_n_baseline,20.0,0.0,1.0,-44.91840076446533
ucb_lcb_n_baseline,21.0,0.0,1.0,-51.693132162094116
ucb_lcb_n_baseline,22.0,0.0,1.0,-66.3982937335968
ucb_lcb_n_baseline,23.0,0.0,1.0,-72.1166124343872
ucb_lcb_n_baseline,24.0,0.0,1.0,-35.56645393371582
ucb_lcb_n_baseline,25.0,0.0,1.0,-67.17994499206543
ucb_lcb_n_baseline,26.0,0.0,1.0,-69.0072226524353
ucb_lcb_n_baseline,27.0,0.0,1.0,-39.00679636001587
ucb_lcb_n_baseline,28.0,0.0,1.0,-22.685722589492798
ucb_lcb_n_baseline,29.0,0.0,1.0,-64.86630725860596
ucb_lcb_n_baseline,30.0,0.0,1.0,-28.983293294906616
ucb_lcb_n_baseline,31.0,0.0,1.0,-60.59698152542114
ucb_lcb_n_baseline,32.0,0.0,1.0,-71.27814388275146
ucb_lcb_n_baseline,33.0,0.0,1.0,-8.568031761795282
ucb_lcb_n_baseline,34.0,0.0,1.0,-52.99989056587219
ucb_lcb_n_baseline,37.0,0.0,1.0,-41.253775238990784
ucb_lcb_n_baseline,38.0,0.0,1.0,-20.851654529571533
ucb_lcb_n_baseline,40.0,0.0,1.0,-66.18618130683899
ucb_lcb_n_baseline,41.0,0.0,1.0,-29.422043085098267
ucb_lcb_n_baseline,42.0,0.0,1.0,-57.64605402946472
ucb_lcb_n_baseline,43.0,0.0,1.0,-65.6663703918457
ucb_lcb_n_baseline,44.0,0.0,1.0,-65.68252491950989
ucb_lcb_n_baseline,46.0,0.0,1.0,-31.629642486572266
ucb_lcb_n_baseline,50.0,0.0,1.0,-36.69357442855835
ucb_lcb_n_baseline,51.0,0.0,1.0,-64.47141861915588
ucb_lcb_n_baseline,52.0,0.0,1.0,-67.07308578491211
ucb_lcb_n_baseline,53.0,0.0,1.0,-45.8584246635437
ucb_lcb_n_baseline,54.0,0.0,1.0,-54.57987976074219
ucb_lcb_n_baseline,55.0,0.0,1.0,-58.086235880851746
ucb_lcb_n_baseline,56.0,0.0,1.0,-0.06386656127870083
ucb_lcb_n_baseline,57.0,0.0,1.0,-73.38914680480957
ucb_lcb_n_baseline,59.0,0.0,1.0,-21.109179377555847
ucb_lcb_n_baseline,60.0,0.0,1.0,-49.18800735473633
ucb_lcb_n_baseline,61.0,0.0,1.0,-38.60282874107361
ucb_lcb_n_baseline,62.0,0.0,1.0,-27.281225830316544
ucb_lcb_n_baseline,64.0,0.0,1.0,-48.21935594081879
ucb_lcb_n_baseline,65.0,0.0,1.0,-39.71353876590729
ucb_lcb_n_baseline,67.0,0.0,1.0,-57.608455657958984
ucb_lcb_n_baseline,68.0,0.0,1.0,-41.28191542625427
ucb_lcb_n_baseline,69.0,0.0,1.0,-47.53016543388367
ucb_lcb_n_baseline,71.0,0.0,1.0,-48.80682849884033
ucb_lcb_n_baseline,73.0,0.0,1.0,-56.840816020965576
ucb_lcb_n_baseline,75.0,0.0,1.0,-23.400505304336548
ucb_lcb_n_baseline,76.0,0.0,1.0,-43.81291389465332
ucb_lcb_n_baseline,77.0,0.0,1.0,-53.72100281715393
ucb_lcb_n_baseline,80.0,0.0,1.0,-34.06030559539795
ucb_lcb_n_baseline,81.0,0.0,1.0,-41.409834146499634
ucb_lcb_n_baseline,82.0,0.0,1.0,-62.34871518611908
ucb_lcb_n_baseline,83.0,0.0,1.0,-45.162009716033936
ucb_lcb_n_baseline,84.0,0.0,1.0,-11.649007976055145
ucb_lcb_n_baseline,85.0,0.0,1.0,-32.141897559165955
ucb_lcb_n_baseline,86.0,0.0,1.0,-64.9509185552597
ucb_lcb_n_baseline,87.0,0.0,1.0,-40.39638775587082
ucb_lcb_n_baseline,89.0,0.0,1.0,-45.4947053194046
ucb_lcb_n_baseline,90.0,0.0,1.0,-46.94664025306702
ucb_lcb_n_baseline,95.0,0.0,1.0,-46.54531216621399
ucb_lcb_n_baseline,96.0,0.0,1.0,-63.06840395927429
ucb_lcb_n_baseline,97.0,0.0,1.0,-53.07770359516144
ucb_lcb_n_baseline,98.0,0.0,1.0,-59.535316824913025
ucb_lcb_n_baseline,102.0,0.0,1.0,-44.244096755981445
ucb_lcb_n_baseline,103.0,0.0,1.0,-33.2649085521698
ucb_lcb_n_baseline,104.0,0.0,1.0,-40.56527775526047
ucb_lcb_n_baseline,105.0,0.0,1.0,-55.56106925010681
ucb_lcb_n_baseline,106.0,0.0,1.0,-42.961119532585144
ucb_lcb_n_baseline,108.0,0.0,1.0,-55.21754002571106
ucb_lcb_n_baseline,109.0,0.0,1.0,-61.5755090713501
ucb_lcb_n_baseline,110.0,0.0,1.0,-44.00645399093628
ucb_lcb_n_baseline,111.0,0.0,1.0,-48.90759086608887
ucb_lcb_n_baseline,112.0,0.0,1.0,-69.22162413597107
ucb_lcb_n_baseline,115.0,0.0,1.0,-34.51870059967041
ucb_lcb_n_baseline,116.0,0.0,1.0,-38.804033398628235
ucb_lcb_n_baseline,117.0,0.0,1.0,-38.69469618797302
ucb_lcb_n_baseline,119.0,0.0,1.0,-19.3569296002388
ucb_lcb_n_baseline,120.0,0.0,1.0,-49.47321319580078
ucb_lcb_n_baseline,122.0,0.0,1.0,-28.219248414039612
ucb_lcb_n_baseline,124.0,0.0,1.0,-51.89796423912048
ucb_lcb_n_baseline,125.0,0.0,1.0,-45.10997140407562
ucb_lcb_n_baseline,126.0,0.0,1.0,-31.901461601257324
ucb_lcb_n_baseline,131.0,0.0,1.0,-30.418277859687805
ucb_lcb_n_baseline,133.0,0.0,1.0,-46.873615026474
ucb_lcb_n_baseline,134.0,0.0,1.0,-62.67060500383377
ucb_lcb_n_baseline,136.0,0.0,1.0,-28.78541886806488
ucb_lcb_n_baseline,137.0,0.0,1.0,-42.714969873428345
ucb_lcb_n_baseline,138.0,0.0,1.0,-56.652212142944336
ucb_lcb_n_baseline,140.0,0.0,1.0,-18.161253094673157
ucb_lcb_n_baseline,141.0,0.0,1.0,-54.04112410545349
ucb_lcb_n_baseline,142.0,0.0,1.0,-56.154114961624146
ucb_lcb_n_baseline,143.0,0.0,1.0,-47.9718337059021
ucb_lcb_n_baseline,144.0,0.0,1.0,-51.61681371927261
ucb_lcb_n_baseline,145.0,0.0,1.0,-59.9786502122879
ucb_lcb_n_baseline,146.0,0.0,1.0,-60.99739134311676
ucb_lcb_n_baseline,147.0,0.0,1.0,-47.72826075553894
ucb_lcb_n_baseline,148.0,0.0,1.0,-67.1489474773407
ucb_lcb_n_baseline,149.0,0.0,1.0,-56.92122769355774
ucb_lcb_n_baseline,151.0,0.0,1.0,-38.89556550979614
ucb_lcb_n_baseline,152.0,0.0,1.0,-50.44681966304779
ucb_lcb_n_baseline,153.0,0.0,1.0,-35.32814395427704
ucb_lcb_n_baseline,154.0,0.0,1.0,-35.201603055000305
ucb_lcb_n_baseline,155.0,0.0,1.0,-21.965325593948364
ucb_lcb_n_baseline,156.0,0.0,1.0,-31.50858834385872
ucb_lcb_n_baseline,157.0,0.0,1.0,-64.39893245697021
ucb_lcb_n_baseline,158.0,0.0,1.0,-38.21871256828308
ucb_lcb_n_baseline,159.0,0.0,1.0,-45.24926733970642
ucb_lcb_n_baseline,160.0,0.0,1.0,-51.18250012397766
ucb_lcb_n_baseline,161.0,0.0,1.0,-44.01555299758911
ucb_lcb_n_baseline,162.0,0.0,1.0,-23.83791023492813
ucb_lcb_n_baseline,163.0,0.0,1.0,-39.43972945213318
ucb_lcb_n_baseline,164.0,0.0,1.0,-72.15705585479736
ucb_lcb_n_baseline,166.0,0.0,1.0,-49.24389410018921
ucb_lcb_n_baseline,167.0,0.0,1.0,-59.93907356262207
ucb_lcb_n_baseline,170.0,0.0,1.0,-50.92564654350281
ucb_lcb_n_baseline,171.0,0.0,1.0,-24.02175498008728
ucb_lcb_n_baseline,172.0,0.0,1.0,-51.586432456970215
ucb_lcb_n_baseline,173.0,0.0,1.0,-50.125099658966064
ucb_lcb_n_baseline,174.0,0.0,1.0,-42.94388437271118
ucb_lcb_n_baseline,176.0,0.0,1.0,-17.018057227134705
ucb_lcb_n_baseline,177.0,0.0,1.0,-44.471641302108765
ucb_lcb_n_baseline,178.0,0.0,1.0,-51.099770069122314
ucb_lcb_n_baseline,180.0,0.0,1.0,-24.83128833770752
ucb_lcb_n_baseline,181.0,0.0,1.0,-16.691425323486328
ucb_lcb_n_baseline,182.0,0.0,1.0,-61.67197072505951
ucb_lcb_n_baseline,183.0,0.0,1.0,-45.41422629356384
ucb_lcb_n_baseline,184.0,0.0,1.0,-73.68205380439758
ucb_lcb_n_baseline,186.0,0.0,1.0,-34.196266889572144
ucb_lcb_n_baseline,187.0,0.0,1.0,-45.075318813323975
ucb_lcb_n_baseline,188.0,0.0,1.0,-41.261473417282104
ucb_lcb_n_baseline,190.0,0.0,1.0,-43.33116376399994
ucb_lcb_n_baseline,192.0,0.0,1.0,-47.15470480918884
ucb_lcb_n_baseline,193.0,0.0,1.0,-48.62751054763794
ucb_lcb_n_baseline,194.0,0.0,1.0,-24.927169680595398
ucb_lcb_n_baseline,196.0,0.0,1.0,-68.19444537162781
ucb_lcb_n_baseline,197.0,0.0,1.0,-31.016135573387146
ucb_lcb_n_baseline,198.0,0.0,1.0,-40.254357039928436
ucb_lcb_n_baseline,200.0,0.0,1.0,-54.376439809799194
ucb_lcb_n_baseline,201.0,0.0,1.0,-46.39623296260834
ucb_lcb_n_baseline,203.0,0.0,1.0,-48.947246074676514
ucb_lcb_n_baseline,204.0,0.0,1.0,-62.37572264671326
ucb_lcb_n_baseline,207.0,0.0,1.0,-68.8691873550415
ucb_lcb_n_baseline,208.0,0.0,1.0,-37.457801818847656
ucb_lcb_n_baseline,210.0,0.0,1.0,-62.005619525909424
ucb_lcb_n_baseline,211.0,0.0,1.0,-50.60476040840149
ucb_lcb_n_baseline,212.0,0.0,1.0,-52.91167390346527
ucb_lcb_n_baseline,213.0,0.0,1.0,-59.06719613075256
ucb_lcb_n_baseline,215.0,0.0,1.0,-54.38509476184845
ucb_lcb_n_baseline,216.0,0.0,1.0,-48.25139498710632
ucb_lcb_n_baseline,217.0,0.0,1.0,-73.21733522415161
ucb_lcb_n_baseline,221.0,0.0,1.0,-54.25635623931885
ucb_lcb_n_baseline,223.0,0.0,1.0,-22.06125408411026
ucb_lcb_n_baseline,224.0,0.0,1.0,-70.99030303955078
ucb_lcb_n_baseline,225.0,0.0,1.0,-65.70741939544678
ucb_lcb_n_baseline,226.0,0.0,1.0,-25.83376979827881
ucb_lcb_n_baseline,227.0,0.0,1.0,-45.91749453544617
ucb_lcb_n_baseline,228.0,0.0,1.0,-68.90673518180847
ucb_lcb_n_baseline,229.0,0.0,1.0,-16.975601702928543
ucb_lcb_n_baseline,230.0,0.0,1.0,-65.7263195514679
ucb_lcb_n_baseline,232.0,0.0,1.0,-3.704146981239319
ucb_lcb_n_baseline,233.0,0.0,1.0,-53.51873207092285
ucb_lcb_n_baseline,234.0,0.0,1.0,-36.255316376686096
ucb_lcb_n_baseline,235.0,0.0,1.0,-45.353757202625275
ucb_lcb_n_baseline,237.0,0.0,1.0,-36.62282037734985
ucb_lcb_n_baseline,238.0,0.0,1.0,-38.05851769447327
ucb_lcb_n_baseline,239.0,0.0,1.0,-19.506444960832596
ucb_lcb_n_baseline,240.0,0.0,1.0,-62.085105180740356
ucb_lcb_n_baseline,242.0,0.0,1.0,-50.94285833835602
ucb_lcb_n_baseline,243.0,0.0,1.0,-10.838741958141327
ucb_lcb_n_baseline,246.0,0.0,1.0,-24.416285514831543
ucb_lcb_n_baseline,247.0,0.0,1.0,-45.91783881187439
ucb_lcb_n_baseline,248.0,0.0,1.0,-70.2000732421875
ucb_lcb_n_baseline,249.0,0.0,1.0,-44.647793650627136
ucb_lcb_n_baseline,250.0,0.0,1.0,-58.3915376663208
ucb_lcb_n_baseline,251.0,0.0,1.0,-45.473620653152466
ucb_lcb_n_baseline,252.0,0.0,1.0,-48.76662468910217
ucb_lcb_n_baseline,253.0,0.0,1.0,-75.58447551727295
ucb_lcb_n_baseline,254.0,0.0,1.0,-66.5630304813385
ucb_lcb_n_baseline,255.0,0.0,1.0,-34.21869444847107
ucb_lcb_n_baseline,256.0,0.0,1.0,-65.1405816078186
ucb_lcb_n_baseline,257.0,0.0,1.0,-64.9502170085907
ucb_lcb_n_baseline,258.0,0.0,1.0,-40.341760873794556
ucb_lcb_n_baseline,260.0,0.0,1.0,-30.667845845222473
ucb_lcb_n_baseline,261.0,0.0,1.0,-44.67410922050476
ucb_lcb_n_baseline,262.0,0.0,1.0,-41.52491569519043
ucb_lcb_n_baseline,263.0,0.0,1.0,-70.36298680305481
ucb_lcb_n_baseline,265.0,0.0,1.0,-57.19452977180481
ucb_lcb_n_baseline,266.0,0.0,1.0,-17.373503983020782
ucb_lcb_n_baseline,269.0,0.0,1.0,-43.08924722671509
ucb_lcb_n_baseline,270.0,0.0,1.0,-61.46832084655762
ucb_lcb_n_baseline,271.0,0.0,1.0,-54.78024983406067
ucb_lcb_n_baseline,273.0,0.0,1.0,-60.349425315856934
ucb_lcb_n_baseline,274.0,0.0,1.0,-20.574666738510132
ucb_lcb_n_baseline,275.0,0.0,1.0,-49.01099169254303
ucb_lcb_n_baseline,278.0,0.0,1.0,-25.502564013004303
ucb_lcb_n_baseline,279.0,0.0,1.0,-31.054470539093018
ucb_lcb_n_baseline,280.0,0.0,1.0,-41.768126487731934
ucb_lcb_n_baseline,281.0,0.0,1.0,-32.23861479759216
ucb_lcb_n_baseline,282.0,0.0,1.0,-64.55068922042847
ucb_lcb_n_baseline,283.0,0.0,1.0,-38.898122668266296
ucb_lcb_n_baseline,284.0,0.0,1.0,-65.53022050857544
ucb_lcb_n_baseline,285.0,0.0,1.0,-30.172595143318176
ucb_lcb_n_baseline,286.0,0.0,1.0,-63.20372271537781
ucb_lcb_n_baseline,287.0,0.0,1.0,-64.8258695602417
ucb_lcb_n_baseline,288.0,0.0,1.0,-48.514222860336304
ucb_lcb_n_baseline,289.0,0.0,1.0,-29.859377145767212
ucb_lcb_n_baseline,291.0,0.0,1.0,-64.39946842193604
ucb_lcb_n_baseline,293.0,0.0,1.0,-28.34259283542633
ucb_lcb_n_baseline,294.0,0.0,1.0,-56.897006034851074
ucb_lcb_n_baseline,295.0,0.0,1.0,-66.70299005508423
ucb_lcb_n_baseline,296.0,0.0,1.0,-61.19269561767578
ucb_lcb_n_baseline,299.0,0.0,1.0,-46.86226963996887
random,1.0,0.0,1.0,-47.95790672302246
random,3.0,0.0,1.0,-47.95790672302246
random,5.0,0.0,1.0,-47.95790672302246
random,6.0,0.0,1.0,-47.95790672302246
random,9.0,0.0,1.0,-47.95790672302246
random,10.0,0.0,1.0,-47.95790672302246
random,11.0,0.0,1.0,-47.95790672302246
random,13.0,0.0,1.0,-47.95790672302246
random,15.0,0.0,1.0,-47.95790672302246
random,16.0,0.0,1.0,-47.95790672302246
random,17.0,0.0,1.0,-47.95790672302246
random,19.0,0.0,1.0,-47.95790672302246
random,20.0,0.0,1.0,-47.95790672302246
random,21.0,0.0,1.0,-47.95790672302246
random,22.0,0.0,1.0,-47.95790672302246
random,23.0,0.0,1.0,-47.95790672302246
random,24.0,0.0,1.0,-47.95790672302246
random,25.0,0.0,1.0,-47.95790672302246
random,26.0,0.0,1.0,-47.95790672302246
random,27.0,0.0,1.0,-47.95790672302246
random,28.0,0.0,1.0,-47.95790672302246
random,29.0,0.0,1.0,-47.95790672302246
random,30.0,0.0,1.0,-47.95790672302246
random,31.0,0.0,1.0,-47.95790672302246
random,32.0,0.0,1.0,-47.95790672302246
random,33.0,0.0,1.0,-47.95790672302246
random,34.0,0.0,1.0,-47.95790672302246
random,37.0,0.0,1.0,-47.95790672302246
random,38.0,0.0,1.0,-47.95790672302246
random,40.0,0.0,1.0,-47.95790672302246
random,41.0,0.0,1.0,-47.95790672302246
random,42.0,0.0,1.0,-47.95790672302246
random,43.0,0.0,1.0,-47.95790672302246
random,44.0,0.0,1.0,-47.95790672302246
random,46.0,0.0,1.0,-47.95790672302246
random,50.0,0.0,1.0,-47.95790672302246
random,51.0,0.0,1.0,-47.95790672302246
random,52.0,0.0,1.0,-47.95790672302246
random,53.0,0.0,1.0,-47.95790672302246
random,54.0,0.0,1.0,-47.95790672302246
random,55.0,0.0,1.0,-47.95790672302246
random,56.0,0.0,1.0,-47.95790672302246
random,57.0,0.0,1.0,-47.95790672302246
random,59.0,0.0,1.0,-47.95790672302246
random,60.0,0.0,1.0,-47.95790672302246
random,61.0,0.0,1.0,-47.95790672302246
random,62.0,0.0,1.0,-47.95790672302246
random,64.0,0.0,1.0,-47.95790672302246
random,65.0,0.0,1.0,-47.95790672302246
random,67.0,0.0,1.0,-47.95790672302246
random,68.0,0.0,1.0,-47.95790672302246
random,69.0,0.0,1.0,-47.95790672302246
random,71.0,0.0,1.0,-47.95790672302246
random,73.0,0.0,1.0,-47.95790672302246
random,75.0,0.0,1.0,-47.95790672302246
random,76.0,0.0,1.0,-47.95790672302246
random,77.0,0.0,1.0,-47.95790672302246
random,80.0,0.0,1.0,-47.95790672302246
random,81.0,0.0,1.0,-47.95790672302246
random,82.0,0.0,1.0,-47.95790672302246
random,83.0,0.0,1.0,-47.95790672302246
random,84.0,0.0,1.0,-47.95790672302246
random,85.0,0.0,1.0,-47.95790672302246
random,86.0,0.0,1.0,-47.95790672302246
random,87.0,0.0,1.0,-47.95790672302246
random,89.0,0.0,1.0,-47.95790672302246
random,90.0,0.0,1.0,-47.95790672302246
random,95.0,0.0,1.0,-47.95790672302246
random,96.0,0.0,1.0,-47.95790672302246
random,97.0,0.0,1.0,-47.95790672302246
random,98.0,0.0,1.0,-47.95790672302246
random,102.0,0.0,1.0,-47.95790672302246
random,103.0,0.0,1.0,-47.95790672302246
random,104.0,0.0,1.0,-47.95790672302246
random,105.0,0.0,1.0,-47.95790672302246
random,106.0,0.0,1.0,-47.95790672302246
random,108.0,0.0,1.0,-47.95790672302246
random,109.0,0.0,1.0,-47.95790672302246
random,110.0,0.0,1.0,-47.95790672302246
random,111.0,0.0,1.0,-47.95790672302246
random,112.0,0.0,1.0,-47.95790672302246
random,115.0,0.0,1.0,-47.95790672302246
random,116.0,0.0,1.0,-47.95790672302246
random,117.0,0.0,1.0,-47.95790672302246
random,119.0,0.0,1.0,-47.95790672302246
random,120.0,0.0,1.0,-47.95790672302246
random,122.0,0.0,1.0,-47.95790672302246
random,124.0,0.0,1.0,-47.95790672302246
random,125.0,0.0,1.0,-47.95790672302246
random,126.0,0.0,1.0,-47.95790672302246
random,131.0,0.0,1.0,-47.95790672302246
random,133.0,0.0,1.0,-47.95790672302246
random,134.0,0.0,1.0,-47.95790672302246
random,136.0,0.0,1.0,-47.95790672302246
random,137.0,0.0,1.0,-47.95790672302246
random,138.0,0.0,1.0,-47.95790672302246
random,140.0,0.0,1.0,-47.95790672302246
random,141.0,0.0,1.0,-47.95790672302246
random,142.0,0.0,1.0,-47.95790672302246
random,143.0,0.0,1.0,-47.95790672302246
random,144.0,0.0,1.0,-47.95790672302246
random,145.0,0.0,1.0,-47.95790672302246
random,146.0,0.0,1.0,-47.95790672302246
random,147.0,0.0,1.0,-47.95790672302246
random,148.0,0.0,1.0,-47.95790672302246
random,149.0,0.0,1.0,-47.95790672302246
random,151.0,0.0,1.0,-47.95790672302246
random,152.0,0.0,1.0,-47.95790672302246
random,153.0,0.0,1.0,-47.95790672302246
random,154.0,0.0,1.0,-47.95790672302246
random,155.0,0.0,1.0,-47.95790672302246
random,156.0,0.0,1.0,-47.95790672302246
random,157.0,0.0,1.0,-47.95790672302246
random,158.0,0.0,1.0,-47.95790672302246
random,159.0,0.0,1.0,-47.95790672302246
random,160.0,0.0,1.0,-47.95790672302246
random,161.0,0.0,1.0,-47.95790672302246
random,162.0,0.0,1.0,-47.95790672302246
random,163.0,0.0,1.0,-47.95790672302246
random,164.0,0.0,1.0,-47.95790672302246
random,166.0,0.0,1.0,-47.95790672302246
random,167.0,0.0,1.0,-47.95790672302246
random,170.0,0.0,1.0,-47.95790672302246
random,171.0,0.0,1.0,-47.95790672302246
random,172.0,0.0,1.0,-47.95790672302246
random,173.0,0.0,1.0,-47.95790672302246
random,174.0,0.0,1.0,-47.95790672302246
random,176.0,0.0,1.0,-47.95790672302246
random,177.0,0.0,1.0,-47.95790672302246
random,178.0,0.0,1.0,-47.95790672302246
random,180.0,0.0,1.0,-47.95790672302246
random,181.0,0.0,1.0,-47.95790672302246
random,182.0,0.0,1.0,-47.95790672302246
random,183.0,0.0,1.0,-47.95790672302246
random,184.0,0.0,1.0,-47.95790672302246
random,186.0,0.0,1.0,-47.95790672302246
random,187.0,0.0,1.0,-47.95790672302246
random,188.0,0.0,1.0,-47.95790672302246
random,190.0,0.0,1.0,-47.95790672302246
random,192.0,0.0,1.0,-47.95790672302246
random,193.0,0.0,1.0,-47.95790672302246
random,194.0,0.0,1.0,-47.95790672302246
random,196.0,0.0,1.0,-47.95790672302246
random,197.0,0.0,1.0,-47.95790672302246
random,198.0,0.0,1.0,-47.95790672302246
random,200.0,0.0,1.0,-47.95790672302246
random,201.0,0.0,1.0,-47.95790672302246
random,203.0,0.0,1.0,-47.95790672302246
random,204.0,0.0,1.0,-47.95790672302246
random,207.0,0.0,1.0,-47.95790672302246
random,208.0,0.0,1.0,-47.95790672302246
random,210.0,0.0,1.0,-47.95790672302246
random,211.0,0.0,1.0,-47.95790672302246
random,212.0,0.0,1.0,-47.95790672302246
random,213.0,0.0,1.0,-47.95790672302246
random,215.0,0.0,1.0,-47.95790672302246
random,216.0,0.0,1.0,-47.95790672302246
random,217.0,0.0,1.0,-47.95790672302246
random,221.0,0.0,1.0,-47.95790672302246
random,223.0,0.0,1.0,-47.95790672302246
random,224.0,0.0,1.0,-47.95790672302246
random,225.0,0.0,1.0,-47.95790672302246
random,226.0,0.0,1.0,-47.95790672302246
random,227.0,0.0,1.0,-47.95790672302246
random,228.0,0.0,1.0,-47.95790672302246
random,229.0,0.0,1.0,-47.95790672302246
random,230.0,0.0,1.0,-47.95790672302246
random,232.0,0.0,1.0,-47.95790672302246
random,233.0,0.0,1.0,-47.95790672302246
random,234.0,0.0,1.0,-47.95790672302246
random,235.0,0.0,1.0,-47.95790672302246
random,237.0,0.0,1.0,-47.95790672302246
random,238.0,0.0,1.0,-47.95790672302246
random,239.0,0.0,1.0,-47.95790672302246
random,240.0,0.0,1.0,-47.95790672302246
random,242.0,0.0,1.0,-47.95790672302246
random,243.0,0.0,1.0,-47.95790672302246
random,246.0,0.0,1.0,-47.95790672302246
random,247.0,0.0,1.0,-47.95790672302246
random,248.0,0.0,1.0,-47.95790672302246
random,249.0,0.0,1.0,-47.95790672302246
random,250.0,0.0,1.0,-47.95790672302246
random,251.0,0.0,1.0,-47.95790672302246
random,252.0,0.0,1.0,-47.95790672302246
random,253.0,0.0,1.0,-47.95790672302246
random,254.0,0.0,1.0,-47.95790672302246
random,255.0,0.0,1.0,-47.95790672302246
random,256.0,0.0,1.0,-47.95790672302246
random,257.0,0.0,1.0,-47.95790672302246
random,258.0,0.0,1.0,-47.95790672302246
random,260.0,0.0,1.0,-47.95790672302246
random,261.0,0.0,1.0,-47.95790672302246
random,262.0,0.0,1.0,-47.95790672302246
random,263.0,0.0,1.0,-47.95790672302246
random,265.0,0.0,1.0,-47.95790672302246
random,266.0,0.0,1.0,-47.95790672302246
random,269.0,0.0,1.0,-47.95790672302246
random,270.0,0.0,1.0,-47.95790672302246
random,271.0,0.0,1.0,-47.95790672302246
random,273.0,0.0,1.0,-47.95790672302246
random,274.0,0.0,1.0,-47.95790672302246
random,275.0,0.0,1.0,-47.95790672302246
random,278.0,0.0,1.0,-47.95790672302246
random,279.0,0.0,1.0,-47.95790672302246
random,280.0,0.0,1.0,-47.95790672302246
random,281.0,0.0,1.0,-47.95790672302246
random,282.0,0.0,1.0,-47.95790672302246
random,283.0,0.0,1.0,-47.95790672302246
random,284.0,0.0,1.0,-47.95790672302246
random,285.0,0.0,1.0,-47.95790672302246
random,286.0,0.0,1.0,-47.95790672302246
random,287.0,0.0,1.0,-47.95790672302246
random,288.0,0.0,1.0,-47.95790672302246
random,289.0,0.0,1.0,-47.95790672302246
random,291.0,0.0,1.0,-47.95790672302246
random,293.0,0.0,1.0,-47.95790672302246
random,294.0,0.0,1.0,-47.95790672302246
random,295.0,0.0,1.0,-47.95790672302246
random,296.0,0.0,1.0,-47.95790672302246
random,299.0,0.0,1.0,-47.95790672302246
ucb_lcb_n_baseline,1.0,0.0,2.0,-20.946022748947144
ucb_lcb_n_baseline,3.0,0.0,2.0,-56.18344497680664
ucb_lcb_n_baseline,5.0,0.0,2.0,-65.35328924655914
ucb_lcb_n_baseline,6.0,0.0,2.0,-71.41992902755737
ucb_lcb_n_baseline,9.0,0.0,2.0,-68.96033358573914
ucb_lcb_n_baseline,10.0,0.0,2.0,-52.264554262161255
ucb_lcb_n_baseline,11.0,0.0,2.0,-52.52039456367493
ucb_lcb_n_baseline,13.0,0.0,2.0,-62.90041995048523
ucb_lcb_n_baseline,15.0,0.0,2.0,-49.59675621986389
ucb_lcb_n_baseline,16.0,0.0,2.0,-65.27692604064941
ucb_lcb_n_baseline,17.0,0.0,2.0,-38.160110116004944
ucb_lcb_n_baseline,19.0,0.0,2.0,-38.58198046684265
ucb_lcb_n_baseline,20.0,0.0,2.0,-36.01225686073303
ucb_lcb_n_baseline,21.0,0.0,2.0,-47.16792058944702
ucb_lcb_n_baseline,22.0,0.0,2.0,-52.331658363342285
ucb_lcb_n_baseline,23.0,0.0,2.0,-69.27397465705872
ucb_lcb_n_baseline,24.0,0.0,2.0,-49.158100962638855
ucb_lcb_n_baseline,25.0,0.0,2.0,-57.78273057937622
ucb_lcb_n_baseline,26.0,0.0,2.0,-68.66247177124023
ucb_lcb_n_baseline,27.0,0.0,2.0,-46.45320153236389
ucb_lcb_n_baseline,28.0,0.0,2.0,-36.96294331550598
ucb_lcb_n_baseline,29.0,0.0,2.0,-58.222200870513916
ucb_lcb_n_baseline,30.0,0.0,2.0,-35.15144348144531
ucb_lcb_n_baseline,31.0,0.0,2.0,-71.04416084289551
ucb_lcb_n_baseline,32.0,0.0,2.0,-67.07412934303284
ucb_lcb_n_baseline,33.0,0.0,2.0,-1.5971939414739609
ucb_lcb_n_baseline,34.0,0.0,2.0,-47.76958203315735
ucb_lcb_n_baseline,37.0,0.0,2.0,-42.094919204711914
ucb_lcb_n_baseline,38.0,0.0,2.0,-39.247523069381714
ucb_lcb_n_baseline,40.0,0.0,2.0,-61.97713565826416
ucb_lcb_n_baseline,41.0,0.0,2.0,-27.235064826905727
ucb_lcb_n_baseline,42.0,0.0,2.0,-57.846200704574585
ucb_lcb_n_baseline,43.0,0.0,2.0,-64.62820601463318
ucb_lcb_n_baseline,44.0,0.0,2.0,-70.90319514274597
ucb_lcb_n_baseline,46.0,0.0,2.0,-54.01577854156494
ucb_lcb_n_baseline,50.0,0.0,2.0,-19.190868377685547
ucb_lcb_n_baseline,51.0,0.0,2.0,-56.15750277042389
ucb_lcb_n_baseline,52.0,0.0,2.0,-83.56103706359863
ucb_lcb_n_baseline,53.0,0.0,2.0,-33.37694811820984
ucb_lcb_n_baseline,54.0,0.0,2.0,-33.11804020404816
ucb_lcb_n_baseline,55.0,0.0,2.0,-53.254738569259644
ucb_lcb_n_baseline,56.0,0.0,2.0,-0.13720607105642557
ucb_lcb_n_baseline,57.0,0.0,2.0,-58.437456369400024
ucb_lcb_n_baseline,59.0,0.0,2.0,-37.25593376159668
ucb_lcb_n_baseline,60.0,0.0,2.0,-55.47411918640137
ucb_lcb_n_baseline,61.0,0.0,2.0,-47.018747448921204
ucb_lcb_n_baseline,62.0,0.0,2.0,-18.370679199695587
ucb_lcb_n_baseline,64.0,0.0,2.0,-54.55542629957199
ucb_lcb_n_baseline,65.0,0.0,2.0,-48.05360126495361
ucb_lcb_n_baseline,67.0,0.0,2.0,-58.041898012161255
ucb_lcb_n_baseline,68.0,0.0,2.0,-42.179919600486755
ucb_lcb_n_baseline,69.0,0.0,2.0,-52.41832160949707
ucb_lcb_n_baseline,71.0,0.0,2.0,-51.279003620147705
ucb_lcb_n_baseline,73.0,0.0,2.0,-64.86985969543457
ucb_lcb_n_baseline,75.0,0.0,2.0,-24.514254450798035
ucb_lcb_n_baseline,76.0,0.0,2.0,-37.66458785533905
ucb_lcb_n_baseline,77.0,0.0,2.0,-50.62092590332031
ucb_lcb_n_baseline,80.0,0.0,2.0,-26.328070521354675
ucb_lcb_n_baseline,81.0,0.0,2.0,-49.76412105560303
ucb_lcb_n_baseline,82.0,0.0,2.0,-64.14433002471924
ucb_lcb_n_baseline,83.0,0.0,2.0,-44.48316550254822
ucb_lcb_n_baseline,84.0,0.0,2.0,-40.177237033843994
ucb_lcb_n_baseline,85.0,0.0,2.0,-25.600091576576233
ucb_lcb_n_baseline,86.0,0.0,2.0,-52.051461696624756
ucb_lcb_n_baseline,87.0,0.0,2.0,-44.537641525268555
ucb_lcb_n_baseline,89.0,0.0,2.0,-34.43532109260559
ucb_lcb_n_baseline,90.0,0.0,2.0,-40.99265456199646
ucb_lcb_n_baseline,95.0,0.0,2.0,-56.5157732963562
ucb_lcb_n_baseline,96.0,0.0,2.0,-62.07171821594238
ucb_lcb_n_baseline,97.0,0.0,2.0,-48.3691771030426
ucb_lcb_n_baseline,98.0,0.0,2.0,-54.55852031707764
ucb_lcb_n_baseline,102.0,0.0,2.0,-53.146331787109375
ucb_lcb_n_baseline,103.0,0.0,2.0,-13.469436168670654
ucb_lcb_n_baseline,104.0,0.0,2.0,-21.841970205307007
ucb_lcb_n_baseline,105.0,0.0,2.0,-51.49747860431671
ucb_lcb_n_baseline,106.0,0.0,2.0,-41.12493586540222
ucb_lcb_n_baseline,108.0,0.0,2.0,-55.29440402984619
ucb_lcb_n_baseline,109.0,0.0,2.0,-60.056071519851685
ucb_lcb_n_baseline,110.0,0.0,2.0,-42.914053082466125
ucb_lcb_n_baseline,111.0,0.0,2.0,-50.433995723724365
ucb_lcb_n_baseline,112.0,0.0,2.0,-57.702433347702026
ucb_lcb_n_baseline,115.0,0.0,2.0,-22.11323595046997
ucb_lcb_n_baseline,116.0,0.0,2.0,-29.283012628555298
ucb_lcb_n_baseline,117.0,0.0,2.0,-43.78500247001648
ucb_lcb_n_baseline,119.0,0.0,2.0,-15.60465145111084
ucb_lcb_n_baseline,120.0,0.0,2.0,-46.971269607543945
ucb_lcb_n_baseline,122.0,0.0,2.0,-22.631004810333252
ucb_lcb_n_baseline,124.0,0.0,2.0,-41.9395968914032
ucb_lcb_n_baseline,125.0,0.0,2.0,-45.643571615219116
ucb_lcb_n_baseline,126.0,0.0,2.0,-32.487125873565674
ucb_lcb_n_baseline,131.0,0.0,2.0,-37.69270080327988
ucb_lcb_n_baseline,133.0,0.0,2.0,-53.56241011619568
ucb_lcb_n_baseline,134.0,0.0,2.0,-59.59282636642456
ucb_lcb_n_baseline,136.0,0.0,2.0,-23.647734880447388
ucb_lcb_n_baseline,137.0,0.0,2.0,-48.77730989456177
ucb_lcb_n_baseline,138.0,0.0,2.0,-33.650580644607544
ucb_lcb_n_baseline,140.0,0.0,2.0,-54.61549925804138
ucb_lcb_n_baseline,141.0,0.0,2.0,-59.654523849487305
ucb_lcb_n_baseline,142.0,0.0,2.0,-54.46905541419983
ucb_lcb_n_baseline,143.0,0.0,2.0,-48.89569306373596
ucb_lcb_n_baseline,144.0,0.0,2.0,-47.56963586807251
ucb_lcb_n_baseline,145.0,0.0,2.0,-51.62107264995575
ucb_lcb_n_baseline,146.0,0.0,2.0,-46.363027572631836
ucb_lcb_n_baseline,147.0,0.0,2.0,-43.29377007484436
ucb_lcb_n_baseline,148.0,0.0,2.0,-60.59509515762329
ucb_lcb_n_baseline,149.0,0.0,2.0,-69.07149887084961
ucb_lcb_n_baseline,151.0,0.0,2.0,-40.98992347717285
ucb_lcb_n_baseline,152.0,0.0,2.0,-48.167457580566406
ucb_lcb_n_baseline,153.0,0.0,2.0,-50.24812984466553
ucb_lcb_n_baseline,154.0,0.0,2.0,-22.871113538742065
ucb_lcb_n_baseline,155.0,0.0,2.0,-26.220099568367004
ucb_lcb_n_baseline,156.0,0.0,2.0,-42.072877645492554
ucb_lcb_n_baseline,157.0,0.0,2.0,-66.82567954063416
ucb_lcb_n_baseline,158.0,0.0,2.0,-54.73508059978485
ucb_lcb_n_baseline,159.0,0.0,2.0,-38.852781534194946
ucb_lcb_n_baseline,160.0,0.0,2.0,-20.325294971466064
ucb_lcb_n_baseline,161.0,0.0,2.0,-28.30403161048889
ucb_lcb_n_baseline,162.0,0.0,2.0,-13.278076767921448
ucb_lcb_n_baseline,163.0,0.0,2.0,-23.509167551994324
ucb_lcb_n_baseline,164.0,0.0,2.0,-70.64622354507446
ucb_lcb_n_baseline,166.0,0.0,2.0,-47.893821001052856
ucb_lcb_n_baseline,167.0,0.0,2.0,-55.17702388763428
ucb_lcb_n_baseline,170.0,0.0,2.0,-58.167747020721436
ucb_lcb_n_baseline,171.0,0.0,2.0,-41.91944408416748
ucb_lcb_n_baseline,172.0,0.0,2.0,-47.32106101512909
ucb_lcb_n_baseline,173.0,0.0,2.0,-39.668434858322144
ucb_lcb_n_baseline,174.0,0.0,2.0,-45.94668173789978
ucb_lcb_n_baseline,176.0,0.0,2.0,-26.628852128982544
ucb_lcb_n_baseline,177.0,0.0,2.0,-19.433858394622803
ucb_lcb_n_baseline,178.0,0.0,2.0,-49.19327700138092
ucb_lcb_n_baseline,180.0,0.0,2.0,-32.176937103271484
ucb_lcb_n_baseline,181.0,0.0,2.0,-35.18179500102997
ucb_lcb_n_baseline,182.0,0.0,2.0,-64.81951308250427
ucb_lcb_n_baseline,183.0,0.0,2.0,-30.833852410316467
ucb_lcb_n_baseline,184.0,0.0,2.0,-72.6253833770752
ucb_lcb_n_baseline,186.0,0.0,2.0,-32.30531096458435
ucb_lcb_n_baseline,187.0,0.0,2.0,-59.53793811798096
ucb_lcb_n_baseline,188.0,0.0,2.0,-44.10584211349487
ucb_lcb_n_baseline,190.0,0.0,2.0,-17.530552864074707
ucb_lcb_n_baseline,192.0,0.0,2.0,-49.79942846298218
ucb_lcb_n_baseline,193.0,0.0,2.0,-49.04317045211792
ucb_lcb_n_baseline,194.0,0.0,2.0,-26.469197630882263
ucb_lcb_n_baseline,196.0,0.0,2.0,-65.64495611190796
ucb_lcb_n_baseline,197.0,0.0,2.0,-46.067259788513184
ucb_lcb_n_baseline,198.0,0.0,2.0,-23.342400908470154
ucb_lcb_n_baseline,200.0,0.0,2.0,-50.199512004852295
ucb_lcb_n_baseline,201.0,0.0,2.0,-51.20344567298889
ucb_lcb_n_baseline,203.0,0.0,2.0,-65.53918886184692
ucb_lcb_n_baseline,204.0,0.0,2.0,-65.21499013900757
ucb_lcb_n_baseline,207.0,0.0,2.0,-53.87550592422485
ucb_lcb_n_baseline,208.0,0.0,2.0,-45.64214462041855
ucb_lcb_n_baseline,210.0,0.0,2.0,-57.05204796791077
ucb_lcb_n_baseline,211.0,0.0,2.0,-43.67009878158569
ucb_lcb_n_baseline,212.0,0.0,2.0,-60.19614601135254
ucb_lcb_n_baseline,213.0,0.0,2.0,-62.5452516078949
ucb_lcb_n_baseline,215.0,0.0,2.0,-56.90593099594116
ucb_lcb_n_baseline,216.0,0.0,2.0,-53.21540939807892
ucb_lcb_n_baseline,217.0,0.0,2.0,-71.72469365596771
ucb_lcb_n_baseline,221.0,0.0,2.0,-39.37787842750549
ucb_lcb_n_baseline,223.0,0.0,2.0,-5.105060517787933
ucb_lcb_n_baseline,224.0,0.0,2.0,-56.82903814315796
ucb_lcb_n_baseline,225.0,0.0,2.0,-59.48310613632202
ucb_lcb_n_baseline,226.0,0.0,2.0,-25.27039921283722
ucb_lcb_n_baseline,227.0,0.0,2.0,-34.64022445678711
ucb_lcb_n_baseline,228.0,0.0,2.0,-50.90289282798767
ucb_lcb_n_baseline,229.0,0.0,2.0,-24.666385799646378
ucb_lcb_n_baseline,230.0,0.0,2.0,-69.25513768196106
ucb_lcb_n_baseline,232.0,0.0,2.0,-2.102304145693779
ucb_lcb_n_baseline,233.0,0.0,2.0,-60.42155694961548
ucb_lcb_n_baseline,234.0,0.0,2.0,-50.770408391952515
ucb_lcb_n_baseline,235.0,0.0,2.0,-24.572784662246704
ucb_lcb_n_baseline,237.0,0.0,2.0,-34.32701826095581
ucb_lcb_n_baseline,238.0,0.0,2.0,-22.07711386680603
ucb_lcb_n_baseline,239.0,0.0,2.0,-49.839603662490845
ucb_lcb_n_baseline,240.0,0.0,2.0,-45.78006625175476
ucb_lcb_n_baseline,242.0,0.0,2.0,-24.369253993034363
ucb_lcb_n_baseline,243.0,0.0,2.0,-10.007578343153
ucb_lcb_n_baseline,246.0,0.0,2.0,-54.39570605754852
ucb_lcb_n_baseline,247.0,0.0,2.0,-45.16944599151611
ucb_lcb_n_baseline,248.0,0.0,2.0,-51.81351161003113
ucb_lcb_n_baseline,249.0,0.0,2.0,-40.9453866481781
ucb_lcb_n_baseline,250.0,0.0,2.0,-63.64868092536926
ucb_lcb_n_baseline,251.0,0.0,2.0,-29.788437366485596
ucb_lcb_n_baseline,252.0,0.0,2.0,-45.40659546852112
ucb_lcb_n_baseline,253.0,0.0,2.0,-61.54529690742493
ucb_lcb_n_baseline,254.0,0.0,2.0,-56.969388246536255
ucb_lcb_n_baseline,255.0,0.0,2.0,-35.00277268886566
ucb_lcb_n_baseline,256.0,0.0,2.0,-59.09857487678528
ucb_lcb_n_baseline,257.0,0.0,2.0,-48.33669471740723
ucb_lcb_n_baseline,258.0,0.0,2.0,-29.20391047000885
ucb_lcb_n_baseline,260.0,0.0,2.0,-47.7711546421051
ucb_lcb_n_baseline,261.0,0.0,2.0,-54.96150541305542
ucb_lcb_n_baseline,262.0,0.0,2.0,-47.15946364402771
ucb_lcb_n_baseline,263.0,0.0,2.0,-66.43499374389648
ucb_lcb_n_baseline,265.0,0.0,2.0,-48.01951599121094
ucb_lcb_n_baseline,266.0,0.0,2.0,-15.769222795963287
ucb_lcb_n_baseline,269.0,0.0,2.0,-40.143373012542725
ucb_lcb_n_baseline,270.0,0.0,2.0,-49.738741874694824
ucb_lcb_n_baseline,271.0,0.0,2.0,-73.2538321018219
ucb_lcb_n_baseline,273.0,0.0,2.0,-55.447181224823
ucb_lcb_n_baseline,274.0,0.0,2.0,-38.51310849189758
ucb_lcb_n_baseline,275.0,0.0,2.0,-7.911348879337311
ucb_lcb_n_baseline,278.0,0.0,2.0,-23.31276249885559
ucb_lcb_n_baseline,279.0,0.0,2.0,-53.59285533428192
ucb_lcb_n_baseline,280.0,0.0,2.0,-57.24038553237915
ucb_lcb_n_baseline,281.0,0.0,2.0,-33.36199629306793
ucb_lcb_n_baseline,282.0,0.0,2.0,-70.12930393218994
ucb_lcb_n_baseline,283.0,0.0,2.0,-26.316721439361572
ucb_lcb_n_baseline,284.0,0.0,2.0,-59.751404762268066
ucb_lcb_n_baseline,285.0,0.0,2.0,-32.59984517097473
ucb_lcb_n_baseline,286.0,0.0,2.0,-56.717748165130615
ucb_lcb_n_baseline,287.0,0.0,2.0,-57.98245191574097
ucb_lcb_n_baseline,288.0,0.0,2.0,-61.92271661758423
ucb_lcb_n_baseline,289.0,0.0,2.0,-23.57985246181488
ucb_lcb_n_baseline,291.0,0.0,2.0,-59.87696719169617
ucb_lcb_n_baseline,293.0,0.0,2.0,-33.00987386703491
ucb_lcb_n_baseline,294.0,0.0,2.0,-54.46301579475403
ucb_lcb_n_baseline,295.0,0.0,2.0,-67.70194149017334
ucb_lcb_n_baseline,296.0,0.0,2.0,-49.94846427440643
ucb_lcb_n_baseline,299.0,0.0,2.0,-24.228610157966614
random,1.0,0.0,2.0,-47.95790672302246
random,3.0,0.0,2.0,-47.95790672302246
random,5.0,0.0,2.0,-47.95790672302246
random,6.0,0.0,2.0,-47.95790672302246
random,9.0,0.0,2.0,-47.95790672302246
random,10.0,0.0,2.0,-47.95790672302246
random,11.0,0.0,2.0,-47.95790672302246
random,13.0,0.0,2.0,-47.95790672302246
random,15.0,0.0,2.0,-47.95790672302246
random,16.0,0.0,2.0,-47.95790672302246
random,17.0,0.0,2.0,-47.95790672302246
random,19.0,0.0,2.0,-47.95790672302246
random,20.0,0.0,2.0,-47.95790672302246
random,21.0,0.0,2.0,-47.95790672302246
random,22.0,0.0,2.0,-47.95790672302246
random,23.0,0.0,2.0,-47.95790672302246
random,24.0,0.0,2.0,-47.95790672302246
random,25.0,0.0,2.0,-47.95790672302246
random,26.0,0.0,2.0,-47.95790672302246
random,27.0,0.0,2.0,-47.95790672302246
random,28.0,0.0,2.0,-47.95790672302246
random,29.0,0.0,2.0,-47.95790672302246
random,30.0,0.0,2.0,-47.95790672302246
random,31.0,0.0,2.0,-47.95790672302246
random,32.0,0.0,2.0,-47.95790672302246
random,33.0,0.0,2.0,-47.95790672302246
random,34.0,0.0,2.0,-47.95790672302246
random,37.0,0.0,2.0,-47.95790672302246
random,38.0,0.0,2.0,-47.95790672302246
random,40.0,0.0,2.0,-47.95790672302246
random,41.0,0.0,2.0,-47.95790672302246
random,42.0,0.0,2.0,-47.95790672302246
random,43.0,0.0,2.0,-47.95790672302246
random,44.0,0.0,2.0,-47.95790672302246
random,46.0,0.0,2.0,-47.95790672302246
random,50.0,0.0,2.0,-47.95790672302246
random,51.0,0.0,2.0,-47.95790672302246
random,52.0,0.0,2.0,-47.95790672302246
random,53.0,0.0,2.0,-47.95790672302246
random,54.0,0.0,2.0,-47.95790672302246
random,55.0,0.0,2.0,-47.95790672302246
random,56.0,0.0,2.0,-47.95790672302246
random,57.0,0.0,2.0,-47.95790672302246
random,59.0,0.0,2.0,-47.95790672302246
random,60.0,0.0,2.0,-47.95790672302246
random,61.0,0.0,2.0,-47.95790672302246
random,62.0,0.0,2.0,-47.95790672302246
random,64.0,0.0,2.0,-47.95790672302246
random,65.0,0.0,2.0,-47.95790672302246
random,67.0,0.0,2.0,-47.95790672302246
random,68.0,0.0,2.0,-47.95790672302246
random,69.0,0.0,2.0,-47.95790672302246
random,71.0,0.0,2.0,-47.95790672302246
random,73.0,0.0,2.0,-47.95790672302246
random,75.0,0.0,2.0,-47.95790672302246
random,76.0,0.0,2.0,-47.95790672302246
random,77.0,0.0,2.0,-47.95790672302246
random,80.0,0.0,2.0,-47.95790672302246
random,81.0,0.0,2.0,-47.95790672302246
random,82.0,0.0,2.0,-47.95790672302246
random,83.0,0.0,2.0,-47.95790672302246
random,84.0,0.0,2.0,-47.95790672302246
random,85.0,0.0,2.0,-47.95790672302246
random,86.0,0.0,2.0,-47.95790672302246
random,87.0,0.0,2.0,-47.95790672302246
random,89.0,0.0,2.0,-47.95790672302246
random,90.0,0.0,2.0,-47.95790672302246
random,95.0,0.0,2.0,-47.95790672302246
random,96.0,0.0,2.0,-47.95790672302246
random,97.0,0.0,2.0,-47.95790672302246
random,98.0,0.0,2.0,-47.95790672302246
random,102.0,0.0,2.0,-47.95790672302246
random,103.0,0.0,2.0,-47.95790672302246
random,104.0,0.0,2.0,-47.95790672302246
random,105.0,0.0,2.0,-47.95790672302246
random,106.0,0.0,2.0,-47.95790672302246
random,108.0,0.0,2.0,-47.95790672302246
random,109.0,0.0,2.0,-47.95790672302246
random,110.0,0.0,2.0,-47.95790672302246
random,111.0,0.0,2.0,-47.95790672302246
random,112.0,0.0,2.0,-47.95790672302246
random,115.0,0.0,2.0,-47.95790672302246
random,116.0,0.0,2.0,-47.95790672302246
random,117.0,0.0,2.0,-47.95790672302246
random,119.0,0.0,2.0,-47.95790672302246
random,120.0,0.0,2.0,-47.95790672302246
random,122.0,0.0,2.0,-47.95790672302246
random,124.0,0.0,2.0,-47.95790672302246
random,125.0,0.0,2.0,-47.95790672302246
random,126.0,0.0,2.0,-47.95790672302246
random,131.0,0.0,2.0,-47.95790672302246
random,133.0,0.0,2.0,-47.95790672302246
random,134.0,0.0,2.0,-47.95790672302246
random,136.0,0.0,2.0,-47.95790672302246
random,137.0,0.0,2.0,-47.95790672302246
random,138.0,0.0,2.0,-47.95790672302246
random,140.0,0.0,2.0,-47.95790672302246
random,141.0,0.0,2.0,-47.95790672302246
random,142.0,0.0,2.0,-47.95790672302246
random,143.0,0.0,2.0,-47.95790672302246
random,144.0,0.0,2.0,-47.95790672302246
random,145.0,0.0,2.0,-47.95790672302246
random,146.0,0.0,2.0,-47.95790672302246
random,147.0,0.0,2.0,-47.95790672302246
random,148.0,0.0,2.0,-47.95790672302246
random,149.0,0.0,2.0,-47.95790672302246
random,151.0,0.0,2.0,-47.95790672302246
random,152.0,0.0,2.0,-47.95790672302246
random,153.0,0.0,2.0,-47.95790672302246
random,154.0,0.0,2.0,-47.95790672302246
random,155.0,0.0,2.0,-47.95790672302246
random,156.0,0.0,2.0,-47.95790672302246
random,157.0,0.0,2.0,-47.95790672302246
random,158.0,0.0,2.0,-47.95790672302246
random,159.0,0.0,2.0,-47.95790672302246
random,160.0,0.0,2.0,-47.95790672302246
random,161.0,0.0,2.0,-47.95790672302246
random,162.0,0.0,2.0,-47.95790672302246
random,163.0,0.0,2.0,-47.95790672302246
random,164.0,0.0,2.0,-47.95790672302246
random,166.0,0.0,2.0,-47.95790672302246
random,167.0,0.0,2.0,-47.95790672302246
random,170.0,0.0,2.0,-47.95790672302246
random,171.0,0.0,2.0,-47.95790672302246
random,172.0,0.0,2.0,-47.95790672302246
random,173.0,0.0,2.0,-47.95790672302246
random,174.0,0.0,2.0,-47.95790672302246
random,176.0,0.0,2.0,-47.95790672302246
random,177.0,0.0,2.0,-47.95790672302246
random,178.0,0.0,2.0,-47.95790672302246
random,180.0,0.0,2.0,-47.95790672302246
random,181.0,0.0,2.0,-47.95790672302246
random,182.0,0.0,2.0,-47.95790672302246
random,183.0,0.0,2.0,-47.95790672302246
random,184.0,0.0,2.0,-47.95790672302246
random,186.0,0.0,2.0,-47.95790672302246
random,187.0,0.0,2.0,-47.95790672302246
random,188.0,0.0,2.0,-47.95790672302246
random,190.0,0.0,2.0,-47.95790672302246
random,192.0,0.0,2.0,-47.95790672302246
random,193.0,0.0,2.0,-47.95790672302246
random,194.0,0.0,2.0,-47.95790672302246
random,196.0,0.0,2.0,-47.95790672302246
random,197.0,0.0,2.0,-47.95790672302246
random,198.0,0.0,2.0,-47.95790672302246
random,200.0,0.0,2.0,-47.95790672302246
random,201.0,0.0,2.0,-47.95790672302246
random,203.0,0.0,2.0,-47.95790672302246
random,204.0,0.0,2.0,-47.95790672302246
random,207.0,0.0,2.0,-47.95790672302246
random,208.0,0.0,2.0,-47.95790672302246
random,210.0,0.0,2.0,-47.95790672302246
random,211.0,0.0,2.0,-47.95790672302246
random,212.0,0.0,2.0,-47.95790672302246
random,213.0,0.0,2.0,-47.95790672302246
random,215.0,0.0,2.0,-47.95790672302246
random,216.0,0.0,2.0,-47.95790672302246
random,217.0,0.0,2.0,-47.95790672302246
random,221.0,0.0,2.0,-47.95790672302246
random,223.0,0.0,2.0,-47.95790672302246
random,224.0,0.0,2.0,-47.95790672302246
random,225.0,0.0,2.0,-47.95790672302246
random,226.0,0.0,2.0,-47.95790672302246
random,227.0,0.0,2.0,-47.95790672302246
random,228.0,0.0,2.0,-47.95790672302246
random,229.0,0.0,2.0,-47.95790672302246
random,230.0,0.0,2.0,-47.95790672302246
random,232.0,0.0,2.0,-47.95790672302246
random,233.0,0.0,2.0,-47.95790672302246
random,234.0,0.0,2.0,-47.95790672302246
random,235.0,0.0,2.0,-47.95790672302246
random,237.0,0.0,2.0,-47.95790672302246
random,238.0,0.0,2.0,-47.95790672302246
random,239.0,0.0,2.0,-47.95790672302246
random,240.0,0.0,2.0,-47.95790672302246
random,242.0,0.0,2.0,-47.95790672302246
random,243.0,0.0,2.0,-47.95790672302246
random,246.0,0.0,2.0,-47.95790672302246
random,247.0,0.0,2.0,-47.95790672302246
random,248.0,0.0,2.0,-47.95790672302246
random,249.0,0.0,2.0,-47.95790672302246
random,250.0,0.0,2.0,-47.95790672302246
random,251.0,0.0,2.0,-47.95790672302246
random,252.0,0.0,2.0,-47.95790672302246
random,253.0,0.0,2.0,-47.95790672302246
random,254.0,0.0,2.0,-47.95790672302246
random,255.0,0.0,2.0,-47.95790672302246
random,256.0,0.0,2.0,-47.95790672302246
random,257.0,0.0,2.0,-47.95790672302246
random,258.0,0.0,2.0,-47.95790672302246
random,260.0,0.0,2.0,-47.95790672302246
random,261.0,0.0,2.0,-47.95790672302246
random,262.0,0.0,2.0,-47.95790672302246
random,263.0,0.0,2.0,-47.95790672302246
random,265.0,0.0,2.0,-47.95790672302246
random,266.0,0.0,2.0,-47.95790672302246
random,269.0,0.0,2.0,-47.95790672302246
random,270.0,0.0,2.0,-47.95790672302246
random,271.0,0.0,2.0,-47.95790672302246
random,273.0,0.0,2.0,-47.95790672302246
random,274.0,0.0,2.0,-47.95790672302246
random,275.0,0.0,2.0,-47.95790672302246
random,278.0,0.0,2.0,-47.95790672302246
random,279.0,0.0,2.0,-47.95790672302246
random,280.0,0.0,2.0,-47.95790672302246
random,281.0,0.0,2.0,-47.95790672302246
random,282.0,0.0,2.0,-47.95790672302246
random,283.0,0.0,2.0,-47.95790672302246
random,284.0,0.0,2.0,-47.95790672302246
random,285.0,0.0,2.0,-47.95790672302246
random,286.0,0.0,2.0,-47.95790672302246
random,287.0,0.0,2.0,-47.95790672302246
random,288.0,0.0,2.0,-47.95790672302246
random,289.0,0.0,2.0,-47.95790672302246
random,291.0,0.0,2.0,-47.95790672302246
random,293.0,0.0,2.0,-47.95790672302246
random,294.0,0.0,2.0,-47.95790672302246
random,295.0,0.0,2.0,-47.95790672302246
random,296.0,0.0,2.0,-47.95790672302246
random,299.0,0.0,2.0,-47.95790672302246
ucb_lcb_n_baseline,1.0,0.0,3.0,-25.019875526428223
ucb_lcb_n_baseline,3.0,0.0,3.0,-48.84873402118683
ucb_lcb_n_baseline,5.0,0.0,3.0,-70.56995594501495
ucb_lcb_n_baseline,6.0,0.0,3.0,-65.24364686012268
ucb_lcb_n_baseline,9.0,0.0,3.0,-50.83550214767456
ucb_lcb_n_baseline,10.0,0.0,3.0,-60.60443139076233
ucb_lcb_n_baseline,11.0,0.0,3.0,-51.51599407196045
ucb_lcb_n_baseline,13.0,0.0,3.0,-37.74309253692627
ucb_lcb_n_baseline,15.0,0.0,3.0,-63.015427112579346
ucb_lcb_n_baseline,16.0,0.0,3.0,-58.454156041145325
ucb_lcb_n_baseline,17.0,0.0,3.0,-34.20752990245819
ucb_lcb_n_baseline,19.0,0.0,3.0,-46.236931681632996
ucb_lcb_n_baseline,20.0,0.0,3.0,-48.090348958969116
ucb_lcb_n_baseline,21.0,0.0,3.0,-47.58551287651062
ucb_lcb_n_baseline,22.0,0.0,3.0,-55.12071251869202
ucb_lcb_n_baseline,23.0,0.0,3.0,-59.65755367279053
ucb_lcb_n_baseline,24.0,0.0,3.0,-49.653728723526
ucb_lcb_n_baseline,25.0,0.0,3.0,-51.35987055301666
ucb_lcb_n_baseline,26.0,0.0,3.0,-58.499194383621216
ucb_lcb_n_baseline,27.0,0.0,3.0,-37.35982584953308
ucb_lcb_n_baseline,28.0,0.0,3.0,-38.22498297691345
ucb_lcb_n_baseline,29.0,0.0,3.0,-49.352455615997314
ucb_lcb_n_baseline,30.0,0.0,3.0,-21.27711308002472
ucb_lcb_n_baseline,31.0,0.0,3.0,-59.80715584754944
ucb_lcb_n_baseline,32.0,0.0,3.0,-67.29410362243652
ucb_lcb_n_baseline,33.0,0.0,3.0,-0.5341219790279865
ucb_lcb_n_baseline,34.0,0.0,3.0,-58.83097243309021
ucb_lcb_n_baseline,37.0,0.0,3.0,-25.5411434173584
ucb_lcb_n_baseline,38.0,0.0,3.0,-19.316796898841858
ucb_lcb_n_baseline,40.0,0.0,3.0,-63.155394077301025
ucb_lcb_n_baseline,41.0,0.0,3.0,-7.258042216300964
ucb_lcb_n_baseline,42.0,0.0,3.0,-67.91941237449646
ucb_lcb_n_baseline,43.0,0.0,3.0,-58.104714155197144
ucb_lcb_n_baseline,44.0,0.0,3.0,-58.09318208694458
ucb_lcb_n_baseline,46.0,0.0,3.0,-43.58527386188507
ucb_lcb_n_baseline,50.0,0.0,3.0,-40.6315598487854
ucb_lcb_n_baseline,51.0,0.0,3.0,-65.33392143249512
ucb_lcb_n_baseline,52.0,0.0,3.0,-77.97827458381653
ucb_lcb_n_baseline,53.0,0.0,3.0,-37.76379704475403
ucb_lcb_n_baseline,54.0,0.0,3.0,-51.293728828430176
ucb_lcb_n_baseline,55.0,0.0,3.0,-49.214393615722656
ucb_lcb_n_baseline,56.0,0.0,3.0,-0.012410655152052641
ucb_lcb_n_baseline,57.0,0.0,3.0,-61.584375858306885
ucb_lcb_n_baseline,59.0,0.0,3.0,-54.696638345718384
ucb_lcb_n_baseline,60.0,0.0,3.0,-37.605390191078186
ucb_lcb_n_baseline,61.0,0.0,3.0,-47.51444411277771
ucb_lcb_n_baseline,62.0,0.0,3.0,-34.51821672916412
ucb_lcb_n_baseline,64.0,0.0,3.0,-44.92140460014343
ucb_lcb_n_baseline,65.0,0.0,3.0,-55.17388701438904
ucb_lcb_n_baseline,67.0,0.0,3.0,-57.12948131561279
ucb_lcb_n_baseline,68.0,0.0,3.0,-45.81898522377014
ucb_lcb_n_baseline,69.0,0.0,3.0,-44.568326354026794
ucb_lcb_n_baseline,71.0,0.0,3.0,-41.99067282676697
ucb_lcb_n_baseline,73.0,0.0,3.0,-59.26721501350403
ucb_lcb_n_baseline,75.0,0.0,3.0,-12.820329010486603
ucb_lcb_n_baseline,76.0,0.0,3.0,-46.3682656288147
ucb_lcb_n_baseline,77.0,0.0,3.0,-61.01880216598511
ucb_lcb_n_baseline,80.0,0.0,3.0,-46.7651789188385
ucb_lcb_n_baseline,81.0,0.0,3.0,-56.544851779937744
ucb_lcb_n_baseline,82.0,0.0,3.0,-62.44796049594879
ucb_lcb_n_baseline,83.0,0.0,3.0,-47.038095235824585
ucb_lcb_n_baseline,84.0,0.0,3.0,-37.661407232284546
ucb_lcb_n_baseline,85.0,0.0,3.0,-23.908666491508484
ucb_lcb_n_baseline,86.0,0.0,3.0,-49.72719216346741
ucb_lcb_n_baseline,87.0,0.0,3.0,-36.8476402759552
ucb_lcb_n_baseline,89.0,0.0,3.0,-45.03696829080582
ucb_lcb_n_baseline,90.0,0.0,3.0,-52.78576731681824
ucb_lcb_n_baseline,95.0,0.0,3.0,-59.55360567569733
ucb_lcb_n_baseline,96.0,0.0,3.0,-65.17990803718567
ucb_lcb_n_baseline,97.0,0.0,3.0,-52.02063059806824
ucb_lcb_n_baseline,98.0,0.0,3.0,-69.144371509552
ucb_lcb_n_baseline,102.0,0.0,3.0,-55.996875047683716
ucb_lcb_n_baseline,103.0,0.0,3.0,-20.305326104164124
ucb_lcb_n_baseline,104.0,0.0,3.0,-21.151660084724426
ucb_lcb_n_baseline,105.0,0.0,3.0,-46.691940903663635
ucb_lcb_n_baseline,106.0,0.0,3.0,-20.047694146633148
ucb_lcb_n_baseline,108.0,0.0,3.0,-54.02274763584137
ucb_lcb_n_baseline,109.0,0.0,3.0,-57.74460029602051
ucb_lcb_n_baseline,110.0,0.0,3.0,-29.181265830993652
ucb_lcb_n_baseline,111.0,0.0,3.0,-69.73464012145996
ucb_lcb_n_baseline,112.0,0.0,3.0,-64.85893416404724
ucb_lcb_n_baseline,115.0,0.0,3.0,-29.50258469581604
ucb_lcb_n_baseline,116.0,0.0,3.0,-39.15898776054382
ucb_lcb_n_baseline,117.0,0.0,3.0,-52.221731424331665
ucb_lcb_n_baseline,119.0,0.0,3.0,-14.911382853984833
ucb_lcb_n_baseline,120.0,0.0,3.0,-31.605987071990967
ucb_lcb_n_baseline,122.0,0.0,3.0,-34.32465922832489
ucb_lcb_n_baseline,124.0,0.0,3.0,-46.299747467041016
ucb_lcb_n_baseline,125.0,0.0,3.0,-16.027115762233734
ucb_lcb_n_baseline,126.0,0.0,3.0,-47.1601300239563
ucb_lcb_n_baseline,131.0,0.0,3.0,-31.979453086853027
ucb_lcb_n_baseline,133.0,0.0,3.0,-54.8685519695282
ucb_lcb_n_baseline,134.0,0.0,3.0,-63.569157123565674
ucb_lcb_n_baseline,136.0,0.0,3.0,-38.57673788070679
ucb_lcb_n_baseline,137.0,0.0,3.0,-58.85909032821655
ucb_lcb_n_baseline,138.0,0.0,3.0,-47.96670711040497
ucb_lcb_n_baseline,140.0,0.0,3.0,-29.675930380821228
ucb_lcb_n_baseline,141.0,0.0,3.0,-62.90329670906067
ucb_lcb_n_baseline,142.0,0.0,3.0,-54.610233187675476
ucb_lcb_n_baseline,143.0,0.0,3.0,-45.081456899642944
ucb_lcb_n_baseline,144.0,0.0,3.0,-30.752929091453552
ucb_lcb_n_baseline,145.0,0.0,3.0,-46.34303444623947
ucb_lcb_n_baseline,146.0,0.0,3.0,-60.755287885665894
ucb_lcb_n_baseline,147.0,0.0,3.0,-30.851909399032593
ucb_lcb_n_baseline,148.0,0.0,3.0,-56.86735200881958
ucb_lcb_n_baseline,149.0,0.0,3.0,-65.63446712493896
ucb_lcb_n_baseline,151.0,0.0,3.0,-42.12192106246948
ucb_lcb_n_baseline,152.0,0.0,3.0,-41.862287282943726
ucb_lcb_n_baseline,153.0,0.0,3.0,-44.0655380487442
ucb_lcb_n_baseline,154.0,0.0,3.0,-49.53300541639328
ucb_lcb_n_baseline,155.0,0.0,3.0,-19.112810969352722
ucb_lcb_n_baseline,156.0,0.0,3.0,-29.223001182079315
ucb_lcb_n_baseline,157.0,0.0,3.0,-58.71511507034302
ucb_lcb_n_baseline,158.0,0.0,3.0,-48.278674602508545
ucb_lcb_n_baseline,159.0,0.0,3.0,-35.80809807777405
ucb_lcb_n_baseline,160.0,0.0,3.0,-44.49494457244873
ucb_lcb_n_baseline,161.0,0.0,3.0,-53.562153339385986
ucb_lcb_n_baseline,162.0,0.0,3.0,-19.556883573532104
ucb_lcb_n_baseline,163.0,0.0,3.0,-39.52165222167969
ucb_lcb_n_baseline,164.0,0.0,3.0,-65.53801083564758
ucb_lcb_n_baseline,166.0,0.0,3.0,-21.432981848716736
ucb_lcb_n_baseline,167.0,0.0,3.0,-60.374733686447144
ucb_lcb_n_baseline,170.0,0.0,3.0,-47.307997703552246
ucb_lcb_n_baseline,171.0,0.0,3.0,-38.6218740940094
ucb_lcb_n_baseline,172.0,0.0,3.0,-36.56679439544678
ucb_lcb_n_baseline,173.0,0.0,3.0,-55.78774118423462
ucb_lcb_n_baseline,174.0,0.0,3.0,-32.27183258533478
ucb_lcb_n_baseline,176.0,0.0,3.0,-16.53674703836441
ucb_lcb_n_baseline,177.0,0.0,3.0,-24.012314677238464
ucb_lcb_n_baseline,178.0,0.0,3.0,-42.323955059051514
ucb_lcb_n_baseline,180.0,0.0,3.0,-34.9202516078949
ucb_lcb_n_baseline,181.0,0.0,3.0,-23.149518251419067
ucb_lcb_n_baseline,182.0,0.0,3.0,-64.87775087356567
ucb_lcb_n_baseline,183.0,0.0,3.0,-27.139660954475403
ucb_lcb_n_baseline,184.0,0.0,3.0,-67.64908075332642
ucb_lcb_n_baseline,186.0,0.0,3.0,-40.828306794166565
ucb_lcb_n_baseline,187.0,0.0,3.0,-47.0485143661499
ucb_lcb_n_baseline,188.0,0.0,3.0,-42.3459746837616
ucb_lcb_n_baseline,190.0,0.0,3.0,-38.549144983291626
ucb_lcb_n_baseline,192.0,0.0,3.0,-43.17417907714844
ucb_lcb_n_baseline,193.0,0.0,3.0,-38.39914524555206
ucb_lcb_n_baseline,194.0,0.0,3.0,-42.60707879066467
ucb_lcb_n_baseline,196.0,0.0,3.0,-66.87988114356995
ucb_lcb_n_baseline,197.0,0.0,3.0,-38.8519549369812
ucb_lcb_n_baseline,198.0,0.0,3.0,-17.298643231391907
ucb_lcb_n_baseline,200.0,0.0,3.0,-56.85214614868164
ucb_lcb_n_baseline,201.0,0.0,3.0,-38.495218992233276
ucb_lcb_n_baseline,203.0,0.0,3.0,-54.391324043273926
ucb_lcb_n_baseline,204.0,0.0,3.0,-34.40782582759857
ucb_lcb_n_baseline,207.0,0.0,3.0,-58.257256507873535
ucb_lcb_n_baseline,208.0,0.0,3.0,-47.94414305686951
ucb_lcb_n_baseline,210.0,0.0,3.0,-65.83473110198975
ucb_lcb_n_baseline,211.0,0.0,3.0,-45.49612379074097
ucb_lcb_n_baseline,212.0,0.0,3.0,-53.83848595619202
ucb_lcb_n_baseline,213.0,0.0,3.0,-53.1923611164093
ucb_lcb_n_baseline,215.0,0.0,3.0,-51.98048710823059
ucb_lcb_n_baseline,216.0,0.0,3.0,-48.83879637718201
ucb_lcb_n_baseline,217.0,0.0,3.0,-56.39444828033447
ucb_lcb_n_baseline,221.0,0.0,3.0,-37.2274808883667
ucb_lcb_n_baseline,223.0,0.0,3.0,-3.805433839559555
ucb_lcb_n_baseline,224.0,0.0,3.0,-73.94632959365845
ucb_lcb_n_baseline,225.0,0.0,3.0,-58.958717584609985
ucb_lcb_n_baseline,226.0,0.0,3.0,-58.00310707092285
ucb_lcb_n_baseline,227.0,0.0,3.0,-25.962059378623962
ucb_lcb_n_baseline,228.0,0.0,3.0,-53.6567702293396
ucb_lcb_n_baseline,229.0,0.0,3.0,-33.3126008734107
ucb_lcb_n_baseline,230.0,0.0,3.0,-53.847041606903076
ucb_lcb_n_baseline,232.0,0.0,3.0,-16.788063287734985
ucb_lcb_n_baseline,233.0,0.0,3.0,-36.67343080043793
ucb_lcb_n_baseline,234.0,0.0,3.0,-33.2991007566452
ucb_lcb_n_baseline,235.0,0.0,3.0,-23.382644057273865
ucb_lcb_n_baseline,237.0,0.0,3.0,-69.93730902671814
ucb_lcb_n_baseline,238.0,0.0,3.0,-33.389198660850525
ucb_lcb_n_baseline,239.0,0.0,3.0,-24.68748989701271
ucb_lcb_n_baseline,240.0,0.0,3.0,-65.17292022705078
ucb_lcb_n_baseline,242.0,0.0,3.0,-46.818217754364014
ucb_lcb_n_baseline,243.0,0.0,3.0,-33.49656629562378
ucb_lcb_n_baseline,246.0,0.0,3.0,-29.791605353355408
ucb_lcb_n_baseline,247.0,0.0,3.0,-38.17820167541504
ucb_lcb_n_baseline,248.0,0.0,3.0,-58.09402775764465
ucb_lcb_n_baseline,249.0,0.0,3.0,-19.93711006641388
ucb_lcb_n_baseline,250.0,0.0,3.0,-62.92091941833496
ucb_lcb_n_baseline,251.0,0.0,3.0,-45.84417450428009
ucb_lcb_n_baseline,252.0,0.0,3.0,-31.08410632610321
ucb_lcb_n_baseline,253.0,0.0,3.0,-57.91521167755127
ucb_lcb_n_baseline,254.0,0.0,3.0,-71.80220413208008
ucb_lcb_n_baseline,255.0,0.0,3.0,-36.99892735481262
ucb_lcb_n_baseline,256.0,0.0,3.0,-63.8542275428772
ucb_lcb_n_baseline,257.0,0.0,3.0,-64.11347270011902
ucb_lcb_n_baseline,258.0,0.0,3.0,-16.60137802362442
ucb_lcb_n_baseline,260.0,0.0,3.0,-30.60835373401642
ucb_lcb_n_baseline,261.0,0.0,3.0,-53.30850601196289
ucb_lcb_n_baseline,262.0,0.0,3.0,-48.4648494720459
ucb_lcb_n_baseline,263.0,0.0,3.0,-71.68317699432373
ucb_lcb_n_baseline,265.0,0.0,3.0,-63.4722056388855
ucb_lcb_n_baseline,266.0,0.0,3.0,-29.26965621113777
ucb_lcb_n_baseline,269.0,0.0,3.0,-43.33872187137604
ucb_lcb_n_baseline,270.0,0.0,3.0,-59.99744725227356
ucb_lcb_n_baseline,271.0,0.0,3.0,-66.48219704627991
ucb_lcb_n_baseline,273.0,0.0,3.0,-61.081608176231384
ucb_lcb_n_baseline,274.0,0.0,3.0,-24.946454524993896
ucb_lcb_n_baseline,275.0,0.0,3.0,-21.18618130683899
ucb_lcb_n_baseline,278.0,0.0,3.0,-27.307010740041733
ucb_lcb_n_baseline,279.0,0.0,3.0,-58.777894496917725
ucb_lcb_n_baseline,280.0,0.0,3.0,-42.926318407058716
ucb_lcb_n_baseline,281.0,0.0,3.0,-31.90039336681366
ucb_lcb_n_baseline,282.0,0.0,3.0,-73.50676488876343
ucb_lcb_n_baseline,283.0,0.0,3.0,-29.803489804267883
ucb_lcb_n_baseline,284.0,0.0,3.0,-55.73398780822754
ucb_lcb_n_baseline,285.0,0.0,3.0,-28.315815329551697
ucb_lcb_n_baseline,286.0,0.0,3.0,-57.93341827392578
ucb_lcb_n_baseline,287.0,0.0,3.0,-62.102147340774536
ucb_lcb_n_baseline,288.0,0.0,3.0,-66.60602140426636
ucb_lcb_n_baseline,289.0,0.0,3.0,-23.750430464744568
ucb_lcb_n_baseline,291.0,0.0,3.0,-56.620527505874634
ucb_lcb_n_baseline,293.0,0.0,3.0,-23.15793466567993
ucb_lcb_n_baseline,294.0,0.0,3.0,-60.51177906990051
ucb_lcb_n_baseline,295.0,0.0,3.0,-66.63163328170776
ucb_lcb_n_baseline,296.0,0.0,3.0,-63.698755502700806
ucb_lcb_n_baseline,299.0,0.0,3.0,-33.53012204170227
random,1.0,0.0,3.0,-47.95790672302246
random,3.0,0.0,3.0,-47.95790672302246
random,5.0,0.0,3.0,-47.95790672302246
random,6.0,0.0,3.0,-47.95790672302246
random,9.0,0.0,3.0,-47.95790672302246
random,10.0,0.0,3.0,-47.95790672302246
random,11.0,0.0,3.0,-47.95790672302246
random,13.0,0.0,3.0,-47.95790672302246
random,15.0,0.0,3.0,-47.95790672302246
random,16.0,0.0,3.0,-47.95790672302246
random,17.0,0.0,3.0,-47.95790672302246
random,19.0,0.0,3.0,-47.95790672302246
random,20.0,0.0,3.0,-47.95790672302246
random,21.0,0.0,3.0,-47.95790672302246
random,22.0,0.0,3.0,-47.95790672302246
random,23.0,0.0,3.0,-47.95790672302246
random,24.0,0.0,3.0,-47.95790672302246
random,25.0,0.0,3.0,-47.95790672302246
random,26.0,0.0,3.0,-47.95790672302246
random,27.0,0.0,3.0,-47.95790672302246
random,28.0,0.0,3.0,-47.95790672302246
random,29.0,0.0,3.0,-47.95790672302246
random,30.0,0.0,3.0,-47.95790672302246
random,31.0,0.0,3.0,-47.95790672302246
random,32.0,0.0,3.0,-47.95790672302246
random,33.0,0.0,3.0,-47.95790672302246
random,34.0,0.0,3.0,-47.95790672302246
random,37.0,0.0,3.0,-47.95790672302246
random,38.0,0.0,3.0,-47.95790672302246
random,40.0,0.0,3.0,-47.95790672302246
random,41.0,0.0,3.0,-47.95790672302246
random,42.0,0.0,3.0,-47.95790672302246
random,43.0,0.0,3.0,-47.95790672302246
random,44.0,0.0,3.0,-47.95790672302246
random,46.0,0.0,3.0,-47.95790672302246
random,50.0,0.0,3.0,-47.95790672302246
random,51.0,0.0,3.0,-47.95790672302246
random,52.0,0.0,3.0,-47.95790672302246
random,53.0,0.0,3.0,-47.95790672302246
random,54.0,0.0,3.0,-47.95790672302246
random,55.0,0.0,3.0,-47.95790672302246
random,56.0,0.0,3.0,-47.95790672302246
random,57.0,0.0,3.0,-47.95790672302246
random,59.0,0.0,3.0,-47.95790672302246
random,60.0,0.0,3.0,-47.95790672302246
random,61.0,0.0,3.0,-47.95790672302246
random,62.0,0.0,3.0,-47.95790672302246
random,64.0,0.0,3.0,-47.95790672302246
random,65.0,0.0,3.0,-47.95790672302246
random,67.0,0.0,3.0,-47.95790672302246
random,68.0,0.0,3.0,-47.95790672302246
random,69.0,0.0,3.0,-47.95790672302246
random,71.0,0.0,3.0,-47.95790672302246
random,73.0,0.0,3.0,-47.95790672302246
random,75.0,0.0,3.0,-47.95790672302246
random,76.0,0.0,3.0,-47.95790672302246
random,77.0,0.0,3.0,-47.95790672302246
random,80.0,0.0,3.0,-47.95790672302246
random,81.0,0.0,3.0,-47.95790672302246
random,82.0,0.0,3.0,-47.95790672302246
random,83.0,0.0,3.0,-47.95790672302246
random,84.0,0.0,3.0,-47.95790672302246
random,85.0,0.0,3.0,-47.95790672302246
random,86.0,0.0,3.0,-47.95790672302246
random,87.0,0.0,3.0,-47.95790672302246
random,89.0,0.0,3.0,-47.95790672302246
random,90.0,0.0,3.0,-47.95790672302246
random,95.0,0.0,3.0,-47.95790672302246
random,96.0,0.0,3.0,-47.95790672302246
random,97.0,0.0,3.0,-47.95790672302246
random,98.0,0.0,3.0,-47.95790672302246
random,102.0,0.0,3.0,-47.95790672302246
random,103.0,0.0,3.0,-47.95790672302246
random,104.0,0.0,3.0,-47.95790672302246
random,105.0,0.0,3.0,-47.95790672302246
random,106.0,0.0,3.0,-47.95790672302246
random,108.0,0.0,3.0,-47.95790672302246
random,109.0,0.0,3.0,-47.95790672302246
random,110.0,0.0,3.0,-47.95790672302246
random,111.0,0.0,3.0,-47.95790672302246
random,112.0,0.0,3.0,-47.95790672302246
random,115.0,0.0,3.0,-47.95790672302246
random,116.0,0.0,3.0,-47.95790672302246
random,117.0,0.0,3.0,-47.95790672302246
random,119.0,0.0,3.0,-47.95790672302246
random,120.0,0.0,3.0,-47.95790672302246
random,122.0,0.0,3.0,-47.95790672302246
random,124.0,0.0,3.0,-47.95790672302246
random,125.0,0.0,3.0,-47.95790672302246
random,126.0,0.0,3.0,-47.95790672302246
random,131.0,0.0,3.0,-47.95790672302246
random,133.0,0.0,3.0,-47.95790672302246
random,134.0,0.0,3.0,-47.95790672302246
random,136.0,0.0,3.0,-47.95790672302246
random,137.0,0.0,3.0,-47.95790672302246
random,138.0,0.0,3.0,-47.95790672302246
random,140.0,0.0,3.0,-47.95790672302246
random,141.0,0.0,3.0,-47.95790672302246
random,142.0,0.0,3.0,-47.95790672302246
random,143.0,0.0,3.0,-47.95790672302246
random,144.0,0.0,3.0,-47.95790672302246
random,145.0,0.0,3.0,-47.95790672302246
random,146.0,0.0,3.0,-47.95790672302246
random,147.0,0.0,3.0,-47.95790672302246
random,148.0,0.0,3.0,-47.95790672302246
random,149.0,0.0,3.0,-47.95790672302246
random,151.0,0.0,3.0,-47.95790672302246
random,152.0,0.0,3.0,-47.95790672302246
random,153.0,0.0,3.0,-47.95790672302246
random,154.0,0.0,3.0,-47.95790672302246
random,155.0,0.0,3.0,-47.95790672302246
random,156.0,0.0,3.0,-47.95790672302246
random,157.0,0.0,3.0,-47.95790672302246
random,158.0,0.0,3.0,-47.95790672302246
random,159.0,0.0,3.0,-47.95790672302246
random,160.0,0.0,3.0,-47.95790672302246
random,161.0,0.0,3.0,-47.95790672302246
random,162.0,0.0,3.0,-47.95790672302246
random,163.0,0.0,3.0,-47.95790672302246
random,164.0,0.0,3.0,-47.95790672302246
random,166.0,0.0,3.0,-47.95790672302246
random,167.0,0.0,3.0,-47.95790672302246
random,170.0,0.0,3.0,-47.95790672302246
random,171.0,0.0,3.0,-47.95790672302246
random,172.0,0.0,3.0,-47.95790672302246
random,173.0,0.0,3.0,-47.95790672302246
random,174.0,0.0,3.0,-47.95790672302246
random,176.0,0.0,3.0,-47.95790672302246
random,177.0,0.0,3.0,-47.95790672302246
random,178.0,0.0,3.0,-47.95790672302246
random,180.0,0.0,3.0,-47.95790672302246
random,181.0,0.0,3.0,-47.95790672302246
random,182.0,0.0,3.0,-47.95790672302246
random,183.0,0.0,3.0,-47.95790672302246
random,184.0,0.0,3.0,-47.95790672302246
random,186.0,0.0,3.0,-47.95790672302246
random,187.0,0.0,3.0,-47.95790672302246
random,188.0,0.0,3.0,-47.95790672302246
random,190.0,0.0,3.0,-47.95790672302246
random,192.0,0.0,3.0,-47.95790672302246
random,193.0,0.0,3.0,-47.95790672302246
random,194.0,0.0,3.0,-47.95790672302246
random,196.0,0.0,3.0,-47.95790672302246
random,197.0,0.0,3.0,-47.95790672302246
random,198.0,0.0,3.0,-47.95790672302246
random,200.0,0.0,3.0,-47.95790672302246
random,201.0,0.0,3.0,-47.95790672302246
random,203.0,0.0,3.0,-47.95790672302246
random,204.0,0.0,3.0,-47.95790672302246
random,207.0,0.0,3.0,-47.95790672302246
random,208.0,0.0,3.0,-47.95790672302246
random,210.0,0.0,3.0,-47.95790672302246
random,211.0,0.0,3.0,-47.95790672302246
random,212.0,0.0,3.0,-47.95790672302246
random,213.0,0.0,3.0,-47.95790672302246
random,215.0,0.0,3.0,-47.95790672302246
random,216.0,0.0,3.0,-47.95790672302246
random,217.0,0.0,3.0,-47.95790672302246
random,221.0,0.0,3.0,-47.95790672302246
random,223.0,0.0,3.0,-47.95790672302246
random,224.0,0.0,3.0,-47.95790672302246
random,225.0,0.0,3.0,-47.95790672302246
random,226.0,0.0,3.0,-47.95790672302246
random,227.0,0.0,3.0,-47.95790672302246
random,228.0,0.0,3.0,-47.95790672302246
random,229.0,0.0,3.0,-47.95790672302246
random,230.0,0.0,3.0,-47.95790672302246
random,232.0,0.0,3.0,-47.95790672302246
random,233.0,0.0,3.0,-47.95790672302246
random,234.0,0.0,3.0,-47.95790672302246
random,235.0,0.0,3.0,-47.95790672302246
random,237.0,0.0,3.0,-47.95790672302246
random,238.0,0.0,3.0,-47.95790672302246
random,239.0,0.0,3.0,-47.95790672302246
random,240.0,0.0,3.0,-47.95790672302246
random,242.0,0.0,3.0,-47.95790672302246
random,243.0,0.0,3.0,-47.95790672302246
random,246.0,0.0,3.0,-47.95790672302246
random,247.0,0.0,3.0,-47.95790672302246
random,248.0,0.0,3.0,-47.95790672302246
random,249.0,0.0,3.0,-47.95790672302246
random,250.0,0.0,3.0,-47.95790672302246
random,251.0,0.0,3.0,-47.95790672302246
random,252.0,0.0,3.0,-47.95790672302246
random,253.0,0.0,3.0,-47.95790672302246
random,254.0,0.0,3.0,-47.95790672302246
random,255.0,0.0,3.0,-47.95790672302246
random,256.0,0.0,3.0,-47.95790672302246
random,257.0,0.0,3.0,-47.95790672302246
random,258.0,0.0,3.0,-47.95790672302246
random,260.0,0.0,3.0,-47.95790672302246
random,261.0,0.0,3.0,-47.95790672302246
random,262.0,0.0,3.0,-47.95790672302246
random,263.0,0.0,3.0,-47.95790672302246
random,265.0,0.0,3.0,-47.95790672302246
random,266.0,0.0,3.0,-47.95790672302246
random,269.0,0.0,3.0,-47.95790672302246
random,270.0,0.0,3.0,-47.95790672302246
random,271.0,0.0,3.0,-47.95790672302246
random,273.0,0.0,3.0,-47.95790672302246
random,274.0,0.0,3.0,-47.95790672302246
random,275.0,0.0,3.0,-47.95790672302246
random,278.0,0.0,3.0,-47.95790672302246
random,279.0,0.0,3.0,-47.95790672302246
random,280.0,0.0,3.0,-47.95790672302246
random,281.0,0.0,3.0,-47.95790672302246
random,282.0,0.0,3.0,-47.95790672302246
random,283.0,0.0,3.0,-47.95790672302246
random,284.0,0.0,3.0,-47.95790672302246
random,285.0,0.0,3.0,-47.95790672302246
random,286.0,0.0,3.0,-47.95790672302246
random,287.0,0.0,3.0,-47.95790672302246
random,288.0,0.0,3.0,-47.95790672302246
random,289.0,0.0,3.0,-47.95790672302246
random,291.0,0.0,3.0,-47.95790672302246
random,293.0,0.0,3.0,-47.95790672302246
random,294.0,0.0,3.0,-47.95790672302246
random,295.0,0.0,3.0,-47.95790672302246
random,296.0,0.0,3.0,-47.95790672302246
random,299.0,0.0,3.0,-47.95790672302246
ucb_lcb_n_baseline,1.0,0.0,4.0,-33.33563715219498
ucb_lcb_n_baseline,3.0,0.0,4.0,-55.94274282455444
ucb_lcb_n_baseline,5.0,0.0,4.0,-50.75471615791321
ucb_lcb_n_baseline,6.0,0.0,4.0,-67.9220461845398
ucb_lcb_n_baseline,9.0,0.0,4.0,-57.2747700214386
ucb_lcb_n_baseline,10.0,0.0,4.0,-58.311779141426086
ucb_lcb_n_baseline,11.0,0.0,4.0,-51.311978578567505
ucb_lcb_n_baseline,13.0,0.0,4.0,-54.11468029022217
ucb_lcb_n_baseline,15.0,0.0,4.0,-51.88902795314789
ucb_lcb_n_baseline,16.0,0.0,4.0,-62.04298639297485
ucb_lcb_n_baseline,17.0,0.0,4.0,-22.55953311920166
ucb_lcb_n_baseline,19.0,0.0,4.0,-33.010625541210175
ucb_lcb_n_baseline,20.0,0.0,4.0,-36.79393243789673
ucb_lcb_n_baseline,21.0,0.0,4.0,-53.05655539035797
ucb_lcb_n_baseline,22.0,0.0,4.0,-74.824303150177
ucb_lcb_n_baseline,23.0,0.0,4.0,-60.547680377960205
ucb_lcb_n_baseline,24.0,0.0,4.0,-41.54994535446167
ucb_lcb_n_baseline,25.0,0.0,4.0,-68.26370096206665
ucb_lcb_n_baseline,26.0,0.0,4.0,-68.21103048324585
ucb_lcb_n_baseline,27.0,0.0,4.0,-38.115959882736206
ucb_lcb_n_baseline,28.0,0.0,4.0,-30.879135966300964
ucb_lcb_n_baseline,29.0,0.0,4.0,-59.99035406112671
ucb_lcb_n_baseline,30.0,0.0,4.0,-47.797656416893005
ucb_lcb_n_baseline,31.0,0.0,4.0,-51.62835216522217
ucb_lcb_n_baseline,32.0,0.0,4.0,-68.26575350761414
ucb_lcb_n_baseline,33.0,0.0,4.0,-0.08437745552510023
ucb_lcb_n_baseline,34.0,0.0,4.0,-55.83125448226929
ucb_lcb_n_baseline,37.0,0.0,4.0,-42.89470863342285
ucb_lcb_n_baseline,38.0,0.0,4.0,-44.4094979763031
ucb_lcb_n_baseline,40.0,0.0,4.0,-57.972090005874634
ucb_lcb_n_baseline,41.0,0.0,4.0,-27.94329172372818
ucb_lcb_n_baseline,42.0,0.0,4.0,-55.06138062477112
ucb_lcb_n_baseline,43.0,0.0,4.0,-58.24963617324829
ucb_lcb_n_baseline,44.0,0.0,4.0,-62.2679648399353
ucb_lcb_n_baseline,46.0,0.0,4.0,-59.585663080215454
ucb_lcb_n_baseline,50.0,0.0,4.0,-39.945007264614105
ucb_lcb_n_baseline,51.0,0.0,4.0,-57.252527356147766
ucb_lcb_n_baseline,52.0,0.0,4.0,-59.33508801460266
ucb_lcb_n_baseline,53.0,0.0,4.0,-46.58416533470154
ucb_lcb_n_baseline,54.0,0.0,4.0,-46.355107605457306
ucb_lcb_n_baseline,55.0,0.0,4.0,-72.34899973869324
ucb_lcb_n_baseline,56.0,0.0,4.0,-0.0965930549427867
ucb_lcb_n_baseline,57.0,0.0,4.0,-58.252878308296204
ucb_lcb_n_baseline,59.0,0.0,4.0,-16.274634063243866
ucb_lcb_n_baseline,60.0,0.0,4.0,-49.28674292564392
ucb_lcb_n_baseline,61.0,0.0,4.0,-44.208224296569824
ucb_lcb_n_baseline,62.0,0.0,4.0,-29.480703115463257
ucb_lcb_n_baseline,64.0,0.0,4.0,-39.862014293670654
ucb_lcb_n_baseline,65.0,0.0,4.0,-58.21050524711609
ucb_lcb_n_baseline,67.0,0.0,4.0,-47.64108192920685
ucb_lcb_n_baseline,68.0,0.0,4.0,-42.159700870513916
ucb_lcb_n_baseline,69.0,0.0,4.0,-41.7088828086853
ucb_lcb_n_baseline,71.0,0.0,4.0,-62.46026682853699
ucb_lcb_n_baseline,73.0,0.0,4.0,-64.42130327224731
ucb_lcb_n_baseline,75.0,0.0,4.0,-30.228499174118042
ucb_lcb_n_baseline,76.0,0.0,4.0,-32.26180636882782
ucb_lcb_n_baseline,77.0,0.0,4.0,-37.03835201263428
ucb_lcb_n_baseline,80.0,0.0,4.0,-41.624271392822266
ucb_lcb_n_baseline,81.0,0.0,4.0,-51.66337013244629
ucb_lcb_n_baseline,82.0,0.0,4.0,-47.34973430633545
ucb_lcb_n_baseline,83.0,0.0,4.0,-34.966132044792175
ucb_lcb_n_baseline,84.0,0.0,4.0,-46.04806661605835
ucb_lcb_n_baseline,85.0,0.0,4.0,-31.02827250957489
ucb_lcb_n_baseline,86.0,0.0,4.0,-73.47937107086182
ucb_lcb_n_baseline,87.0,0.0,4.0,-32.89282417297363
ucb_lcb_n_baseline,89.0,0.0,4.0,-60.36536979675293
ucb_lcb_n_baseline,90.0,0.0,4.0,-48.80200743675232
ucb_lcb_n_baseline,95.0,0.0,4.0,-73.28947615623474
ucb_lcb_n_baseline,96.0,0.0,4.0,-57.33287239074707
ucb_lcb_n_baseline,97.0,0.0,4.0,-62.158329248428345
ucb_lcb_n_baseline,98.0,0.0,4.0,-60.47869110107422
ucb_lcb_n_baseline,102.0,0.0,4.0,-41.12639617919922
ucb_lcb_n_baseline,103.0,0.0,4.0,-41.58989334106445
ucb_lcb_n_baseline,104.0,0.0,4.0,-45.92768049240112
ucb_lcb_n_baseline,105.0,0.0,4.0,-52.057585418224335
ucb_lcb_n_baseline,106.0,0.0,4.0,-36.53895354270935
ucb_lcb_n_baseline,108.0,0.0,4.0,-73.53197288513184
ucb_lcb_n_baseline,109.0,0.0,4.0,-58.65449833869934
ucb_lcb_n_baseline,110.0,0.0,4.0,-43.90611791610718
ucb_lcb_n_baseline,111.0,0.0,4.0,-57.70072078704834
ucb_lcb_n_baseline,112.0,0.0,4.0,-57.860968470573425
ucb_lcb_n_baseline,115.0,0.0,4.0,-42.82241463661194
ucb_lcb_n_baseline,116.0,0.0,4.0,-34.25451195240021
ucb_lcb_n_baseline,117.0,0.0,4.0,-48.229557514190674
ucb_lcb_n_baseline,119.0,0.0,4.0,-22.484006881713867
ucb_lcb_n_baseline,120.0,0.0,4.0,-47.965948820114136
ucb_lcb_n_baseline,122.0,0.0,4.0,-46.3958523273468
ucb_lcb_n_baseline,124.0,0.0,4.0,-61.61649191379547
ucb_lcb_n_baseline,125.0,0.0,4.0,-47.46384525299072
ucb_lcb_n_baseline,126.0,0.0,4.0,-34.65388321876526
ucb_lcb_n_baseline,131.0,0.0,4.0,-44.110326409339905
ucb_lcb_n_baseline,133.0,0.0,4.0,-33.64384913444519
ucb_lcb_n_baseline,134.0,0.0,4.0,-37.80881595611572
ucb_lcb_n_baseline,137.0,0.0,4.0,-49.69655358791351
ucb_lcb_n_baseline,138.0,0.0,4.0,-57.66444230079651
ucb_lcb_n_baseline,140.0,0.0,4.0,-39.23870086669922
ucb_lcb_n_baseline,141.0,0.0,4.0,-52.838783860206604
ucb_lcb_n_baseline,142.0,0.0,4.0,-55.40119242668152
ucb_lcb_n_baseline,143.0,0.0,4.0,-45.89856815338135
ucb_lcb_n_baseline,144.0,0.0,4.0,-26.681278109550476
ucb_lcb_n_baseline,145.0,0.0,4.0,-55.92037916183472
ucb_lcb_n_baseline,146.0,0.0,4.0,-56.88024854660034
ucb_lcb_n_baseline,147.0,0.0,4.0,-44.8689820766449
ucb_lcb_n_baseline,148.0,0.0,4.0,-59.520580768585205
ucb_lcb_n_baseline,149.0,0.0,4.0,-72.3364782333374
ucb_lcb_n_baseline,151.0,0.0,4.0,-51.44991636276245
ucb_lcb_n_baseline,152.0,0.0,4.0,-39.06453466415405
ucb_lcb_n_baseline,153.0,0.0,4.0,-41.58927321434021
ucb_lcb_n_baseline,154.0,0.0,4.0,-39.983054876327515
ucb_lcb_n_baseline,155.0,0.0,4.0,-31.7586168050766
ucb_lcb_n_baseline,156.0,0.0,4.0,-32.23169386386871
ucb_lcb_n_baseline,157.0,0.0,4.0,-65.19096291065216
ucb_lcb_n_baseline,158.0,0.0,4.0,-60.47391939163208
ucb_lcb_n_baseline,160.0,0.0,4.0,-42.34225606918335
ucb_lcb_n_baseline,161.0,0.0,4.0,-45.5481071472168
ucb_lcb_n_baseline,162.0,0.0,4.0,-5.920894920825958
ucb_lcb_n_baseline,163.0,0.0,4.0,-40.2678986787796
ucb_lcb_n_baseline,164.0,0.0,4.0,-68.33140277862549
ucb_lcb_n_baseline,166.0,0.0,4.0,-28.503298044204712
ucb_lcb_n_baseline,167.0,0.0,4.0,-60.23157739639282
ucb_lcb_n_baseline,170.0,0.0,4.0,-53.962119340896606
ucb_lcb_n_baseline,171.0,0.0,4.0,-50.98832046985626
ucb_lcb_n_baseline,172.0,0.0,4.0,-34.874521255493164
ucb_lcb_n_baseline,173.0,0.0,4.0,-59.06997585296631
ucb_lcb_n_baseline,174.0,0.0,4.0,-50.9894905090332
ucb_lcb_n_baseline,176.0,0.0,4.0,-36.79737091064453
ucb_lcb_n_baseline,177.0,0.0,4.0,-30.18228578567505
ucb_lcb_n_baseline,178.0,0.0,4.0,-31.860620260238647
ucb_lcb_n_baseline,180.0,0.0,4.0,-36.67075300216675
ucb_lcb_n_baseline,181.0,0.0,4.0,-39.983606815338135
ucb_lcb_n_baseline,182.0,0.0,4.0,-70.30393922328949
ucb_lcb_n_baseline,183.0,0.0,4.0,-44.78089880943298
ucb_lcb_n_baseline,184.0,0.0,4.0,-58.06001257896423
ucb_lcb_n_baseline,186.0,0.0,4.0,-33.55591583251953
ucb_lcb_n_baseline,187.0,0.0,4.0,-40.54912233352661
ucb_lcb_n_baseline,188.0,0.0,4.0,-50.34216594696045
ucb_lcb_n_baseline,190.0,0.0,4.0,-37.33271133899689
ucb_lcb_n_baseline,192.0,0.0,4.0,-46.816208839416504
ucb_lcb_n_baseline,193.0,0.0,4.0,-62.48242998123169
ucb_lcb_n_baseline,194.0,0.0,4.0,-47.257513761520386
ucb_lcb_n_baseline,196.0,0.0,4.0,-65.84774971008301
ucb_lcb_n_baseline,197.0,0.0,4.0,-48.79160404205322
ucb_lcb_n_baseline,198.0,0.0,4.0,-30.463590145111084
ucb_lcb_n_baseline,200.0,0.0,4.0,-36.05722630023956
ucb_lcb_n_baseline,201.0,0.0,4.0,-51.668285608291626
ucb_lcb_n_baseline,203.0,0.0,4.0,-62.02811145782471
ucb_lcb_n_baseline,204.0,0.0,4.0,-50.28008961677551
ucb_lcb_n_baseline,207.0,0.0,4.0,-54.197025537490845
ucb_lcb_n_baseline,208.0,0.0,4.0,-34.84598684310913
ucb_lcb_n_baseline,210.0,0.0,4.0,-61.38359522819519
ucb_lcb_n_baseline,211.0,0.0,4.0,-47.62761878967285
ucb_lcb_n_baseline,212.0,0.0,4.0,-62.18636429309845
ucb_lcb_n_baseline,213.0,0.0,4.0,-58.235188007354736
ucb_lcb_n_baseline,215.0,0.0,4.0,-55.854087114334106
ucb_lcb_n_baseline,216.0,0.0,4.0,-46.21127438545227
ucb_lcb_n_baseline,217.0,0.0,4.0,-61.70177698135376
ucb_lcb_n_baseline,221.0,0.0,4.0,-52.02181148529053
ucb_lcb_n_baseline,223.0,0.0,4.0,-20.66178524494171
ucb_lcb_n_baseline,224.0,0.0,4.0,-50.324668884277344
ucb_lcb_n_baseline,225.0,0.0,4.0,-57.58271932601929
ucb_lcb_n_baseline,226.0,0.0,4.0,-47.513357162475586
ucb_lcb_n_baseline,227.0,0.0,4.0,-44.47302949428558
ucb_lcb_n_baseline,228.0,0.0,4.0,-59.63379621505737
ucb_lcb_n_baseline,230.0,0.0,4.0,-62.42753529548645
ucb_lcb_n_baseline,232.0,0.0,4.0,-7.5371760576963425
ucb_lcb_n_baseline,233.0,0.0,4.0,-69.07470965385437
ucb_lcb_n_baseline,234.0,0.0,4.0,-45.607030510902405
ucb_lcb_n_baseline,235.0,0.0,4.0,-44.47708010673523
ucb_lcb_n_baseline,237.0,0.0,4.0,-51.46688902378082
ucb_lcb_n_baseline,239.0,0.0,4.0,-10.742745816707611
ucb_lcb_n_baseline,240.0,0.0,4.0,-44.57471787929535
ucb_lcb_n_baseline,242.0,0.0,4.0,-29.46647810935974
ucb_lcb_n_baseline,243.0,0.0,4.0,-9.558037966489792
ucb_lcb_n_baseline,246.0,0.0,4.0,-30.284597039222717
ucb_lcb_n_baseline,248.0,0.0,4.0,-59.48854899406433
ucb_lcb_n_baseline,249.0,0.0,4.0,-37.91248643398285
ucb_lcb_n_baseline,250.0,0.0,4.0,-63.357797622680664
ucb_lcb_n_baseline,251.0,0.0,4.0,-43.63091993331909
ucb_lcb_n_baseline,252.0,0.0,4.0,-43.78770112991333
ucb_lcb_n_baseline,253.0,0.0,4.0,-53.40336811542511
ucb_lcb_n_baseline,254.0,0.0,4.0,-58.75871825218201
ucb_lcb_n_baseline,255.0,0.0,4.0,-37.15099740028381
ucb_lcb_n_baseline,256.0,0.0,4.0,-54.8351856470108
ucb_lcb_n_baseline,257.0,0.0,4.0,-61.14036321640015
ucb_lcb_n_baseline,258.0,0.0,4.0,-39.29247522354126
ucb_lcb_n_baseline,260.0,0.0,4.0,-35.538628458976746
ucb_lcb_n_baseline,261.0,0.0,4.0,-47.08727252483368
ucb_lcb_n_baseline,262.0,0.0,4.0,-45.86020541191101
ucb_lcb_n_baseline,263.0,0.0,4.0,-41.928969383239746
ucb_lcb_n_baseline,265.0,0.0,4.0,-64.4493682384491
ucb_lcb_n_baseline,266.0,0.0,4.0,-20.926852583885193
ucb_lcb_n_baseline,269.0,0.0,4.0,-53.304694175720215
ucb_lcb_n_baseline,270.0,0.0,4.0,-65.04412293434143
ucb_lcb_n_baseline,271.0,0.0,4.0,-51.65995979309082
ucb_lcb_n_baseline,273.0,0.0,4.0,-50.315611124038696
ucb_lcb_n_baseline,274.0,0.0,4.0,-37.18416488170624
ucb_lcb_n_baseline,275.0,0.0,4.0,-25.31318974494934
ucb_lcb_n_baseline,278.0,0.0,4.0,-8.824674248695374
ucb_lcb_n_baseline,279.0,0.0,4.0,-52.70662999153137
ucb_lcb_n_baseline,280.0,0.0,4.0,-54.80332791805267
ucb_lcb_n_baseline,281.0,0.0,4.0,-27.404810965061188
ucb_lcb_n_baseline,282.0,0.0,4.0,-62.8901629447937
ucb_lcb_n_baseline,283.0,0.0,4.0,-40.62125754356384
ucb_lcb_n_baseline,284.0,0.0,4.0,-65.4390299320221
ucb_lcb_n_baseline,285.0,0.0,4.0,-21.854909002780914
ucb_lcb_n_baseline,286.0,0.0,4.0,-74.07956337928772
ucb_lcb_n_baseline,287.0,0.0,4.0,-63.64569568634033
ucb_lcb_n_baseline,288.0,0.0,4.0,-63.09934091567993
ucb_lcb_n_baseline,289.0,0.0,4.0,-28.956329464912415
ucb_lcb_n_baseline,291.0,0.0,4.0,-63.91413426399231
ucb_lcb_n_baseline,293.0,0.0,4.0,-40.52250039577484
ucb_lcb_n_baseline,294.0,0.0,4.0,-60.48489856719971
ucb_lcb_n_baseline,295.0,0.0,4.0,-54.35147774219513
ucb_lcb_n_baseline,296.0,0.0,4.0,-64.20279145240784
ucb_lcb_n_baseline,299.0,0.0,4.0,-48.01563739776611
random,1.0,0.0,4.0,-47.95790672302246
random,3.0,0.0,4.0,-47.95790672302246
random,5.0,0.0,4.0,-47.95790672302246
random,6.0,0.0,4.0,-47.95790672302246
random,9.0,0.0,4.0,-47.95790672302246
random,10.0,0.0,4.0,-47.95790672302246
random,11.0,0.0,4.0,-47.95790672302246
random,13.0,0.0,4.0,-47.95790672302246
random,15.0,0.0,4.0,-47.95790672302246
random,16.0,0.0,4.0,-47.95790672302246
random,17.0,0.0,4.0,-47.95790672302246
random,19.0,0.0,4.0,-47.95790672302246
random,20.0,0.0,4.0,-47.95790672302246
random,21.0,0.0,4.0,-47.95790672302246
random,22.0,0.0,4.0,-47.95790672302246
random,23.0,0.0,4.0,-47.95790672302246
random,24.0,0.0,4.0,-47.95790672302246
random,25.0,0.0,4.0,-47.95790672302246
random,26.0,0.0,4.0,-47.95790672302246
random,27.0,0.0,4.0,-47.95790672302246
random,28.0,0.0,4.0,-47.95790672302246
random,29.0,0.0,4.0,-47.95790672302246
random,30.0,0.0,4.0,-47.95790672302246
random,31.0,0.0,4.0,-47.95790672302246
random,32.0,0.0,4.0,-47.95790672302246
random,33.0,0.0,4.0,-47.95790672302246
random,34.0,0.0,4.0,-47.95790672302246
random,37.0,0.0,4.0,-47.95790672302246
random,38.0,0.0,4.0,-47.95790672302246
random,40.0,0.0,4.0,-47.95790672302246
random,41.0,0.0,4.0,-47.95790672302246
random,42.0,0.0,4.0,-47.95790672302246
random,43.0,0.0,4.0,-47.95790672302246
random,44.0,0.0,4.0,-47.95790672302246
random,46.0,0.0,4.0,-47.95790672302246
random,50.0,0.0,4.0,-47.95790672302246
random,51.0,0.0,4.0,-47.95790672302246
random,52.0,0.0,4.0,-47.95790672302246
random,53.0,0.0,4.0,-47.95790672302246
random,54.0,0.0,4.0,-47.95790672302246
random,55.0,0.0,4.0,-47.95790672302246
random,56.0,0.0,4.0,-47.95790672302246
random,57.0,0.0,4.0,-47.95790672302246
random,59.0,0.0,4.0,-47.95790672302246
random,60.0,0.0,4.0,-47.95790672302246
random,61.0,0.0,4.0,-47.95790672302246
random,62.0,0.0,4.0,-47.95790672302246
random,64.0,0.0,4.0,-47.95790672302246
random,65.0,0.0,4.0,-47.95790672302246
random,67.0,0.0,4.0,-47.95790672302246
random,68.0,0.0,4.0,-47.95790672302246
random,69.0,0.0,4.0,-47.95790672302246
random,71.0,0.0,4.0,-47.95790672302246
random,73.0,0.0,4.0,-47.95790672302246
random,75.0,0.0,4.0,-47.95790672302246
random,76.0,0.0,4.0,-47.95790672302246
random,77.0,0.0,4.0,-47.95790672302246
random,80.0,0.0,4.0,-47.95790672302246
random,81.0,0.0,4.0,-47.95790672302246
random,82.0,0.0,4.0,-47.95790672302246
random,83.0,0.0,4.0,-47.95790672302246
random,84.0,0.0,4.0,-47.95790672302246
random,85.0,0.0,4.0,-47.95790672302246
random,86.0,0.0,4.0,-47.95790672302246
random,87.0,0.0,4.0,-47.95790672302246
random,89.0,0.0,4.0,-47.95790672302246
random,90.0,0.0,4.0,-47.95790672302246
random,95.0,0.0,4.0,-47.95790672302246
random,96.0,0.0,4.0,-47.95790672302246
random,97.0,0.0,4.0,-47.95790672302246
random,98.0,0.0,4.0,-47.95790672302246
random,102.0,0.0,4.0,-47.95790672302246
random,103.0,0.0,4.0,-47.95790672302246
random,104.0,0.0,4.0,-47.95790672302246
random,105.0,0.0,4.0,-47.95790672302246
random,106.0,0.0,4.0,-47.95790672302246
random,108.0,0.0,4.0,-47.95790672302246
random,109.0,0.0,4.0,-47.95790672302246
random,110.0,0.0,4.0,-47.95790672302246
random,111.0,0.0,4.0,-47.95790672302246
random,112.0,0.0,4.0,-47.95790672302246
random,115.0,0.0,4.0,-47.95790672302246
random,116.0,0.0,4.0,-47.95790672302246
random,117.0,0.0,4.0,-47.95790672302246
random,119.0,0.0,4.0,-47.95790672302246
random,120.0,0.0,4.0,-47.95790672302246
random,122.0,0.0,4.0,-47.95790672302246
random,124.0,0.0,4.0,-47.95790672302246
random,125.0,0.0,4.0,-47.95790672302246
random,126.0,0.0,4.0,-47.95790672302246
random,131.0,0.0,4.0,-47.95790672302246
random,133.0,0.0,4.0,-47.95790672302246
random,134.0,0.0,4.0,-47.95790672302246
random,137.0,0.0,4.0,-47.95790672302246
random,138.0,0.0,4.0,-47.95790672302246
random,140.0,0.0,4.0,-47.95790672302246
random,141.0,0.0,4.0,-47.95790672302246
random,142.0,0.0,4.0,-47.95790672302246
random,143.0,0.0,4.0,-47.95790672302246
random,144.0,0.0,4.0,-47.95790672302246
random,145.0,0.0,4.0,-47.95790672302246
random,146.0,0.0,4.0,-47.95790672302246
random,147.0,0.0,4.0,-47.95790672302246
random,148.0,0.0,4.0,-47.95790672302246
random,149.0,0.0,4.0,-47.95790672302246
random,151.0,0.0,4.0,-47.95790672302246
random,152.0,0.0,4.0,-47.95790672302246
random,153.0,0.0,4.0,-47.95790672302246
random,154.0,0.0,4.0,-47.95790672302246
random,155.0,0.0,4.0,-47.95790672302246
random,156.0,0.0,4.0,-47.95790672302246
random,157.0,0.0,4.0,-47.95790672302246
random,158.0,0.0,4.0,-47.95790672302246
random,160.0,0.0,4.0,-47.95790672302246
random,161.0,0.0,4.0,-47.95790672302246
random,162.0,0.0,4.0,-47.95790672302246
random,163.0,0.0,4.0,-47.95790672302246
random,164.0,0.0,4.0,-47.95790672302246
random,166.0,0.0,4.0,-47.95790672302246
random,167.0,0.0,4.0,-47.95790672302246
random,170.0,0.0,4.0,-47.95790672302246
random,171.0,0.0,4.0,-47.95790672302246
random,172.0,0.0,4.0,-47.95790672302246
random,173.0,0.0,4.0,-47.95790672302246
random,174.0,0.0,4.0,-47.95790672302246
random,176.0,0.0,4.0,-47.95790672302246
random,177.0,0.0,4.0,-47.95790672302246
random,178.0,0.0,4.0,-47.95790672302246
random,180.0,0.0,4.0,-47.95790672302246
random,181.0,0.0,4.0,-47.95790672302246
random,182.0,0.0,4.0,-47.95790672302246
random,183.0,0.0,4.0,-47.95790672302246
random,184.0,0.0,4.0,-47.95790672302246
random,186.0,0.0,4.0,-47.95790672302246
random,187.0,0.0,4.0,-47.95790672302246
random,188.0,0.0,4.0,-47.95790672302246
random,190.0,0.0,4.0,-47.95790672302246
random,192.0,0.0,4.0,-47.95790672302246
random,193.0,0.0,4.0,-47.95790672302246
random,194.0,0.0,4.0,-47.95790672302246
random,196.0,0.0,4.0,-47.95790672302246
random,197.0,0.0,4.0,-47.95790672302246
random,198.0,0.0,4.0,-47.95790672302246
random,200.0,0.0,4.0,-47.95790672302246
random,201.0,0.0,4.0,-47.95790672302246
random,203.0,0.0,4.0,-47.95790672302246
random,204.0,0.0,4.0,-47.95790672302246
random,207.0,0.0,4.0,-47.95790672302246
random,208.0,0.0,4.0,-47.95790672302246
random,210.0,0.0,4.0,-47.95790672302246
random,211.0,0.0,4.0,-47.95790672302246
random,212.0,0.0,4.0,-47.95790672302246
random,213.0,0.0,4.0,-47.95790672302246
random,215.0,0.0,4.0,-47.95790672302246
random,216.0,0.0,4.0,-47.95790672302246
random,217.0,0.0,4.0,-47.95790672302246
random,221.0,0.0,4.0,-47.95790672302246
random,223.0,0.0,4.0,-47.95790672302246
random,224.0,0.0,4.0,-47.95790672302246
random,225.0,0.0,4.0,-47.95790672302246
random,226.0,0.0,4.0,-47.95790672302246
random,227.0,0.0,4.0,-47.95790672302246
random,228.0,0.0,4.0,-47.95790672302246
random,230.0,0.0,4.0,-47.95790672302246
random,232.0,0.0,4.0,-47.95790672302246
random,233.0,0.0,4.0,-47.95790672302246
random,234.0,0.0,4.0,-47.95790672302246
random,235.0,0.0,4.0,-47.95790672302246
random,237.0,0.0,4.0,-47.95790672302246
random,239.0,0.0,4.0,-47.95790672302246
random,240.0,0.0,4.0,-47.95790672302246
random,242.0,0.0,4.0,-47.95790672302246
random,243.0,0.0,4.0,-47.95790672302246
random,246.0,0.0,4.0,-47.95790672302246
random,248.0,0.0,4.0,-47.95790672302246
random,249.0,0.0,4.0,-47.95790672302246
random,250.0,0.0,4.0,-47.95790672302246
random,251.0,0.0,4.0,-47.95790672302246
random,252.0,0.0,4.0,-47.95790672302246
random,253.0,0.0,4.0,-47.95790672302246
random,254.0,0.0,4.0,-47.95790672302246
random,255.0,0.0,4.0,-47.95790672302246
random,256.0,0.0,4.0,-47.95790672302246
random,257.0,0.0,4.0,-47.95790672302246
random,258.0,0.0,4.0,-47.95790672302246
random,260.0,0.0,4.0,-47.95790672302246
random,261.0,0.0,4.0,-47.95790672302246
random,262.0,0.0,4.0,-47.95790672302246
random,263.0,0.0,4.0,-47.95790672302246
random,265.0,0.0,4.0,-47.95790672302246
random,266.0,0.0,4.0,-47.95790672302246
random,269.0,0.0,4.0,-47.95790672302246
random,270.0,0.0,4.0,-47.95790672302246
random,271.0,0.0,4.0,-47.95790672302246
random,273.0,0.0,4.0,-47.95790672302246
random,274.0,0.0,4.0,-47.95790672302246
random,275.0,0.0,4.0,-47.95790672302246
random,278.0,0.0,4.0,-47.95790672302246
random,279.0,0.0,4.0,-47.95790672302246
random,280.0,0.0,4.0,-47.95790672302246
random,281.0,0.0,4.0,-47.95790672302246
random,282.0,0.0,4.0,-47.95790672302246
random,283.0,0.0,4.0,-47.95790672302246
random,284.0,0.0,4.0,-47.95790672302246
random,285.0,0.0,4.0,-47.95790672302246
random,286.0,0.0,4.0,-47.95790672302246
random,287.0,0.0,4.0,-47.95790672302246
random,288.0,0.0,4.0,-47.95790672302246
random,289.0,0.0,4.0,-47.95790672302246
random,291.0,0.0,4.0,-47.95790672302246
random,293.0,0.0,4.0,-47.95790672302246
random,294.0,0.0,4.0,-47.95790672302246
random,295.0,0.0,4.0,-47.95790672302246
random,296.0,0.0,4.0,-47.95790672302246
random,299.0,0.0,4.0,-47.95790672302246
ucb_lcb_n_baseline,1.0,1.0,0.0,-44.28961515426636
ucb_lcb_n_baseline,3.0,1.0,0.0,-9.21034049987793
ucb_lcb_n_baseline,5.0,1.0,0.0,-67.1562135219574
ucb_lcb_n_baseline,6.0,1.0,0.0,-65.17211550474167
ucb_lcb_n_baseline,9.0,1.0,0.0,-51.30473172664642
ucb_lcb_n_baseline,10.0,1.0,0.0,-62.594826221466064
ucb_lcb_n_baseline,11.0,1.0,0.0,-4.01855993270874
ucb_lcb_n_baseline,13.0,1.0,0.0,-33.29089164733887
ucb_lcb_n_baseline,15.0,1.0,0.0,-1.2866688966751099
ucb_lcb_n_baseline,16.0,1.0,0.0,-49.6610461473465
ucb_lcb_n_baseline,17.0,1.0,0.0,-5.180655002593994
ucb_lcb_n_baseline,19.0,1.0,0.0,-9.21034049987793
ucb_lcb_n_baseline,20.0,1.0,0.0,-11.566514015197754
ucb_lcb_n_baseline,21.0,1.0,0.0,-18.355766773223877
ucb_lcb_n_baseline,22.0,1.0,0.0,-73.4776999950409
ucb_lcb_n_baseline,23.0,1.0,0.0,-56.045226097106934
ucb_lcb_n_baseline,24.0,1.0,0.0,-45.75326728820801
ucb_lcb_n_baseline,25.0,1.0,0.0,-53.252161145210266
ucb_lcb_n_baseline,26.0,1.0,0.0,-55.83323049545288
ucb_lcb_n_baseline,27.0,1.0,0.0,-24.88370132446289
ucb_lcb_n_baseline,28.0,1.0,0.0,-0.02550502843223512
ucb_lcb_n_baseline,29.0,1.0,0.0,-51.029887437820435
ucb_lcb_n_baseline,30.0,1.0,0.0,-5.035414695739746
ucb_lcb_n_baseline,31.0,1.0,0.0,-14.600128650665283
ucb_lcb_n_baseline,32.0,1.0,0.0,-22.236997604370117
ucb_lcb_n_baseline,33.0,1.0,0.0,-0.6745324283838272
ucb_lcb_n_baseline,34.0,1.0,0.0,-39.17159986495972
ucb_lcb_n_baseline,37.0,1.0,0.0,-6.211607813835144
ucb_lcb_n_baseline,38.0,1.0,0.0,-9.321237318217754
ucb_lcb_n_baseline,40.0,1.0,0.0,-77.32556009292603
ucb_lcb_n_baseline,41.0,1.0,0.0,-0.003254467446822673
ucb_lcb_n_baseline,42.0,1.0,0.0,-56.60363054275513
ucb_lcb_n_baseline,43.0,1.0,0.0,-54.6600079536438
ucb_lcb_n_baseline,44.0,1.0,0.0,-3.2174391746520996
ucb_lcb_n_baseline,46.0,1.0,0.0,-5.8770856857299805
ucb_lcb_n_baseline,50.0,1.0,0.0,-17.699642717838287
ucb_lcb_n_baseline,51.0,1.0,0.0,-58.29538905620575
ucb_lcb_n_baseline,52.0,1.0,0.0,-71.07819545269012
ucb_lcb_n_baseline,53.0,1.0,0.0,-5.353384345769882
ucb_lcb_n_baseline,54.0,1.0,0.0,-7.138202667236328
ucb_lcb_n_baseline,55.0,1.0,0.0,-9.21034049987793
ucb_lcb_n_baseline,56.0,1.0,0.0,-1.262393593788147
ucb_lcb_n_baseline,57.0,1.0,0.0,-9.21034049987793
ucb_lcb_n_baseline,59.0,1.0,0.0,-15.677282810211182
ucb_lcb_n_baseline,60.0,1.0,0.0,-16.517591953277588
ucb_lcb_n_baseline,61.0,1.0,0.0,-3.9670655727386475
ucb_lcb_n_baseline,62.0,1.0,0.0,-1.820948600769043
ucb_lcb_n_baseline,64.0,1.0,0.0,-40.595072507858276
ucb_lcb_n_baseline,65.0,1.0,0.0,-4.805132865905762
ucb_lcb_n_baseline,67.0,1.0,0.0,-73.58590793609619
ucb_lcb_n_baseline,68.0,1.0,0.0,-28.08230221271515
ucb_lcb_n_baseline,69.0,1.0,0.0,-27.54726219177246
ucb_lcb_n_baseline,71.0,1.0,0.0,-55.221943616867065
ucb_lcb_n_baseline,73.0,1.0,0.0,-56.91563403606415
ucb_lcb_n_baseline,75.0,1.0,0.0,-0.04020723793655634
ucb_lcb_n_baseline,76.0,1.0,0.0,-5.458714485168457
ucb_lcb_n_baseline,77.0,1.0,0.0,-54.55224800109863
ucb_lcb_n_baseline,80.0,1.0,0.0,-43.13432693481445
ucb_lcb_n_baseline,81.0,1.0,0.0,-37.29191756248474
ucb_lcb_n_baseline,82.0,1.0,0.0,-59.01866030693054
ucb_lcb_n_baseline,83.0,1.0,0.0,-5.853737533092499
ucb_lcb_n_baseline,84.0,1.0,0.0,-24.754388689994812
ucb_lcb_n_baseline,85.0,1.0,0.0,-6.490347012877464
ucb_lcb_n_baseline,86.0,1.0,0.0,-4.825267314910889
ucb_lcb_n_baseline,87.0,1.0,0.0,-50.67031717300415
ucb_lcb_n_baseline,89.0,1.0,0.0,-40.201690673828125
ucb_lcb_n_baseline,90.0,1.0,0.0,-4.062180519104004
ucb_lcb_n_baseline,95.0,1.0,0.0,-43.55836343765259
ucb_lcb_n_baseline,96.0,1.0,0.0,-62.724493741989136
ucb_lcb_n_baseline,97.0,1.0,0.0,-78.5558168888092
ucb_lcb_n_baseline,98.0,1.0,0.0,-71.85367679595947
ucb_lcb_n_baseline,102.0,1.0,0.0,-10.58251953125
ucb_lcb_n_baseline,103.0,1.0,0.0,-32.41875505447388
ucb_lcb_n_baseline,104.0,1.0,0.0,-0.0026444117829669267
ucb_lcb_n_baseline,105.0,1.0,0.0,-13.359306812286377
ucb_lcb_n_baseline,106.0,1.0,0.0,-14.72336459159851
ucb_lcb_n_baseline,108.0,1.0,0.0,-23.215036392211914
ucb_lcb_n_baseline,109.0,1.0,0.0,-64.67803716659546
ucb_lcb_n_baseline,110.0,1.0,0.0,-25.932670056819916
ucb_lcb_n_baseline,111.0,1.0,0.0,-6.136868953704834
ucb_lcb_n_baseline,112.0,1.0,0.0,-14.144916534423828
ucb_lcb_n_baseline,115.0,1.0,0.0,-54.542219161987305
ucb_lcb_n_baseline,116.0,1.0,0.0,-52.786141872406006
ucb_lcb_n_baseline,117.0,1.0,0.0,-39.87904328107834
ucb_lcb_n_baseline,119.0,1.0,0.0,-43.8190393447876
ucb_lcb_n_baseline,120.0,1.0,0.0,-5.320616111974232
ucb_lcb_n_baseline,122.0,1.0,0.0,-37.07347631454468
ucb_lcb_n_baseline,124.0,1.0,0.0,-12.266910076141357
ucb_lcb_n_baseline,125.0,1.0,0.0,-6.540618419647217
ucb_lcb_n_baseline,126.0,1.0,0.0,-37.07244086265564
ucb_lcb_n_baseline,131.0,1.0,0.0,-6.096703767776489
ucb_lcb_n_baseline,133.0,1.0,0.0,-13.38727331161499
ucb_lcb_n_baseline,134.0,1.0,0.0,-27.921473771333694
ucb_lcb_n_baseline,136.0,1.0,0.0,-50.60428237915039
ucb_lcb_n_baseline,137.0,1.0,0.0,-5.236717224121094
ucb_lcb_n_baseline,138.0,1.0,0.0,-47.70977854728699
ucb_lcb_n_baseline,140.0,1.0,0.0,-45.428817212581635
ucb_lcb_n_baseline,141.0,1.0,0.0,-24.237828731536865
ucb_lcb_n_baseline,142.0,1.0,0.0,-3.915858268737793
ucb_lcb_n_baseline,143.0,1.0,0.0,-28.887818813323975
ucb_lcb_n_baseline,144.0,1.0,0.0,-25.95144820213318
ucb_lcb_n_baseline,145.0,1.0,0.0,-4.834674835205078
ucb_lcb_n_baseline,146.0,1.0,0.0,-5.091495990753174
ucb_lcb_n_baseline,147.0,1.0,0.0,-0.0010002159251598641
ucb_lcb_n_baseline,148.0,1.0,0.0,-26.194079518318176
ucb_lcb_n_baseline,149.0,1.0,0.0,-9.21034049987793
ucb_lcb_n_baseline,151.0,1.0,0.0,-20.760298520326614
ucb_lcb_n_baseline,152.0,1.0,0.0,-46.68533658981323
ucb_lcb_n_baseline,153.0,1.0,0.0,-44.75792849063873
ucb_lcb_n_baseline,154.0,1.0,0.0,-5.575142860412598
ucb_lcb_n_baseline,155.0,1.0,0.0,-37.31476676464081
ucb_lcb_n_baseline,156.0,1.0,0.0,-38.02014547586441
ucb_lcb_n_baseline,157.0,1.0,0.0,-66.3807783126831
ucb_lcb_n_baseline,158.0,1.0,0.0,-38.56776785850525
ucb_lcb_n_baseline,159.0,1.0,0.0,-4.912059307098389
ucb_lcb_n_baseline,160.0,1.0,0.0,-31.905644446611404
ucb_lcb_n_baseline,161.0,1.0,0.0,-10.609374046325684
ucb_lcb_n_baseline,162.0,1.0,0.0,-6.015927791595459
ucb_lcb_n_baseline,163.0,1.0,0.0,-42.20990228652954
ucb_lcb_n_baseline,164.0,1.0,0.0,-25.849229335784912
ucb_lcb_n_baseline,166.0,1.0,0.0,-31.684350728988647
ucb_lcb_n_baseline,167.0,1.0,0.0,-34.18169546127319
ucb_lcb_n_baseline,170.0,1.0,0.0,-9.21034049987793
ucb_lcb_n_baseline,171.0,1.0,0.0,-0.02279648114927113
ucb_lcb_n_baseline,172.0,1.0,0.0,-37.906384229660034
ucb_lcb_n_baseline,173.0,1.0,0.0,-26.429919838905334
ucb_lcb_n_baseline,174.0,1.0,0.0,-9.21034049987793
ucb_lcb_n_baseline,176.0,1.0,0.0,-8.506194323301315
ucb_lcb_n_baseline,177.0,1.0,0.0,-38.2584867477417
ucb_lcb_n_baseline,178.0,1.0,0.0,-4.72548234462738
ucb_lcb_n_baseline,180.0,1.0,0.0,-16.888209104537964
ucb_lcb_n_baseline,181.0,1.0,0.0,-4.129140205681324
ucb_lcb_n_baseline,182.0,1.0,0.0,-55.0509375333786
ucb_lcb_n_baseline,183.0,1.0,0.0,-51.225953578948975
ucb_lcb_n_baseline,184.0,1.0,0.0,-77.92680597305298
ucb_lcb_n_baseline,186.0,1.0,0.0,-22.07620096206665
ucb_lcb_n_baseline,187.0,1.0,0.0,-52.407848596572876
ucb_lcb_n_baseline,188.0,1.0,0.0,-40.60171556472778
ucb_lcb_n_baseline,190.0,1.0,0.0,-5.984896409325302
ucb_lcb_n_baseline,192.0,1.0,0.0,-13.49711561203003
ucb_lcb_n_baseline,193.0,1.0,0.0,-56.345030307769775
ucb_lcb_n_baseline,194.0,1.0,0.0,-12.329564213752747
ucb_lcb_n_baseline,196.0,1.0,0.0,-9.21034049987793
ucb_lcb_n_baseline,197.0,1.0,0.0,-30.000229686498642
ucb_lcb_n_baseline,198.0,1.0,0.0,-15.450720310211182
ucb_lcb_n_baseline,200.0,1.0,0.0,-4.922789573669434
ucb_lcb_n_baseline,201.0,1.0,0.0,-22.778093934059143
ucb_lcb_n_baseline,203.0,1.0,0.0,-37.7343465089798
ucb_lcb_n_baseline,204.0,1.0,0.0,-38.001646518707275
ucb_lcb_n_baseline,207.0,1.0,0.0,-54.49776554107666
ucb_lcb_n_baseline,208.0,1.0,0.0,-26.471054911613464
ucb_lcb_n_baseline,210.0,1.0,0.0,-42.94601273536682
ucb_lcb_n_baseline,211.0,1.0,0.0,-21.554548025131226
ucb_lcb_n_baseline,212.0,1.0,0.0,-35.65577745437622
ucb_lcb_n_baseline,213.0,1.0,0.0,-35.2422149181366
ucb_lcb_n_baseline,215.0,1.0,0.0,-66.33244323730469
ucb_lcb_n_baseline,216.0,1.0,0.0,-31.84625816345215
ucb_lcb_n_baseline,217.0,1.0,0.0,-9.21034049987793
ucb_lcb_n_baseline,221.0,1.0,0.0,-50.452252984046936
ucb_lcb_n_baseline,223.0,1.0,0.0,-14.762980775907636
ucb_lcb_n_baseline,224.0,1.0,0.0,-42.83528733253479
ucb_lcb_n_baseline,225.0,1.0,0.0,-12.737350463867188
ucb_lcb_n_baseline,226.0,1.0,0.0,-31.454593896865845
ucb_lcb_n_baseline,227.0,1.0,0.0,-0.04434610437601805
ucb_lcb_n_baseline,228.0,1.0,0.0,-18.42068099975586
ucb_lcb_n_baseline,229.0,1.0,0.0,-10.735761821269989
ucb_lcb_n_baseline,230.0,1.0,0.0,-13.800124645233154
ucb_lcb_n_baseline,232.0,1.0,0.0,-14.58943692035973
ucb_lcb_n_baseline,233.0,1.0,0.0,-61.14735221862793
ucb_lcb_n_baseline,234.0,1.0,0.0,-67.55629515647888
ucb_lcb_n_baseline,235.0,1.0,0.0,-22.203936338424683
ucb_lcb_n_baseline,237.0,1.0,0.0,-62.2611083984375
ucb_lcb_n_baseline,238.0,1.0,0.0,-7.6059147119522095
ucb_lcb_n_baseline,239.0,1.0,0.0,-42.79857134819031
ucb_lcb_n_baseline,240.0,1.0,0.0,-4.9824299812316895
ucb_lcb_n_baseline,242.0,1.0,0.0,-2.993479758501053
ucb_lcb_n_baseline,243.0,1.0,0.0,-15.188894957304
ucb_lcb_n_baseline,246.0,1.0,0.0,-10.661192417144775
ucb_lcb_n_baseline,247.0,1.0,0.0,-56.79902410507202
ucb_lcb_n_baseline,248.0,1.0,0.0,-8.677160263061523
ucb_lcb_n_baseline,249.0,1.0,0.0,-4.279272556304932
ucb_lcb_n_baseline,250.0,1.0,0.0,-47.620349168777466
ucb_lcb_n_baseline,251.0,1.0,0.0,-18.805085986852646
ucb_lcb_n_baseline,252.0,1.0,0.0,-32.53674364089966
ucb_lcb_n_baseline,253.0,1.0,0.0,-46.692490339279175
ucb_lcb_n_baseline,254.0,1.0,0.0,-11.84967303276062
ucb_lcb_n_baseline,255.0,1.0,0.0,-4.820974349975586
ucb_lcb_n_baseline,256.0,1.0,0.0,-76.36973524093628
ucb_lcb_n_baseline,257.0,1.0,0.0,-65.07360887527466
ucb_lcb_n_baseline,258.0,1.0,0.0,-28.606392741203308
ucb_lcb_n_baseline,260.0,1.0,0.0,-19.070257663726807
ucb_lcb_n_baseline,261.0,1.0,0.0,-28.70689558982849
ucb_lcb_n_baseline,262.0,1.0,0.0,-7.858431756496429
ucb_lcb_n_baseline,263.0,1.0,0.0,-67.27643752098083
ucb_lcb_n_baseline,265.0,1.0,0.0,-9.21034049987793
ucb_lcb_n_baseline,266.0,1.0,0.0,-6.3420090675354
ucb_lcb_n_baseline,269.0,1.0,0.0,-47.64388370513916
ucb_lcb_n_baseline,270.0,1.0,0.0,-69.72863149642944
ucb_lcb_n_baseline,271.0,1.0,0.0,-8.606857299804688
ucb_lcb_n_baseline,273.0,1.0,0.0,-51.93818640708923
ucb_lcb_n_baseline,274.0,1.0,0.0,-5.08035945892334
ucb_lcb_n_baseline,275.0,1.0,0.0,-13.436255931854248
ucb_lcb_n_baseline,278.0,1.0,0.0,-25.152875933796167
ucb_lcb_n_baseline,279.0,1.0,0.0,-27.68984681367874
ucb_lcb_n_baseline,280.0,1.0,0.0,-5.998531341552734
ucb_lcb_n_baseline,281.0,1.0,0.0,-5.773049354553223
ucb_lcb_n_baseline,282.0,1.0,0.0,-26.127113819122314
ucb_lcb_n_baseline,283.0,1.0,0.0,-36.48141545057297
ucb_lcb_n_baseline,284.0,1.0,0.0,-2.907334327697754
ucb_lcb_n_baseline,285.0,1.0,0.0,-2.429652452468872
ucb_lcb_n_baseline,286.0,1.0,0.0,-39.91698670387268
ucb_lcb_n_baseline,287.0,1.0,0.0,-74.30991959571838
ucb_lcb_n_baseline,288.0,1.0,0.0,-3.4394609928131104
ucb_lcb_n_baseline,289.0,1.0,0.0,-0.3096131253987551
ucb_lcb_n_baseline,291.0,1.0,0.0,-19.7730712890625
ucb_lcb_n_baseline,293.0,1.0,0.0,-45.4679229259491
ucb_lcb_n_baseline,294.0,1.0,0.0,-55.81766963005066
ucb_lcb_n_baseline,295.0,1.0,0.0,-56.2391391992569
ucb_lcb_n_baseline,296.0,1.0,0.0,-48.37228846549988
ucb_lcb_n_baseline,299.0,1.0,0.0,-43.24652045965195
random,1.0,1.0,0.0,-47.95790672302246
random,3.0,1.0,0.0,-4.795790672302246
random,5.0,1.0,0.0,-47.95790672302246
random,6.0,1.0,0.0,-47.95790672302246
random,9.0,1.0,0.0,-47.95790672302246
random,10.0,1.0,0.0,-38.36632537841797
random,11.0,1.0,0.0,-4.795790672302246
random,13.0,1.0,0.0,-47.95790672302246
random,15.0,1.0,0.0,-4.795790672302246
random,16.0,1.0,0.0,-47.95790672302246
random,17.0,1.0,0.0,-4.795790672302246
random,19.0,1.0,0.0,-4.795790672302246
random,20.0,1.0,0.0,-9.591581344604492
random,21.0,1.0,0.0,-14.387372016906738
random,22.0,1.0,0.0,-47.95790672302246
random,23.0,1.0,0.0,-47.95790672302246
random,24.0,1.0,0.0,-47.95790672302246
random,25.0,1.0,0.0,-47.95790672302246
random,26.0,1.0,0.0,-47.95790672302246
random,27.0,1.0,0.0,-47.95790672302246
random,28.0,1.0,0.0,-47.95790672302246
random,29.0,1.0,0.0,-47.95790672302246
random,30.0,1.0,0.0,-4.795790672302246
random,31.0,1.0,0.0,-9.591581344604492
random,32.0,1.0,0.0,-14.387372016906738
random,33.0,1.0,0.0,-47.95790672302246
random,34.0,1.0,0.0,-23.97895336151123
random,37.0,1.0,0.0,-9.591581344604492
random,38.0,1.0,0.0,-9.591581344604492
random,40.0,1.0,0.0,-47.95790672302246
random,41.0,1.0,0.0,-47.95790672302246
random,42.0,1.0,0.0,-47.95790672302246
random,43.0,1.0,0.0,-38.36632537841797
random,44.0,1.0,0.0,-4.795790672302246
random,46.0,1.0,0.0,-4.795790672302246
random,50.0,1.0,0.0,-47.95790672302246
random,51.0,1.0,0.0,-47.95790672302246
random,52.0,1.0,0.0,-47.95790672302246
random,53.0,1.0,0.0,-9.591581344604492
random,54.0,1.0,0.0,-4.795790672302246
random,55.0,1.0,0.0,-4.795790672302246
random,56.0,1.0,0.0,-4.795790672302246
random,57.0,1.0,0.0,-4.795790672302246
random,59.0,1.0,0.0,-14.387372016906738
random,60.0,1.0,0.0,-14.387372016906738
random,61.0,1.0,0.0,-4.795790672302246
random,62.0,1.0,0.0,-4.795790672302246
random,64.0,1.0,0.0,-47.95790672302246
random,65.0,1.0,0.0,-4.795790672302246
random,67.0,1.0,0.0,-47.95790672302246
random,68.0,1.0,0.0,-47.95790672302246
random,69.0,1.0,0.0,-47.95790672302246
random,71.0,1.0,0.0,-47.95790672302246
random,73.0,1.0,0.0,-47.95790672302246
random,75.0,1.0,0.0,-47.95790672302246
random,76.0,1.0,0.0,-4.795790672302246
random,77.0,1.0,0.0,-47.95790672302246
random,80.0,1.0,0.0,-38.36632537841797
random,81.0,1.0,0.0,-47.95790672302246
random,82.0,1.0,0.0,-43.162116050720215
random,83.0,1.0,0.0,-9.591581344604492
random,84.0,1.0,0.0,-47.95790672302246
random,85.0,1.0,0.0,-47.95790672302246
random,86.0,1.0,0.0,-4.795790672302246
random,87.0,1.0,0.0,-47.95790672302246
random,89.0,1.0,0.0,-47.95790672302246
random,90.0,1.0,0.0,-4.795790672302246
random,95.0,1.0,0.0,-28.774744033813477
random,96.0,1.0,0.0,-47.95790672302246
random,97.0,1.0,0.0,-47.95790672302246
random,98.0,1.0,0.0,-47.95790672302246
random,102.0,1.0,0.0,-9.591581344604492
random,103.0,1.0,0.0,-47.95790672302246
random,104.0,1.0,0.0,-47.95790672302246
random,105.0,1.0,0.0,-9.591581344604492
random,106.0,1.0,0.0,-14.387372016906738
random,108.0,1.0,0.0,-14.387372016906738
random,109.0,1.0,0.0,-47.95790672302246
random,110.0,1.0,0.0,-47.95790672302246
random,111.0,1.0,0.0,-9.591581344604492
random,112.0,1.0,0.0,-9.591581344604492
random,115.0,1.0,0.0,-38.36632537841797
random,116.0,1.0,0.0,-47.95790672302246
random,117.0,1.0,0.0,-47.95790672302246
random,119.0,1.0,0.0,-28.774744033813477
random,120.0,1.0,0.0,-47.95790672302246
random,122.0,1.0,0.0,-47.95790672302246
random,124.0,1.0,0.0,-9.591581344604492
random,125.0,1.0,0.0,-9.591581344604492
random,126.0,1.0,0.0,-47.95790672302246
random,131.0,1.0,0.0,-9.591581344604492
random,133.0,1.0,0.0,-9.591581344604492
random,134.0,1.0,0.0,-47.95790672302246
random,136.0,1.0,0.0,-47.95790672302246
random,137.0,1.0,0.0,-4.795790672302246
random,138.0,1.0,0.0,-47.95790672302246
random,140.0,1.0,0.0,-47.95790672302246
random,141.0,1.0,0.0,-28.774744033813477
random,142.0,1.0,0.0,-4.795790672302246
random,143.0,1.0,0.0,-28.774744033813477
random,144.0,1.0,0.0,-47.95790672302246
random,145.0,1.0,0.0,-4.795790672302246
random,146.0,1.0,0.0,-4.795790672302246
random,147.0,1.0,0.0,-47.95790672302246
random,148.0,1.0,0.0,-47.95790672302246
random,149.0,1.0,0.0,-4.795790672302246
random,151.0,1.0,0.0,-47.95790672302246
random,152.0,1.0,0.0,-47.95790672302246
random,153.0,1.0,0.0,-47.95790672302246
random,154.0,1.0,0.0,-4.795790672302246
random,155.0,1.0,0.0,-47.95790672302246
random,156.0,1.0,0.0,-47.95790672302246
random,157.0,1.0,0.0,-47.95790672302246
random,158.0,1.0,0.0,-43.162116050720215
random,159.0,1.0,0.0,-4.795790672302246
random,160.0,1.0,0.0,-47.95790672302246
random,161.0,1.0,0.0,-9.591581344604492
random,162.0,1.0,0.0,-4.795790672302246
random,163.0,1.0,0.0,-47.95790672302246
random,164.0,1.0,0.0,-19.183162689208984
random,166.0,1.0,0.0,-43.162116050720215
random,167.0,1.0,0.0,-47.95790672302246
random,170.0,1.0,0.0,-4.795790672302246
random,171.0,1.0,0.0,-47.95790672302246
random,172.0,1.0,0.0,-47.95790672302246
random,173.0,1.0,0.0,-28.774744033813477
random,174.0,1.0,0.0,-4.795790672302246
random,176.0,1.0,0.0,-47.95790672302246
random,177.0,1.0,0.0,-47.95790672302246
random,178.0,1.0,0.0,-9.591581344604492
random,180.0,1.0,0.0,-23.97895336151123
random,181.0,1.0,0.0,-47.95790672302246
random,182.0,1.0,0.0,-47.95790672302246
random,183.0,1.0,0.0,-43.162116050720215
random,184.0,1.0,0.0,-47.95790672302246
random,186.0,1.0,0.0,-28.774744033813477
random,187.0,1.0,0.0,-47.95790672302246
random,188.0,1.0,0.0,-28.774744033813477
random,190.0,1.0,0.0,-47.95790672302246
random,192.0,1.0,0.0,-19.183162689208984
random,193.0,1.0,0.0,-47.95790672302246
random,194.0,1.0,0.0,-47.95790672302246
random,196.0,1.0,0.0,-4.795790672302246
random,197.0,1.0,0.0,-47.95790672302246
random,198.0,1.0,0.0,-47.95790672302246
random,200.0,1.0,0.0,-4.795790672302246
random,201.0,1.0,0.0,-47.95790672302246
random,203.0,1.0,0.0,-47.95790672302246
random,204.0,1.0,0.0,-38.36632537841797
random,207.0,1.0,0.0,-47.95790672302246
random,208.0,1.0,0.0,-47.95790672302246
random,210.0,1.0,0.0,-47.95790672302246
random,211.0,1.0,0.0,-19.183162689208984
random,212.0,1.0,0.0,-23.97895336151123
random,213.0,1.0,0.0,-47.95790672302246
random,215.0,1.0,0.0,-47.95790672302246
random,216.0,1.0,0.0,-28.774744033813477
random,217.0,1.0,0.0,-4.795790672302246
random,221.0,1.0,0.0,-47.95790672302246
random,223.0,1.0,0.0,-28.774744033813477
random,224.0,1.0,0.0,-33.57053470611572
random,225.0,1.0,0.0,-9.591581344604492
random,226.0,1.0,0.0,-47.95790672302246
random,227.0,1.0,0.0,-47.95790672302246
random,228.0,1.0,0.0,-9.591581344604492
random,229.0,1.0,0.0,-19.183162689208984
random,230.0,1.0,0.0,-9.591581344604492
random,232.0,1.0,0.0,-47.95790672302246
random,233.0,1.0,0.0,-38.36632537841797
random,234.0,1.0,0.0,-47.95790672302246
random,235.0,1.0,0.0,-47.95790672302246
random,237.0,1.0,0.0,-38.36632537841797
random,238.0,1.0,0.0,-9.591581344604492
random,239.0,1.0,0.0,-38.36632537841797
random,240.0,1.0,0.0,-4.795790672302246
random,242.0,1.0,0.0,-47.95790672302246
random,243.0,1.0,0.0,-47.95790672302246
random,246.0,1.0,0.0,-47.95790672302246
random,247.0,1.0,0.0,-47.95790672302246
random,248.0,1.0,0.0,-4.795790672302246
random,249.0,1.0,0.0,-4.795790672302246
random,250.0,1.0,0.0,-47.95790672302246
random,251.0,1.0,0.0,-47.95790672302246
random,252.0,1.0,0.0,-38.36632537841797
random,253.0,1.0,0.0,-43.162116050720215
random,254.0,1.0,0.0,-47.95790672302246
random,255.0,1.0,0.0,-4.795790672302246
random,256.0,1.0,0.0,-47.95790672302246
random,257.0,1.0,0.0,-47.95790672302246
random,258.0,1.0,0.0,-47.95790672302246
random,260.0,1.0,0.0,-47.95790672302246
random,261.0,1.0,0.0,-28.774744033813477
random,262.0,1.0,0.0,-14.387372016906738
random,263.0,1.0,0.0,-47.95790672302246
random,265.0,1.0,0.0,-4.795790672302246
random,266.0,1.0,0.0,-4.795790672302246
random,269.0,1.0,0.0,-43.162116050720215
random,270.0,1.0,0.0,-47.95790672302246
random,271.0,1.0,0.0,-9.591581344604492
random,273.0,1.0,0.0,-47.95790672302246
random,274.0,1.0,0.0,-4.795790672302246
random,275.0,1.0,0.0,-9.591581344604492
random,278.0,1.0,0.0,-47.95790672302246
random,279.0,1.0,0.0,-47.95790672302246
random,280.0,1.0,0.0,-4.795790672302246
random,281.0,1.0,0.0,-9.591581344604492
random,282.0,1.0,0.0,-19.183162689208984
random,283.0,1.0,0.0,-47.95790672302246
random,284.0,1.0,0.0,-4.795790672302246
random,285.0,1.0,0.0,-4.795790672302246
random,286.0,1.0,0.0,-47.95790672302246
random,287.0,1.0,0.0,-47.95790672302246
random,288.0,1.0,0.0,-4.795790672302246
random,289.0,1.0,0.0,-47.95790672302246
random,291.0,1.0,0.0,-14.387372016906738
random,293.0,1.0,0.0,-47.95790672302246
random,294.0,1.0,0.0,-47.95790672302246
random,295.0,1.0,0.0,-47.95790672302246
random,296.0,1.0,0.0,-38.36632537841797
random,299.0,1.0,0.0,-47.95790672302246
ucb_lcb_n_baseline,1.0,1.0,1.0,-24.772585928440094
ucb_lcb_n_baseline,3.0,1.0,1.0,-52.75559747219086
ucb_lcb_n_baseline,5.0,1.0,1.0,-46.15265440940857
ucb_lcb_n_baseline,6.0,1.0,1.0,-13.843204021453857
ucb_lcb_n_baseline,9.0,1.0,1.0,-48.04725193977356
ucb_lcb_n_baseline,10.0,1.0,1.0,-5.5110182762146
ucb_lcb_n_baseline,11.0,1.0,1.0,-28.115485429763794
ucb_lcb_n_baseline,13.0,1.0,1.0,-43.06425499916077
ucb_lcb_n_baseline,15.0,1.0,1.0,-23.5090115070343
ucb_lcb_n_baseline,16.0,1.0,1.0,-58.03050875663757
ucb_lcb_n_baseline,17.0,1.0,1.0,-27.08310091495514
ucb_lcb_n_baseline,19.0,1.0,1.0,-51.04988944530487
ucb_lcb_n_baseline,20.0,1.0,1.0,-29.202409088611603
ucb_lcb_n_baseline,21.0,1.0,1.0,-22.359467267990112
ucb_lcb_n_baseline,22.0,1.0,1.0,-9.82057237625122
ucb_lcb_n_baseline,23.0,1.0,1.0,-53.9690625667572
ucb_lcb_n_baseline,24.0,1.0,1.0,-41.39759111404419
ucb_lcb_n_baseline,25.0,1.0,1.0,-61.180968284606934
ucb_lcb_n_baseline,26.0,1.0,1.0,-14.004297733306885
ucb_lcb_n_baseline,27.0,1.0,1.0,-6.04977560043335
ucb_lcb_n_baseline,28.0,1.0,1.0,-0.010895854968111962
ucb_lcb_n_baseline,29.0,1.0,1.0,-31.210099697113037
ucb_lcb_n_baseline,30.0,1.0,1.0,-21.29345667362213
ucb_lcb_n_baseline,31.0,1.0,1.0,-56.66880464553833
ucb_lcb_n_baseline,32.0,1.0,1.0,-20.366134643554688
ucb_lcb_n_baseline,33.0,1.0,1.0,-0.04656239179894328
ucb_lcb_n_baseline,34.0,1.0,1.0,-4.951348304748535
ucb_lcb_n_baseline,37.0,1.0,1.0,-11.018924236297607
ucb_lcb_n_baseline,38.0,1.0,1.0,-0.12089459598064423
ucb_lcb_n_baseline,40.0,1.0,1.0,-60.00721216201782
ucb_lcb_n_baseline,41.0,1.0,1.0,-0.07585214544087648
ucb_lcb_n_baseline,42.0,1.0,1.0,-41.78879475593567
ucb_lcb_n_baseline,43.0,1.0,1.0,-9.21034049987793
ucb_lcb_n_baseline,44.0,1.0,1.0,-65.0580837726593
ucb_lcb_n_baseline,46.0,1.0,1.0,-38.19141983985901
ucb_lcb_n_baseline,50.0,1.0,1.0,-17.9152330160141
ucb_lcb_n_baseline,51.0,1.0,1.0,-4.413045406341553
ucb_lcb_n_baseline,52.0,1.0,1.0,-52.23117208480835
ucb_lcb_n_baseline,53.0,1.0,1.0,-4.850230097770691
ucb_lcb_n_baseline,54.0,1.0,1.0,-32.0012264251709
ucb_lcb_n_baseline,55.0,1.0,1.0,-50.72897803783417
ucb_lcb_n_baseline,56.0,1.0,1.0,-5.754563421010971
ucb_lcb_n_baseline,57.0,1.0,1.0,-53.849502086639404
ucb_lcb_n_baseline,59.0,1.0,1.0,-5.893501281738281
ucb_lcb_n_baseline,60.0,1.0,1.0,-6.196202754974365
ucb_lcb_n_baseline,61.0,1.0,1.0,-5.076874732971191
ucb_lcb_n_baseline,62.0,1.0,1.0,-27.929507613182068
ucb_lcb_n_baseline,64.0,1.0,1.0,-13.45962679386139
ucb_lcb_n_baseline,65.0,1.0,1.0,-5.728199481964111
ucb_lcb_n_baseline,67.0,1.0,1.0,-15.68038272857666
ucb_lcb_n_baseline,68.0,1.0,1.0,-39.39554578065872
ucb_lcb_n_baseline,69.0,1.0,1.0,-29.50835371017456
ucb_lcb_n_baseline,71.0,1.0,1.0,-3.7386581897735596
ucb_lcb_n_baseline,73.0,1.0,1.0,-60.698612213134766
ucb_lcb_n_baseline,75.0,1.0,1.0,-0.04378532827831805
ucb_lcb_n_baseline,76.0,1.0,1.0,-4.4368109703063965
ucb_lcb_n_baseline,77.0,1.0,1.0,-4.902790069580078
ucb_lcb_n_baseline,80.0,1.0,1.0,-26.41979718208313
ucb_lcb_n_baseline,81.0,1.0,1.0,-5.3591084480285645
ucb_lcb_n_baseline,82.0,1.0,1.0,-75.02214980125427
ucb_lcb_n_baseline,83.0,1.0,1.0,-33.37752263620496
ucb_lcb_n_baseline,84.0,1.0,1.0,-29.97877949476242
ucb_lcb_n_baseline,85.0,1.0,1.0,-2.375262036919594
ucb_lcb_n_baseline,86.0,1.0,1.0,-3.425048351287842
ucb_lcb_n_baseline,87.0,1.0,1.0,-4.338837623596191
ucb_lcb_n_baseline,89.0,1.0,1.0,-4.876210689544678
ucb_lcb_n_baseline,90.0,1.0,1.0,-27.184396505355835
ucb_lcb_n_baseline,95.0,1.0,1.0,-56.843647837638855
ucb_lcb_n_baseline,96.0,1.0,1.0,-4.964988708496094
ucb_lcb_n_baseline,97.0,1.0,1.0,-3.383211851119995
ucb_lcb_n_baseline,98.0,1.0,1.0,-5.334542274475098
ucb_lcb_n_baseline,102.0,1.0,1.0,-40.194854974746704
ucb_lcb_n_baseline,103.0,1.0,1.0,-5.875967979431152
ucb_lcb_n_baseline,104.0,1.0,1.0,-0.0059797175927087665
ucb_lcb_n_baseline,105.0,1.0,1.0,-9.247758626937866
ucb_lcb_n_baseline,106.0,1.0,1.0,-12.852354764938354
ucb_lcb_n_baseline,108.0,1.0,1.0,-52.45388996601105
ucb_lcb_n_baseline,109.0,1.0,1.0,-4.359222412109375
ucb_lcb_n_baseline,110.0,1.0,1.0,-31.030776143074036
ucb_lcb_n_baseline,111.0,1.0,1.0,-9.863825559616089
ucb_lcb_n_baseline,112.0,1.0,1.0,-65.20732069015503
ucb_lcb_n_baseline,115.0,1.0,1.0,-37.54460966587067
ucb_lcb_n_baseline,116.0,1.0,1.0,-23.016016602516174
ucb_lcb_n_baseline,117.0,1.0,1.0,-46.40218698978424
ucb_lcb_n_baseline,119.0,1.0,1.0,-13.0370032787323
ucb_lcb_n_baseline,120.0,1.0,1.0,-0.04720733594149351
ucb_lcb_n_baseline,122.0,1.0,1.0,-17.047468662261963
ucb_lcb_n_baseline,124.0,1.0,1.0,-35.59369921684265
ucb_lcb_n_baseline,125.0,1.0,1.0,-5.185614109039307
ucb_lcb_n_baseline,126.0,1.0,1.0,-41.57639408111572
ucb_lcb_n_baseline,131.0,1.0,1.0,-5.829298734664917
ucb_lcb_n_baseline,133.0,1.0,1.0,-8.35942554473877
ucb_lcb_n_baseline,134.0,1.0,1.0,-28.605103492736816
ucb_lcb_n_baseline,136.0,1.0,1.0,-43.853649854660034
ucb_lcb_n_baseline,137.0,1.0,1.0,-39.63290727138519
ucb_lcb_n_baseline,138.0,1.0,1.0,-4.883542060852051
ucb_lcb_n_baseline,140.0,1.0,1.0,-6.0316948890686035
ucb_lcb_n_baseline,141.0,1.0,1.0,-34.9202024936676
ucb_lcb_n_baseline,142.0,1.0,1.0,-48.672913789749146
ucb_lcb_n_baseline,143.0,1.0,1.0,-3.7862985134124756
ucb_lcb_n_baseline,144.0,1.0,1.0,-11.808850765228271
ucb_lcb_n_baseline,145.0,1.0,1.0,-53.20407485961914
ucb_lcb_n_baseline,146.0,1.0,1.0,-17.054654598236084
ucb_lcb_n_baseline,147.0,1.0,1.0,-0.019315111450850964
ucb_lcb_n_baseline,148.0,1.0,1.0,-14.400800943374634
ucb_lcb_n_baseline,149.0,1.0,1.0,-13.723934650421143
ucb_lcb_n_baseline,151.0,1.0,1.0,0.0
ucb_lcb_n_baseline,152.0,1.0,1.0,-1.1649611815810204
ucb_lcb_n_baseline,153.0,1.0,1.0,-37.28324502706528
ucb_lcb_n_baseline,154.0,1.0,1.0,-6.568521499633789
ucb_lcb_n_baseline,155.0,1.0,1.0,-27.926350355148315
ucb_lcb_n_baseline,156.0,1.0,1.0,-46.27115201950073
ucb_lcb_n_baseline,157.0,1.0,1.0,-62.606982469558716
ucb_lcb_n_baseline,158.0,1.0,1.0,-15.44771122932434
ucb_lcb_n_baseline,159.0,1.0,1.0,-13.999715805053711
ucb_lcb_n_baseline,160.0,1.0,1.0,-17.73037099838257
ucb_lcb_n_baseline,161.0,1.0,1.0,-4.649872779846191
ucb_lcb_n_baseline,162.0,1.0,1.0,-8.804043769836426
ucb_lcb_n_baseline,163.0,1.0,1.0,-48.48832583427429
ucb_lcb_n_baseline,164.0,1.0,1.0,-54.595731258392334
ucb_lcb_n_baseline,166.0,1.0,1.0,-36.912232756614685
ucb_lcb_n_baseline,167.0,1.0,1.0,-41.523447036743164
ucb_lcb_n_baseline,170.0,1.0,1.0,-9.21034049987793
ucb_lcb_n_baseline,171.0,1.0,1.0,-0.07692976947873831
ucb_lcb_n_baseline,172.0,1.0,1.0,-41.26762855052948
ucb_lcb_n_baseline,173.0,1.0,1.0,-7.292966693639755
ucb_lcb_n_baseline,174.0,1.0,1.0,-0.14881706424057484
ucb_lcb_n_baseline,176.0,1.0,1.0,-16.17398500442505
ucb_lcb_n_baseline,177.0,1.0,1.0,-20.773554801940918
ucb_lcb_n_baseline,178.0,1.0,1.0,-38.09606093168259
ucb_lcb_n_baseline,180.0,1.0,1.0,-35.51879143714905
ucb_lcb_n_baseline,181.0,1.0,1.0,-5.1978678703308105
ucb_lcb_n_baseline,182.0,1.0,1.0,-4.837396144866943
ucb_lcb_n_baseline,183.0,1.0,1.0,-32.10491704940796
ucb_lcb_n_baseline,184.0,1.0,1.0,-28.068724870681763
ucb_lcb_n_baseline,186.0,1.0,1.0,-34.77638876438141
ucb_lcb_n_baseline,187.0,1.0,1.0,-49.99606966972351
ucb_lcb_n_baseline,188.0,1.0,1.0,-51.73828840255737
ucb_lcb_n_baseline,190.0,1.0,1.0,-18.42068099975586
ucb_lcb_n_baseline,192.0,1.0,1.0,-22.496347427368164
ucb_lcb_n_baseline,193.0,1.0,1.0,-4.866044044494629
ucb_lcb_n_baseline,194.0,1.0,1.0,-8.21270751953125
ucb_lcb_n_baseline,196.0,1.0,1.0,-3.8684513568878174
ucb_lcb_n_baseline,197.0,1.0,1.0,-6.054142713546753
ucb_lcb_n_baseline,198.0,1.0,1.0,-27.072059392929077
ucb_lcb_n_baseline,200.0,1.0,1.0,-39.24056363105774
ucb_lcb_n_baseline,201.0,1.0,1.0,-9.794995784759521
ucb_lcb_n_baseline,203.0,1.0,1.0,-17.639765739440918
ucb_lcb_n_baseline,204.0,1.0,1.0,-40.48160099983215
ucb_lcb_n_baseline,207.0,1.0,1.0,-53.96661329269409
ucb_lcb_n_baseline,208.0,1.0,1.0,-10.738727569580078
ucb_lcb_n_baseline,210.0,1.0,1.0,-12.13035535812378
ucb_lcb_n_baseline,211.0,1.0,1.0,-37.00392985343933
ucb_lcb_n_baseline,212.0,1.0,1.0,-63.562639355659485
ucb_lcb_n_baseline,213.0,1.0,1.0,-39.118371069431305
ucb_lcb_n_baseline,215.0,1.0,1.0,-68.29520964622498
ucb_lcb_n_baseline,216.0,1.0,1.0,-46.53417468070984
ucb_lcb_n_baseline,217.0,1.0,1.0,-5.270059585571289
ucb_lcb_n_baseline,221.0,1.0,1.0,-25.597822904586792
ucb_lcb_n_baseline,223.0,1.0,1.0,-5.13168478012085
ucb_lcb_n_baseline,224.0,1.0,1.0,-63.84671425819397
ucb_lcb_n_baseline,225.0,1.0,1.0,-10.884702205657959
ucb_lcb_n_baseline,226.0,1.0,1.0,-37.34742331504822
ucb_lcb_n_baseline,227.0,1.0,1.0,-9.213328649289906
ucb_lcb_n_baseline,228.0,1.0,1.0,-5.4563822746276855
ucb_lcb_n_baseline,229.0,1.0,1.0,-13.612199306488037
ucb_lcb_n_baseline,230.0,1.0,1.0,-9.21034049987793
ucb_lcb_n_baseline,232.0,1.0,1.0,-8.520810343325138
ucb_lcb_n_baseline,233.0,1.0,1.0,-4.75172758102417
ucb_lcb_n_baseline,234.0,1.0,1.0,-9.21034049987793
ucb_lcb_n_baseline,235.0,1.0,1.0,-16.650111347436905
ucb_lcb_n_baseline,237.0,1.0,1.0,-8.156220197677612
ucb_lcb_n_baseline,238.0,1.0,1.0,-16.60298165678978
ucb_lcb_n_baseline,239.0,1.0,1.0,-27.31172513961792
ucb_lcb_n_baseline,240.0,1.0,1.0,-3.651231288909912
ucb_lcb_n_baseline,242.0,1.0,1.0,-7.187007152475417
ucb_lcb_n_baseline,243.0,1.0,1.0,-7.447021961212158
ucb_lcb_n_baseline,246.0,1.0,1.0,-13.812638774514198
ucb_lcb_n_baseline,247.0,1.0,1.0,-60.58542454242706
ucb_lcb_n_baseline,248.0,1.0,1.0,-4.946926593780518
ucb_lcb_n_baseline,249.0,1.0,1.0,-3.3839683532714844
ucb_lcb_n_baseline,250.0,1.0,1.0,-6.384052753448486
ucb_lcb_n_baseline,251.0,1.0,1.0,-30.61283540725708
ucb_lcb_n_baseline,252.0,1.0,1.0,-36.98287498950958
ucb_lcb_n_baseline,253.0,1.0,1.0,-9.21034049987793
ucb_lcb_n_baseline,254.0,1.0,1.0,-0.011320560472086072
ucb_lcb_n_baseline,255.0,1.0,1.0,-24.961156964302063
ucb_lcb_n_baseline,256.0,1.0,1.0,-18.42068099975586
ucb_lcb_n_baseline,257.0,1.0,1.0,-23.370506763458252
ucb_lcb_n_baseline,258.0,1.0,1.0,-31.212605834007263
ucb_lcb_n_baseline,260.0,1.0,1.0,-24.29396140575409
ucb_lcb_n_baseline,261.0,1.0,1.0,-57.505510687828064
ucb_lcb_n_baseline,262.0,1.0,1.0,-6.711690068244934
ucb_lcb_n_baseline,263.0,1.0,1.0,-9.33507776260376
ucb_lcb_n_baseline,265.0,1.0,1.0,-14.274078369140625
ucb_lcb_n_baseline,266.0,1.0,1.0,-41.51261657476425
ucb_lcb_n_baseline,269.0,1.0,1.0,-9.21034049987793
ucb_lcb_n_baseline,270.0,1.0,1.0,-52.992063760757446
ucb_lcb_n_baseline,271.0,1.0,1.0,-4.814707279205322
ucb_lcb_n_baseline,273.0,1.0,1.0,-21.874619722366333
ucb_lcb_n_baseline,274.0,1.0,1.0,-10.809904873371124
ucb_lcb_n_baseline,275.0,1.0,1.0,-9.957090377807617
ucb_lcb_n_baseline,278.0,1.0,1.0,-3.088963657617569
ucb_lcb_n_baseline,279.0,1.0,1.0,-40.902061104774475
ucb_lcb_n_baseline,280.0,1.0,1.0,-49.22325575351715
ucb_lcb_n_baseline,281.0,1.0,1.0,-27.78340971469879
ucb_lcb_n_baseline,282.0,1.0,1.0,-10.41235899925232
ucb_lcb_n_baseline,283.0,1.0,1.0,-5.728363752365112
ucb_lcb_n_baseline,284.0,1.0,1.0,-58.170281410217285
ucb_lcb_n_baseline,285.0,1.0,1.0,-2.4431023597717285
ucb_lcb_n_baseline,286.0,1.0,1.0,-50.2447714805603
ucb_lcb_n_baseline,287.0,1.0,1.0,-51.99263572692871
ucb_lcb_n_baseline,288.0,1.0,1.0,-52.72700822353363
ucb_lcb_n_baseline,289.0,1.0,1.0,-6.627121925354004
ucb_lcb_n_baseline,291.0,1.0,1.0,-25.92262029647827
ucb_lcb_n_baseline,293.0,1.0,1.0,-37.163169384002686
ucb_lcb_n_baseline,294.0,1.0,1.0,-17.553605794906616
ucb_lcb_n_baseline,295.0,1.0,1.0,-82.75914907455444
ucb_lcb_n_baseline,296.0,1.0,1.0,-71.86942684650421
ucb_lcb_n_baseline,299.0,1.0,1.0,-30.431828439235687
random,1.0,1.0,1.0,-28.774744033813477
random,3.0,1.0,1.0,-47.95790672302246
random,5.0,1.0,1.0,-33.57053470611572
random,6.0,1.0,1.0,-9.591581344604492
random,9.0,1.0,1.0,-33.57053470611572
random,10.0,1.0,1.0,-4.795790672302246
random,11.0,1.0,1.0,-43.162116050720215
random,13.0,1.0,1.0,-47.95790672302246
random,15.0,1.0,1.0,-47.95790672302246
random,16.0,1.0,1.0,-47.95790672302246
random,17.0,1.0,1.0,-47.95790672302246
random,19.0,1.0,1.0,-47.95790672302246
random,20.0,1.0,1.0,-47.95790672302246
random,21.0,1.0,1.0,-28.774744033813477
random,22.0,1.0,1.0,-9.591581344604492
random,23.0,1.0,1.0,-47.95790672302246
random,24.0,1.0,1.0,-47.95790672302246
random,25.0,1.0,1.0,-47.95790672302246
random,26.0,1.0,1.0,-9.591581344604492
random,27.0,1.0,1.0,-4.795790672302246
random,28.0,1.0,1.0,-47.95790672302246
random,29.0,1.0,1.0,-33.57053470611572
random,30.0,1.0,1.0,-47.95790672302246
random,31.0,1.0,1.0,-47.95790672302246
random,32.0,1.0,1.0,-14.387372016906738
random,33.0,1.0,1.0,-47.95790672302246
random,34.0,1.0,1.0,-4.795790672302246
random,37.0,1.0,1.0,-9.591581344604492
random,38.0,1.0,1.0,-4.795790672302246
random,40.0,1.0,1.0,-47.95790672302246
random,41.0,1.0,1.0,-47.95790672302246
random,42.0,1.0,1.0,-47.95790672302246
random,43.0,1.0,1.0,-4.795790672302246
random,44.0,1.0,1.0,-47.95790672302246
random,46.0,1.0,1.0,-47.95790672302246
random,50.0,1.0,1.0,-47.95790672302246
random,51.0,1.0,1.0,-4.795790672302246
random,52.0,1.0,1.0,-47.95790672302246
random,53.0,1.0,1.0,-9.591581344604492
random,54.0,1.0,1.0,-47.95790672302246
random,55.0,1.0,1.0,-47.95790672302246
random,56.0,1.0,1.0,-9.591581344604492
random,57.0,1.0,1.0,-47.95790672302246
random,59.0,1.0,1.0,-4.795790672302246
random,60.0,1.0,1.0,-4.795790672302246
random,61.0,1.0,1.0,-4.795790672302246
random,62.0,1.0,1.0,-47.95790672302246
random,64.0,1.0,1.0,-47.95790672302246
random,65.0,1.0,1.0,-4.795790672302246
random,67.0,1.0,1.0,-14.387372016906738
random,68.0,1.0,1.0,-47.95790672302246
random,69.0,1.0,1.0,-47.95790672302246
random,71.0,1.0,1.0,-4.795790672302246
random,73.0,1.0,1.0,-47.95790672302246
random,75.0,1.0,1.0,-47.95790672302246
random,76.0,1.0,1.0,-4.795790672302246
random,77.0,1.0,1.0,-4.795790672302246
random,80.0,1.0,1.0,-47.95790672302246
random,81.0,1.0,1.0,-4.795790672302246
random,82.0,1.0,1.0,-47.95790672302246
random,83.0,1.0,1.0,-47.95790672302246
random,84.0,1.0,1.0,-47.95790672302246
random,85.0,1.0,1.0,-47.95790672302246
random,86.0,1.0,1.0,-4.795790672302246
random,87.0,1.0,1.0,-4.795790672302246
random,89.0,1.0,1.0,-4.795790672302246
random,90.0,1.0,1.0,-23.97895336151123
random,95.0,1.0,1.0,-47.95790672302246
random,96.0,1.0,1.0,-4.795790672302246
random,97.0,1.0,1.0,-4.795790672302246
random,98.0,1.0,1.0,-4.795790672302246
random,102.0,1.0,1.0,-47.95790672302246
random,103.0,1.0,1.0,-4.795790672302246
random,104.0,1.0,1.0,-47.95790672302246
random,105.0,1.0,1.0,-9.591581344604492
random,106.0,1.0,1.0,-14.387372016906738
random,108.0,1.0,1.0,-47.95790672302246
random,109.0,1.0,1.0,-4.795790672302246
random,110.0,1.0,1.0,-47.95790672302246
random,111.0,1.0,1.0,-14.387372016906738
random,112.0,1.0,1.0,-43.162116050720215
random,115.0,1.0,1.0,-47.95790672302246
random,116.0,1.0,1.0,-47.95790672302246
random,117.0,1.0,1.0,-47.95790672302246
random,119.0,1.0,1.0,-47.95790672302246
random,120.0,1.0,1.0,-47.95790672302246
random,122.0,1.0,1.0,-14.387372016906738
random,124.0,1.0,1.0,-47.95790672302246
random,125.0,1.0,1.0,-4.795790672302246
random,126.0,1.0,1.0,-38.36632537841797
random,131.0,1.0,1.0,-9.591581344604492
random,133.0,1.0,1.0,-4.795790672302246
random,134.0,1.0,1.0,-47.95790672302246
random,136.0,1.0,1.0,-47.95790672302246
random,137.0,1.0,1.0,-47.95790672302246
random,138.0,1.0,1.0,-4.795790672302246
random,140.0,1.0,1.0,-4.795790672302246
random,141.0,1.0,1.0,-47.95790672302246
random,142.0,1.0,1.0,-47.95790672302246
random,143.0,1.0,1.0,-4.795790672302246
random,144.0,1.0,1.0,-9.591581344604492
random,145.0,1.0,1.0,-33.57053470611572
random,146.0,1.0,1.0,-19.183162689208984
random,147.0,1.0,1.0,-47.95790672302246
random,148.0,1.0,1.0,-19.183162689208984
random,149.0,1.0,1.0,-9.591581344604492
random,151.0,1.0,1.0,0.0
random,152.0,1.0,1.0,-47.95790672302246
random,153.0,1.0,1.0,-47.95790672302246
random,154.0,1.0,1.0,-4.795790672302246
random,155.0,1.0,1.0,-47.95790672302246
random,156.0,1.0,1.0,-47.95790672302246
random,157.0,1.0,1.0,-47.95790672302246
random,158.0,1.0,1.0,-19.183162689208984
random,159.0,1.0,1.0,-9.591581344604492
random,160.0,1.0,1.0,-14.387372016906738
random,161.0,1.0,1.0,-4.795790672302246
random,162.0,1.0,1.0,-9.591581344604492
random,163.0,1.0,1.0,-47.95790672302246
random,164.0,1.0,1.0,-47.95790672302246
random,166.0,1.0,1.0,-47.95790672302246
random,167.0,1.0,1.0,-28.774744033813477
random,170.0,1.0,1.0,-4.795790672302246
random,171.0,1.0,1.0,-47.95790672302246
random,172.0,1.0,1.0,-47.95790672302246
random,173.0,1.0,1.0,-14.387372016906738
random,174.0,1.0,1.0,-47.95790672302246
random,176.0,1.0,1.0,-23.97895336151123
random,177.0,1.0,1.0,-14.387372016906738
random,178.0,1.0,1.0,-47.95790672302246
random,180.0,1.0,1.0,-47.95790672302246
random,181.0,1.0,1.0,-4.795790672302246
random,182.0,1.0,1.0,-4.795790672302246
random,183.0,1.0,1.0,-47.95790672302246
random,184.0,1.0,1.0,-23.97895336151123
random,186.0,1.0,1.0,-47.95790672302246
random,187.0,1.0,1.0,-47.95790672302246
random,188.0,1.0,1.0,-47.95790672302246
random,190.0,1.0,1.0,-9.591581344604492
random,192.0,1.0,1.0,-47.95790672302246
random,193.0,1.0,1.0,-4.795790672302246
random,194.0,1.0,1.0,-47.95790672302246
random,196.0,1.0,1.0,-4.795790672302246
random,197.0,1.0,1.0,-9.591581344604492
random,198.0,1.0,1.0,-47.95790672302246
random,200.0,1.0,1.0,-47.95790672302246
random,201.0,1.0,1.0,-9.591581344604492
random,203.0,1.0,1.0,-14.387372016906738
random,204.0,1.0,1.0,-47.95790672302246
random,207.0,1.0,1.0,-38.36632537841797
random,208.0,1.0,1.0,-9.591581344604492
random,210.0,1.0,1.0,-14.387372016906738
random,211.0,1.0,1.0,-47.95790672302246
random,212.0,1.0,1.0,-47.95790672302246
random,213.0,1.0,1.0,-47.95790672302246
random,215.0,1.0,1.0,-47.95790672302246
random,216.0,1.0,1.0,-47.95790672302246
random,217.0,1.0,1.0,-4.795790672302246
random,221.0,1.0,1.0,-23.97895336151123
random,223.0,1.0,1.0,-4.795790672302246
random,224.0,1.0,1.0,-47.95790672302246
random,225.0,1.0,1.0,-9.591581344604492
random,226.0,1.0,1.0,-47.95790672302246
random,227.0,1.0,1.0,-9.591581344604492
random,228.0,1.0,1.0,-4.795790672302246
random,229.0,1.0,1.0,-14.387372016906738
random,230.0,1.0,1.0,-4.795790672302246
random,232.0,1.0,1.0,-47.95790672302246
random,233.0,1.0,1.0,-4.795790672302246
random,234.0,1.0,1.0,-4.795790672302246
random,235.0,1.0,1.0,-43.162116050720215
random,237.0,1.0,1.0,-9.591581344604492
random,238.0,1.0,1.0,-47.95790672302246
random,239.0,1.0,1.0,-47.95790672302246
random,240.0,1.0,1.0,-4.795790672302246
random,242.0,1.0,1.0,-47.95790672302246
random,243.0,1.0,1.0,-4.795790672302246
random,246.0,1.0,1.0,-47.95790672302246
random,247.0,1.0,1.0,-47.95790672302246
random,248.0,1.0,1.0,-4.795790672302246
random,249.0,1.0,1.0,-4.795790672302246
random,250.0,1.0,1.0,-4.795790672302246
random,251.0,1.0,1.0,-47.95790672302246
random,252.0,1.0,1.0,-47.95790672302246
random,253.0,1.0,1.0,-4.795790672302246
random,254.0,1.0,1.0,-47.95790672302246
random,255.0,1.0,1.0,-47.95790672302246
random,256.0,1.0,1.0,-9.591581344604492
random,257.0,1.0,1.0,-14.387372016906738
random,258.0,1.0,1.0,-47.95790672302246
random,260.0,1.0,1.0,-47.95790672302246
random,261.0,1.0,1.0,-47.95790672302246
random,262.0,1.0,1.0,-9.591581344604492
random,263.0,1.0,1.0,-9.591581344604492
random,265.0,1.0,1.0,-9.591581344604492
random,266.0,1.0,1.0,-47.95790672302246
random,269.0,1.0,1.0,-4.795790672302246
random,270.0,1.0,1.0,-47.95790672302246
random,271.0,1.0,1.0,-4.795790672302246
random,273.0,1.0,1.0,-14.387372016906738
random,274.0,1.0,1.0,-19.183162689208984
random,275.0,1.0,1.0,-9.591581344604492
random,278.0,1.0,1.0,-47.95790672302246
random,279.0,1.0,1.0,-47.95790672302246
random,280.0,1.0,1.0,-47.95790672302246
random,281.0,1.0,1.0,-47.95790672302246
random,282.0,1.0,1.0,-14.387372016906738
random,283.0,1.0,1.0,-9.591581344604492
random,284.0,1.0,1.0,-47.95790672302246
random,285.0,1.0,1.0,-4.795790672302246
random,286.0,1.0,1.0,-47.95790672302246
random,287.0,1.0,1.0,-47.95790672302246
random,288.0,1.0,1.0,-47.95790672302246
random,289.0,1.0,1.0,-4.795790672302246
random,291.0,1.0,1.0,-19.183162689208984
random,293.0,1.0,1.0,-47.95790672302246
random,294.0,1.0,1.0,-14.387372016906738
random,295.0,1.0,1.0,-47.95790672302246
random,296.0,1.0,1.0,-47.95790672302246
random,299.0,1.0,1.0,-47.95790672302246
ucb_lcb_n_baseline,1.0,1.0,2.0,-21.5268737077713
ucb_lcb_n_baseline,3.0,1.0,2.0,-16.14500331878662
ucb_lcb_n_baseline,5.0,1.0,2.0,-9.21034049987793
ucb_lcb_n_baseline,6.0,1.0,2.0,-64.20421147346497
ucb_lcb_n_baseline,9.0,1.0,2.0,-9.21034049987793
ucb_lcb_n_baseline,10.0,1.0,2.0,-4.830051422119141
ucb_lcb_n_baseline,11.0,1.0,2.0,-36.283111453056335
ucb_lcb_n_baseline,13.0,1.0,2.0,-36.15239953994751
ucb_lcb_n_baseline,15.0,1.0,2.0,-14.80299711227417
ucb_lcb_n_baseline,16.0,1.0,2.0,-61.67014741897583
ucb_lcb_n_baseline,17.0,1.0,2.0,-25.92014990001917
ucb_lcb_n_baseline,19.0,1.0,2.0,-3.785527229309082
ucb_lcb_n_baseline,20.0,1.0,2.0,-4.922725200653076
ucb_lcb_n_baseline,21.0,1.0,2.0,-48.50372493267059
ucb_lcb_n_baseline,22.0,1.0,2.0,-3.442373037338257
ucb_lcb_n_baseline,23.0,1.0,2.0,-18.594236373901367
ucb_lcb_n_baseline,24.0,1.0,2.0,-30.33064901828766
ucb_lcb_n_baseline,25.0,1.0,2.0,-9.21034049987793
ucb_lcb_n_baseline,26.0,1.0,2.0,-9.21034049987793
ucb_lcb_n_baseline,27.0,1.0,2.0,-27.410656809806824
ucb_lcb_n_baseline,28.0,1.0,2.0,-0.034452734515070915
ucb_lcb_n_baseline,29.0,1.0,2.0,-50.538909912109375
ucb_lcb_n_baseline,30.0,1.0,2.0,-5.2315263748168945
ucb_lcb_n_baseline,31.0,1.0,2.0,-58.1476776599884
ucb_lcb_n_baseline,32.0,1.0,2.0,-17.969286918640137
ucb_lcb_n_baseline,33.0,1.0,2.0,-0.5511296205222607
ucb_lcb_n_baseline,34.0,1.0,2.0,-13.731075286865234
ucb_lcb_n_baseline,37.0,1.0,2.0,-7.290398687124252
ucb_lcb_n_baseline,38.0,1.0,2.0,-0.5965242274105549
ucb_lcb_n_baseline,40.0,1.0,2.0,-8.692120552062988
ucb_lcb_n_baseline,41.0,1.0,2.0,-0.0018966804636875167
ucb_lcb_n_baseline,42.0,1.0,2.0,-13.000360488891602
ucb_lcb_n_baseline,43.0,1.0,2.0,-54.5487699508667
ucb_lcb_n_baseline,44.0,1.0,2.0,-67.03641724586487
ucb_lcb_n_baseline,46.0,1.0,2.0,-34.30616116523743
ucb_lcb_n_baseline,50.0,1.0,2.0,-4.254673480987549
ucb_lcb_n_baseline,51.0,1.0,2.0,-37.440699100494385
ucb_lcb_n_baseline,52.0,1.0,2.0,-9.21034049987793
ucb_lcb_n_baseline,53.0,1.0,2.0,-1.7213029861450195
ucb_lcb_n_baseline,54.0,1.0,2.0,-34.320044189691544
ucb_lcb_n_baseline,55.0,1.0,2.0,-9.21034049987793
ucb_lcb_n_baseline,56.0,1.0,2.0,-0.6945346221327782
ucb_lcb_n_baseline,57.0,1.0,2.0,-48.09132361412048
ucb_lcb_n_baseline,59.0,1.0,2.0,-15.846856236457825
ucb_lcb_n_baseline,60.0,1.0,2.0,-5.832895278930664
ucb_lcb_n_baseline,61.0,1.0,2.0,-10.227954864501953
ucb_lcb_n_baseline,62.0,1.0,2.0,-8.114037811756134
ucb_lcb_n_baseline,64.0,1.0,2.0,-2.925527811050415
ucb_lcb_n_baseline,65.0,1.0,2.0,-7.577206134796143
ucb_lcb_n_baseline,67.0,1.0,2.0,-4.748548984527588
ucb_lcb_n_baseline,68.0,1.0,2.0,-31.28808957338333
ucb_lcb_n_baseline,69.0,1.0,2.0,-29.252755284309387
ucb_lcb_n_baseline,71.0,1.0,2.0,-42.85163205862045
ucb_lcb_n_baseline,73.0,1.0,2.0,-9.21034049987793
ucb_lcb_n_baseline,75.0,1.0,2.0,-0.02242835727520287
ucb_lcb_n_baseline,76.0,1.0,2.0,-2.868281364440918
ucb_lcb_n_baseline,77.0,1.0,2.0,-50.89140748977661
ucb_lcb_n_baseline,80.0,1.0,2.0,-3.2573713064193726
ucb_lcb_n_baseline,81.0,1.0,2.0,-39.12877702713013
ucb_lcb_n_baseline,82.0,1.0,2.0,-64.51447916030884
ucb_lcb_n_baseline,83.0,1.0,2.0,-2.1343674659729004
ucb_lcb_n_baseline,84.0,1.0,2.0,-31.707735180854797
ucb_lcb_n_baseline,85.0,1.0,2.0,-0.1325952298939228
ucb_lcb_n_baseline,86.0,1.0,2.0,-38.31232237815857
ucb_lcb_n_baseline,87.0,1.0,2.0,-4.065938949584961
ucb_lcb_n_baseline,89.0,1.0,2.0,-44.74374580383301
ucb_lcb_n_baseline,90.0,1.0,2.0,-9.21034049987793
ucb_lcb_n_baseline,95.0,1.0,2.0,-58.07074189186096
ucb_lcb_n_baseline,96.0,1.0,2.0,-9.21034049987793
ucb_lcb_n_baseline,97.0,1.0,2.0,-67.2017834186554
ucb_lcb_n_baseline,98.0,1.0,2.0,-57.78747630119324
ucb_lcb_n_baseline,102.0,1.0,2.0,-13.927980422973633
ucb_lcb_n_baseline,103.0,1.0,2.0,-36.16528129577637
ucb_lcb_n_baseline,104.0,1.0,2.0,-0.14768712408840656
ucb_lcb_n_baseline,105.0,1.0,2.0,-4.862950801849365
ucb_lcb_n_baseline,106.0,1.0,2.0,-16.655536651611328
ucb_lcb_n_baseline,108.0,1.0,2.0,-9.21034049987793
ucb_lcb_n_baseline,109.0,1.0,2.0,-61.129680156707764
ucb_lcb_n_baseline,110.0,1.0,2.0,-4.943342208862305
ucb_lcb_n_baseline,111.0,1.0,2.0,-7.706446886062622
ucb_lcb_n_baseline,112.0,1.0,2.0,-52.41076707839966
ucb_lcb_n_baseline,115.0,1.0,2.0,-11.69936227798462
ucb_lcb_n_baseline,116.0,1.0,2.0,-39.1081485748291
ucb_lcb_n_baseline,117.0,1.0,2.0,-4.65221643447876
ucb_lcb_n_baseline,119.0,1.0,2.0,-10.135853290557861
ucb_lcb_n_baseline,120.0,1.0,2.0,-2.6086869835853577
ucb_lcb_n_baseline,122.0,1.0,2.0,-30.21837478876114
ucb_lcb_n_baseline,124.0,1.0,2.0,-17.82978841662407
ucb_lcb_n_baseline,125.0,1.0,2.0,-22.880475163459778
ucb_lcb_n_baseline,126.0,1.0,2.0,-31.957507848739624
ucb_lcb_n_baseline,131.0,1.0,2.0,-8.429079294204712
ucb_lcb_n_baseline,133.0,1.0,2.0,-49.79722052812576
ucb_lcb_n_baseline,134.0,1.0,2.0,-41.433621525764465
ucb_lcb_n_baseline,136.0,1.0,2.0,-59.88086986541748
ucb_lcb_n_baseline,137.0,1.0,2.0,-37.52113616466522
ucb_lcb_n_baseline,138.0,1.0,2.0,-4.835121154785156
ucb_lcb_n_baseline,140.0,1.0,2.0,-5.8967814445495605
ucb_lcb_n_baseline,141.0,1.0,2.0,-2.3359177112579346
ucb_lcb_n_baseline,142.0,1.0,2.0,-14.547130107879639
ucb_lcb_n_baseline,143.0,1.0,2.0,-7.417644023895264
ucb_lcb_n_baseline,144.0,1.0,2.0,-28.17744481563568
ucb_lcb_n_baseline,145.0,1.0,2.0,-4.890726566314697
ucb_lcb_n_baseline,146.0,1.0,2.0,-53.19740438461304
ucb_lcb_n_baseline,147.0,1.0,2.0,-0.0010002159251598641
ucb_lcb_n_baseline,148.0,1.0,2.0,-24.104203283786774
ucb_lcb_n_baseline,149.0,1.0,2.0,-41.70359563827515
ucb_lcb_n_baseline,151.0,1.0,2.0,-24.614763498306274
ucb_lcb_n_baseline,152.0,1.0,2.0,-0.2511369287967682
ucb_lcb_n_baseline,153.0,1.0,2.0,-5.0396409034729
ucb_lcb_n_baseline,154.0,1.0,2.0,-23.034356236457825
ucb_lcb_n_baseline,155.0,1.0,2.0,-10.266705989837646
ucb_lcb_n_baseline,156.0,1.0,2.0,-52.63217341899872
ucb_lcb_n_baseline,157.0,1.0,2.0,-12.770656108856201
ucb_lcb_n_baseline,158.0,1.0,2.0,-10.99281120300293
ucb_lcb_n_baseline,159.0,1.0,2.0,-53.178271532058716
ucb_lcb_n_baseline,160.0,1.0,2.0,-11.689039707183838
ucb_lcb_n_baseline,161.0,1.0,2.0,-26.857811093330383
ucb_lcb_n_baseline,162.0,1.0,2.0,-4.920102119445801
ucb_lcb_n_baseline,163.0,1.0,2.0,-35.83634462952614
ucb_lcb_n_baseline,164.0,1.0,2.0,-65.412522315979
ucb_lcb_n_baseline,166.0,1.0,2.0,-21.503555178642273
ucb_lcb_n_baseline,167.0,1.0,2.0,-58.77710580825806
ucb_lcb_n_baseline,170.0,1.0,2.0,-48.231958508491516
ucb_lcb_n_baseline,171.0,1.0,2.0,-0.024378690402954817
ucb_lcb_n_baseline,172.0,1.0,2.0,-41.03927683830261
ucb_lcb_n_baseline,173.0,1.0,2.0,-9.710197031497955
ucb_lcb_n_baseline,174.0,1.0,2.0,-0.31169361621141434
ucb_lcb_n_baseline,176.0,1.0,2.0,-17.775484442710876
ucb_lcb_n_baseline,177.0,1.0,2.0,-9.591235637664795
ucb_lcb_n_baseline,178.0,1.0,2.0,-4.623770713806152
ucb_lcb_n_baseline,180.0,1.0,2.0,-12.957397043704987
ucb_lcb_n_baseline,181.0,1.0,2.0,-27.06222105026245
ucb_lcb_n_baseline,182.0,1.0,2.0,-22.01061224937439
ucb_lcb_n_baseline,183.0,1.0,2.0,-37.29696011543274
ucb_lcb_n_baseline,184.0,1.0,2.0,-48.482048988342285
ucb_lcb_n_baseline,186.0,1.0,2.0,-2.7152881622314453
ucb_lcb_n_baseline,187.0,1.0,2.0,-61.51783347129822
ucb_lcb_n_baseline,188.0,1.0,2.0,-14.024217128753662
ucb_lcb_n_baseline,190.0,1.0,2.0,-2.917312264442444
ucb_lcb_n_baseline,192.0,1.0,2.0,-42.70214647054672
ucb_lcb_n_baseline,193.0,1.0,2.0,-3.8458714485168457
ucb_lcb_n_baseline,194.0,1.0,2.0,-2.9975290298461914
ucb_lcb_n_baseline,196.0,1.0,2.0,-25.088711738586426
ucb_lcb_n_baseline,197.0,1.0,2.0,-16.543824195861816
ucb_lcb_n_baseline,198.0,1.0,2.0,-5.392908573150635
ucb_lcb_n_baseline,200.0,1.0,2.0,-5.29140567779541
ucb_lcb_n_baseline,201.0,1.0,2.0,-21.517160892486572
ucb_lcb_n_baseline,203.0,1.0,2.0,-35.55299353599548
ucb_lcb_n_baseline,204.0,1.0,2.0,-45.79903268814087
ucb_lcb_n_baseline,207.0,1.0,2.0,-52.929497480392456
ucb_lcb_n_baseline,208.0,1.0,2.0,-38.80691719055176
ucb_lcb_n_baseline,210.0,1.0,2.0,-17.020716547966003
ucb_lcb_n_baseline,211.0,1.0,2.0,-33.327038288116455
ucb_lcb_n_baseline,212.0,1.0,2.0,-52.38949942588806
ucb_lcb_n_baseline,213.0,1.0,2.0,-4.804790496826172
ucb_lcb_n_baseline,215.0,1.0,2.0,-9.21034049987793
ucb_lcb_n_baseline,216.0,1.0,2.0,-52.394526958465576
ucb_lcb_n_baseline,217.0,1.0,2.0,-48.409823417663574
ucb_lcb_n_baseline,221.0,1.0,2.0,-15.215538501739502
ucb_lcb_n_baseline,223.0,1.0,2.0,-0.9168534874916077
ucb_lcb_n_baseline,224.0,1.0,2.0,-59.30047929286957
ucb_lcb_n_baseline,225.0,1.0,2.0,-36.64946961402893
ucb_lcb_n_baseline,226.0,1.0,2.0,-6.8709797859191895
ucb_lcb_n_baseline,227.0,1.0,2.0,-0.2892109230160713
ucb_lcb_n_baseline,228.0,1.0,2.0,-57.60078024864197
ucb_lcb_n_baseline,229.0,1.0,2.0,-3.2103989124298096
ucb_lcb_n_baseline,230.0,1.0,2.0,-4.387185096740723
ucb_lcb_n_baseline,232.0,1.0,2.0,-0.04225635528564453
ucb_lcb_n_baseline,233.0,1.0,2.0,-30.10885000228882
ucb_lcb_n_baseline,234.0,1.0,2.0,-52.51887834072113
ucb_lcb_n_baseline,235.0,1.0,2.0,-10.105677157640457
ucb_lcb_n_baseline,237.0,1.0,2.0,-6.100172519683838
ucb_lcb_n_baseline,238.0,1.0,2.0,-1.7210556268692017
ucb_lcb_n_baseline,239.0,1.0,2.0,-24.73376527428627
ucb_lcb_n_baseline,240.0,1.0,2.0,-40.17276215553284
ucb_lcb_n_baseline,242.0,1.0,2.0,-0.22766777500510216
ucb_lcb_n_baseline,243.0,1.0,2.0,-22.91661024093628
ucb_lcb_n_baseline,246.0,1.0,2.0,-10.183493614196777
ucb_lcb_n_baseline,247.0,1.0,2.0,-51.094427943229675
ucb_lcb_n_baseline,248.0,1.0,2.0,-8.633970260620117
ucb_lcb_n_baseline,249.0,1.0,2.0,-27.194076538085938
ucb_lcb_n_baseline,250.0,1.0,2.0,-34.91531467437744
ucb_lcb_n_baseline,251.0,1.0,2.0,-28.25961136817932
ucb_lcb_n_baseline,252.0,1.0,2.0,-34.74337649345398
ucb_lcb_n_baseline,253.0,1.0,2.0,-49.666420698165894
ucb_lcb_n_baseline,254.0,1.0,2.0,-0.17841341719031334
ucb_lcb_n_baseline,255.0,1.0,2.0,-47.865976095199585
ucb_lcb_n_baseline,256.0,1.0,2.0,-37.74462175369263
ucb_lcb_n_baseline,257.0,1.0,2.0,-52.40562033653259
ucb_lcb_n_baseline,258.0,1.0,2.0,-3.0966713428497314
ucb_lcb_n_baseline,260.0,1.0,2.0,-28.52075493335724
ucb_lcb_n_baseline,261.0,1.0,2.0,-10.061708927154541
ucb_lcb_n_baseline,262.0,1.0,2.0,-7.053771495819092
ucb_lcb_n_baseline,263.0,1.0,2.0,-61.13854384422302
ucb_lcb_n_baseline,265.0,1.0,2.0,-23.914762020111084
ucb_lcb_n_baseline,266.0,1.0,2.0,-6.464544773101807
ucb_lcb_n_baseline,269.0,1.0,2.0,-50.91773343086243
ucb_lcb_n_baseline,270.0,1.0,2.0,-9.21034049987793
ucb_lcb_n_baseline,271.0,1.0,2.0,-11.047085285186768
ucb_lcb_n_baseline,273.0,1.0,2.0,-52.35275745391846
ucb_lcb_n_baseline,274.0,1.0,2.0,-9.578310489654541
ucb_lcb_n_baseline,275.0,1.0,2.0,-5.679738283157349
ucb_lcb_n_baseline,278.0,1.0,2.0,-2.179083377122879
ucb_lcb_n_baseline,279.0,1.0,2.0,-53.503687500953674
ucb_lcb_n_baseline,280.0,1.0,2.0,-48.048635721206665
ucb_lcb_n_baseline,281.0,1.0,2.0,-16.238853693008423
ucb_lcb_n_baseline,282.0,1.0,2.0,-18.278361558914185
ucb_lcb_n_baseline,283.0,1.0,2.0,-2.755138635635376
ucb_lcb_n_baseline,284.0,1.0,2.0,-9.21034049987793
ucb_lcb_n_baseline,285.0,1.0,2.0,-3.152092695236206
ucb_lcb_n_baseline,286.0,1.0,2.0,-45.773261070251465
ucb_lcb_n_baseline,287.0,1.0,2.0,-56.46165108680725
ucb_lcb_n_baseline,288.0,1.0,2.0,-53.14528441429138
ucb_lcb_n_baseline,289.0,1.0,2.0,-1.8275346755981445
ucb_lcb_n_baseline,291.0,1.0,2.0,-8.554993391036987
ucb_lcb_n_baseline,293.0,1.0,2.0,-4.92946720123291
ucb_lcb_n_baseline,294.0,1.0,2.0,-18.42068099975586
ucb_lcb_n_baseline,295.0,1.0,2.0,-55.002097606658936
ucb_lcb_n_baseline,296.0,1.0,2.0,-4.846887588500977
ucb_lcb_n_baseline,299.0,1.0,2.0,-29.95127582550049
random,1.0,1.0,2.0,-47.95790672302246
random,3.0,1.0,2.0,-9.591581344604492
random,5.0,1.0,2.0,-4.795790672302246
random,6.0,1.0,2.0,-47.95790672302246
random,9.0,1.0,2.0,-4.795790672302246
random,10.0,1.0,2.0,-4.795790672302246
random,11.0,1.0,2.0,-47.95790672302246
random,13.0,1.0,2.0,-47.95790672302246
random,15.0,1.0,2.0,-28.774744033813477
random,16.0,1.0,2.0,-47.95790672302246
random,17.0,1.0,2.0,-47.95790672302246
random,19.0,1.0,2.0,-4.795790672302246
random,20.0,1.0,2.0,-4.795790672302246
random,21.0,1.0,2.0,-47.95790672302246
random,22.0,1.0,2.0,-4.795790672302246
random,23.0,1.0,2.0,-14.387372016906738
random,24.0,1.0,2.0,-47.95790672302246
random,25.0,1.0,2.0,-4.795790672302246
random,26.0,1.0,2.0,-4.795790672302246
random,27.0,1.0,2.0,-47.95790672302246
random,28.0,1.0,2.0,-47.95790672302246
random,29.0,1.0,2.0,-47.95790672302246
random,30.0,1.0,2.0,-4.795790672302246
random,31.0,1.0,2.0,-47.95790672302246
random,32.0,1.0,2.0,-9.591581344604492
random,33.0,1.0,2.0,-47.95790672302246
random,34.0,1.0,2.0,-9.591581344604492
random,37.0,1.0,2.0,-47.95790672302246
random,38.0,1.0,2.0,-47.95790672302246
random,40.0,1.0,2.0,-4.795790672302246
random,41.0,1.0,2.0,-47.95790672302246
random,42.0,1.0,2.0,-9.591581344604492
random,43.0,1.0,2.0,-47.95790672302246
random,44.0,1.0,2.0,-47.95790672302246
random,46.0,1.0,2.0,-47.95790672302246
random,50.0,1.0,2.0,-4.795790672302246
random,51.0,1.0,2.0,-28.774744033813477
random,52.0,1.0,2.0,-4.795790672302246
random,53.0,1.0,2.0,-4.795790672302246
random,54.0,1.0,2.0,-47.95790672302246
random,55.0,1.0,2.0,-4.795790672302246
random,56.0,1.0,2.0,-47.95790672302246
random,57.0,1.0,2.0,-33.57053470611572
random,59.0,1.0,2.0,-47.95790672302246
random,60.0,1.0,2.0,-4.795790672302246
random,61.0,1.0,2.0,-9.591581344604492
random,62.0,1.0,2.0,-19.183162689208984
random,64.0,1.0,2.0,-4.795790672302246
random,65.0,1.0,2.0,-4.795790672302246
random,67.0,1.0,2.0,-4.795790672302246
random,68.0,1.0,2.0,-47.95790672302246
random,69.0,1.0,2.0,-47.95790672302246
random,71.0,1.0,2.0,-47.95790672302246
random,73.0,1.0,2.0,-4.795790672302246
random,75.0,1.0,2.0,-47.95790672302246
random,76.0,1.0,2.0,-4.795790672302246
random,77.0,1.0,2.0,-47.95790672302246
random,80.0,1.0,2.0,-47.95790672302246
random,81.0,1.0,2.0,-47.95790672302246
random,82.0,1.0,2.0,-47.95790672302246
random,83.0,1.0,2.0,-4.795790672302246
random,84.0,1.0,2.0,-47.95790672302246
random,85.0,1.0,2.0,-47.95790672302246
random,86.0,1.0,2.0,-47.95790672302246
random,87.0,1.0,2.0,-4.795790672302246
random,89.0,1.0,2.0,-47.95790672302246
random,90.0,1.0,2.0,-4.795790672302246
random,95.0,1.0,2.0,-47.95790672302246
random,96.0,1.0,2.0,-4.795790672302246
random,97.0,1.0,2.0,-47.95790672302246
random,98.0,1.0,2.0,-47.95790672302246
random,102.0,1.0,2.0,-14.387372016906738
random,103.0,1.0,2.0,-47.95790672302246
random,104.0,1.0,2.0,-23.97895336151123
random,105.0,1.0,2.0,-4.795790672302246
random,106.0,1.0,2.0,-19.183162689208984
random,108.0,1.0,2.0,-4.795790672302246
random,109.0,1.0,2.0,-47.95790672302246
random,110.0,1.0,2.0,-4.795790672302246
random,111.0,1.0,2.0,-9.591581344604492
random,112.0,1.0,2.0,-47.95790672302246
random,115.0,1.0,2.0,-9.591581344604492
random,116.0,1.0,2.0,-47.95790672302246
random,117.0,1.0,2.0,-4.795790672302246
random,119.0,1.0,2.0,-14.387372016906738
random,120.0,1.0,2.0,-14.387372016906738
random,122.0,1.0,2.0,-47.95790672302246
random,124.0,1.0,2.0,-47.95790672302246
random,125.0,1.0,2.0,-47.95790672302246
random,126.0,1.0,2.0,-47.95790672302246
random,131.0,1.0,2.0,-9.591581344604492
random,133.0,1.0,2.0,-47.95790672302246
random,134.0,1.0,2.0,-47.95790672302246
random,136.0,1.0,2.0,-47.95790672302246
random,137.0,1.0,2.0,-47.95790672302246
random,138.0,1.0,2.0,-4.795790672302246
random,140.0,1.0,2.0,-4.795790672302246
random,141.0,1.0,2.0,-4.795790672302246
random,142.0,1.0,2.0,-9.591581344604492
random,143.0,1.0,2.0,-9.591581344604492
random,144.0,1.0,2.0,-47.95790672302246
random,145.0,1.0,2.0,-4.795790672302246
random,146.0,1.0,2.0,-47.95790672302246
random,147.0,1.0,2.0,-47.95790672302246
random,148.0,1.0,2.0,-47.95790672302246
random,149.0,1.0,2.0,-28.774744033813477
random,151.0,1.0,2.0,-47.95790672302246
random,152.0,1.0,2.0,-47.95790672302246
random,153.0,1.0,2.0,-4.795790672302246
random,154.0,1.0,2.0,-47.95790672302246
random,155.0,1.0,2.0,-9.591581344604492
random,156.0,1.0,2.0,-47.95790672302246
random,157.0,1.0,2.0,-9.591581344604492
random,158.0,1.0,2.0,-9.591581344604492
random,159.0,1.0,2.0,-47.95790672302246
random,160.0,1.0,2.0,-23.97895336151123
random,161.0,1.0,2.0,-47.95790672302246
random,162.0,1.0,2.0,-4.795790672302246
random,163.0,1.0,2.0,-47.95790672302246
random,164.0,1.0,2.0,-47.95790672302246
random,166.0,1.0,2.0,-47.95790672302246
random,167.0,1.0,2.0,-47.95790672302246
random,170.0,1.0,2.0,-47.95790672302246
random,171.0,1.0,2.0,-14.387372016906738
random,172.0,1.0,2.0,-47.95790672302246
random,173.0,1.0,2.0,-47.95790672302246
random,174.0,1.0,2.0,-47.95790672302246
random,176.0,1.0,2.0,-47.95790672302246
random,177.0,1.0,2.0,-9.591581344604492
random,178.0,1.0,2.0,-4.795790672302246
random,180.0,1.0,2.0,-47.95790672302246
random,181.0,1.0,2.0,-47.95790672302246
random,182.0,1.0,2.0,-14.387372016906738
random,183.0,1.0,2.0,-47.95790672302246
random,184.0,1.0,2.0,-47.95790672302246
random,186.0,1.0,2.0,-4.795790672302246
random,187.0,1.0,2.0,-47.95790672302246
random,188.0,1.0,2.0,-9.591581344604492
random,190.0,1.0,2.0,-47.95790672302246
random,192.0,1.0,2.0,-47.95790672302246
random,193.0,1.0,2.0,-4.795790672302246
random,194.0,1.0,2.0,-4.795790672302246
random,196.0,1.0,2.0,-19.183162689208984
random,197.0,1.0,2.0,-47.95790672302246
random,198.0,1.0,2.0,-4.795790672302246
random,200.0,1.0,2.0,-4.795790672302246
random,201.0,1.0,2.0,-19.183162689208984
random,203.0,1.0,2.0,-47.95790672302246
random,204.0,1.0,2.0,-47.95790672302246
random,207.0,1.0,2.0,-47.95790672302246
random,208.0,1.0,2.0,-47.95790672302246
random,210.0,1.0,2.0,-47.95790672302246
random,211.0,1.0,2.0,-47.95790672302246
random,212.0,1.0,2.0,-47.95790672302246
random,213.0,1.0,2.0,-4.795790672302246
random,215.0,1.0,2.0,-4.795790672302246
random,216.0,1.0,2.0,-47.95790672302246
random,217.0,1.0,2.0,-38.36632537841797
random,221.0,1.0,2.0,-9.591581344604492
random,223.0,1.0,2.0,-4.795790672302246
random,224.0,1.0,2.0,-47.95790672302246
random,225.0,1.0,2.0,-47.95790672302246
random,226.0,1.0,2.0,-4.795790672302246
random,227.0,1.0,2.0,-47.95790672302246
random,228.0,1.0,2.0,-47.95790672302246
random,229.0,1.0,2.0,-9.591581344604492
random,230.0,1.0,2.0,-4.795790672302246
random,232.0,1.0,2.0,-47.95790672302246
random,233.0,1.0,2.0,-28.774744033813477
random,234.0,1.0,2.0,-47.95790672302246
random,235.0,1.0,2.0,-47.95790672302246
random,237.0,1.0,2.0,-4.795790672302246
random,238.0,1.0,2.0,-4.795790672302246
random,239.0,1.0,2.0,-47.95790672302246
random,240.0,1.0,2.0,-47.95790672302246
random,242.0,1.0,2.0,-47.95790672302246
random,243.0,1.0,2.0,-47.95790672302246
random,246.0,1.0,2.0,-9.591581344604492
random,247.0,1.0,2.0,-47.95790672302246
random,248.0,1.0,2.0,-4.795790672302246
random,249.0,1.0,2.0,-47.95790672302246
random,250.0,1.0,2.0,-47.95790672302246
random,251.0,1.0,2.0,-47.95790672302246
random,252.0,1.0,2.0,-47.95790672302246
random,253.0,1.0,2.0,-47.95790672302246
random,254.0,1.0,2.0,-47.95790672302246
random,255.0,1.0,2.0,-47.95790672302246
random,256.0,1.0,2.0,-23.97895336151123
random,257.0,1.0,2.0,-47.95790672302246
random,258.0,1.0,2.0,-4.795790672302246
random,260.0,1.0,2.0,-47.95790672302246
random,261.0,1.0,2.0,-9.591581344604492
random,262.0,1.0,2.0,-9.591581344604492
random,263.0,1.0,2.0,-47.95790672302246
random,265.0,1.0,2.0,-14.387372016906738
random,266.0,1.0,2.0,-4.795790672302246
random,269.0,1.0,2.0,-47.95790672302246
random,270.0,1.0,2.0,-4.795790672302246
random,271.0,1.0,2.0,-9.591581344604492
random,273.0,1.0,2.0,-47.95790672302246
random,274.0,1.0,2.0,-47.95790672302246
random,275.0,1.0,2.0,-47.95790672302246
random,278.0,1.0,2.0,-47.95790672302246
random,279.0,1.0,2.0,-47.95790672302246
random,280.0,1.0,2.0,-47.95790672302246
random,281.0,1.0,2.0,-23.97895336151123
random,282.0,1.0,2.0,-14.387372016906738
random,283.0,1.0,2.0,-4.795790672302246
random,284.0,1.0,2.0,-4.795790672302246
random,285.0,1.0,2.0,-4.795790672302246
random,286.0,1.0,2.0,-47.95790672302246
random,287.0,1.0,2.0,-47.95790672302246
random,288.0,1.0,2.0,-43.162116050720215
random,289.0,1.0,2.0,-47.95790672302246
random,291.0,1.0,2.0,-9.591581344604492
random,293.0,1.0,2.0,-4.795790672302246
random,294.0,1.0,2.0,-9.591581344604492
random,295.0,1.0,2.0,-47.95790672302246
random,296.0,1.0,2.0,-4.795790672302246
random,299.0,1.0,2.0,-47.95790672302246
ucb_lcb_n_baseline,1.0,1.0,3.0,-18.840591579675674
ucb_lcb_n_baseline,3.0,1.0,3.0,-36.41029644012451
ucb_lcb_n_baseline,5.0,1.0,3.0,-8.065724611282349
ucb_lcb_n_baseline,6.0,1.0,3.0,-9.21034049987793
ucb_lcb_n_baseline,9.0,1.0,3.0,-55.69790732860565
ucb_lcb_n_baseline,10.0,1.0,3.0,-48.14176321029663
ucb_lcb_n_baseline,11.0,1.0,3.0,-55.10999298095703
ucb_lcb_n_baseline,13.0,1.0,3.0,-7.445975303649902
ucb_lcb_n_baseline,15.0,1.0,3.0,-23.45946416258812
ucb_lcb_n_baseline,16.0,1.0,3.0,-4.655518054962158
ucb_lcb_n_baseline,17.0,1.0,3.0,-1.732107162475586
ucb_lcb_n_baseline,19.0,1.0,3.0,-9.21034049987793
ucb_lcb_n_baseline,20.0,1.0,3.0,-31.64034938812256
ucb_lcb_n_baseline,21.0,1.0,3.0,-10.40243148803711
ucb_lcb_n_baseline,22.0,1.0,3.0,-39.89057183265686
ucb_lcb_n_baseline,23.0,1.0,3.0,-9.21034049987793
ucb_lcb_n_baseline,24.0,1.0,3.0,-4.54205846786499
ucb_lcb_n_baseline,25.0,1.0,3.0,-47.10519242286682
ucb_lcb_n_baseline,26.0,1.0,3.0,-60.83415198326111
ucb_lcb_n_baseline,27.0,1.0,3.0,-49.73654943704605
ucb_lcb_n_baseline,28.0,1.0,3.0,-0.04991847323253751
ucb_lcb_n_baseline,29.0,1.0,3.0,-57.328025698661804
ucb_lcb_n_baseline,30.0,1.0,3.0,-5.092998504638672
ucb_lcb_n_baseline,31.0,1.0,3.0,-50.96438229084015
ucb_lcb_n_baseline,32.0,1.0,3.0,-4.998219013214111
ucb_lcb_n_baseline,33.0,1.0,3.0,-0.005164108995813876
ucb_lcb_n_baseline,34.0,1.0,3.0,-41.81156277656555
ucb_lcb_n_baseline,37.0,1.0,3.0,-3.3735127449035645
ucb_lcb_n_baseline,38.0,1.0,3.0,-0.7433898374438286
ucb_lcb_n_baseline,40.0,1.0,3.0,-40.22659516334534
ucb_lcb_n_baseline,41.0,1.0,3.0,-0.02884913212619722
ucb_lcb_n_baseline,42.0,1.0,3.0,-4.998447895050049
ucb_lcb_n_baseline,43.0,1.0,3.0,-60.56286811828613
ucb_lcb_n_baseline,44.0,1.0,3.0,-9.21034049987793
ucb_lcb_n_baseline,46.0,1.0,3.0,-37.21060252189636
ucb_lcb_n_baseline,50.0,1.0,3.0,-22.34324699640274
ucb_lcb_n_baseline,51.0,1.0,3.0,-58.02698826789856
ucb_lcb_n_baseline,52.0,1.0,3.0,-2.3792600631713867
ucb_lcb_n_baseline,53.0,1.0,3.0,-5.421236468479037
ucb_lcb_n_baseline,54.0,1.0,3.0,-41.65870404243469
ucb_lcb_n_baseline,55.0,1.0,3.0,-4.885498046875
ucb_lcb_n_baseline,56.0,1.0,3.0,-0.8528723120689392
ucb_lcb_n_baseline,57.0,1.0,3.0,-60.388631939888
ucb_lcb_n_baseline,59.0,1.0,3.0,-42.34761941432953
ucb_lcb_n_baseline,60.0,1.0,3.0,-20.412869036197662
ucb_lcb_n_baseline,61.0,1.0,3.0,-35.29418766498566
ucb_lcb_n_baseline,62.0,1.0,3.0,-32.36898276209831
ucb_lcb_n_baseline,64.0,1.0,3.0,-38.94470024108887
ucb_lcb_n_baseline,65.0,1.0,3.0,-5.5223708152771
ucb_lcb_n_baseline,67.0,1.0,3.0,-4.822402477264404
ucb_lcb_n_baseline,68.0,1.0,3.0,-30.199646949768066
ucb_lcb_n_baseline,69.0,1.0,3.0,-4.165571212768555
ucb_lcb_n_baseline,71.0,1.0,3.0,-37.94121992588043
ucb_lcb_n_baseline,73.0,1.0,3.0,-54.284568309783936
ucb_lcb_n_baseline,75.0,1.0,3.0,-0.0027393284253776073
ucb_lcb_n_baseline,76.0,1.0,3.0,-4.676395073533058
ucb_lcb_n_baseline,77.0,1.0,3.0,-9.21034049987793
ucb_lcb_n_baseline,80.0,1.0,3.0,-5.672210782766342
ucb_lcb_n_baseline,81.0,1.0,3.0,-8.641921997070312
ucb_lcb_n_baseline,82.0,1.0,3.0,-2.9350669384002686
ucb_lcb_n_baseline,83.0,1.0,3.0,-14.1961430311203
ucb_lcb_n_baseline,84.0,1.0,3.0,-3.938408613204956
ucb_lcb_n_baseline,85.0,1.0,3.0,-14.572622403502464
ucb_lcb_n_baseline,86.0,1.0,3.0,-3.7034735679626465
ucb_lcb_n_baseline,87.0,1.0,3.0,-4.532667636871338
ucb_lcb_n_baseline,89.0,1.0,3.0,-31.031266927719116
ucb_lcb_n_baseline,90.0,1.0,3.0,-58.36845803260803
ucb_lcb_n_baseline,95.0,1.0,3.0,-67.9149911403656
ucb_lcb_n_baseline,96.0,1.0,3.0,-5.019099712371826
ucb_lcb_n_baseline,97.0,1.0,3.0,-3.223250150680542
ucb_lcb_n_baseline,98.0,1.0,3.0,-62.05142939090729
ucb_lcb_n_baseline,102.0,1.0,3.0,-36.688353061676025
ucb_lcb_n_baseline,103.0,1.0,3.0,-37.848636746406555
ucb_lcb_n_baseline,104.0,1.0,3.0,-0.004216669272864237
ucb_lcb_n_baseline,105.0,1.0,3.0,-4.678240776062012
ucb_lcb_n_baseline,106.0,1.0,3.0,-8.49088054895401
ucb_lcb_n_baseline,108.0,1.0,3.0,-9.21034049987793
ucb_lcb_n_baseline,109.0,1.0,3.0,-66.49767541885376
ucb_lcb_n_baseline,110.0,1.0,3.0,-36.998976945877075
ucb_lcb_n_baseline,111.0,1.0,3.0,-7.004100680351257
ucb_lcb_n_baseline,112.0,1.0,3.0,-9.21034049987793
ucb_lcb_n_baseline,115.0,1.0,3.0,-36.65601724386215
ucb_lcb_n_baseline,116.0,1.0,3.0,-8.564091444015503
ucb_lcb_n_baseline,117.0,1.0,3.0,-46.439486503601074
ucb_lcb_n_baseline,119.0,1.0,3.0,-3.0238683819770813
ucb_lcb_n_baseline,120.0,1.0,3.0,-0.0799431880004704
ucb_lcb_n_baseline,122.0,1.0,3.0,-11.84144926071167
ucb_lcb_n_baseline,124.0,1.0,3.0,-16.15080253779888
ucb_lcb_n_baseline,125.0,1.0,3.0,-5.055360995233059
ucb_lcb_n_baseline,126.0,1.0,3.0,-26.906310200691223
ucb_lcb_n_baseline,131.0,1.0,3.0,-27.258577346801758
ucb_lcb_n_baseline,133.0,1.0,3.0,-51.057537317276
ucb_lcb_n_baseline,134.0,1.0,3.0,-12.893698334693909
ucb_lcb_n_baseline,136.0,1.0,3.0,-14.508348941802979
ucb_lcb_n_baseline,137.0,1.0,3.0,-4.845143795013428
ucb_lcb_n_baseline,138.0,1.0,3.0,-4.836615562438965
ucb_lcb_n_baseline,140.0,1.0,3.0,-23.55729389190674
ucb_lcb_n_baseline,141.0,1.0,3.0,-4.891220569610596
ucb_lcb_n_baseline,142.0,1.0,3.0,-2.982485294342041
ucb_lcb_n_baseline,143.0,1.0,3.0,-24.286709785461426
ucb_lcb_n_baseline,144.0,1.0,3.0,-40.649394512176514
ucb_lcb_n_baseline,145.0,1.0,3.0,-14.083065509796143
ucb_lcb_n_baseline,146.0,1.0,3.0,-27.35500478744507
ucb_lcb_n_baseline,147.0,1.0,3.0,-0.03833047999069095
ucb_lcb_n_baseline,148.0,1.0,3.0,-26.211070090532303
ucb_lcb_n_baseline,149.0,1.0,3.0,-63.04506039619446
ucb_lcb_n_baseline,151.0,1.0,3.0,-17.822794497013092
ucb_lcb_n_baseline,152.0,1.0,3.0,-3.270819216966629
ucb_lcb_n_baseline,153.0,1.0,3.0,-36.76282596588135
ucb_lcb_n_baseline,154.0,1.0,3.0,-15.230305671691895
ucb_lcb_n_baseline,155.0,1.0,3.0,-25.228864192962646
ucb_lcb_n_baseline,156.0,1.0,3.0,-27.121396780014038
ucb_lcb_n_baseline,157.0,1.0,3.0,-51.06098985671997
ucb_lcb_n_baseline,158.0,1.0,3.0,-17.082417488098145
ucb_lcb_n_baseline,159.0,1.0,3.0,-46.61043691635132
ucb_lcb_n_baseline,160.0,1.0,3.0,-5.13143265247345
ucb_lcb_n_baseline,161.0,1.0,3.0,-5.447155952453613
ucb_lcb_n_baseline,162.0,1.0,3.0,-40.864213690161705
ucb_lcb_n_baseline,163.0,1.0,3.0,-41.66919791698456
ucb_lcb_n_baseline,164.0,1.0,3.0,-46.19159543514252
ucb_lcb_n_baseline,166.0,1.0,3.0,-25.51134330034256
ucb_lcb_n_baseline,167.0,1.0,3.0,-64.8918160200119
ucb_lcb_n_baseline,170.0,1.0,3.0,-63.3084796667099
ucb_lcb_n_baseline,171.0,1.0,3.0,-0.006445824750699103
ucb_lcb_n_baseline,172.0,1.0,3.0,-11.605227947235107
ucb_lcb_n_baseline,173.0,1.0,3.0,-5.318330943584442
ucb_lcb_n_baseline,174.0,1.0,3.0,-9.372997883707285
ucb_lcb_n_baseline,176.0,1.0,3.0,-12.445870190858841
ucb_lcb_n_baseline,177.0,1.0,3.0,-5.922000408172607
ucb_lcb_n_baseline,178.0,1.0,3.0,-34.43518280982971
ucb_lcb_n_baseline,180.0,1.0,3.0,-34.283111453056335
ucb_lcb_n_baseline,181.0,1.0,3.0,-20.063482105731964
ucb_lcb_n_baseline,182.0,1.0,3.0,-44.83428597450256
ucb_lcb_n_baseline,183.0,1.0,3.0,-38.98987877368927
ucb_lcb_n_baseline,184.0,1.0,3.0,-4.910287857055664
ucb_lcb_n_baseline,186.0,1.0,3.0,-28.51321840286255
ucb_lcb_n_baseline,187.0,1.0,3.0,-13.631101131439209
ucb_lcb_n_baseline,188.0,1.0,3.0,-65.62112522125244
ucb_lcb_n_baseline,190.0,1.0,3.0,-0.44021906703710556
ucb_lcb_n_baseline,192.0,1.0,3.0,-27.766294598579407
ucb_lcb_n_baseline,193.0,1.0,3.0,-53.78306174278259
ucb_lcb_n_baseline,194.0,1.0,3.0,-11.577215671539307
ucb_lcb_n_baseline,196.0,1.0,3.0,-9.21034049987793
ucb_lcb_n_baseline,197.0,1.0,3.0,-33.92901563644409
ucb_lcb_n_baseline,198.0,1.0,3.0,-9.982508108019829
ucb_lcb_n_baseline,200.0,1.0,3.0,-46.923943281173706
ucb_lcb_n_baseline,201.0,1.0,3.0,-29.89683747291565
ucb_lcb_n_baseline,203.0,1.0,3.0,-35.188581228256226
ucb_lcb_n_baseline,204.0,1.0,3.0,-20.115519523620605
ucb_lcb_n_baseline,207.0,1.0,3.0,-4.79584264755249
ucb_lcb_n_baseline,208.0,1.0,3.0,-6.082465171813965
ucb_lcb_n_baseline,210.0,1.0,3.0,-16.107082962989807
ucb_lcb_n_baseline,211.0,1.0,3.0,-38.637237548828125
ucb_lcb_n_baseline,212.0,1.0,3.0,-57.36325025558472
ucb_lcb_n_baseline,213.0,1.0,3.0,-49.72997546195984
ucb_lcb_n_baseline,215.0,1.0,3.0,-4.166919231414795
ucb_lcb_n_baseline,216.0,1.0,3.0,-17.311692714691162
ucb_lcb_n_baseline,217.0,1.0,3.0,-60.960988871753216
ucb_lcb_n_baseline,221.0,1.0,3.0,-47.77223289012909
ucb_lcb_n_baseline,223.0,1.0,3.0,-4.736190617084503
ucb_lcb_n_baseline,224.0,1.0,3.0,-18.36784601211548
ucb_lcb_n_baseline,225.0,1.0,3.0,-54.2278214097023
ucb_lcb_n_baseline,226.0,1.0,3.0,-17.597506999969482
ucb_lcb_n_baseline,227.0,1.0,3.0,-7.876521110534668
ucb_lcb_n_baseline,228.0,1.0,3.0,-59.671465158462524
ucb_lcb_n_baseline,229.0,1.0,3.0,-11.456669330596924
ucb_lcb_n_baseline,230.0,1.0,3.0,-48.90488529205322
ucb_lcb_n_baseline,232.0,1.0,3.0,-2.0111766010522842
ucb_lcb_n_baseline,233.0,1.0,3.0,-10.412595748901367
ucb_lcb_n_baseline,234.0,1.0,3.0,-9.21034049987793
ucb_lcb_n_baseline,235.0,1.0,3.0,-18.93377995491028
ucb_lcb_n_baseline,237.0,1.0,3.0,-13.7905592918396
ucb_lcb_n_baseline,238.0,1.0,3.0,-0.5978501737117767
ucb_lcb_n_baseline,239.0,1.0,3.0,-24.512316301465034
ucb_lcb_n_baseline,240.0,1.0,3.0,-4.930878162384033
ucb_lcb_n_baseline,242.0,1.0,3.0,-17.928043767809868
ucb_lcb_n_baseline,243.0,1.0,3.0,-7.418058276176453
ucb_lcb_n_baseline,246.0,1.0,3.0,-8.08635175600648
ucb_lcb_n_baseline,247.0,1.0,3.0,-66.25526654720306
ucb_lcb_n_baseline,248.0,1.0,3.0,-3.3494677543640137
ucb_lcb_n_baseline,249.0,1.0,3.0,-21.462124705314636
ucb_lcb_n_baseline,250.0,1.0,3.0,-27.680963158607483
ucb_lcb_n_baseline,251.0,1.0,3.0,-28.793286085128784
ucb_lcb_n_baseline,252.0,1.0,3.0,-36.023955941200256
ucb_lcb_n_baseline,253.0,1.0,3.0,-38.78046536445618
ucb_lcb_n_baseline,254.0,1.0,3.0,-0.8806559890508652
ucb_lcb_n_baseline,255.0,1.0,3.0,-4.270256519317627
ucb_lcb_n_baseline,256.0,1.0,3.0,-46.5125777721405
ucb_lcb_n_baseline,257.0,1.0,3.0,-60.19211483001709
ucb_lcb_n_baseline,258.0,1.0,3.0,-25.699276566505432
ucb_lcb_n_baseline,260.0,1.0,3.0,-6.384804278612137
ucb_lcb_n_baseline,261.0,1.0,3.0,-4.840526103973389
ucb_lcb_n_baseline,262.0,1.0,3.0,-4.898967742919922
ucb_lcb_n_baseline,263.0,1.0,3.0,-66.5759494304657
ucb_lcb_n_baseline,265.0,1.0,3.0,-63.956297397613525
ucb_lcb_n_baseline,266.0,1.0,3.0,-4.874674320220947
ucb_lcb_n_baseline,269.0,1.0,3.0,-3.3423147201538086
ucb_lcb_n_baseline,270.0,1.0,3.0,-4.506000995635986
ucb_lcb_n_baseline,271.0,1.0,3.0,-11.621504783630371
ucb_lcb_n_baseline,273.0,1.0,3.0,-58.68726444244385
ucb_lcb_n_baseline,274.0,1.0,3.0,-32.81594768166542
ucb_lcb_n_baseline,275.0,1.0,3.0,-13.818535804748535
ucb_lcb_n_baseline,278.0,1.0,3.0,-1.747219368815422
ucb_lcb_n_baseline,279.0,1.0,3.0,-4.808299541473389
ucb_lcb_n_baseline,280.0,1.0,3.0,-48.620803117752075
ucb_lcb_n_baseline,281.0,1.0,3.0,-27.252047330141068
ucb_lcb_n_baseline,282.0,1.0,3.0,-58.93078136444092
ucb_lcb_n_baseline,283.0,1.0,3.0,-4.705583095550537
ucb_lcb_n_baseline,284.0,1.0,3.0,-9.21034049987793
ucb_lcb_n_baseline,285.0,1.0,3.0,-4.001626491546631
ucb_lcb_n_baseline,286.0,1.0,3.0,-55.51323413848877
ucb_lcb_n_baseline,287.0,1.0,3.0,-39.98363709449768
ucb_lcb_n_baseline,288.0,1.0,3.0,-47.658352732658386
ucb_lcb_n_baseline,289.0,1.0,3.0,-3.3137223161756992
ucb_lcb_n_baseline,291.0,1.0,3.0,-4.80386209487915
ucb_lcb_n_baseline,293.0,1.0,3.0,-31.97031879425049
ucb_lcb_n_baseline,294.0,1.0,3.0,-55.23164415359497
ucb_lcb_n_baseline,295.0,1.0,3.0,-66.39542555809021
ucb_lcb_n_baseline,296.0,1.0,3.0,-48.017043352127075
ucb_lcb_n_baseline,299.0,1.0,3.0,-11.268094062805176
random,1.0,1.0,3.0,-47.95790672302246
random,3.0,1.0,3.0,-23.97895336151123
random,5.0,1.0,3.0,-9.591581344604492
random,6.0,1.0,3.0,-4.795790672302246
random,9.0,1.0,3.0,-47.95790672302246
random,10.0,1.0,3.0,-47.95790672302246
random,11.0,1.0,3.0,-47.95790672302246
random,13.0,1.0,3.0,-4.795790672302246
random,15.0,1.0,3.0,-47.95790672302246
random,16.0,1.0,3.0,-4.795790672302246
random,17.0,1.0,3.0,-4.795790672302246
random,19.0,1.0,3.0,-4.795790672302246
random,20.0,1.0,3.0,-47.95790672302246
random,21.0,1.0,3.0,-9.591581344604492
random,22.0,1.0,3.0,-47.95790672302246
random,23.0,1.0,3.0,-4.795790672302246
random,24.0,1.0,3.0,-4.795790672302246
random,25.0,1.0,3.0,-47.95790672302246
random,26.0,1.0,3.0,-47.95790672302246
random,27.0,1.0,3.0,-47.95790672302246
random,28.0,1.0,3.0,-47.95790672302246
random,29.0,1.0,3.0,-47.95790672302246
random,30.0,1.0,3.0,-4.795790672302246
random,31.0,1.0,3.0,-43.162116050720215
random,32.0,1.0,3.0,-4.795790672302246
random,33.0,1.0,3.0,-47.95790672302246
random,34.0,1.0,3.0,-47.95790672302246
random,37.0,1.0,3.0,-9.591581344604492
random,38.0,1.0,3.0,-47.95790672302246
random,40.0,1.0,3.0,-38.36632537841797
random,41.0,1.0,3.0,-47.95790672302246
random,42.0,1.0,3.0,-4.795790672302246
random,43.0,1.0,3.0,-47.95790672302246
random,44.0,1.0,3.0,-4.795790672302246
random,46.0,1.0,3.0,-47.95790672302246
random,50.0,1.0,3.0,-47.95790672302246
random,51.0,1.0,3.0,-47.95790672302246
random,52.0,1.0,3.0,-4.795790672302246
random,53.0,1.0,3.0,-47.95790672302246
random,54.0,1.0,3.0,-47.95790672302246
random,55.0,1.0,3.0,-4.795790672302246
random,56.0,1.0,3.0,-47.95790672302246
random,57.0,1.0,3.0,-47.95790672302246
random,59.0,1.0,3.0,-47.95790672302246
random,60.0,1.0,3.0,-47.95790672302246
random,61.0,1.0,3.0,-47.95790672302246
random,62.0,1.0,3.0,-47.95790672302246
random,64.0,1.0,3.0,-47.95790672302246
random,65.0,1.0,3.0,-4.795790672302246
random,67.0,1.0,3.0,-4.795790672302246
random,68.0,1.0,3.0,-47.95790672302246
random,69.0,1.0,3.0,-4.795790672302246
random,71.0,1.0,3.0,-47.95790672302246
random,73.0,1.0,3.0,-47.95790672302246
random,75.0,1.0,3.0,-47.95790672302246
random,76.0,1.0,3.0,-47.95790672302246
random,77.0,1.0,3.0,-4.795790672302246
random,80.0,1.0,3.0,-47.95790672302246
random,81.0,1.0,3.0,-9.591581344604492
random,82.0,1.0,3.0,-4.795790672302246
random,83.0,1.0,3.0,-38.36632537841797
random,84.0,1.0,3.0,-4.795790672302246
random,85.0,1.0,3.0,-47.95790672302246
random,86.0,1.0,3.0,-4.795790672302246
random,87.0,1.0,3.0,-4.795790672302246
random,89.0,1.0,3.0,-28.774744033813477
random,90.0,1.0,3.0,-38.36632537841797
random,95.0,1.0,3.0,-47.95790672302246
random,96.0,1.0,3.0,-4.795790672302246
random,97.0,1.0,3.0,-4.795790672302246
random,98.0,1.0,3.0,-47.95790672302246
random,102.0,1.0,3.0,-47.95790672302246
random,103.0,1.0,3.0,-47.95790672302246
random,104.0,1.0,3.0,-47.95790672302246
random,105.0,1.0,3.0,-4.795790672302246
random,106.0,1.0,3.0,-47.95790672302246
random,108.0,1.0,3.0,-4.795790672302246
random,109.0,1.0,3.0,-47.95790672302246
random,110.0,1.0,3.0,-47.95790672302246
random,111.0,1.0,3.0,-9.591581344604492
random,112.0,1.0,3.0,-4.795790672302246
random,115.0,1.0,3.0,-47.95790672302246
random,116.0,1.0,3.0,-9.591581344604492
random,117.0,1.0,3.0,-47.95790672302246
random,119.0,1.0,3.0,-47.95790672302246
random,120.0,1.0,3.0,-47.95790672302246
random,122.0,1.0,3.0,-9.591581344604492
random,124.0,1.0,3.0,-47.95790672302246
random,125.0,1.0,3.0,-47.95790672302246
random,126.0,1.0,3.0,-47.95790672302246
random,131.0,1.0,3.0,-38.36632537841797
random,133.0,1.0,3.0,-47.95790672302246
random,134.0,1.0,3.0,-47.95790672302246
random,136.0,1.0,3.0,-9.591581344604492
random,137.0,1.0,3.0,-4.795790672302246
random,138.0,1.0,3.0,-4.795790672302246
random,140.0,1.0,3.0,-23.97895336151123
random,141.0,1.0,3.0,-4.795790672302246
random,142.0,1.0,3.0,-4.795790672302246
random,143.0,1.0,3.0,-19.183162689208984
random,144.0,1.0,3.0,-47.95790672302246
random,145.0,1.0,3.0,-9.591581344604492
random,146.0,1.0,3.0,-19.183162689208984
random,147.0,1.0,3.0,-47.95790672302246
random,148.0,1.0,3.0,-47.95790672302246
random,149.0,1.0,3.0,-47.95790672302246
random,151.0,1.0,3.0,-47.95790672302246
random,152.0,1.0,3.0,-47.95790672302246
random,153.0,1.0,3.0,-38.36632537841797
random,154.0,1.0,3.0,-14.387372016906738
random,155.0,1.0,3.0,-47.95790672302246
random,156.0,1.0,3.0,-28.774744033813477
random,157.0,1.0,3.0,-47.95790672302246
random,158.0,1.0,3.0,-14.387372016906738
random,159.0,1.0,3.0,-47.95790672302246
random,160.0,1.0,3.0,-9.591581344604492
random,161.0,1.0,3.0,-4.795790672302246
random,162.0,1.0,3.0,-47.95790672302246
random,163.0,1.0,3.0,-47.95790672302246
random,164.0,1.0,3.0,-47.95790672302246
random,166.0,1.0,3.0,-47.95790672302246
random,167.0,1.0,3.0,-47.95790672302246
random,170.0,1.0,3.0,-47.95790672302246
random,171.0,1.0,3.0,-47.95790672302246
random,172.0,1.0,3.0,-9.591581344604492
random,173.0,1.0,3.0,-47.95790672302246
random,174.0,1.0,3.0,-47.95790672302246
random,176.0,1.0,3.0,-47.95790672302246
random,177.0,1.0,3.0,-4.795790672302246
random,178.0,1.0,3.0,-47.95790672302246
random,180.0,1.0,3.0,-47.95790672302246
random,181.0,1.0,3.0,-47.95790672302246
random,182.0,1.0,3.0,-33.57053470611572
random,183.0,1.0,3.0,-47.95790672302246
random,184.0,1.0,3.0,-4.795790672302246
random,186.0,1.0,3.0,-47.95790672302246
random,187.0,1.0,3.0,-9.591581344604492
random,188.0,1.0,3.0,-47.95790672302246
random,190.0,1.0,3.0,-47.95790672302246
random,192.0,1.0,3.0,-38.36632537841797
random,193.0,1.0,3.0,-47.95790672302246
random,194.0,1.0,3.0,-9.591581344604492
random,196.0,1.0,3.0,-4.795790672302246
random,197.0,1.0,3.0,-47.95790672302246
random,198.0,1.0,3.0,-47.95790672302246
random,200.0,1.0,3.0,-43.162116050720215
random,201.0,1.0,3.0,-47.95790672302246
random,203.0,1.0,3.0,-47.95790672302246
random,204.0,1.0,3.0,-19.183162689208984
random,207.0,1.0,3.0,-4.795790672302246
random,208.0,1.0,3.0,-4.795790672302246
random,210.0,1.0,3.0,-47.95790672302246
random,211.0,1.0,3.0,-47.95790672302246
random,212.0,1.0,3.0,-47.95790672302246
random,213.0,1.0,3.0,-47.95790672302246
random,215.0,1.0,3.0,-4.795790672302246
random,216.0,1.0,3.0,-14.387372016906738
random,217.0,1.0,3.0,-47.95790672302246
random,221.0,1.0,3.0,-47.95790672302246
random,223.0,1.0,3.0,-47.95790672302246
random,224.0,1.0,3.0,-14.387372016906738
random,225.0,1.0,3.0,-47.95790672302246
random,226.0,1.0,3.0,-14.387372016906738
random,227.0,1.0,3.0,-4.795790672302246
random,228.0,1.0,3.0,-47.95790672302246
random,229.0,1.0,3.0,-19.183162689208984
random,230.0,1.0,3.0,-47.95790672302246
random,232.0,1.0,3.0,-47.95790672302246
random,233.0,1.0,3.0,-9.591581344604492
random,234.0,1.0,3.0,-4.795790672302246
random,235.0,1.0,3.0,-47.95790672302246
random,237.0,1.0,3.0,-19.183162689208984
random,238.0,1.0,3.0,-47.95790672302246
random,239.0,1.0,3.0,-47.95790672302246
random,240.0,1.0,3.0,-4.795790672302246
random,242.0,1.0,3.0,-47.95790672302246
random,243.0,1.0,3.0,-9.591581344604492
random,246.0,1.0,3.0,-9.591581344604492
random,247.0,1.0,3.0,-47.95790672302246
random,248.0,1.0,3.0,-4.795790672302246
random,249.0,1.0,3.0,-47.95790672302246
random,250.0,1.0,3.0,-47.95790672302246
random,251.0,1.0,3.0,-47.95790672302246
random,252.0,1.0,3.0,-47.95790672302246
random,253.0,1.0,3.0,-47.95790672302246
random,254.0,1.0,3.0,-47.95790672302246
random,255.0,1.0,3.0,-4.795790672302246
random,256.0,1.0,3.0,-38.36632537841797
random,257.0,1.0,3.0,-47.95790672302246
random,258.0,1.0,3.0,-38.36632537841797
random,260.0,1.0,3.0,-47.95790672302246
random,261.0,1.0,3.0,-4.795790672302246
random,262.0,1.0,3.0,-4.795790672302246
random,263.0,1.0,3.0,-47.95790672302246
random,265.0,1.0,3.0,-47.95790672302246
random,266.0,1.0,3.0,-4.795790672302246
random,269.0,1.0,3.0,-4.795790672302246
random,270.0,1.0,3.0,-4.795790672302246
random,271.0,1.0,3.0,-14.387372016906738
random,273.0,1.0,3.0,-47.95790672302246
random,274.0,1.0,3.0,-47.95790672302246
random,275.0,1.0,3.0,-47.95790672302246
random,278.0,1.0,3.0,-47.95790672302246
random,279.0,1.0,3.0,-4.795790672302246
random,280.0,1.0,3.0,-47.95790672302246
random,281.0,1.0,3.0,-47.95790672302246
random,282.0,1.0,3.0,-47.95790672302246
random,283.0,1.0,3.0,-4.795790672302246
random,284.0,1.0,3.0,-4.795790672302246
random,285.0,1.0,3.0,-4.795790672302246
random,286.0,1.0,3.0,-47.95790672302246
random,287.0,1.0,3.0,-47.95790672302246
random,288.0,1.0,3.0,-47.95790672302246
random,289.0,1.0,3.0,-47.95790672302246
random,291.0,1.0,3.0,-4.795790672302246
random,293.0,1.0,3.0,-47.95790672302246
random,294.0,1.0,3.0,-47.95790672302246
random,295.0,1.0,3.0,-47.95790672302246
random,296.0,1.0,3.0,-47.95790672302246
random,299.0,1.0,3.0,-9.591581344604492
ucb_lcb_n_baseline,1.0,1.0,4.0,-4.967869281768799
ucb_lcb_n_baseline,3.0,1.0,4.0,-4.821689128875732
ucb_lcb_n_baseline,5.0,1.0,4.0,-16.44960069656372
ucb_lcb_n_baseline,6.0,1.0,4.0,-9.21034049987793
ucb_lcb_n_baseline,9.0,1.0,4.0,-52.06424379348755
ucb_lcb_n_baseline,10.0,1.0,4.0,-49.55137252807617
ucb_lcb_n_baseline,11.0,1.0,4.0,-4.923144340515137
ucb_lcb_n_baseline,13.0,1.0,4.0,-38.03237521648407
ucb_lcb_n_baseline,15.0,1.0,4.0,-34.82184875011444
ucb_lcb_n_baseline,16.0,1.0,4.0,-56.38329231739044
ucb_lcb_n_baseline,17.0,1.0,4.0,-22.71857762336731
ucb_lcb_n_baseline,19.0,1.0,4.0,-14.2052001953125
ucb_lcb_n_baseline,20.0,1.0,4.0,-48.43379783630371
ucb_lcb_n_baseline,21.0,1.0,4.0,-40.789241552352905
ucb_lcb_n_baseline,22.0,1.0,4.0,-22.159098148345947
ucb_lcb_n_baseline,23.0,1.0,4.0,-51.26398420333862
ucb_lcb_n_baseline,24.0,1.0,4.0,-31.859943628311157
ucb_lcb_n_baseline,25.0,1.0,4.0,-44.66992628574371
ucb_lcb_n_baseline,26.0,1.0,4.0,-59.71241903305054
ucb_lcb_n_baseline,27.0,1.0,4.0,-5.166525840759277
ucb_lcb_n_baseline,28.0,1.0,4.0,-0.004137363430345431
ucb_lcb_n_baseline,29.0,1.0,4.0,-12.57420539855957
ucb_lcb_n_baseline,30.0,1.0,4.0,-23.52917918562889
ucb_lcb_n_baseline,31.0,1.0,4.0,-9.21034049987793
ucb_lcb_n_baseline,32.0,1.0,4.0,-27.257596731185913
ucb_lcb_n_baseline,33.0,1.0,4.0,-16.665467262268066
ucb_lcb_n_baseline,34.0,1.0,4.0,-4.921584606170654
ucb_lcb_n_baseline,37.0,1.0,4.0,-7.178186237812042
ucb_lcb_n_baseline,38.0,1.0,4.0,-1.8442699164152145
ucb_lcb_n_baseline,40.0,1.0,4.0,-8.582989692687988
ucb_lcb_n_baseline,41.0,1.0,4.0,-0.012601338326931
ucb_lcb_n_baseline,42.0,1.0,4.0,-8.21806812286377
ucb_lcb_n_baseline,43.0,1.0,4.0,-14.113934516906738
ucb_lcb_n_baseline,44.0,1.0,4.0,-15.209141492843628
ucb_lcb_n_baseline,46.0,1.0,4.0,-4.876499176025391
ucb_lcb_n_baseline,50.0,1.0,4.0,-27.906972765922546
ucb_lcb_n_baseline,51.0,1.0,4.0,-58.807573080062866
ucb_lcb_n_baseline,52.0,1.0,4.0,-71.65816497802734
ucb_lcb_n_baseline,53.0,1.0,4.0,-18.51384472846985
ucb_lcb_n_baseline,54.0,1.0,4.0,-7.272959232330322
ucb_lcb_n_baseline,55.0,1.0,4.0,-53.2468204498291
ucb_lcb_n_baseline,56.0,1.0,4.0,-0.27848577685654163
ucb_lcb_n_baseline,57.0,1.0,4.0,-56.9287748336792
ucb_lcb_n_baseline,59.0,1.0,4.0,-18.29278391599655
ucb_lcb_n_baseline,60.0,1.0,4.0,-21.678423523902893
ucb_lcb_n_baseline,61.0,1.0,4.0,-26.82335539162159
ucb_lcb_n_baseline,62.0,1.0,4.0,-6.6841477900743484
ucb_lcb_n_baseline,64.0,1.0,4.0,-31.93858015537262
ucb_lcb_n_baseline,65.0,1.0,4.0,-4.268834590911865
ucb_lcb_n_baseline,67.0,1.0,4.0,-34.07558536529541
ucb_lcb_n_baseline,68.0,1.0,4.0,-27.240101099014282
ucb_lcb_n_baseline,69.0,1.0,4.0,-32.917967796325684
ucb_lcb_n_baseline,71.0,1.0,4.0,-16.775196075439453
ucb_lcb_n_baseline,73.0,1.0,4.0,-65.11434030532837
ucb_lcb_n_baseline,75.0,1.0,4.0,-0.004359480371931568
ucb_lcb_n_baseline,76.0,1.0,4.0,-0.789828784763813
ucb_lcb_n_baseline,77.0,1.0,4.0,-52.45633316040039
ucb_lcb_n_baseline,80.0,1.0,4.0,-13.920957803726196
ucb_lcb_n_baseline,81.0,1.0,4.0,-28.505156755447388
ucb_lcb_n_baseline,82.0,1.0,4.0,-44.449509382247925
ucb_lcb_n_baseline,83.0,1.0,4.0,-19.45178246498108
ucb_lcb_n_baseline,84.0,1.0,4.0,-17.674764215946198
ucb_lcb_n_baseline,85.0,1.0,4.0,-2.086204409599304
ucb_lcb_n_baseline,86.0,1.0,4.0,-38.463032960891724
ucb_lcb_n_baseline,87.0,1.0,4.0,-5.852472305297852
ucb_lcb_n_baseline,89.0,1.0,4.0,-23.43331813812256
ucb_lcb_n_baseline,90.0,1.0,4.0,-14.729354858398438
ucb_lcb_n_baseline,95.0,1.0,4.0,-14.030329704284668
ucb_lcb_n_baseline,96.0,1.0,4.0,-24.620147943496704
ucb_lcb_n_baseline,97.0,1.0,4.0,-12.689054489135742
ucb_lcb_n_baseline,98.0,1.0,4.0,-57.44567894935608
ucb_lcb_n_baseline,102.0,1.0,4.0,-4.876540660858154
ucb_lcb_n_baseline,103.0,1.0,4.0,-9.820485591888428
ucb_lcb_n_baseline,104.0,1.0,4.0,-0.017104775412008166
ucb_lcb_n_baseline,105.0,1.0,4.0,-4.818995475769043
ucb_lcb_n_baseline,106.0,1.0,4.0,-19.30737280845642
ucb_lcb_n_baseline,108.0,1.0,4.0,-3.640049457550049
ucb_lcb_n_baseline,109.0,1.0,4.0,-35.80423331260681
ucb_lcb_n_baseline,110.0,1.0,4.0,-12.282303810119629
ucb_lcb_n_baseline,111.0,1.0,4.0,-10.517976440489292
ucb_lcb_n_baseline,112.0,1.0,4.0,-45.91370630264282
ucb_lcb_n_baseline,115.0,1.0,4.0,-48.92285180091858
ucb_lcb_n_baseline,116.0,1.0,4.0,-32.38275647163391
ucb_lcb_n_baseline,117.0,1.0,4.0,-6.146854877471924
ucb_lcb_n_baseline,119.0,1.0,4.0,-12.300907373428345
ucb_lcb_n_baseline,120.0,1.0,4.0,-0.09655895829200745
ucb_lcb_n_baseline,122.0,1.0,4.0,-47.15525460243225
ucb_lcb_n_baseline,124.0,1.0,4.0,-47.19806197285652
ucb_lcb_n_baseline,125.0,1.0,4.0,-5.213362693786621
ucb_lcb_n_baseline,126.0,1.0,4.0,-30.698999404907227
ucb_lcb_n_baseline,131.0,1.0,4.0,-34.48283410072327
ucb_lcb_n_baseline,133.0,1.0,4.0,-69.53499394655228
ucb_lcb_n_baseline,134.0,1.0,4.0,-15.765800714492798
ucb_lcb_n_baseline,136.0,1.0,4.0,-8.423003196716309
ucb_lcb_n_baseline,137.0,1.0,4.0,-37.68723011016846
ucb_lcb_n_baseline,138.0,1.0,4.0,-50.74882888793945
ucb_lcb_n_baseline,140.0,1.0,4.0,-7.6333301067352295
ucb_lcb_n_baseline,141.0,1.0,4.0,-4.409008979797363
ucb_lcb_n_baseline,142.0,1.0,4.0,-19.75520896911621
ucb_lcb_n_baseline,143.0,1.0,4.0,-5.901120066642761
ucb_lcb_n_baseline,144.0,1.0,4.0,-33.54977387189865
ucb_lcb_n_baseline,145.0,1.0,4.0,-5.26201868057251
ucb_lcb_n_baseline,146.0,1.0,4.0,-9.21034049987793
ucb_lcb_n_baseline,147.0,1.0,4.0,-0.07194590708240867
ucb_lcb_n_baseline,148.0,1.0,4.0,-18.217508792877197
ucb_lcb_n_baseline,149.0,1.0,4.0,-20.40431237220764
ucb_lcb_n_baseline,151.0,1.0,4.0,-20.17493224143982
ucb_lcb_n_baseline,152.0,1.0,4.0,-6.591043829917908
ucb_lcb_n_baseline,153.0,1.0,4.0,-7.34976053237915
ucb_lcb_n_baseline,154.0,1.0,4.0,-15.854864001274109
ucb_lcb_n_baseline,155.0,1.0,4.0,-8.815348625183105
ucb_lcb_n_baseline,156.0,1.0,4.0,-42.1903430223465
ucb_lcb_n_baseline,157.0,1.0,4.0,-41.24417543411255
ucb_lcb_n_baseline,158.0,1.0,4.0,-45.85064512491226
ucb_lcb_n_baseline,159.0,1.0,4.0,-4.921531677246094
ucb_lcb_n_baseline,160.0,1.0,4.0,-26.64033079147339
ucb_lcb_n_baseline,161.0,1.0,4.0,-44.04098153114319
ucb_lcb_n_baseline,162.0,1.0,4.0,-48.551674365997314
ucb_lcb_n_baseline,163.0,1.0,4.0,-43.5303413271904
ucb_lcb_n_baseline,164.0,1.0,4.0,-3.6812429428100586
ucb_lcb_n_baseline,166.0,1.0,4.0,-10.098199844360352
ucb_lcb_n_baseline,167.0,1.0,4.0,-4.983985900878906
ucb_lcb_n_baseline,170.0,1.0,4.0,-69.42182993888855
ucb_lcb_n_baseline,171.0,1.0,4.0,-0.006788430851884186
ucb_lcb_n_baseline,172.0,1.0,4.0,-12.266366958618164
ucb_lcb_n_baseline,173.0,1.0,4.0,-17.148436963558197
ucb_lcb_n_baseline,174.0,1.0,4.0,-4.394875735044479
ucb_lcb_n_baseline,176.0,1.0,4.0,-4.018661022186279
ucb_lcb_n_baseline,177.0,1.0,4.0,-43.122730135917664
ucb_lcb_n_baseline,178.0,1.0,4.0,-4.837606430053711
ucb_lcb_n_baseline,180.0,1.0,4.0,-22.688916563987732
ucb_lcb_n_baseline,181.0,1.0,4.0,-8.105228662490845
ucb_lcb_n_baseline,182.0,1.0,4.0,-59.71609878540039
ucb_lcb_n_baseline,183.0,1.0,4.0,-6.559494495391846
ucb_lcb_n_baseline,184.0,1.0,4.0,-10.17186450958252
ucb_lcb_n_baseline,186.0,1.0,4.0,-13.855185627937317
ucb_lcb_n_baseline,187.0,1.0,4.0,-50.89220058917999
ucb_lcb_n_baseline,188.0,1.0,4.0,-53.2402765750885
ucb_lcb_n_baseline,190.0,1.0,4.0,-0.07711696904152632
ucb_lcb_n_baseline,192.0,1.0,4.0,-6.353248834609985
ucb_lcb_n_baseline,193.0,1.0,4.0,-37.22205996513367
ucb_lcb_n_baseline,194.0,1.0,4.0,-14.523093938827515
ucb_lcb_n_baseline,196.0,1.0,4.0,-9.21034049987793
ucb_lcb_n_baseline,197.0,1.0,4.0,-25.032055854797363
ucb_lcb_n_baseline,198.0,1.0,4.0,-0.8600082248449326
ucb_lcb_n_baseline,200.0,1.0,4.0,-38.84870362281799
ucb_lcb_n_baseline,201.0,1.0,4.0,-4.960992813110352
ucb_lcb_n_baseline,203.0,1.0,4.0,-41.3624382019043
ucb_lcb_n_baseline,204.0,1.0,4.0,-19.055777072906494
ucb_lcb_n_baseline,207.0,1.0,4.0,-60.14986705780029
ucb_lcb_n_baseline,208.0,1.0,4.0,-38.09142291545868
ucb_lcb_n_baseline,210.0,1.0,4.0,-22.703981637954712
ucb_lcb_n_baseline,211.0,1.0,4.0,-59.29525804519653
ucb_lcb_n_baseline,212.0,1.0,4.0,-4.867072105407715
ucb_lcb_n_baseline,213.0,1.0,4.0,-3.081845760345459
ucb_lcb_n_baseline,215.0,1.0,4.0,-60.064778089523315
ucb_lcb_n_baseline,216.0,1.0,4.0,-38.11043083667755
ucb_lcb_n_baseline,217.0,1.0,4.0,-9.21034049987793
ucb_lcb_n_baseline,221.0,1.0,4.0,-56.47425502538681
ucb_lcb_n_baseline,223.0,1.0,4.0,-0.2442394234240055
ucb_lcb_n_baseline,224.0,1.0,4.0,-9.21034049987793
ucb_lcb_n_baseline,225.0,1.0,4.0,-7.037112712860107
ucb_lcb_n_baseline,226.0,1.0,4.0,-25.51493775844574
ucb_lcb_n_baseline,227.0,1.0,4.0,-1.0787578448653221
ucb_lcb_n_baseline,228.0,1.0,4.0,-9.21034049987793
ucb_lcb_n_baseline,229.0,1.0,4.0,-12.371667265892029
ucb_lcb_n_baseline,230.0,1.0,4.0,-43.900794982910156
ucb_lcb_n_baseline,232.0,1.0,4.0,-0.08128859847784042
ucb_lcb_n_baseline,233.0,1.0,4.0,-6.1548871994018555
ucb_lcb_n_baseline,234.0,1.0,4.0,-47.8996844291687
ucb_lcb_n_baseline,235.0,1.0,4.0,-13.611577369272709
ucb_lcb_n_baseline,237.0,1.0,4.0,-6.556741237640381
ucb_lcb_n_baseline,238.0,1.0,4.0,-17.008262157440186
ucb_lcb_n_baseline,239.0,1.0,4.0,-8.49007174372673
ucb_lcb_n_baseline,240.0,1.0,4.0,-11.609170734882355
ucb_lcb_n_baseline,242.0,1.0,4.0,-0.048204236663877964
ucb_lcb_n_baseline,243.0,1.0,4.0,-5.3430304527282715
ucb_lcb_n_baseline,246.0,1.0,4.0,-0.49827132746577263
ucb_lcb_n_baseline,247.0,1.0,4.0,-67.34426069259644
ucb_lcb_n_baseline,248.0,1.0,4.0,-8.477120399475098
ucb_lcb_n_baseline,249.0,1.0,4.0,-6.604684829711914
ucb_lcb_n_baseline,250.0,1.0,4.0,-30.924256682395935
ucb_lcb_n_baseline,251.0,1.0,4.0,-4.676704406738281
ucb_lcb_n_baseline,252.0,1.0,4.0,-3.7467453479766846
ucb_lcb_n_baseline,253.0,1.0,4.0,-20.47212314605713
ucb_lcb_n_baseline,254.0,1.0,4.0,-7.313355475664139
ucb_lcb_n_baseline,255.0,1.0,4.0,-23.722259998321533
ucb_lcb_n_baseline,256.0,1.0,4.0,-4.965691566467285
ucb_lcb_n_baseline,257.0,1.0,4.0,-9.21034049987793
ucb_lcb_n_baseline,258.0,1.0,4.0,-33.90408515930176
ucb_lcb_n_baseline,260.0,1.0,4.0,-19.17522966861725
ucb_lcb_n_baseline,261.0,1.0,4.0,-11.03157901763916
ucb_lcb_n_baseline,262.0,1.0,4.0,-10.968449831008911
ucb_lcb_n_baseline,263.0,1.0,4.0,-57.54133856296539
ucb_lcb_n_baseline,265.0,1.0,4.0,-50.03672111034393
ucb_lcb_n_baseline,266.0,1.0,4.0,-6.715824127197266
ucb_lcb_n_baseline,269.0,1.0,4.0,-69.68786060810089
ucb_lcb_n_baseline,270.0,1.0,4.0,-27.14210033416748
ucb_lcb_n_baseline,271.0,1.0,4.0,-64.21206188201904
ucb_lcb_n_baseline,273.0,1.0,4.0,-60.440149545669556
ucb_lcb_n_baseline,274.0,1.0,4.0,-9.384785652160645
ucb_lcb_n_baseline,275.0,1.0,4.0,-4.074268817901611
ucb_lcb_n_baseline,278.0,1.0,4.0,-7.532728627324104
ucb_lcb_n_baseline,279.0,1.0,4.0,-9.869884490966797
ucb_lcb_n_baseline,280.0,1.0,4.0,-10.013213634490967
ucb_lcb_n_baseline,281.0,1.0,4.0,-6.463050842285156
ucb_lcb_n_baseline,282.0,1.0,4.0,-60.44250154495239
ucb_lcb_n_baseline,283.0,1.0,4.0,-91.84007358551025
ucb_lcb_n_baseline,284.0,1.0,4.0,-70.86816072463989
ucb_lcb_n_baseline,285.0,1.0,4.0,-31.936468839645386
ucb_lcb_n_baseline,286.0,1.0,4.0,-46.554033637046814
ucb_lcb_n_baseline,287.0,1.0,4.0,-73.41087996959686
ucb_lcb_n_baseline,288.0,1.0,4.0,-52.95662987232208
ucb_lcb_n_baseline,289.0,1.0,4.0,-1.090209037065506
ucb_lcb_n_baseline,291.0,1.0,4.0,-8.442941665649414
ucb_lcb_n_baseline,293.0,1.0,4.0,-15.056847035884857
ucb_lcb_n_baseline,294.0,1.0,4.0,-64.25148463249207
ucb_lcb_n_baseline,295.0,1.0,4.0,-67.2791600227356
ucb_lcb_n_baseline,296.0,1.0,4.0,-54.06985700130463
ucb_lcb_n_baseline,299.0,1.0,4.0,-35.79112935066223
random,1.0,1.0,4.0,-4.795790672302246
random,3.0,1.0,4.0,-4.795790672302246
random,5.0,1.0,4.0,-14.387372016906738
random,6.0,1.0,4.0,-4.795790672302246
random,9.0,1.0,4.0,-47.95790672302246
random,10.0,1.0,4.0,-47.95790672302246
random,11.0,1.0,4.0,-4.795790672302246
random,13.0,1.0,4.0,-47.95790672302246
random,15.0,1.0,4.0,-47.95790672302246
random,16.0,1.0,4.0,-47.95790672302246
random,17.0,1.0,4.0,-47.95790672302246
random,19.0,1.0,4.0,-14.387372016906738
random,20.0,1.0,4.0,-47.95790672302246
random,21.0,1.0,4.0,-47.95790672302246
random,22.0,1.0,4.0,-14.387372016906738
random,23.0,1.0,4.0,-47.95790672302246
random,24.0,1.0,4.0,-47.95790672302246
random,25.0,1.0,4.0,-38.36632537841797
random,26.0,1.0,4.0,-47.95790672302246
random,27.0,1.0,4.0,-4.795790672302246
random,28.0,1.0,4.0,-47.95790672302246
random,29.0,1.0,4.0,-9.591581344604492
random,30.0,1.0,4.0,-47.95790672302246
random,31.0,1.0,4.0,-4.795790672302246
random,32.0,1.0,4.0,-19.183162689208984
random,33.0,1.0,4.0,-47.95790672302246
random,34.0,1.0,4.0,-4.795790672302246
random,37.0,1.0,4.0,-47.95790672302246
random,38.0,1.0,4.0,-47.95790672302246
random,40.0,1.0,4.0,-4.795790672302246
random,41.0,1.0,4.0,-47.95790672302246
random,42.0,1.0,4.0,-9.591581344604492
random,43.0,1.0,4.0,-9.591581344604492
random,44.0,1.0,4.0,-14.387372016906738
random,46.0,1.0,4.0,-4.795790672302246
random,50.0,1.0,4.0,-43.162116050720215
random,51.0,1.0,4.0,-47.95790672302246
random,52.0,1.0,4.0,-47.95790672302246
random,53.0,1.0,4.0,-47.95790672302246
random,54.0,1.0,4.0,-4.795790672302246
random,55.0,1.0,4.0,-47.95790672302246
random,56.0,1.0,4.0,-47.95790672302246
random,57.0,1.0,4.0,-47.95790672302246
random,59.0,1.0,4.0,-47.95790672302246
random,60.0,1.0,4.0,-47.95790672302246
random,61.0,1.0,4.0,-47.95790672302246
random,62.0,1.0,4.0,-14.387372016906738
random,64.0,1.0,4.0,-47.95790672302246
random,65.0,1.0,4.0,-4.795790672302246
random,67.0,1.0,4.0,-47.95790672302246
random,68.0,1.0,4.0,-47.95790672302246
random,69.0,1.0,4.0,-47.95790672302246
random,71.0,1.0,4.0,-9.591581344604492
random,73.0,1.0,4.0,-47.95790672302246
random,75.0,1.0,4.0,-47.95790672302246
random,76.0,1.0,4.0,-47.95790672302246
random,77.0,1.0,4.0,-47.95790672302246
random,80.0,1.0,4.0,-47.95790672302246
random,81.0,1.0,4.0,-47.95790672302246
random,82.0,1.0,4.0,-28.774744033813477
random,83.0,1.0,4.0,-47.95790672302246
random,84.0,1.0,4.0,-47.95790672302246
random,85.0,1.0,4.0,-47.95790672302246
random,86.0,1.0,4.0,-47.95790672302246
random,87.0,1.0,4.0,-4.795790672302246
random,89.0,1.0,4.0,-23.97895336151123
random,90.0,1.0,4.0,-9.591581344604492
random,95.0,1.0,4.0,-9.591581344604492
random,96.0,1.0,4.0,-19.183162689208984
random,97.0,1.0,4.0,-9.591581344604492
random,98.0,1.0,4.0,-47.95790672302246
random,102.0,1.0,4.0,-4.795790672302246
random,103.0,1.0,4.0,-9.591581344604492
random,104.0,1.0,4.0,-47.95790672302246
random,105.0,1.0,4.0,-4.795790672302246
random,106.0,1.0,4.0,-38.36632537841797
random,108.0,1.0,4.0,-4.795790672302246
random,109.0,1.0,4.0,-23.97895336151123
random,110.0,1.0,4.0,-9.591581344604492
random,111.0,1.0,4.0,-14.387372016906738
random,112.0,1.0,4.0,-47.95790672302246
random,115.0,1.0,4.0,-47.95790672302246
random,116.0,1.0,4.0,-47.95790672302246
random,117.0,1.0,4.0,-9.591581344604492
random,119.0,1.0,4.0,-19.183162689208984
random,120.0,1.0,4.0,-4.795790672302246
random,122.0,1.0,4.0,-47.95790672302246
random,124.0,1.0,4.0,-47.95790672302246
random,125.0,1.0,4.0,-4.795790672302246
random,126.0,1.0,4.0,-38.36632537841797
random,131.0,1.0,4.0,-43.162116050720215
random,133.0,1.0,4.0,-47.95790672302246
random,134.0,1.0,4.0,-14.387372016906738
random,136.0,1.0,4.0,-4.795790672302246
random,137.0,1.0,4.0,-47.95790672302246
random,138.0,1.0,4.0,-47.95790672302246
random,140.0,1.0,4.0,-9.591581344604492
random,141.0,1.0,4.0,-4.795790672302246
random,142.0,1.0,4.0,-19.183162689208984
random,143.0,1.0,4.0,-9.591581344604492
random,144.0,1.0,4.0,-47.95790672302246
random,145.0,1.0,4.0,-4.795790672302246
random,146.0,1.0,4.0,-4.795790672302246
random,147.0,1.0,4.0,-47.95790672302246
random,148.0,1.0,4.0,-47.95790672302246
random,149.0,1.0,4.0,-19.183162689208984
random,151.0,1.0,4.0,-47.95790672302246
random,152.0,1.0,4.0,-47.95790672302246
random,153.0,1.0,4.0,-4.795790672302246
random,154.0,1.0,4.0,-47.95790672302246
random,155.0,1.0,4.0,-9.591581344604492
random,156.0,1.0,4.0,-47.95790672302246
random,157.0,1.0,4.0,-38.36632537841797
random,158.0,1.0,4.0,-47.95790672302246
random,159.0,1.0,4.0,-4.795790672302246
random,160.0,1.0,4.0,-47.95790672302246
random,161.0,1.0,4.0,-47.95790672302246
random,162.0,1.0,4.0,-33.57053470611572
random,163.0,1.0,4.0,-47.95790672302246
random,164.0,1.0,4.0,-4.795790672302246
random,166.0,1.0,4.0,-9.591581344604492
random,167.0,1.0,4.0,-4.795790672302246
random,170.0,1.0,4.0,-47.95790672302246
random,171.0,1.0,4.0,-47.95790672302246
random,172.0,1.0,4.0,-14.387372016906738
random,173.0,1.0,4.0,-47.95790672302246
random,174.0,1.0,4.0,-47.95790672302246
random,176.0,1.0,4.0,-4.795790672302246
random,177.0,1.0,4.0,-47.95790672302246
random,178.0,1.0,4.0,-4.795790672302246
random,180.0,1.0,4.0,-47.95790672302246
random,181.0,1.0,4.0,-9.591581344604492
random,182.0,1.0,4.0,-47.95790672302246
random,183.0,1.0,4.0,-4.795790672302246
random,184.0,1.0,4.0,-9.591581344604492
random,186.0,1.0,4.0,-23.97895336151123
random,187.0,1.0,4.0,-47.95790672302246
random,188.0,1.0,4.0,-47.95790672302246
random,190.0,1.0,4.0,-47.95790672302246
random,192.0,1.0,4.0,-9.591581344604492
random,193.0,1.0,4.0,-28.774744033813477
random,194.0,1.0,4.0,-14.387372016906738
random,196.0,1.0,4.0,-4.795790672302246
random,197.0,1.0,4.0,-28.774744033813477
random,198.0,1.0,4.0,-47.95790672302246
random,200.0,1.0,4.0,-47.95790672302246
random,201.0,1.0,4.0,-4.795790672302246
random,203.0,1.0,4.0,-47.95790672302246
random,204.0,1.0,4.0,-23.97895336151123
random,207.0,1.0,4.0,-47.95790672302246
random,208.0,1.0,4.0,-47.95790672302246
random,210.0,1.0,4.0,-47.95790672302246
random,211.0,1.0,4.0,-47.95790672302246
random,212.0,1.0,4.0,-4.795790672302246
random,213.0,1.0,4.0,-4.795790672302246
random,215.0,1.0,4.0,-47.95790672302246
random,216.0,1.0,4.0,-47.95790672302246
random,217.0,1.0,4.0,-4.795790672302246
random,221.0,1.0,4.0,-47.95790672302246
random,223.0,1.0,4.0,-47.95790672302246
random,224.0,1.0,4.0,-4.795790672302246
random,225.0,1.0,4.0,-4.795790672302246
random,226.0,1.0,4.0,-47.95790672302246
random,227.0,1.0,4.0,-47.95790672302246
random,228.0,1.0,4.0,-4.795790672302246
random,229.0,1.0,4.0,-19.183162689208984
random,230.0,1.0,4.0,-38.36632537841797
random,232.0,1.0,4.0,-47.95790672302246
random,233.0,1.0,4.0,-4.795790672302246
random,234.0,1.0,4.0,-47.95790672302246
random,235.0,1.0,4.0,-47.95790672302246
random,237.0,1.0,4.0,-4.795790672302246
random,238.0,1.0,4.0,-47.95790672302246
random,239.0,1.0,4.0,-47.95790672302246
random,240.0,1.0,4.0,-47.95790672302246
random,242.0,1.0,4.0,-47.95790672302246
random,243.0,1.0,4.0,-4.795790672302246
random,246.0,1.0,4.0,-47.95790672302246
random,247.0,1.0,4.0,-47.95790672302246
random,248.0,1.0,4.0,-4.795790672302246
random,249.0,1.0,4.0,-4.795790672302246
random,250.0,1.0,4.0,-47.95790672302246
random,251.0,1.0,4.0,-4.795790672302246
random,252.0,1.0,4.0,-4.795790672302246
random,253.0,1.0,4.0,-14.387372016906738
random,254.0,1.0,4.0,-14.387372016906738
random,255.0,1.0,4.0,-47.95790672302246
random,256.0,1.0,4.0,-4.795790672302246
random,257.0,1.0,4.0,-4.795790672302246
random,258.0,1.0,4.0,-47.95790672302246
random,260.0,1.0,4.0,-47.95790672302246
random,261.0,1.0,4.0,-9.591581344604492
random,262.0,1.0,4.0,-19.183162689208984
random,263.0,1.0,4.0,-47.95790672302246
random,265.0,1.0,4.0,-47.95790672302246
random,266.0,1.0,4.0,-4.795790672302246
random,269.0,1.0,4.0,-47.95790672302246
random,270.0,1.0,4.0,-19.183162689208984
random,271.0,1.0,4.0,-43.162116050720215
random,273.0,1.0,4.0,-47.95790672302246
random,274.0,1.0,4.0,-47.95790672302246
random,275.0,1.0,4.0,-4.795790672302246
random,278.0,1.0,4.0,-9.591581344604492
random,279.0,1.0,4.0,-9.591581344604492
random,280.0,1.0,4.0,-9.591581344604492
random,281.0,1.0,4.0,-9.591581344604492
random,282.0,1.0,4.0,-47.95790672302246
random,283.0,1.0,4.0,-47.95790672302246
random,284.0,1.0,4.0,-47.95790672302246
random,285.0,1.0,4.0,-47.95790672302246
random,286.0,1.0,4.0,-47.95790672302246
random,287.0,1.0,4.0,-47.95790672302246
random,288.0,1.0,4.0,-47.95790672302246
random,289.0,1.0,4.0,-14.387372016906738
random,291.0,1.0,4.0,-4.795790672302246
random,293.0,1.0,4.0,-47.95790672302246
random,294.0,1.0,4.0,-47.95790672302246
random,295.0,1.0,4.0,-47.95790672302246
random,296.0,1.0,4.0,-47.95790672302246
random,299.0,1.0,4.0,-47.95790672302246
