model,ID,kraken_present,cv_fold,logp
ucb_lcb_n,1.0,0.0,0.0,-26.943227134644985
ucb_lcb_n,2.0,0.0,0.0,-52.66675651073456
ucb_lcb_n,3.0,0.0,0.0,-12.071723461151123
ucb_lcb_n,4.0,0.0,0.0,-48.105626821517944
ucb_lcb_n,5.0,0.0,0.0,-29.567879736423492
ucb_lcb_n,6.0,0.0,0.0,-26.034875869750977
ucb_lcb_n,7.0,0.0,0.0,-17.33957502245903
ucb_lcb_n,8.0,0.0,0.0,-18.34748175740242
ucb_lcb_n,9.0,0.0,0.0,-25.48914697021246
ucb_lcb_n,10.0,0.0,0.0,0.0
ucb_lcb_n,11.0,0.0,0.0,-23.568417325615883
ucb_lcb_n,12.0,0.0,0.0,-49.83802056312561
ucb_lcb_n,13.0,0.0,0.0,-22.738405108451843
ucb_lcb_n,14.0,0.0,0.0,-19.37100338935852
ucb_lcb_n,15.0,0.0,0.0,-88.42959499359131
ucb_lcb_n,16.0,0.0,0.0,-47.316728591918945
ucb_lcb_n,17.0,0.0,0.0,-13.974254466593266
ucb_lcb_n,18.0,0.0,0.0,-37.291887521743774
ucb_lcb_n,19.0,0.0,0.0,-24.82774293422699
ucb_lcb_n,20.0,0.0,0.0,-44.18541795015335
ucb_lcb_n,21.0,0.0,0.0,-36.03478479385376
ucb_lcb_n,22.0,0.0,0.0,-38.541183054447174
ucb_lcb_n,23.0,0.0,0.0,-49.44513773918152
ucb_lcb_n,24.0,0.0,0.0,-16.13901299238205
ucb_lcb_n,25.0,0.0,0.0,-48.722173511981964
ucb_lcb_n,26.0,0.0,0.0,-48.89430332183838
ucb_lcb_n,27.0,0.0,0.0,-41.80334997177124
ucb_lcb_n,28.0,0.0,0.0,-13.776002705097198
ucb_lcb_n,29.0,0.0,0.0,-30.499547600746155
ucb_lcb_n,30.0,0.0,0.0,-42.633108988404274
ucb_lcb_n,32.0,0.0,0.0,-16.89994704723358
ucb_lcb_n,33.0,0.0,0.0,-47.68113875389099
ucb_lcb_n,34.0,0.0,0.0,-13.216950297355652
ucb_lcb_n,35.0,0.0,0.0,-1.7361952662467957
ucb_lcb_n,36.0,0.0,0.0,-36.35454839468002
ucb_lcb_n,37.0,0.0,0.0,-14.73397571220994
ucb_lcb_n,38.0,0.0,0.0,-1.4329506903886795
ucb_lcb_n,39.0,0.0,0.0,-27.137904047966003
ucb_lcb_n,40.0,0.0,0.0,-16.37397449463606
ucb_lcb_n,41.0,0.0,0.0,-33.26799166202545
ucb_lcb_n,42.0,0.0,0.0,-27.405357480049133
ucb_lcb_n,43.0,0.0,0.0,-37.64792039990425
ucb_lcb_n,45.0,0.0,0.0,-65.81359720230103
ucb_lcb_n,46.0,0.0,0.0,-12.390951573848724
ucb_lcb_n,47.0,0.0,0.0,-34.731769025325775
ucb_lcb_n,48.0,0.0,0.0,-36.36890089511871
ucb_lcb_n,49.0,0.0,0.0,-41.25417137145996
ucb_lcb_n,50.0,0.0,0.0,-21.50731299817562
ucb_lcb_n,51.0,0.0,0.0,-43.81985092163086
ucb_lcb_n,52.0,0.0,0.0,-18.853373527526855
ucb_lcb_n,53.0,0.0,0.0,-29.992689967155457
ucb_lcb_n,54.0,0.0,0.0,0.0
ucb_lcb_n,55.0,0.0,0.0,-65.49760437011719
ucb_lcb_n,56.0,0.0,0.0,-24.498161412775517
ucb_lcb_n,58.0,0.0,0.0,-41.08901762962341
ucb_lcb_n,59.0,0.0,0.0,-44.819583773612976
ucb_lcb_n,60.0,0.0,0.0,-36.009842455387115
ucb_lcb_n,61.0,0.0,0.0,-26.49460470676422
ucb_lcb_n,64.0,0.0,0.0,-36.814337491989136
ucb_lcb_n,65.0,0.0,0.0,-22.795376539230347
ucb_lcb_n,66.0,0.0,0.0,-31.119323074817657
ucb_lcb_n,67.0,0.0,0.0,-13.289921938441694
ucb_lcb_n,68.0,0.0,0.0,-32.72204875946045
ucb_lcb_n,69.0,0.0,0.0,-21.565210163593292
ucb_lcb_n,70.0,0.0,0.0,-38.43233513832092
ucb_lcb_n,71.0,0.0,0.0,-27.12946182489395
ucb_lcb_n,72.0,0.0,0.0,-24.82444727420807
ucb_lcb_n,73.0,0.0,0.0,-32.48797953128815
ucb_lcb_n,74.0,0.0,0.0,-54.16299021244049
ucb_lcb_n,75.0,0.0,0.0,-29.532126665115356
ucb_lcb_n,76.0,0.0,0.0,-14.15098924934864
ucb_lcb_n,77.0,0.0,0.0,-24.915592670440674
ucb_lcb_n,78.0,0.0,0.0,-32.224711418151855
ucb_lcb_n,79.0,0.0,0.0,-35.11836123466492
ucb_lcb_n,80.0,0.0,0.0,-30.20008647441864
ucb_lcb_n,81.0,0.0,0.0,-28.607823967933655
ucb_lcb_n,82.0,0.0,0.0,-41.16020953655243
ucb_lcb_n,83.0,0.0,0.0,-23.994414441287518
ucb_lcb_n,84.0,0.0,0.0,-6.672550842165947
ucb_lcb_n,85.0,0.0,0.0,-28.314407646656036
ucb_lcb_n,87.0,0.0,0.0,-23.710418105125427
ucb_lcb_n,88.0,0.0,0.0,-34.92450165748596
ucb_lcb_n,89.0,0.0,0.0,-26.7075914144516
ucb_lcb_n,90.0,0.0,0.0,-43.992087602615356
ucb_lcb_n,91.0,0.0,0.0,-44.44217658042908
ucb_lcb_n,92.0,0.0,0.0,-43.578933238983154
ucb_lcb_n,93.0,0.0,0.0,-20.958684265613556
ucb_lcb_n,94.0,0.0,0.0,-32.80208373069763
ucb_lcb_n,95.0,0.0,0.0,-21.57188030332327
ucb_lcb_n,96.0,0.0,0.0,-21.466028451919556
ucb_lcb_n,98.0,0.0,0.0,-63.9278901219368
ucb_lcb_n,99.0,0.0,0.0,-18.859001025557518
ucb_lcb_n,101.0,0.0,0.0,-24.148169219493866
ucb_lcb_n,102.0,0.0,0.0,-31.913180232048035
ucb_lcb_n,103.0,0.0,0.0,-29.155210375785828
ucb_lcb_n,104.0,0.0,0.0,-38.2570595741272
ucb_lcb_n,105.0,0.0,0.0,-61.799623012542725
ucb_lcb_n,106.0,0.0,0.0,-26.61357545852661
ucb_lcb_n,107.0,0.0,0.0,-18.620482444763184
ucb_lcb_n,108.0,0.0,0.0,-41.60961103439331
ucb_lcb_n,109.0,0.0,0.0,-17.535419076681137
ucb_lcb_n,111.0,0.0,0.0,-42.61874544620514
ucb_lcb_n,112.0,0.0,0.0,-28.080758571624756
ucb_lcb_n,113.0,0.0,0.0,-38.45516884326935
ucb_lcb_n,114.0,0.0,0.0,-57.08942770957947
ucb_lcb_n,115.0,0.0,0.0,-24.646605968475342
ucb_lcb_n,116.0,0.0,0.0,-26.011714220046997
ucb_lcb_n,117.0,0.0,0.0,-35.282039165496826
ucb_lcb_n,118.0,0.0,0.0,-16.854885086417198
ucb_lcb_n,119.0,0.0,0.0,-26.48894214630127
ucb_lcb_n,120.0,0.0,0.0,-22.772618860006332
ucb_lcb_n,121.0,0.0,0.0,-34.577109575271606
ucb_lcb_n,122.0,0.0,0.0,-26.421125024557114
ucb_lcb_n,123.0,0.0,0.0,-30.42124342918396
ucb_lcb_n,124.0,0.0,0.0,-43.87168025970459
ucb_lcb_n,125.0,0.0,0.0,-65.54389214515686
ucb_lcb_n,126.0,0.0,0.0,-14.669947311282158
ucb_lcb_n,128.0,0.0,0.0,-18.06253081560135
ucb_lcb_n,130.0,0.0,0.0,-35.229795932769775
ucb_lcb_n,131.0,0.0,0.0,-26.66661784797907
ucb_lcb_n,132.0,0.0,0.0,-30.523733481764793
ucb_lcb_n,133.0,0.0,0.0,-36.69788956642151
ucb_lcb_n,134.0,0.0,0.0,-34.23786126077175
ucb_lcb_n,135.0,0.0,0.0,-26.691482663154602
ucb_lcb_n,136.0,0.0,0.0,-23.95111393928528
ucb_lcb_n,137.0,0.0,0.0,-34.76551675796509
ucb_lcb_n,138.0,0.0,0.0,-44.96087098121643
ucb_lcb_n,139.0,0.0,0.0,-38.78839373588562
ucb_lcb_n,140.0,0.0,0.0,-42.34820890426636
ucb_lcb_n,141.0,0.0,0.0,-38.57465097308159
ucb_lcb_n,142.0,0.0,0.0,-34.29508846998215
ucb_lcb_n,143.0,0.0,0.0,-59.22789120674133
ucb_lcb_n,144.0,0.0,0.0,-30.58690655231476
ucb_lcb_n,145.0,0.0,0.0,-37.9375239610672
ucb_lcb_n,146.0,0.0,0.0,-31.30274388194084
ucb_lcb_n,147.0,0.0,0.0,-30.854100942611694
ucb_lcb_n,148.0,0.0,0.0,-28.668747901916504
ucb_lcb_n,149.0,0.0,0.0,-38.187827825546265
ucb_lcb_n,150.0,0.0,0.0,-38.68863034248352
ucb_lcb_n,151.0,0.0,0.0,-34.17503380775452
ucb_lcb_n,152.0,0.0,0.0,-30.65896761417389
ucb_lcb_n,153.0,0.0,0.0,-13.723742336034775
ucb_lcb_n,154.0,0.0,0.0,-25.327638745307922
ucb_lcb_n,155.0,0.0,0.0,-33.36449754238129
ucb_lcb_n,156.0,0.0,0.0,-21.019228022545576
ucb_lcb_n,158.0,0.0,0.0,-45.188620924949646
ucb_lcb_n,159.0,0.0,0.0,-35.03711652755737
ucb_lcb_n,160.0,0.0,0.0,-16.309634745121002
ucb_lcb_n,161.0,0.0,0.0,-20.67505770921707
ucb_lcb_n,162.0,0.0,0.0,-26.205384492874146
ucb_lcb_n,163.0,0.0,0.0,-47.51134967803955
ucb_lcb_n,165.0,0.0,0.0,-41.52715992927551
ucb_lcb_n,166.0,0.0,0.0,-30.57492697238922
ucb_lcb_n,167.0,0.0,0.0,-36.858153343200684
ucb_lcb_n,168.0,0.0,0.0,-29.398226141929626
ucb_lcb_n,169.0,0.0,0.0,-17.945864990353584
ucb_lcb_n,170.0,0.0,0.0,-37.34046745300293
ucb_lcb_n,171.0,0.0,0.0,-40.32808434963226
ucb_lcb_n,172.0,0.0,0.0,-39.543914794921875
ucb_lcb_n,173.0,0.0,0.0,-46.960264921188354
ucb_lcb_n,174.0,0.0,0.0,-40.34093403816223
ucb_lcb_n,175.0,0.0,0.0,-21.93451178073883
ucb_lcb_n,176.0,0.0,0.0,-46.09096574783325
ucb_lcb_n,177.0,0.0,0.0,-15.203985080122948
ucb_lcb_n,178.0,0.0,0.0,-39.74880814552307
ucb_lcb_n,179.0,0.0,0.0,-17.950268805027008
ucb_lcb_n,180.0,0.0,0.0,-30.37253373861313
ucb_lcb_n,181.0,0.0,0.0,-35.79240679740906
ucb_lcb_n,182.0,0.0,0.0,-23.99251353740692
ucb_lcb_n,183.0,0.0,0.0,-31.08005976676941
ucb_lcb_n,185.0,0.0,0.0,-32.69407445192337
ucb_lcb_n,186.0,0.0,0.0,-18.38429866731167
ucb_lcb_n,187.0,0.0,0.0,-31.894115805625916
ucb_lcb_n,188.0,0.0,0.0,-28.423999428749084
ucb_lcb_n,190.0,0.0,0.0,-34.1395742893219
ucb_lcb_n,191.0,0.0,0.0,-16.97097671031952
ucb_lcb_n,192.0,0.0,0.0,-20.19345450401306
ucb_lcb_n,193.0,0.0,0.0,-41.231242179870605
ucb_lcb_n,195.0,0.0,0.0,-22.472881566733122
ucb_lcb_n,196.0,0.0,0.0,-29.21308508515358
ucb_lcb_n,197.0,0.0,0.0,-17.374334037303925
ucb_lcb_n,198.0,0.0,0.0,-39.177791982889175
ucb_lcb_n,199.0,0.0,0.0,-41.514538049697876
ucb_lcb_n,200.0,0.0,0.0,-24.538821771740913
ucb_lcb_n,201.0,0.0,0.0,-30.366151809692383
ucb_lcb_n,202.0,0.0,0.0,-8.930081397294998
ucb_lcb_n,203.0,0.0,0.0,-16.283108845353127
ucb_lcb_n,204.0,0.0,0.0,-43.78802824020386
ucb_lcb_n,205.0,0.0,0.0,-22.973696917295456
ucb_lcb_n,206.0,0.0,0.0,-41.128398180007935
ucb_lcb_n,207.0,0.0,0.0,-35.76360222697258
ucb_lcb_n,208.0,0.0,0.0,-30.18983292579651
ucb_lcb_n,209.0,0.0,0.0,-47.758671283721924
ucb_lcb_n,210.0,0.0,0.0,-37.602120101451874
ucb_lcb_n,211.0,0.0,0.0,-46.3300975561142
ucb_lcb_n,212.0,0.0,0.0,-31.149966597557068
ucb_lcb_n,213.0,0.0,0.0,-16.96241283416748
ucb_lcb_n,214.0,0.0,0.0,-60.23201298713684
ucb_lcb_n,215.0,0.0,0.0,-20.013922225683928
ucb_lcb_n,216.0,0.0,0.0,-25.463629722595215
ucb_lcb_n,217.0,0.0,0.0,-38.0236359834671
ucb_lcb_n,218.0,0.0,0.0,-30.643856078386307
ucb_lcb_n,219.0,0.0,0.0,-10.14386123418808
ucb_lcb_n,220.0,0.0,0.0,-31.412477612495422
ucb_lcb_n,221.0,0.0,0.0,-15.95163807272911
ucb_lcb_n,222.0,0.0,0.0,-51.1587273478508
ucb_lcb_n,223.0,0.0,0.0,-14.116704732179642
ucb_lcb_n,224.0,0.0,0.0,-52.4184353351593
ucb_lcb_n,225.0,0.0,0.0,-56.17618417739868
ucb_lcb_n,226.0,0.0,0.0,-34.713157296180725
ucb_lcb_n,227.0,0.0,0.0,-40.58816409111023
ucb_lcb_n,228.0,0.0,0.0,-36.62715697288513
ucb_lcb_n,229.0,0.0,0.0,-0.0010002159251598641
ucb_lcb_n,230.0,0.0,0.0,-42.66489553451538
ucb_lcb_n,231.0,0.0,0.0,-37.93091034889221
ucb_lcb_n,232.0,0.0,0.0,-24.514039874076843
ucb_lcb_n,233.0,0.0,0.0,-40.2794479355216
ucb_lcb_n,234.0,0.0,0.0,-76.80346584320068
ucb_lcb_n,236.0,0.0,0.0,-33.45129656791687
ucb_lcb_n,237.0,0.0,0.0,-28.185674488544464
ucb_lcb_n,239.0,0.0,0.0,-48.52492642402649
ucb_lcb_n,240.0,0.0,0.0,-17.104418635368347
ucb_lcb_n,241.0,0.0,0.0,-23.352656483650208
ucb_lcb_n,242.0,0.0,0.0,-19.023527562618256
ucb_lcb_n,243.0,0.0,0.0,-40.38714301586151
ucb_lcb_n,244.0,0.0,0.0,-26.53047513961792
ucb_lcb_n,245.0,0.0,0.0,-19.648790806531906
ucb_lcb_n,246.0,0.0,0.0,-16.642991214990616
ucb_lcb_n,247.0,0.0,0.0,-37.78575770556927
ucb_lcb_n,248.0,0.0,0.0,-30.19383215904236
ucb_lcb_n,249.0,0.0,0.0,-33.834707617759705
ucb_lcb_n,250.0,0.0,0.0,-45.347769260406494
ucb_lcb_n,252.0,0.0,0.0,-18.01173096895218
ucb_lcb_n,253.0,0.0,0.0,-38.88012933731079
ucb_lcb_n,254.0,0.0,0.0,-31.660082399845123
ucb_lcb_n,255.0,0.0,0.0,-33.68164825439453
ucb_lcb_n,257.0,0.0,0.0,-33.942062854766846
ucb_lcb_n,258.0,0.0,0.0,-32.08054208755493
ucb_lcb_n,259.0,0.0,0.0,-35.20375919342041
ucb_lcb_n,260.0,0.0,0.0,-35.27499222755432
ucb_lcb_n,261.0,0.0,0.0,0.0
ucb_lcb_n,262.0,0.0,0.0,-52.62600575387478
ucb_lcb_n,263.0,0.0,0.0,-21.225208640098572
ucb_lcb_n,264.0,0.0,0.0,-53.11317014694214
ucb_lcb_n,266.0,0.0,0.0,-42.30040442943573
ucb_lcb_n,267.0,0.0,0.0,-11.647657111287117
ucb_lcb_n,268.0,0.0,0.0,-45.98118604719639
ucb_lcb_n,269.0,0.0,0.0,-38.371408343315125
ucb_lcb_n,270.0,0.0,0.0,-15.23290941119194
ucb_lcb_n,271.0,0.0,0.0,-26.323508620262146
ucb_lcb_n,272.0,0.0,0.0,-12.63534315675497
ucb_lcb_n,273.0,0.0,0.0,-16.760193526744843
ucb_lcb_n,274.0,0.0,0.0,-31.066774129867554
ucb_lcb_n,275.0,0.0,0.0,-27.076932802796364
ucb_lcb_n,276.0,0.0,0.0,-31.803468108177185
ucb_lcb_n,277.0,0.0,0.0,-32.934394418261945
ucb_lcb_n,278.0,0.0,0.0,-46.09932255744934
ucb_lcb_n,279.0,0.0,0.0,-18.438831388950348
ucb_lcb_n,280.0,0.0,0.0,-23.833938628435135
ucb_lcb_n,282.0,0.0,0.0,-20.342141836881638
ucb_lcb_n,283.0,0.0,0.0,-29.01800549030304
ucb_lcb_n,284.0,0.0,0.0,-23.094916194677353
ucb_lcb_n,285.0,0.0,0.0,-25.576589345932007
ucb_lcb_n,286.0,0.0,0.0,-35.7010543346405
ucb_lcb_n,287.0,0.0,0.0,-44.36256778240204
ucb_lcb_n,288.0,0.0,0.0,-48.51517724990845
ucb_lcb_n,289.0,0.0,0.0,-10.422725893557072
ucb_lcb_n,290.0,0.0,0.0,-35.64741861820221
ucb_lcb_n,291.0,0.0,0.0,-58.73622488975525
ucb_lcb_n,292.0,0.0,0.0,-28.28830051422119
ucb_lcb_n,293.0,0.0,0.0,-31.50651216506958
ucb_lcb_n,294.0,0.0,0.0,-33.71729600429535
ucb_lcb_n,295.0,0.0,0.0,-45.870004177093506
ucb_lcb_n,296.0,0.0,0.0,-11.80743220448494
ucb_lcb_n,297.0,0.0,0.0,-6.027212096378207
ucb_lcb_n,298.0,0.0,0.0,-32.48238244652748
ucb_lcb_n,299.0,0.0,0.0,-33.15791070461273
ucb_lcb_n,300.0,0.0,0.0,-36.83806335926056
ucb_lcb_n,301.0,0.0,0.0,-18.139106452465057
ucb_lcb_n,302.0,0.0,0.0,-53.63338124752045
ucb_lcb_n,303.0,0.0,0.0,-31.470160126686096
ucb_lcb_n,304.0,0.0,0.0,-19.30104088783264
ucb_lcb_n,305.0,0.0,0.0,-29.39332628250122
ucb_lcb_n,306.0,0.0,0.0,-40.6498646736145
ucb_lcb_n,307.0,0.0,0.0,-25.85227856040001
ucb_lcb_n,308.0,0.0,0.0,-32.56871521472931
ucb_lcb_n,309.0,0.0,0.0,-15.127630114555359
ucb_lcb_n,310.0,0.0,0.0,-37.585009694099426
ucb_lcb_n,311.0,0.0,0.0,-39.99689221382141
ucb_lcb_n,312.0,0.0,0.0,-24.32847833633423
ucb_lcb_n,313.0,0.0,0.0,-24.744488537311554
ucb_lcb_n,314.0,0.0,0.0,-39.0556640625
ucb_lcb_n,315.0,0.0,0.0,-31.223668813705444
ucb_lcb_n,316.0,0.0,0.0,-18.362248063087463
ucb_lcb_n,317.0,0.0,0.0,-52.82798457145691
ucb_lcb_n,318.0,0.0,0.0,-27.36966347694397
ucb_lcb_n,319.0,0.0,0.0,-15.158185541629791
ucb_lcb_n,320.0,0.0,0.0,-17.85113237146288
ucb_lcb_n,321.0,0.0,0.0,-36.53227162361145
ucb_lcb_n,322.0,0.0,0.0,-10.498800426721573
ucb_lcb_n,323.0,0.0,0.0,-21.88325595855713
ucb_lcb_n,324.0,0.0,0.0,-21.210558973252773
ucb_lcb_n,325.0,0.0,0.0,-27.359566032886505
ucb_lcb_n,326.0,0.0,0.0,-28.026738941669464
ucb_lcb_n,327.0,0.0,0.0,-17.799507915973663
ucb_lcb_n,328.0,0.0,0.0,-78.64861154556274
ucb_lcb_n,329.0,0.0,0.0,-26.06769847869873
ucb_lcb_n,330.0,0.0,0.0,-19.514155447483063
ucb_lcb_n,331.0,0.0,0.0,-47.817625522613525
ucb_lcb_n,332.0,0.0,0.0,-45.80996632575989
ucb_lcb_n,333.0,0.0,0.0,-14.334781765937805
ucb_lcb_n,334.0,0.0,0.0,-33.624512791633606
ucb_lcb_n,336.0,0.0,0.0,-6.923164248466492
ucb_lcb_n,337.0,0.0,0.0,-27.423123478889465
ucb_lcb_n,338.0,0.0,0.0,-42.75298190116882
ucb_lcb_n,340.0,0.0,0.0,-13.543393641710281
ucb_lcb_n,341.0,0.0,0.0,-19.346539080142975
ucb_lcb_n,342.0,0.0,0.0,-31.353065013885498
ucb_lcb_n,343.0,0.0,0.0,-35.15096093714237
ucb_lcb_n,344.0,0.0,0.0,-13.82484913431108
ucb_lcb_n,346.0,0.0,0.0,-42.42403435707092
ucb_lcb_n,347.0,0.0,0.0,-31.557834297418594
ucb_lcb_n,348.0,0.0,0.0,-34.49262356758118
ucb_lcb_n,350.0,0.0,0.0,-21.26649808883667
ucb_lcb_n,351.0,0.0,0.0,-30.357189297676086
ucb_lcb_n,352.0,0.0,0.0,-33.25221937894821
ucb_lcb_n,353.0,0.0,0.0,-49.21867763996124
ucb_lcb_n,354.0,0.0,0.0,0.0
ucb_lcb_n,355.0,0.0,0.0,-52.89613103866577
ucb_lcb_n,356.0,0.0,0.0,-13.06174886226654
ucb_lcb_n,357.0,0.0,0.0,-17.780817925930023
ucb_lcb_n,358.0,0.0,0.0,-21.1705604493618
ucb_lcb_n,359.0,0.0,0.0,-34.67181694507599
ucb_lcb_n,361.0,0.0,0.0,-22.55725085735321
ucb_lcb_n,362.0,0.0,0.0,-24.057159662246704
ucb_lcb_n,363.0,0.0,0.0,-17.746498942375183
ucb_lcb_n,364.0,0.0,0.0,-71.86076402664185
ucb_lcb_n,365.0,0.0,0.0,-30.90195119380951
ucb_lcb_n,367.0,0.0,0.0,-19.926218047738075
ucb_lcb_n,368.0,0.0,0.0,-39.204205214977264
ucb_lcb_n,369.0,0.0,0.0,-28.573805570602417
ucb_lcb_n,371.0,0.0,0.0,-29.709882259368896
ucb_lcb_n,372.0,0.0,0.0,-44.89595675468445
ucb_lcb_n,373.0,0.0,0.0,-36.75833177566528
ucb_lcb_n,374.0,0.0,0.0,-59.53436017036438
ucb_lcb_n,375.0,0.0,0.0,-46.3123836517334
ucb_lcb_n,376.0,0.0,0.0,-19.385380029678345
ucb_lcb_n,377.0,0.0,0.0,-24.36775928735733
ucb_lcb_n,378.0,0.0,0.0,-51.807405948638916
ucb_lcb_n,379.0,0.0,0.0,-32.9614075422287
ucb_lcb_n,380.0,0.0,0.0,-25.786102950572968
ucb_lcb_n,381.0,0.0,0.0,-30.583396911621094
ucb_lcb_n,382.0,0.0,0.0,-48.43063402175903
ucb_lcb_n,383.0,0.0,0.0,-0.004731886030640453
ucb_lcb_n,384.0,0.0,0.0,-30.07494568824768
ucb_lcb_n,385.0,0.0,0.0,-15.610026180744171
ucb_lcb_n,386.0,0.0,0.0,-39.68656849861145
ucb_lcb_n,387.0,0.0,0.0,-40.04923605918884
ucb_lcb_n,388.0,0.0,0.0,-17.55910873413086
ucb_lcb_n,389.0,0.0,0.0,-34.757325410842896
ucb_lcb_n,390.0,0.0,0.0,-38.98377013206482
ucb_lcb_n,391.0,0.0,0.0,-14.635165601968765
ucb_lcb_n,392.0,0.0,0.0,-27.368005633354187
ucb_lcb_n,393.0,0.0,0.0,-32.16635048389435
ucb_lcb_n,394.0,0.0,0.0,-24.215957939624786
ucb_lcb_n,395.0,0.0,0.0,-25.756314128637314
ucb_lcb_n,396.0,0.0,0.0,-51.730446100234985
ucb_lcb_n,397.0,0.0,0.0,-20.324914932250977
ucb_lcb_n,398.0,0.0,0.0,-22.09881615638733
ucb_lcb_n,399.0,0.0,0.0,-33.83720564842224
ucb_lcb_n,400.0,0.0,0.0,-32.02976632118225
ucb_lcb_n,401.0,0.0,0.0,-30.642831206321716
ucb_lcb_n,402.0,0.0,0.0,-23.499978065490723
ucb_lcb_n,403.0,0.0,0.0,-36.51990449428558
ucb_lcb_n,404.0,0.0,0.0,-11.35015545412898
ucb_lcb_n,405.0,0.0,0.0,-13.827938243746758
ucb_lcb_n,407.0,0.0,0.0,-69.0012674331665
ucb_lcb_n,408.0,0.0,0.0,-25.835529327392578
ucb_lcb_n,409.0,0.0,0.0,-8.430009573698044
ucb_lcb_n,410.0,0.0,0.0,-30.777759313583374
ucb_lcb_n,412.0,0.0,0.0,-40.25796639919281
ucb_lcb_n,413.0,0.0,0.0,-36.16629385948181
ucb_lcb_n,414.0,0.0,0.0,-27.88715323805809
ucb_lcb_n,415.0,0.0,0.0,-25.50174307823181
ucb_lcb_n,416.0,0.0,0.0,-50.57675385475159
ucb_lcb_n,417.0,0.0,0.0,-41.476954221725464
ucb_lcb_n,418.0,0.0,0.0,-40.20310127735138
ucb_lcb_n,419.0,0.0,0.0,-47.6911244392395
ucb_lcb_n,420.0,0.0,0.0,-30.13613998889923
ucb_lcb_n,421.0,0.0,0.0,-19.678725123405457
ucb_lcb_n,422.0,0.0,0.0,-19.30413645505905
ucb_lcb_n,424.0,0.0,0.0,0.0
ucb_lcb_n,425.0,0.0,0.0,-29.618169009685516
ucb_lcb_n,426.0,0.0,0.0,-51.65287733078003
ucb_lcb_n,428.0,0.0,0.0,-31.284757137298584
ucb_lcb_n,429.0,0.0,0.0,-22.90031225979328
ucb_lcb_n,430.0,0.0,0.0,-28.402050256729126
ucb_lcb_n,431.0,0.0,0.0,-37.82562208175659
ucb_lcb_n,432.0,0.0,0.0,-44.84684693813324
ucb_lcb_n,433.0,0.0,0.0,-22.351982921361923
ucb_lcb_n,434.0,0.0,0.0,-15.920482367277145
ucb_lcb_n,435.0,0.0,0.0,-22.671270042657852
ucb_lcb_n,436.0,0.0,0.0,-11.974286615848541
ucb_lcb_n,437.0,0.0,0.0,-31.266308933496475
ucb_lcb_n,438.0,0.0,0.0,-47.193397998809814
ucb_lcb_n,439.0,0.0,0.0,-20.064404904842377
ucb_lcb_n,440.0,0.0,0.0,-21.54823124408722
ucb_lcb_n,441.0,0.0,0.0,-42.53395080566406
ucb_lcb_n,442.0,0.0,0.0,-0.03170613432303071
ucb_lcb_n,443.0,0.0,0.0,-37.10856033861637
ucb_lcb_n,444.0,0.0,0.0,-26.83963844180107
ucb_lcb_n,445.0,0.0,0.0,-63.29126834869385
ucb_lcb_n,446.0,0.0,0.0,-36.1364049911499
ucb_lcb_n,447.0,0.0,0.0,-25.011329770088196
ucb_lcb_n,448.0,0.0,0.0,-19.429418206214905
ucb_lcb_n,449.0,0.0,0.0,-47.520113945007324
ucb_lcb_n,450.0,0.0,0.0,-27.461771726608276
ucb_lcb_n,451.0,0.0,0.0,-16.679314136505127
ucb_lcb_n,452.0,0.0,0.0,-21.983805179595947
ucb_lcb_n,453.0,0.0,0.0,-25.06147101521492
ucb_lcb_n,454.0,0.0,0.0,-19.092216983437538
ucb_lcb_n,455.0,0.0,0.0,-18.417136907577515
ucb_lcb_n,456.0,0.0,0.0,-40.01102864742279
ucb_lcb_n,457.0,0.0,0.0,-48.22182269394398
ucb_lcb_n,458.0,0.0,0.0,-23.734250677749515
ucb_lcb_n,459.0,0.0,0.0,-21.06013983488083
ucb_lcb_n,460.0,0.0,0.0,-11.128201723098755
ucb_lcb_n,461.0,0.0,0.0,-42.15887898206711
ucb_lcb_n,462.0,0.0,0.0,-35.54078161716461
ucb_lcb_n,463.0,0.0,0.0,-21.409408390522003
ucb_lcb_n,464.0,0.0,0.0,-37.647491693496704
ucb_lcb_n,465.0,0.0,0.0,-22.646616376936436
ucb_lcb_n,466.0,0.0,0.0,-38.852410078048706
ucb_lcb_n,467.0,0.0,0.0,-6.8763487637043
ucb_lcb_n,468.0,0.0,0.0,-25.38399076461792
ucb_lcb_n,469.0,0.0,0.0,-33.46842932701111
ucb_lcb_n,470.0,0.0,0.0,-50.8309051990509
ucb_lcb_n,471.0,0.0,0.0,-14.670646205544472
ucb_lcb_n,472.0,0.0,0.0,-39.353886008262634
ucb_lcb_n,473.0,0.0,0.0,-41.52594470977783
ucb_lcb_n,474.0,0.0,0.0,-38.71019548177719
ucb_lcb_n,475.0,0.0,0.0,-25.270578265190125
ucb_lcb_n,476.0,0.0,0.0,-21.034654140472412
ucb_lcb_n,477.0,0.0,0.0,-38.15568292140961
ucb_lcb_n,478.0,0.0,0.0,0.0
ucb_lcb_n,479.0,0.0,0.0,-19.514877314679325
ucb_lcb_n,480.0,0.0,0.0,-24.38672415027395
ucb_lcb_n,481.0,0.0,0.0,-30.97920572757721
ucb_lcb_n,482.0,0.0,0.0,-19.071692168712616
ucb_lcb_n,483.0,0.0,0.0,-39.98545444011688
ucb_lcb_n,484.0,0.0,0.0,-30.817729353904724
ucb_lcb_n,485.0,0.0,0.0,-39.890467286109924
ucb_lcb_n,486.0,0.0,0.0,-44.581077337265015
ucb_lcb_n,487.0,0.0,0.0,-47.115909576416016
ucb_lcb_n,488.0,0.0,0.0,-31.975854754447937
ucb_lcb_n,490.0,0.0,0.0,-23.110270768404007
ucb_lcb_n,491.0,0.0,0.0,-36.96710306406021
ucb_lcb_n,492.0,0.0,0.0,-23.639646261930466
ucb_lcb_n,493.0,0.0,0.0,-25.91806274652481
ucb_lcb_n,494.0,0.0,0.0,-27.647217631340027
ucb_lcb_n,495.0,0.0,0.0,-43.18303394317627
ucb_lcb_n,496.0,0.0,0.0,-25.676499664783478
ucb_lcb,1.0,0.0,0.0,-26.391866890713573
ucb_lcb,2.0,0.0,0.0,-40.20638465881348
ucb_lcb,3.0,0.0,0.0,-7.233280956745148
ucb_lcb,4.0,0.0,0.0,-48.47226095199585
ucb_lcb,5.0,0.0,0.0,-30.520095467567444
ucb_lcb,6.0,0.0,0.0,-23.387726068496704
ucb_lcb,7.0,0.0,0.0,-24.076002299785614
ucb_lcb,8.0,0.0,0.0,-20.112288773059845
ucb_lcb,9.0,0.0,0.0,-33.18774127960205
ucb_lcb,10.0,0.0,0.0,0.0
ucb_lcb,11.0,0.0,0.0,-25.057159185409546
ucb_lcb,12.0,0.0,0.0,-37.97539234161377
ucb_lcb,13.0,0.0,0.0,-22.085423231124878
ucb_lcb,14.0,0.0,0.0,-17.942992687225342
ucb_lcb,15.0,0.0,0.0,-91.12544059753418
ucb_lcb,16.0,0.0,0.0,-46.1009795665741
ucb_lcb,17.0,0.0,0.0,-14.793858809396625
ucb_lcb,18.0,0.0,0.0,-42.58246827125549
ucb_lcb,19.0,0.0,0.0,-43.01170802116394
ucb_lcb,20.0,0.0,0.0,-44.563010454177856
ucb_lcb,21.0,0.0,0.0,-32.35410553216934
ucb_lcb,22.0,0.0,0.0,-40.70987904071808
ucb_lcb,23.0,0.0,0.0,-48.706621408462524
ucb_lcb,24.0,0.0,0.0,-17.073631644248962
ucb_lcb,25.0,0.0,0.0,-37.17951309680939
ucb_lcb,26.0,0.0,0.0,-48.6472852230072
ucb_lcb,27.0,0.0,0.0,-42.29096484184265
ucb_lcb,28.0,0.0,0.0,-14.13682135939598
ucb_lcb,29.0,0.0,0.0,-30.94543480873108
ucb_lcb,30.0,0.0,0.0,-27.525339245796204
ucb_lcb,32.0,0.0,0.0,-19.919473230838776
ucb_lcb,33.0,0.0,0.0,-47.62813377380371
ucb_lcb,34.0,0.0,0.0,-15.031872272491455
ucb_lcb,35.0,0.0,0.0,-1.630338579416275
ucb_lcb,36.0,0.0,0.0,-35.02339947223663
ucb_lcb,37.0,0.0,0.0,-28.88746213912964
ucb_lcb,38.0,0.0,0.0,-1.2940598279237747
ucb_lcb,39.0,0.0,0.0,-25.19931387901306
ucb_lcb,40.0,0.0,0.0,-29.842038989067078
ucb_lcb,41.0,0.0,0.0,-32.85418975353241
ucb_lcb,42.0,0.0,0.0,-27.035507380962372
ucb_lcb,43.0,0.0,0.0,-38.16630518436432
ucb_lcb,45.0,0.0,0.0,-48.50159931182861
ucb_lcb,46.0,0.0,0.0,-9.089236795902252
ucb_lcb,47.0,0.0,0.0,-35.736996591091156
ucb_lcb,48.0,0.0,0.0,-34.802747666835785
ucb_lcb,49.0,0.0,0.0,-41.05707037448883
ucb_lcb,50.0,0.0,0.0,-23.657585699111223
ucb_lcb,51.0,0.0,0.0,-47.516106605529785
ucb_lcb,52.0,0.0,0.0,-21.20216339826584
ucb_lcb,53.0,0.0,0.0,-26.997504711151123
ucb_lcb,54.0,0.0,0.0,0.0
ucb_lcb,55.0,0.0,0.0,-44.192394733428955
ucb_lcb,56.0,0.0,0.0,-30.93296205997467
ucb_lcb,58.0,0.0,0.0,-43.32806396484375
ucb_lcb,59.0,0.0,0.0,-44.69859290122986
ucb_lcb,60.0,0.0,0.0,-34.69699323177338
ucb_lcb,61.0,0.0,0.0,-28.061129450798035
ucb_lcb,64.0,0.0,0.0,-48.85648202896118
ucb_lcb,65.0,0.0,0.0,-25.969778418540955
ucb_lcb,66.0,0.0,0.0,-20.911303400993347
ucb_lcb,67.0,0.0,0.0,-25.308032393455505
ucb_lcb,68.0,0.0,0.0,-34.09480547904968
ucb_lcb,69.0,0.0,0.0,-23.184864401817322
ucb_lcb,70.0,0.0,0.0,-35.6385133266449
ucb_lcb,71.0,0.0,0.0,-33.10515168309212
ucb_lcb,72.0,0.0,0.0,-29.855040788650513
ucb_lcb,73.0,0.0,0.0,-33.320786237716675
ucb_lcb,74.0,0.0,0.0,-42.66329389810562
ucb_lcb,75.0,0.0,0.0,-32.50415015220642
ucb_lcb,76.0,0.0,0.0,-28.64655363559723
ucb_lcb,77.0,0.0,0.0,-25.053770780563354
ucb_lcb,78.0,0.0,0.0,-34.13939881324768
ucb_lcb,79.0,0.0,0.0,-34.993313014507294
ucb_lcb,80.0,0.0,0.0,-32.434903621673584
ucb_lcb,81.0,0.0,0.0,-23.419721841812134
ucb_lcb,82.0,0.0,0.0,-59.643798828125
ucb_lcb,83.0,0.0,0.0,-25.86018230021
ucb_lcb,84.0,0.0,0.0,-7.2781892120838165
ucb_lcb,85.0,0.0,0.0,-37.19948947429657
ucb_lcb,87.0,0.0,0.0,-26.68142068386078
ucb_lcb,88.0,0.0,0.0,-37.560187578201294
ucb_lcb,89.0,0.0,0.0,-24.16054081916809
ucb_lcb,90.0,0.0,0.0,-42.448766469955444
ucb_lcb,91.0,0.0,0.0,-43.06605553627014
ucb_lcb,92.0,0.0,0.0,-44.44558095932007
ucb_lcb,93.0,0.0,0.0,-24.00335520505905
ucb_lcb,94.0,0.0,0.0,-33.869025230407715
ucb_lcb,95.0,0.0,0.0,-26.20244030933827
ucb_lcb,96.0,0.0,0.0,-33.62823033332825
ucb_lcb,98.0,0.0,0.0,-48.816895723342896
ucb_lcb,99.0,0.0,0.0,-23.108582033310086
ucb_lcb,101.0,0.0,0.0,-24.187312126159668
ucb_lcb,102.0,0.0,0.0,-30.688146948814392
ucb_lcb,103.0,0.0,0.0,-28.087292671203613
ucb_lcb,104.0,0.0,0.0,-42.474873781204224
ucb_lcb,105.0,0.0,0.0,-55.279181241989136
ucb_lcb,106.0,0.0,0.0,-35.95327806472778
ucb_lcb,107.0,0.0,0.0,-19.22916778922081
ucb_lcb,108.0,0.0,0.0,-39.83565437793732
ucb_lcb,109.0,0.0,0.0,-25.361978769302368
ucb_lcb,111.0,0.0,0.0,-39.751150608062744
ucb_lcb,112.0,0.0,0.0,-32.18718862533569
ucb_lcb,113.0,0.0,0.0,-45.630470752716064
ucb_lcb,114.0,0.0,0.0,-52.60796308517456
ucb_lcb,115.0,0.0,0.0,-27.75967764854431
ucb_lcb,116.0,0.0,0.0,-22.296021461486816
ucb_lcb,117.0,0.0,0.0,-36.4592866897583
ucb_lcb,118.0,0.0,0.0,-19.991792783141136
ucb_lcb,119.0,0.0,0.0,-27.967081665992737
ucb_lcb,120.0,0.0,0.0,-26.47136926651001
ucb_lcb,121.0,0.0,0.0,-34.65527939796448
ucb_lcb,122.0,0.0,0.0,-26.661762848496437
ucb_lcb,123.0,0.0,0.0,-26.881165027618408
ucb_lcb,124.0,0.0,0.0,-42.70031785964966
ucb_lcb,125.0,0.0,0.0,-71.81741380691528
ucb_lcb,126.0,0.0,0.0,-17.57377637922764
ucb_lcb,128.0,0.0,0.0,-19.43290102481842
ucb_lcb,130.0,0.0,0.0,-35.13742518424988
ucb_lcb,131.0,0.0,0.0,-27.321866182610393
ucb_lcb,132.0,0.0,0.0,-34.66185078024864
ucb_lcb,133.0,0.0,0.0,-48.0706889629364
ucb_lcb,134.0,0.0,0.0,-37.69147355854511
ucb_lcb,135.0,0.0,0.0,-27.98042118549347
ucb_lcb,136.0,0.0,0.0,-23.82204282283783
ucb_lcb,137.0,0.0,0.0,-45.79840612411499
ucb_lcb,138.0,0.0,0.0,-42.41932463645935
ucb_lcb,139.0,0.0,0.0,-38.71175158023834
ucb_lcb,140.0,0.0,0.0,-52.705891609191895
ucb_lcb,141.0,0.0,0.0,-39.51717469096184
ucb_lcb,142.0,0.0,0.0,-32.73960340023041
ucb_lcb,143.0,0.0,0.0,-59.02966380119324
ucb_lcb,144.0,0.0,0.0,-33.8971021771431
ucb_lcb,145.0,0.0,0.0,-37.728780031204224
ucb_lcb,146.0,0.0,0.0,-32.637667417526245
ucb_lcb,147.0,0.0,0.0,-34.02753257751465
ucb_lcb,148.0,0.0,0.0,-5.387788355350494
ucb_lcb,149.0,0.0,0.0,-48.73255681991577
ucb_lcb,150.0,0.0,0.0,-39.23516035079956
ucb_lcb,151.0,0.0,0.0,-33.18165397644043
ucb_lcb,152.0,0.0,0.0,-30.468369483947754
ucb_lcb,153.0,0.0,0.0,-13.860316634178162
ucb_lcb,154.0,0.0,0.0,-27.801930010318756
ucb_lcb,155.0,0.0,0.0,-36.86312556266785
ucb_lcb,156.0,0.0,0.0,-19.631363021209836
ucb_lcb,158.0,0.0,0.0,-46.66574156284332
ucb_lcb,159.0,0.0,0.0,-34.822861552238464
ucb_lcb,160.0,0.0,0.0,-17.5151584148407
ucb_lcb,161.0,0.0,0.0,-25.430406093597412
ucb_lcb,162.0,0.0,0.0,-55.47286248207092
ucb_lcb,163.0,0.0,0.0,-46.66693830490112
ucb_lcb,165.0,0.0,0.0,-39.130331158638
ucb_lcb,166.0,0.0,0.0,-28.97079011797905
ucb_lcb,167.0,0.0,0.0,-39.074336528778076
ucb_lcb,168.0,0.0,0.0,-40.38165307044983
ucb_lcb,169.0,0.0,0.0,-20.145368166267872
ucb_lcb,170.0,0.0,0.0,-36.416576623916626
ucb_lcb,171.0,0.0,0.0,-39.29440653324127
ucb_lcb,172.0,0.0,0.0,-31.845937252044678
ucb_lcb,173.0,0.0,0.0,-50.62152409553528
ucb_lcb,174.0,0.0,0.0,-38.60235869884491
ucb_lcb,175.0,0.0,0.0,-29.958490286022425
ucb_lcb,176.0,0.0,0.0,-34.309420585632324
ucb_lcb,177.0,0.0,0.0,-18.64068853110075
ucb_lcb,178.0,0.0,0.0,-34.19366014003754
ucb_lcb,179.0,0.0,0.0,-27.04539442062378
ucb_lcb,180.0,0.0,0.0,-32.85427212715149
ucb_lcb,181.0,0.0,0.0,-35.88767170906067
ucb_lcb,182.0,0.0,0.0,-26.868746757507324
ucb_lcb,183.0,0.0,0.0,-29.893657326698303
ucb_lcb,185.0,0.0,0.0,-32.025484681129456
ucb_lcb,186.0,0.0,0.0,-26.205065734684467
ucb_lcb,187.0,0.0,0.0,-26.000060558319092
ucb_lcb,188.0,0.0,0.0,-33.74287450313568
ucb_lcb,190.0,0.0,0.0,-34.19176411628723
ucb_lcb,191.0,0.0,0.0,-25.9806706905365
ucb_lcb,192.0,0.0,0.0,-19.12348473072052
ucb_lcb,193.0,0.0,0.0,-27.436063289642334
ucb_lcb,195.0,0.0,0.0,-26.435365450335667
ucb_lcb,196.0,0.0,0.0,-38.31629463285208
ucb_lcb,197.0,0.0,0.0,-17.285696506500244
ucb_lcb,198.0,0.0,0.0,-36.2438622713089
ucb_lcb,199.0,0.0,0.0,-42.73953294754028
ucb_lcb,200.0,0.0,0.0,-25.512143552303314
ucb_lcb,201.0,0.0,0.0,-31.887885212898254
ucb_lcb,202.0,0.0,0.0,-8.649339497089386
ucb_lcb,203.0,0.0,0.0,-18.88482995145023
ucb_lcb,204.0,0.0,0.0,-34.33012342453003
ucb_lcb,205.0,0.0,0.0,-23.813876271247864
ucb_lcb,206.0,0.0,0.0,-43.644012689590454
ucb_lcb,207.0,0.0,0.0,-34.292812049388885
ucb_lcb,208.0,0.0,0.0,-40.1698282957077
ucb_lcb,209.0,0.0,0.0,-43.761165380477905
ucb_lcb,210.0,0.0,0.0,-36.106921792030334
ucb_lcb,211.0,0.0,0.0,-43.34560513496399
ucb_lcb,212.0,0.0,0.0,-26.553361177444458
ucb_lcb,213.0,0.0,0.0,-30.02528715133667
ucb_lcb,214.0,0.0,0.0,-65.26897430419922
ucb_lcb,215.0,0.0,0.0,-23.251501804217696
ucb_lcb,216.0,0.0,0.0,-23.51282012462616
ucb_lcb,217.0,0.0,0.0,-37.00938659906387
ucb_lcb,218.0,0.0,0.0,-37.969337463378906
ucb_lcb,219.0,0.0,0.0,-12.67522343993187
ucb_lcb,220.0,0.0,0.0,-33.907321870326996
ucb_lcb,221.0,0.0,0.0,-15.627633810043335
ucb_lcb,222.0,0.0,0.0,-40.24869203567505
ucb_lcb,223.0,0.0,0.0,-24.921222925186157
ucb_lcb,224.0,0.0,0.0,-67.1144323348999
ucb_lcb,225.0,0.0,0.0,-38.39132595062256
ucb_lcb,226.0,0.0,0.0,-36.979480504989624
ucb_lcb,227.0,0.0,0.0,-39.43169331550598
ucb_lcb,228.0,0.0,0.0,-38.17526030540466
ucb_lcb,229.0,0.0,0.0,-0.0010002159251598641
ucb_lcb,230.0,0.0,0.0,-33.378127098083496
ucb_lcb,231.0,0.0,0.0,-38.16254913806915
ucb_lcb,232.0,0.0,0.0,-27.65051368623972
ucb_lcb,233.0,0.0,0.0,-41.77986490726471
ucb_lcb,234.0,0.0,0.0,-48.681081771850586
ucb_lcb,236.0,0.0,0.0,-50.70323312282562
ucb_lcb,237.0,0.0,0.0,-30.410798013210297
ucb_lcb,239.0,0.0,0.0,-39.87586188316345
ucb_lcb,240.0,0.0,0.0,-17.61444592475891
ucb_lcb,241.0,0.0,0.0,-24.21035087108612
ucb_lcb,242.0,0.0,0.0,-24.76688462495804
ucb_lcb,243.0,0.0,0.0,-42.05332612991333
ucb_lcb,244.0,0.0,0.0,-30.687467455863953
ucb_lcb,245.0,0.0,0.0,-19.144756704568863
ucb_lcb,246.0,0.0,0.0,-20.625118911266327
ucb_lcb,247.0,0.0,0.0,-36.68914556503296
ucb_lcb,248.0,0.0,0.0,-30.33324706554413
ucb_lcb,249.0,0.0,0.0,-31.056514501571655
ucb_lcb,250.0,0.0,0.0,-46.70760655403137
ucb_lcb,252.0,0.0,0.0,-23.953655391931534
ucb_lcb,253.0,0.0,0.0,-28.25829327106476
ucb_lcb,254.0,0.0,0.0,-33.75377428531647
ucb_lcb,255.0,0.0,0.0,-38.994225025177
ucb_lcb,257.0,0.0,0.0,-34.74983263015747
ucb_lcb,258.0,0.0,0.0,-33.49194931983948
ucb_lcb,259.0,0.0,0.0,-34.71489977836609
ucb_lcb,260.0,0.0,0.0,-39.76741027832031
ucb_lcb,261.0,0.0,0.0,0.0
ucb_lcb,262.0,0.0,0.0,-33.952974647283554
ucb_lcb,263.0,0.0,0.0,-22.506572544574738
ucb_lcb,264.0,0.0,0.0,-46.83817481994629
ucb_lcb,266.0,0.0,0.0,-39.456494092941284
ucb_lcb,267.0,0.0,0.0,-14.673549264669418
ucb_lcb,268.0,0.0,0.0,-46.08302867412567
ucb_lcb,269.0,0.0,0.0,-37.96562170982361
ucb_lcb,270.0,0.0,0.0,-14.362220495939255
ucb_lcb,271.0,0.0,0.0,-33.189746618270874
ucb_lcb,272.0,0.0,0.0,-7.9965465515851974
ucb_lcb,273.0,0.0,0.0,-20.475627899169922
ucb_lcb,274.0,0.0,0.0,-30.916677832603455
ucb_lcb,275.0,0.0,0.0,-27.854140855371952
ucb_lcb,276.0,0.0,0.0,-31.977972984313965
ucb_lcb,277.0,0.0,0.0,-35.54456675425172
ucb_lcb,278.0,0.0,0.0,-47.048012018203735
ucb_lcb,279.0,0.0,0.0,-17.746150016784668
ucb_lcb,280.0,0.0,0.0,-30.455136746168137
ucb_lcb,282.0,0.0,0.0,-30.99583387374878
ucb_lcb,283.0,0.0,0.0,-28.730754375457764
ucb_lcb,284.0,0.0,0.0,-29.32537269592285
ucb_lcb,285.0,0.0,0.0,-30.36928153038025
ucb_lcb,286.0,0.0,0.0,-36.54710912704468
ucb_lcb,287.0,0.0,0.0,-35.0634560585022
ucb_lcb,288.0,0.0,0.0,-36.036999225616455
ucb_lcb,289.0,0.0,0.0,-30.593551635742188
ucb_lcb,290.0,0.0,0.0,-31.38844585418701
ucb_lcb,291.0,0.0,0.0,-72.22124862670898
ucb_lcb,292.0,0.0,0.0,-27.34783113002777
ucb_lcb,293.0,0.0,0.0,-39.47500157356262
ucb_lcb,294.0,0.0,0.0,-40.67172849178314
ucb_lcb,295.0,0.0,0.0,-45.697184801101685
ucb_lcb,296.0,0.0,0.0,-12.203617095947266
ucb_lcb,297.0,0.0,0.0,-24.636592626571655
ucb_lcb,298.0,0.0,0.0,-36.64690923690796
ucb_lcb,299.0,0.0,0.0,-33.428758561611176
ucb_lcb,300.0,0.0,0.0,-36.14069354534149
ucb_lcb,301.0,0.0,0.0,-17.762484550476074
ucb_lcb,302.0,0.0,0.0,-54.73172211647034
ucb_lcb,303.0,0.0,0.0,-34.33932566642761
ucb_lcb,304.0,0.0,0.0,-29.012182235717773
ucb_lcb,305.0,0.0,0.0,-34.66112172603607
ucb_lcb,306.0,0.0,0.0,-41.28711271286011
ucb_lcb,307.0,0.0,0.0,-21.543795317411423
ucb_lcb,308.0,0.0,0.0,-32.48286780714989
ucb_lcb,309.0,0.0,0.0,-21.03294313326478
ucb_lcb,310.0,0.0,0.0,-39.164145708084106
ucb_lcb,311.0,0.0,0.0,-36.76453387737274
ucb_lcb,312.0,0.0,0.0,-24.885038375854492
ucb_lcb,313.0,0.0,0.0,-26.8605295419693
ucb_lcb,314.0,0.0,0.0,-35.5370728969574
ucb_lcb,315.0,0.0,0.0,-30.768962621688843
ucb_lcb,316.0,0.0,0.0,-18.775384187698364
ucb_lcb,317.0,0.0,0.0,-54.59585213661194
ucb_lcb,318.0,0.0,0.0,-28.161791920661926
ucb_lcb,319.0,0.0,0.0,-35.62625324726105
ucb_lcb,320.0,0.0,0.0,-34.58963584899902
ucb_lcb,321.0,0.0,0.0,-47.73051178455353
ucb_lcb,322.0,0.0,0.0,-25.45297646522522
ucb_lcb,323.0,0.0,0.0,-20.19623512029648
ucb_lcb,324.0,0.0,0.0,-25.132235646247864
ucb_lcb,325.0,0.0,0.0,-28.039039075374603
ucb_lcb,326.0,0.0,0.0,-31.71224597096443
ucb_lcb,327.0,0.0,0.0,-17.605743020772934
ucb_lcb,328.0,0.0,0.0,-58.42104983329773
ucb_lcb,329.0,0.0,0.0,-24.90400218963623
ucb_lcb,330.0,0.0,0.0,-21.08435320854187
ucb_lcb,331.0,0.0,0.0,-31.35253071784973
ucb_lcb,332.0,0.0,0.0,-45.710453033447266
ucb_lcb,333.0,0.0,0.0,-28.07542848587036
ucb_lcb,334.0,0.0,0.0,-31.889883995056152
ucb_lcb,336.0,0.0,0.0,-3.226138114929199
ucb_lcb,337.0,0.0,0.0,-30.914294004440308
ucb_lcb,338.0,0.0,0.0,-36.592310190200806
ucb_lcb,340.0,0.0,0.0,-16.83797335624695
ucb_lcb,341.0,0.0,0.0,-19.852868378162384
ucb_lcb,342.0,0.0,0.0,-30.45793318748474
ucb_lcb,343.0,0.0,0.0,-37.192454516887665
ucb_lcb,344.0,0.0,0.0,-29.74628758430481
ucb_lcb,346.0,0.0,0.0,-46.692542552948
ucb_lcb,347.0,0.0,0.0,-34.43754005432129
ucb_lcb,348.0,0.0,0.0,-34.93162202835083
ucb_lcb,350.0,0.0,0.0,-15.469498932361603
ucb_lcb,351.0,0.0,0.0,-30.291751503944397
ucb_lcb,352.0,0.0,0.0,-29.734737753868103
ucb_lcb,353.0,0.0,0.0,-43.5437353849411
ucb_lcb,354.0,0.0,0.0,0.0
ucb_lcb,355.0,0.0,0.0,-59.83240461349487
ucb_lcb,356.0,0.0,0.0,-13.622383177280426
ucb_lcb,357.0,0.0,0.0,-17.140588343143463
ucb_lcb,358.0,0.0,0.0,-21.62912067770958
ucb_lcb,359.0,0.0,0.0,-39.6134729385376
ucb_lcb,361.0,0.0,0.0,-30.31273627281189
ucb_lcb,362.0,0.0,0.0,-30.944426655769348
ucb_lcb,363.0,0.0,0.0,-31.509927988052368
ucb_lcb,364.0,0.0,0.0,-70.5016417503357
ucb_lcb,365.0,0.0,0.0,-30.876217126846313
ucb_lcb,367.0,0.0,0.0,-20.67465117201209
ucb_lcb,368.0,0.0,0.0,-41.302149534225464
ucb_lcb,369.0,0.0,0.0,-46.66842317581177
ucb_lcb,371.0,0.0,0.0,-39.27933478355408
ucb_lcb,372.0,0.0,0.0,-51.80031490325928
ucb_lcb,373.0,0.0,0.0,-38.20343852043152
ucb_lcb,374.0,0.0,0.0,-48.604307532310486
ucb_lcb,375.0,0.0,0.0,-48.89396643638611
ucb_lcb,376.0,0.0,0.0,-20.302995443344116
ucb_lcb,377.0,0.0,0.0,-26.236322700977325
ucb_lcb,378.0,0.0,0.0,-51.533204555511475
ucb_lcb,379.0,0.0,0.0,-36.13316971063614
ucb_lcb,380.0,0.0,0.0,-28.842992901802063
ucb_lcb,381.0,0.0,0.0,-31.457441568374634
ucb_lcb,382.0,0.0,0.0,-45.08531665802002
ucb_lcb,383.0,0.0,0.0,-0.0010002159251598641
ucb_lcb,384.0,0.0,0.0,-30.59893572330475
ucb_lcb,385.0,0.0,0.0,-16.186947107315063
ucb_lcb,386.0,0.0,0.0,-43.7900390625
ucb_lcb,387.0,0.0,0.0,-39.37636423110962
ucb_lcb,388.0,0.0,0.0,-26.255089044570923
ucb_lcb,389.0,0.0,0.0,-36.68919134140015
ucb_lcb,390.0,0.0,0.0,-32.45476484298706
ucb_lcb,391.0,0.0,0.0,-14.371325224637985
ucb_lcb,392.0,0.0,0.0,-47.813262581825256
ucb_lcb,393.0,0.0,0.0,-33.702502489089966
ucb_lcb,394.0,0.0,0.0,-34.558924198150635
ucb_lcb,395.0,0.0,0.0,-29.628709256649017
ucb_lcb,396.0,0.0,0.0,-32.5350878238678
ucb_lcb,397.0,0.0,0.0,-21.489377796649933
ucb_lcb,398.0,0.0,0.0,-24.139631748199463
ucb_lcb,399.0,0.0,0.0,-32.27316665649414
ucb_lcb,400.0,0.0,0.0,-35.227307081222534
ucb_lcb,401.0,0.0,0.0,-29.185372948646545
ucb_lcb,402.0,0.0,0.0,-21.008794903755188
ucb_lcb,403.0,0.0,0.0,-32.88828885555267
ucb_lcb,404.0,0.0,0.0,-14.86749794287607
ucb_lcb,405.0,0.0,0.0,-31.67553734779358
ucb_lcb,407.0,0.0,0.0,-70.24584627151489
ucb_lcb,408.0,0.0,0.0,-37.03754651546478
ucb_lcb,409.0,0.0,0.0,-7.360952138900757
ucb_lcb,410.0,0.0,0.0,-30.930766344070435
ucb_lcb,412.0,0.0,0.0,-31.957370042800903
ucb_lcb,413.0,0.0,0.0,-30.453991174697876
ucb_lcb,414.0,0.0,0.0,-26.129252353683114
ucb_lcb,415.0,0.0,0.0,-29.319171667099
ucb_lcb,416.0,0.0,0.0,-44.54661798477173
ucb_lcb,417.0,0.0,0.0,-40.18130970001221
ucb_lcb,418.0,0.0,0.0,-40.91250741481781
ucb_lcb,419.0,0.0,0.0,-42.035003900527954
ucb_lcb,420.0,0.0,0.0,-32.1925208568573
ucb_lcb,421.0,0.0,0.0,-19.041235208511353
ucb_lcb,422.0,0.0,0.0,-19.507289439439774
ucb_lcb,424.0,0.0,0.0,0.0
ucb_lcb,425.0,0.0,0.0,-39.057565450668335
ucb_lcb,426.0,0.0,0.0,-50.855018615722656
ucb_lcb,428.0,0.0,0.0,-32.14685606956482
ucb_lcb,429.0,0.0,0.0,-24.132937535643578
ucb_lcb,430.0,0.0,0.0,-28.840449690818787
ucb_lcb,431.0,0.0,0.0,-48.90612077713013
ucb_lcb,432.0,0.0,0.0,-43.94354820251465
ucb_lcb,433.0,0.0,0.0,-23.293837666511536
ucb_lcb,434.0,0.0,0.0,-19.697248220443726
ucb_lcb,435.0,0.0,0.0,-23.86981689929962
ucb_lcb,436.0,0.0,0.0,-28.30947971343994
ucb_lcb,437.0,0.0,0.0,-34.00818958878517
ucb_lcb,438.0,0.0,0.0,-50.899744749069214
ucb_lcb,439.0,0.0,0.0,-27.272688567638397
ucb_lcb,440.0,0.0,0.0,-21.621939688920975
ucb_lcb,441.0,0.0,0.0,-54.65120875835419
ucb_lcb,442.0,0.0,0.0,-0.0010002159251598641
ucb_lcb,443.0,0.0,0.0,-37.05198245681822
ucb_lcb,444.0,0.0,0.0,-34.01111149787903
ucb_lcb,445.0,0.0,0.0,-44.257904291152954
ucb_lcb,446.0,0.0,0.0,-37.18996250629425
ucb_lcb,447.0,0.0,0.0,-22.343387246131897
ucb_lcb,448.0,0.0,0.0,-27.599392890930176
ucb_lcb,449.0,0.0,0.0,-36.420268535614014
ucb_lcb,450.0,0.0,0.0,-31.52728581428528
ucb_lcb,451.0,0.0,0.0,-16.6497300863266
ucb_lcb,452.0,0.0,0.0,-21.683537382632494
ucb_lcb,453.0,0.0,0.0,-26.971828803420067
ucb_lcb,454.0,0.0,0.0,-29.550339221954346
ucb_lcb,455.0,0.0,0.0,-23.045137107372284
ucb_lcb,456.0,0.0,0.0,-40.71381187438965
ucb_lcb,457.0,0.0,0.0,-37.20449733734131
ucb_lcb,458.0,0.0,0.0,-22.53178333863616
ucb_lcb,459.0,0.0,0.0,-22.126811861991882
ucb_lcb,460.0,0.0,0.0,-12.210471242666245
ucb_lcb,461.0,0.0,0.0,-42.6443635225296
ucb_lcb,462.0,0.0,0.0,-36.407477498054504
ucb_lcb,463.0,0.0,0.0,-22.76642197370529
ucb_lcb,464.0,0.0,0.0,-45.944146156311035
ucb_lcb,465.0,0.0,0.0,-23.066451527178288
ucb_lcb,466.0,0.0,0.0,-57.799649715423584
ucb_lcb,467.0,0.0,0.0,-7.04790335893631
ucb_lcb,468.0,0.0,0.0,-81.01014924049377
ucb_lcb,469.0,0.0,0.0,-28.83987307548523
ucb_lcb,470.0,0.0,0.0,-53.17335033416748
ucb_lcb,471.0,0.0,0.0,-30.198797821998596
ucb_lcb,472.0,0.0,0.0,-39.68080013990402
ucb_lcb,473.0,0.0,0.0,-43.478482484817505
ucb_lcb,474.0,0.0,0.0,-41.3582398891449
ucb_lcb,475.0,0.0,0.0,-24.743034958839417
ucb_lcb,476.0,0.0,0.0,-17.293285071849823
ucb_lcb,477.0,0.0,0.0,-37.40117430686951
ucb_lcb,478.0,0.0,0.0,0.0
ucb_lcb,479.0,0.0,0.0,-15.046050658565946
ucb_lcb,480.0,0.0,0.0,-30.70344376564026
ucb_lcb,481.0,0.0,0.0,-31.092559099197388
ucb_lcb,482.0,0.0,0.0,-20.144614934921265
ucb_lcb,483.0,0.0,0.0,-36.709935545921326
ucb_lcb,484.0,0.0,0.0,-35.97923684120178
ucb_lcb,485.0,0.0,0.0,-37.172791719436646
ucb_lcb,486.0,0.0,0.0,-46.18966794013977
ucb_lcb,487.0,0.0,0.0,-46.52536058425903
ucb_lcb,488.0,0.0,0.0,-50.02214014530182
ucb_lcb,490.0,0.0,0.0,-28.768540918827057
ucb_lcb,491.0,0.0,0.0,-52.09375482797623
ucb_lcb,492.0,0.0,0.0,-29.78063130378723
ucb_lcb,493.0,0.0,0.0,-29.56849107146263
ucb_lcb,494.0,0.0,0.0,-28.807748943567276
ucb_lcb,495.0,0.0,0.0,-46.41635251045227
ucb_lcb,496.0,0.0,0.0,-26.40583649277687
ucb_b0,1.0,0.0,0.0,-33.95816671848297
ucb_b0,2.0,0.0,0.0,-39.508572578430176
ucb_b0,3.0,0.0,0.0,-8.877884685993195
ucb_b0,4.0,0.0,0.0,-48.97543478012085
ucb_b0,5.0,0.0,0.0,-28.3619167804718
ucb_b0,6.0,0.0,0.0,-25.682419419288635
ucb_b0,7.0,0.0,0.0,-24.60180151462555
ucb_b0,8.0,0.0,0.0,-19.23456245660782
ucb_b0,9.0,0.0,0.0,-33.47388634085655
ucb_b0,10.0,0.0,0.0,0.0
ucb_b0,11.0,0.0,0.0,-30.77896296977997
ucb_b0,12.0,0.0,0.0,-42.99026370048523
ucb_b0,13.0,0.0,0.0,-25.94970989227295
ucb_b0,14.0,0.0,0.0,-14.97262418270111
ucb_b0,15.0,0.0,0.0,-85.93764686584473
ucb_b0,16.0,0.0,0.0,-47.743592739105225
ucb_b0,17.0,0.0,0.0,-13.08855228126049
ucb_b0,18.0,0.0,0.0,-38.00577902793884
ucb_b0,19.0,0.0,0.0,-32.85107362270355
ucb_b0,20.0,0.0,0.0,-44.604920864105225
ucb_b0,21.0,0.0,0.0,-32.24901759624481
ucb_b0,22.0,0.0,0.0,-38.83427572250366
ucb_b0,23.0,0.0,0.0,-48.421988010406494
ucb_b0,24.0,0.0,0.0,-17.42844593524933
ucb_b0,25.0,0.0,0.0,-49.83056175708771
ucb_b0,26.0,0.0,0.0,-45.9793906211853
ucb_b0,27.0,0.0,0.0,-41.302998304367065
ucb_b0,28.0,0.0,0.0,-13.160032838582993
ucb_b0,29.0,0.0,0.0,-32.339380383491516
ucb_b0,30.0,0.0,0.0,-31.413560271263123
ucb_b0,32.0,0.0,0.0,-29.689727663993835
ucb_b0,33.0,0.0,0.0,-48.492913246154785
ucb_b0,34.0,0.0,0.0,-16.47890394926071
ucb_b0,35.0,0.0,0.0,-2.3201062828302383
ucb_b0,36.0,0.0,0.0,-35.57929092645645
ucb_b0,37.0,0.0,0.0,-28.67870581150055
ucb_b0,38.0,0.0,0.0,-1.6772824674844742
ucb_b0,39.0,0.0,0.0,-26.803168058395386
ucb_b0,40.0,0.0,0.0,-35.33160579204559
ucb_b0,41.0,0.0,0.0,-34.680899143218994
ucb_b0,42.0,0.0,0.0,-28.69084405899048
ucb_b0,43.0,0.0,0.0,-36.42114216089249
ucb_b0,45.0,0.0,0.0,-55.84538221359253
ucb_b0,46.0,0.0,0.0,-15.695744276046753
ucb_b0,47.0,0.0,0.0,-39.401764035224915
ucb_b0,48.0,0.0,0.0,-42.02271604537964
ucb_b0,49.0,0.0,0.0,-38.86556363105774
ucb_b0,50.0,0.0,0.0,-31.548359870910645
ucb_b0,51.0,0.0,0.0,-40.94449734687805
ucb_b0,52.0,0.0,0.0,-27.938377499580383
ucb_b0,53.0,0.0,0.0,-28.15205430984497
ucb_b0,54.0,0.0,0.0,0.0
ucb_b0,55.0,0.0,0.0,-60.70063543319702
ucb_b0,56.0,0.0,0.0,-35.95944058895111
ucb_b0,58.0,0.0,0.0,-44.18978977203369
ucb_b0,59.0,0.0,0.0,-46.09739422798157
ucb_b0,60.0,0.0,0.0,-39.17869234085083
ucb_b0,61.0,0.0,0.0,-29.41475820541382
ucb_b0,64.0,0.0,0.0,-33.99519920349121
ucb_b0,65.0,0.0,0.0,-23.536979138851166
ucb_b0,66.0,0.0,0.0,-24.969018399715424
ucb_b0,67.0,0.0,0.0,-23.317815601825714
ucb_b0,68.0,0.0,0.0,-34.633121848106384
ucb_b0,69.0,0.0,0.0,-27.509854793548584
ucb_b0,70.0,0.0,0.0,-36.22001028060913
ucb_b0,71.0,0.0,0.0,-33.47131145000458
ucb_b0,72.0,0.0,0.0,-34.595250368118286
ucb_b0,73.0,0.0,0.0,-34.17723512649536
ucb_b0,74.0,0.0,0.0,-52.505006194114685
ucb_b0,75.0,0.0,0.0,-31.86105489730835
ucb_b0,76.0,0.0,0.0,-29.351296067237854
ucb_b0,77.0,0.0,0.0,-25.306183576583862
ucb_b0,78.0,0.0,0.0,-32.54566049575806
ucb_b0,79.0,0.0,0.0,-35.05607634782791
ucb_b0,80.0,0.0,0.0,-33.53093063831329
ucb_b0,81.0,0.0,0.0,-40.586453437805176
ucb_b0,82.0,0.0,0.0,-41.54195237159729
ucb_b0,83.0,0.0,0.0,-21.274390414357185
ucb_b0,84.0,0.0,0.0,-6.706421941518784
ucb_b0,85.0,0.0,0.0,-33.864877343177795
ucb_b0,87.0,0.0,0.0,-25.575375080108643
ucb_b0,88.0,0.0,0.0,-37.311243295669556
ucb_b0,89.0,0.0,0.0,-21.50489228963852
ucb_b0,90.0,0.0,0.0,-41.5946729183197
ucb_b0,91.0,0.0,0.0,-44.10564064979553
ucb_b0,92.0,0.0,0.0,-40.84765982627869
ucb_b0,93.0,0.0,0.0,-24.81497287750244
ucb_b0,94.0,0.0,0.0,-27.41084051132202
ucb_b0,95.0,0.0,0.0,-14.799857705831528
ucb_b0,96.0,0.0,0.0,-30.06160545349121
ucb_b0,98.0,0.0,0.0,-55.56740045547485
ucb_b0,99.0,0.0,0.0,-25.84203964471817
ucb_b0,101.0,0.0,0.0,-24.984084367752075
ucb_b0,102.0,0.0,0.0,-31.911163687705994
ucb_b0,103.0,0.0,0.0,-29.434037685394287
ucb_b0,104.0,0.0,0.0,-40.752166986465454
ucb_b0,105.0,0.0,0.0,-60.69894099235535
ucb_b0,106.0,0.0,0.0,-28.66772961616516
ucb_b0,107.0,0.0,0.0,-32.94753623008728
ucb_b0,108.0,0.0,0.0,-39.348725616931915
ucb_b0,109.0,0.0,0.0,-28.718360424041748
ucb_b0,111.0,0.0,0.0,-43.4517548084259
ucb_b0,112.0,0.0,0.0,-35.42277121543884
ucb_b0,113.0,0.0,0.0,-45.620068311691284
ucb_b0,114.0,0.0,0.0,-62.16801929473877
ucb_b0,115.0,0.0,0.0,-35.06403470039368
ucb_b0,116.0,0.0,0.0,-25.950352430343628
ucb_b0,117.0,0.0,0.0,-38.67249798774719
ucb_b0,118.0,0.0,0.0,-22.257880091667175
ucb_b0,119.0,0.0,0.0,-26.7374449968338
ucb_b0,120.0,0.0,0.0,-32.258174419403076
ucb_b0,121.0,0.0,0.0,-38.0247665643692
ucb_b0,122.0,0.0,0.0,-24.06244796514511
ucb_b0,123.0,0.0,0.0,-30.629428267478943
ucb_b0,124.0,0.0,0.0,-47.164024353027344
ucb_b0,125.0,0.0,0.0,-40.93024492263794
ucb_b0,126.0,0.0,0.0,-26.249069690704346
ucb_b0,128.0,0.0,0.0,-19.845530092716217
ucb_b0,130.0,0.0,0.0,-39.66075682640076
ucb_b0,131.0,0.0,0.0,-23.957127287983894
ucb_b0,132.0,0.0,0.0,-41.678505659103394
ucb_b0,133.0,0.0,0.0,-35.473814725875854
ucb_b0,134.0,0.0,0.0,-38.488669991493225
ucb_b0,135.0,0.0,0.0,-28.308788180351257
ucb_b0,136.0,0.0,0.0,-25.789429545402527
ucb_b0,137.0,0.0,0.0,-37.32901453971863
ucb_b0,138.0,0.0,0.0,-44.06618392467499
ucb_b0,139.0,0.0,0.0,-39.33633232116699
ucb_b0,140.0,0.0,0.0,-43.99820280075073
ucb_b0,141.0,0.0,0.0,-38.7703732252121
ucb_b0,142.0,0.0,0.0,-32.52754318714142
ucb_b0,143.0,0.0,0.0,-58.87634897232056
ucb_b0,144.0,0.0,0.0,-34.94228541851044
ucb_b0,145.0,0.0,0.0,-37.89085531234741
ucb_b0,146.0,0.0,0.0,-35.77399170398712
ucb_b0,147.0,0.0,0.0,-33.64651119709015
ucb_b0,148.0,0.0,0.0,-32.21368741989136
ucb_b0,149.0,0.0,0.0,-31.76105761528015
ucb_b0,150.0,0.0,0.0,-41.68289875984192
ucb_b0,151.0,0.0,0.0,-32.110511302948
ucb_b0,152.0,0.0,0.0,-32.986571073532104
ucb_b0,153.0,0.0,0.0,-13.489049434661865
ucb_b0,154.0,0.0,0.0,-36.36914873123169
ucb_b0,155.0,0.0,0.0,-34.5636630654335
ucb_b0,156.0,0.0,0.0,-35.888948917388916
ucb_b0,158.0,0.0,0.0,-45.610552072525024
ucb_b0,159.0,0.0,0.0,-36.0144065618515
ucb_b0,160.0,0.0,0.0,-23.24462342262268
ucb_b0,161.0,0.0,0.0,-25.446536660194397
ucb_b0,162.0,0.0,0.0,-21.135608196258545
ucb_b0,163.0,0.0,0.0,-47.87841749191284
ucb_b0,165.0,0.0,0.0,-40.40802788734436
ucb_b0,166.0,0.0,0.0,-31.14866614341736
ucb_b0,167.0,0.0,0.0,-40.97313141822815
ucb_b0,168.0,0.0,0.0,-37.910168409347534
ucb_b0,169.0,0.0,0.0,-31.396421670913696
ucb_b0,170.0,0.0,0.0,-40.487003564834595
ucb_b0,171.0,0.0,0.0,-40.559433698654175
ucb_b0,172.0,0.0,0.0,-45.34903526306152
ucb_b0,173.0,0.0,0.0,-47.80339765548706
ucb_b0,174.0,0.0,0.0,-40.1691118478775
ucb_b0,175.0,0.0,0.0,-30.005558490753174
ucb_b0,176.0,0.0,0.0,-47.29887843132019
ucb_b0,177.0,0.0,0.0,-25.908339381217957
ucb_b0,178.0,0.0,0.0,-40.33132219314575
ucb_b0,179.0,0.0,0.0,-26.01994824409485
ucb_b0,180.0,0.0,0.0,-39.384695291519165
ucb_b0,181.0,0.0,0.0,-36.08267021179199
ucb_b0,182.0,0.0,0.0,-32.80764698982239
ucb_b0,183.0,0.0,0.0,-24.266513109207153
ucb_b0,185.0,0.0,0.0,-33.75501227378845
ucb_b0,186.0,0.0,0.0,-29.28826880455017
ucb_b0,187.0,0.0,0.0,-39.352710247039795
ucb_b0,188.0,0.0,0.0,-28.96146309375763
ucb_b0,190.0,0.0,0.0,-34.757025957107544
ucb_b0,191.0,0.0,0.0,-30.595677137374878
ucb_b0,192.0,0.0,0.0,-19.642202854156494
ucb_b0,193.0,0.0,0.0,-37.1345956325531
ucb_b0,195.0,0.0,0.0,-31.983577609062195
ucb_b0,196.0,0.0,0.0,-33.575031757354736
ucb_b0,197.0,0.0,0.0,-19.122276425361633
ucb_b0,198.0,0.0,0.0,-38.805084347724915
ucb_b0,199.0,0.0,0.0,-39.241880893707275
ucb_b0,200.0,0.0,0.0,-21.43955010175705
ucb_b0,201.0,0.0,0.0,-32.42151582241058
ucb_b0,202.0,0.0,0.0,-9.202911853790283
ucb_b0,203.0,0.0,0.0,-29.686074137687683
ucb_b0,204.0,0.0,0.0,-41.45264911651611
ucb_b0,205.0,0.0,0.0,-23.811906546354294
ucb_b0,206.0,0.0,0.0,-43.90254521369934
ucb_b0,207.0,0.0,0.0,-35.603674948215485
ucb_b0,208.0,0.0,0.0,-34.841073751449585
ucb_b0,209.0,0.0,0.0,-49.40230655670166
ucb_b0,210.0,0.0,0.0,-37.2844899892807
ucb_b0,211.0,0.0,0.0,-44.21971321105957
ucb_b0,212.0,0.0,0.0,-26.811259627342224
ucb_b0,213.0,0.0,0.0,-31.43441081047058
ucb_b0,214.0,0.0,0.0,-52.143333196640015
ucb_b0,215.0,0.0,0.0,-28.884209036827087
ucb_b0,216.0,0.0,0.0,-23.2403382062912
ucb_b0,217.0,0.0,0.0,-36.99315881729126
ucb_b0,218.0,0.0,0.0,-34.03612232208252
ucb_b0,219.0,0.0,0.0,-12.120901465415955
ucb_b0,220.0,0.0,0.0,-35.59469187259674
ucb_b0,221.0,0.0,0.0,-15.270634710788727
ucb_b0,222.0,0.0,0.0,-51.52285051345825
ucb_b0,223.0,0.0,0.0,-27.313177347183228
ucb_b0,224.0,0.0,0.0,-46.18225598335266
ucb_b0,225.0,0.0,0.0,-52.66707229614258
ucb_b0,226.0,0.0,0.0,-36.970245599746704
ucb_b0,227.0,0.0,0.0,-40.512224197387695
ucb_b0,228.0,0.0,0.0,-36.94722080230713
ucb_b0,229.0,0.0,0.0,-0.0010002159251598641
ucb_b0,230.0,0.0,0.0,-41.89683413505554
ucb_b0,231.0,0.0,0.0,-38.04304492473602
ucb_b0,232.0,0.0,0.0,-36.52281355857849
ucb_b0,233.0,0.0,0.0,-45.96435248851776
ucb_b0,234.0,0.0,0.0,-51.35911202430725
ucb_b0,236.0,0.0,0.0,-30.691389739513397
ucb_b0,237.0,0.0,0.0,-30.9972243309021
ucb_b0,239.0,0.0,0.0,-50.191903829574585
ucb_b0,240.0,0.0,0.0,-17.323108673095703
ucb_b0,241.0,0.0,0.0,-33.51524043083191
ucb_b0,242.0,0.0,0.0,-24.932715117931366
ucb_b0,243.0,0.0,0.0,-40.283453702926636
ucb_b0,244.0,0.0,0.0,-28.343290328979492
ucb_b0,245.0,0.0,0.0,-20.986804574728012
ucb_b0,246.0,0.0,0.0,-20.32269787788391
ucb_b0,247.0,0.0,0.0,-46.5853306055069
ucb_b0,248.0,0.0,0.0,-37.87580919265747
ucb_b0,249.0,0.0,0.0,-39.723634004592896
ucb_b0,250.0,0.0,0.0,-48.12669634819031
ucb_b0,252.0,0.0,0.0,-25.762630939483643
ucb_b0,253.0,0.0,0.0,-49.03028964996338
ucb_b0,254.0,0.0,0.0,-33.6900720000267
ucb_b0,255.0,0.0,0.0,-31.660198211669922
ucb_b0,257.0,0.0,0.0,-35.603050231933594
ucb_b0,258.0,0.0,0.0,-33.00240969657898
ucb_b0,259.0,0.0,0.0,-35.33067429065704
ucb_b0,260.0,0.0,0.0,-38.359721660614014
ucb_b0,261.0,0.0,0.0,0.0
ucb_b0,262.0,0.0,0.0,-47.01347245275974
ucb_b0,263.0,0.0,0.0,-22.420781791210175
ucb_b0,264.0,0.0,0.0,-50.21853446960449
ucb_b0,266.0,0.0,0.0,-42.52032399177551
ucb_b0,267.0,0.0,0.0,-29.946553349494934
ucb_b0,268.0,0.0,0.0,-43.659127965569496
ucb_b0,269.0,0.0,0.0,-38.502363204956055
ucb_b0,270.0,0.0,0.0,-15.094457149505615
ucb_b0,271.0,0.0,0.0,-30.718619227409363
ucb_b0,272.0,0.0,0.0,-10.517863661050797
ucb_b0,273.0,0.0,0.0,-25.280074954032898
ucb_b0,274.0,0.0,0.0,-30.478124737739563
ucb_b0,275.0,0.0,0.0,-27.17288425564766
ucb_b0,276.0,0.0,0.0,-32.850528955459595
ucb_b0,277.0,0.0,0.0,-33.37290259543806
ucb_b0,278.0,0.0,0.0,-46.63229417800903
ucb_b0,279.0,0.0,0.0,-19.723289787769318
ucb_b0,280.0,0.0,0.0,-32.52496290206909
ucb_b0,282.0,0.0,0.0,-32.9708309173584
ucb_b0,283.0,0.0,0.0,-28.7704815864563
ucb_b0,284.0,0.0,0.0,-35.4340455532074
ucb_b0,285.0,0.0,0.0,-29.04868245124817
ucb_b0,286.0,0.0,0.0,-36.78339076042175
ucb_b0,287.0,0.0,0.0,-46.511213064193726
ucb_b0,288.0,0.0,0.0,-54.59148836135864
ucb_b0,289.0,0.0,0.0,-31.56427812576294
ucb_b0,290.0,0.0,0.0,-39.821691274642944
ucb_b0,291.0,0.0,0.0,-59.90838098526001
ucb_b0,292.0,0.0,0.0,-28.21595573425293
ucb_b0,293.0,0.0,0.0,-36.121827840805054
ucb_b0,294.0,0.0,0.0,-38.31805670261383
ucb_b0,295.0,0.0,0.0,-45.45172047615051
ucb_b0,296.0,0.0,0.0,-12.732133716344833
ucb_b0,297.0,0.0,0.0,-22.967671751976013
ucb_b0,298.0,0.0,0.0,-36.13157677650452
ucb_b0,299.0,0.0,0.0,-38.3434898853302
ucb_b0,300.0,0.0,0.0,-36.765459299087524
ucb_b0,301.0,0.0,0.0,-17.593384325504303
ucb_b0,302.0,0.0,0.0,-54.91757482290268
ucb_b0,303.0,0.0,0.0,-31.39424431324005
ucb_b0,304.0,0.0,0.0,-29.346146821975708
ucb_b0,305.0,0.0,0.0,-34.710272550582886
ucb_b0,306.0,0.0,0.0,-29.544097542762756
ucb_b0,307.0,0.0,0.0,-37.460132360458374
ucb_b0,308.0,0.0,0.0,-33.84363269805908
ucb_b0,309.0,0.0,0.0,-28.762376189231873
ucb_b0,310.0,0.0,0.0,-39.851675510406494
ucb_b0,311.0,0.0,0.0,-39.92021417617798
ucb_b0,312.0,0.0,0.0,-24.582258343696594
ucb_b0,313.0,0.0,0.0,-31.815877676010132
ucb_b0,314.0,0.0,0.0,-42.19561266899109
ucb_b0,315.0,0.0,0.0,-30.370755910873413
ucb_b0,316.0,0.0,0.0,-18.163740277290344
ucb_b0,317.0,0.0,0.0,-48.811535120010376
ucb_b0,318.0,0.0,0.0,-21.977866053581238
ucb_b0,319.0,0.0,0.0,-35.449613094329834
ucb_b0,320.0,0.0,0.0,-34.41521096229553
ucb_b0,321.0,0.0,0.0,-37.732234954833984
ucb_b0,322.0,0.0,0.0,-25.398937463760376
ucb_b0,323.0,0.0,0.0,-21.349101543426514
ucb_b0,324.0,0.0,0.0,-31.110385179519653
ucb_b0,325.0,0.0,0.0,-29.45344650745392
ucb_b0,326.0,0.0,0.0,-30.708165168762207
ucb_b0,327.0,0.0,0.0,-17.761878788471222
ucb_b0,328.0,0.0,0.0,-76.6863694190979
ucb_b0,329.0,0.0,0.0,-24.80531817674637
ucb_b0,330.0,0.0,0.0,-20.67293953895569
ucb_b0,331.0,0.0,0.0,-43.74112796783447
ucb_b0,332.0,0.0,0.0,-46.24321985244751
ucb_b0,333.0,0.0,0.0,-29.89290750026703
ucb_b0,334.0,0.0,0.0,-35.36193823814392
ucb_b0,336.0,0.0,0.0,-7.41814786195755
ucb_b0,337.0,0.0,0.0,-31.095875024795532
ucb_b0,338.0,0.0,0.0,-44.90142512321472
ucb_b0,340.0,0.0,0.0,-18.474643766880035
ucb_b0,341.0,0.0,0.0,-19.009022414684296
ucb_b0,342.0,0.0,0.0,-30.920816779136658
ucb_b0,343.0,0.0,0.0,-34.47816836833954
ucb_b0,344.0,0.0,0.0,-32.92442762851715
ucb_b0,346.0,0.0,0.0,-34.9832489490509
ucb_b0,347.0,0.0,0.0,-37.659770011901855
ucb_b0,348.0,0.0,0.0,-35.29085314273834
ucb_b0,350.0,0.0,0.0,-18.843231976032257
ucb_b0,351.0,0.0,0.0,-30.186657190322876
ucb_b0,352.0,0.0,0.0,-35.39503490924835
ucb_b0,353.0,0.0,0.0,-51.583064556121826
ucb_b0,354.0,0.0,0.0,0.0
ucb_b0,355.0,0.0,0.0,-43.415597438812256
ucb_b0,356.0,0.0,0.0,-13.420149683952332
ucb_b0,357.0,0.0,0.0,-17.495841026306152
ucb_b0,358.0,0.0,0.0,-31.692182779312134
ucb_b0,359.0,0.0,0.0,-34.90306758880615
ucb_b0,361.0,0.0,0.0,-29.435999631881714
ucb_b0,362.0,0.0,0.0,-31.001426458358765
ucb_b0,363.0,0.0,0.0,-30.820793390274048
ucb_b0,364.0,0.0,0.0,-63.55590105056763
ucb_b0,365.0,0.0,0.0,-30.308372020721436
ucb_b0,367.0,0.0,0.0,-31.8345468044281
ucb_b0,368.0,0.0,0.0,-41.808560848236084
ucb_b0,369.0,0.0,0.0,-33.28896081447601
ucb_b0,371.0,0.0,0.0,-37.096067667007446
ucb_b0,372.0,0.0,0.0,-46.38377237319946
ucb_b0,373.0,0.0,0.0,-39.600239276885986
ucb_b0,374.0,0.0,0.0,-55.81533098220825
ucb_b0,375.0,0.0,0.0,-48.32372283935547
ucb_b0,376.0,0.0,0.0,-19.94365358352661
ucb_b0,377.0,0.0,0.0,-36.17998027801514
ucb_b0,378.0,0.0,0.0,-51.203959465026855
ucb_b0,379.0,0.0,0.0,-34.428221106529236
ucb_b0,380.0,0.0,0.0,-32.79410219192505
ucb_b0,381.0,0.0,0.0,-29.360353589057922
ucb_b0,382.0,0.0,0.0,-51.0928053855896
ucb_b0,383.0,0.0,0.0,-0.0594055182300508
ucb_b0,384.0,0.0,0.0,-29.61700177192688
ucb_b0,385.0,0.0,0.0,-15.996999859809875
ucb_b0,386.0,0.0,0.0,-42.88399004936218
ucb_b0,387.0,0.0,0.0,-41.105304479599
ucb_b0,388.0,0.0,0.0,-27.115569591522217
ucb_b0,389.0,0.0,0.0,-37.04490566253662
ucb_b0,390.0,0.0,0.0,-41.7262704372406
ucb_b0,391.0,0.0,0.0,-14.344301998615265
ucb_b0,392.0,0.0,0.0,-15.547443985939026
ucb_b0,393.0,0.0,0.0,-35.87832164764404
ucb_b0,394.0,0.0,0.0,-28.223832845687866
ucb_b0,395.0,0.0,0.0,-23.403575837612152
ucb_b0,396.0,0.0,0.0,-40.749773263931274
ucb_b0,397.0,0.0,0.0,-20.961938738822937
ucb_b0,398.0,0.0,0.0,-31.32998251914978
ucb_b0,399.0,0.0,0.0,-38.15397548675537
ucb_b0,400.0,0.0,0.0,-34.83205556869507
ucb_b0,401.0,0.0,0.0,-35.12219715118408
ucb_b0,402.0,0.0,0.0,-29.695120811462402
ucb_b0,403.0,0.0,0.0,-40.493754625320435
ucb_b0,404.0,0.0,0.0,-24.776782274246216
ucb_b0,405.0,0.0,0.0,-32.336418867111206
ucb_b0,407.0,0.0,0.0,-67.86593174934387
ucb_b0,408.0,0.0,0.0,-32.95588731765747
ucb_b0,409.0,0.0,0.0,-10.046414732933044
ucb_b0,410.0,0.0,0.0,-32.45627164840698
ucb_b0,412.0,0.0,0.0,-46.41970908641815
ucb_b0,413.0,0.0,0.0,-34.11025142669678
ucb_b0,414.0,0.0,0.0,-27.745472192764282
ucb_b0,415.0,0.0,0.0,-29.451658248901367
ucb_b0,416.0,0.0,0.0,-48.82498860359192
ucb_b0,417.0,0.0,0.0,-40.83586096763611
ucb_b0,418.0,0.0,0.0,-39.32591485977173
ucb_b0,419.0,0.0,0.0,-47.501203536987305
ucb_b0,420.0,0.0,0.0,-25.861372232437134
ucb_b0,421.0,0.0,0.0,-18.994492828845978
ucb_b0,422.0,0.0,0.0,-19.995435804128647
ucb_b0,424.0,0.0,0.0,0.0
ucb_b0,425.0,0.0,0.0,-32.87632095813751
ucb_b0,426.0,0.0,0.0,-51.921106815338135
ucb_b0,428.0,0.0,0.0,-33.975430727005005
ucb_b0,429.0,0.0,0.0,-24.152765318751335
ucb_b0,430.0,0.0,0.0,-30.928228497505188
ucb_b0,431.0,0.0,0.0,-29.660736441612244
ucb_b0,432.0,0.0,0.0,-38.42579197883606
ucb_b0,433.0,0.0,0.0,-23.102337300777435
ucb_b0,434.0,0.0,0.0,-26.05021822452545
ucb_b0,435.0,0.0,0.0,-23.807071089744568
ucb_b0,436.0,0.0,0.0,-28.15573000907898
ucb_b0,437.0,0.0,0.0,-32.32113075256348
ucb_b0,438.0,0.0,0.0,-48.89663290977478
ucb_b0,439.0,0.0,0.0,-29.372400283813477
ucb_b0,440.0,0.0,0.0,-22.573686182498932
ucb_b0,441.0,0.0,0.0,-32.847652196884155
ucb_b0,442.0,0.0,0.0,-1.0860881954431534
ucb_b0,443.0,0.0,0.0,-37.45590531826019
ucb_b0,444.0,0.0,0.0,-34.20725333690643
ucb_b0,445.0,0.0,0.0,-57.20636057853699
ucb_b0,446.0,0.0,0.0,-37.8420569896698
ucb_b0,447.0,0.0,0.0,-20.396323084831238
ucb_b0,448.0,0.0,0.0,-19.953269302845
ucb_b0,449.0,0.0,0.0,-48.17787408828735
ucb_b0,450.0,0.0,0.0,-33.53433299064636
ucb_b0,451.0,0.0,0.0,-13.859514117240906
ucb_b0,452.0,0.0,0.0,-22.187144085764885
ucb_b0,453.0,0.0,0.0,-34.264732360839844
ucb_b0,454.0,0.0,0.0,-33.60673487186432
ucb_b0,455.0,0.0,0.0,-27.26781964302063
ucb_b0,456.0,0.0,0.0,-42.43230628967285
ucb_b0,457.0,0.0,0.0,-44.17817413806915
ucb_b0,458.0,0.0,0.0,-34.48097908496857
ucb_b0,459.0,0.0,0.0,-23.162917852401733
ucb_b0,460.0,0.0,0.0,-12.031150877475739
ucb_b0,461.0,0.0,0.0,-42.146403312683105
ucb_b0,462.0,0.0,0.0,-37.01148009300232
ucb_b0,463.0,0.0,0.0,-31.547290444374084
ucb_b0,464.0,0.0,0.0,-41.5856773853302
ucb_b0,465.0,0.0,0.0,-22.991888403892517
ucb_b0,466.0,0.0,0.0,-41.67378354072571
ucb_b0,467.0,0.0,0.0,-6.087532937526703
ucb_b0,468.0,0.0,0.0,-16.60947823524475
ucb_b0,469.0,0.0,0.0,-35.41303563117981
ucb_b0,470.0,0.0,0.0,-48.97076749801636
ucb_b0,471.0,0.0,0.0,-31.216680765151978
ucb_b0,472.0,0.0,0.0,-41.50358748435974
ucb_b0,473.0,0.0,0.0,-43.92037105560303
ucb_b0,474.0,0.0,0.0,-38.16571927070618
ucb_b0,475.0,0.0,0.0,-24.677390217781067
ucb_b0,476.0,0.0,0.0,-19.07707715034485
ucb_b0,477.0,0.0,0.0,-36.61496925354004
ucb_b0,478.0,0.0,0.0,0.0
ucb_b0,479.0,0.0,0.0,-30.382860600948334
ucb_b0,480.0,0.0,0.0,-39.78813862800598
ucb_b0,481.0,0.0,0.0,-31.693971812725067
ucb_b0,482.0,0.0,0.0,-22.076172709465027
ucb_b0,483.0,0.0,0.0,-42.778151750564575
ucb_b0,484.0,0.0,0.0,-32.467021226882935
ucb_b0,485.0,0.0,0.0,-45.4655659198761
ucb_b0,486.0,0.0,0.0,-44.18223285675049
ucb_b0,487.0,0.0,0.0,-48.001495361328125
ucb_b0,488.0,0.0,0.0,-32.55090606212616
ucb_b0,490.0,0.0,0.0,-27.968049108982086
ucb_b0,491.0,0.0,0.0,-52.75097167491913
ucb_b0,492.0,0.0,0.0,-29.16067385673523
ucb_b0,493.0,0.0,0.0,-30.196868240833282
ucb_b0,494.0,0.0,0.0,-30.00040078163147
ucb_b0,495.0,0.0,0.0,-42.72427821159363
ucb_b0,496.0,0.0,0.0,-26.152832865715027
random,1.0,0.0,0.0,-47.95790672302246
random,2.0,0.0,0.0,-47.95790672302246
random,3.0,0.0,0.0,-47.95790672302246
random,4.0,0.0,0.0,-47.95790672302246
random,5.0,0.0,0.0,-47.95790672302246
random,6.0,0.0,0.0,-47.95790672302246
random,7.0,0.0,0.0,-47.95790672302246
random,8.0,0.0,0.0,-47.95790672302246
random,9.0,0.0,0.0,-47.95790672302246
random,10.0,0.0,0.0,0.0
random,11.0,0.0,0.0,-47.95790672302246
random,12.0,0.0,0.0,-47.95790672302246
random,13.0,0.0,0.0,-47.95790672302246
random,14.0,0.0,0.0,-47.95790672302246
random,15.0,0.0,0.0,-47.95790672302246
random,16.0,0.0,0.0,-47.95790672302246
random,17.0,0.0,0.0,-47.95790672302246
random,18.0,0.0,0.0,-47.95790672302246
random,19.0,0.0,0.0,-47.95790672302246
random,20.0,0.0,0.0,-47.95790672302246
random,21.0,0.0,0.0,-47.95790672302246
random,22.0,0.0,0.0,-47.95790672302246
random,23.0,0.0,0.0,-47.95790672302246
random,24.0,0.0,0.0,-47.95790672302246
random,25.0,0.0,0.0,-47.95790672302246
random,26.0,0.0,0.0,-47.95790672302246
random,27.0,0.0,0.0,-47.95790672302246
random,28.0,0.0,0.0,-47.95790672302246
random,29.0,0.0,0.0,-47.95790672302246
random,30.0,0.0,0.0,-47.95790672302246
random,32.0,0.0,0.0,-47.95790672302246
random,33.0,0.0,0.0,-47.95790672302246
random,34.0,0.0,0.0,-47.95790672302246
random,35.0,0.0,0.0,-47.95790672302246
random,36.0,0.0,0.0,-47.95790672302246
random,37.0,0.0,0.0,-47.95790672302246
random,38.0,0.0,0.0,-47.95790672302246
random,39.0,0.0,0.0,-47.95790672302246
random,40.0,0.0,0.0,-47.95790672302246
random,41.0,0.0,0.0,-47.95790672302246
random,42.0,0.0,0.0,-47.95790672302246
random,43.0,0.0,0.0,-47.95790672302246
random,45.0,0.0,0.0,-47.95790672302246
random,46.0,0.0,0.0,-47.95790672302246
random,47.0,0.0,0.0,-47.95790672302246
random,48.0,0.0,0.0,-47.95790672302246
random,49.0,0.0,0.0,-47.95790672302246
random,50.0,0.0,0.0,-47.95790672302246
random,51.0,0.0,0.0,-47.95790672302246
random,52.0,0.0,0.0,-47.95790672302246
random,53.0,0.0,0.0,-47.95790672302246
random,54.0,0.0,0.0,0.0
random,55.0,0.0,0.0,-47.95790672302246
random,56.0,0.0,0.0,-47.95790672302246
random,58.0,0.0,0.0,-47.95790672302246
random,59.0,0.0,0.0,-47.95790672302246
random,60.0,0.0,0.0,-47.95790672302246
random,61.0,0.0,0.0,-47.95790672302246
random,64.0,0.0,0.0,-47.95790672302246
random,65.0,0.0,0.0,-47.95790672302246
random,66.0,0.0,0.0,-47.95790672302246
random,67.0,0.0,0.0,-47.95790672302246
random,68.0,0.0,0.0,-47.95790672302246
random,69.0,0.0,0.0,-47.95790672302246
random,70.0,0.0,0.0,-47.95790672302246
random,71.0,0.0,0.0,-47.95790672302246
random,72.0,0.0,0.0,-47.95790672302246
random,73.0,0.0,0.0,-47.95790672302246
random,74.0,0.0,0.0,-47.95790672302246
random,75.0,0.0,0.0,-47.95790672302246
random,76.0,0.0,0.0,-47.95790672302246
random,77.0,0.0,0.0,-47.95790672302246
random,78.0,0.0,0.0,-47.95790672302246
random,79.0,0.0,0.0,-47.95790672302246
random,80.0,0.0,0.0,-47.95790672302246
random,81.0,0.0,0.0,-47.95790672302246
random,82.0,0.0,0.0,-47.95790672302246
random,83.0,0.0,0.0,-47.95790672302246
random,84.0,0.0,0.0,-47.95790672302246
random,85.0,0.0,0.0,-47.95790672302246
random,87.0,0.0,0.0,-47.95790672302246
random,88.0,0.0,0.0,-47.95790672302246
random,89.0,0.0,0.0,-47.95790672302246
random,90.0,0.0,0.0,-47.95790672302246
random,91.0,0.0,0.0,-47.95790672302246
random,92.0,0.0,0.0,-47.95790672302246
random,93.0,0.0,0.0,-47.95790672302246
random,94.0,0.0,0.0,-47.95790672302246
random,95.0,0.0,0.0,-47.95790672302246
random,96.0,0.0,0.0,-47.95790672302246
random,98.0,0.0,0.0,-47.95790672302246
random,99.0,0.0,0.0,-47.95790672302246
random,101.0,0.0,0.0,-47.95790672302246
random,102.0,0.0,0.0,-47.95790672302246
random,103.0,0.0,0.0,-47.95790672302246
random,104.0,0.0,0.0,-47.95790672302246
random,105.0,0.0,0.0,-47.95790672302246
random,106.0,0.0,0.0,-47.95790672302246
random,107.0,0.0,0.0,-47.95790672302246
random,108.0,0.0,0.0,-47.95790672302246
random,109.0,0.0,0.0,-47.95790672302246
random,111.0,0.0,0.0,-47.95790672302246
random,112.0,0.0,0.0,-47.95790672302246
random,113.0,0.0,0.0,-47.95790672302246
random,114.0,0.0,0.0,-47.95790672302246
random,115.0,0.0,0.0,-47.95790672302246
random,116.0,0.0,0.0,-47.95790672302246
random,117.0,0.0,0.0,-47.95790672302246
random,118.0,0.0,0.0,-47.95790672302246
random,119.0,0.0,0.0,-47.95790672302246
random,120.0,0.0,0.0,-47.95790672302246
random,121.0,0.0,0.0,-47.95790672302246
random,122.0,0.0,0.0,-47.95790672302246
random,123.0,0.0,0.0,-47.95790672302246
random,124.0,0.0,0.0,-47.95790672302246
random,125.0,0.0,0.0,-47.95790672302246
random,126.0,0.0,0.0,-47.95790672302246
random,128.0,0.0,0.0,-47.95790672302246
random,130.0,0.0,0.0,-47.95790672302246
random,131.0,0.0,0.0,-47.95790672302246
random,132.0,0.0,0.0,-47.95790672302246
random,133.0,0.0,0.0,-47.95790672302246
random,134.0,0.0,0.0,-47.95790672302246
random,135.0,0.0,0.0,-47.95790672302246
random,136.0,0.0,0.0,-47.95790672302246
random,137.0,0.0,0.0,-47.95790672302246
random,138.0,0.0,0.0,-47.95790672302246
random,139.0,0.0,0.0,-47.95790672302246
random,140.0,0.0,0.0,-47.95790672302246
random,141.0,0.0,0.0,-47.95790672302246
random,142.0,0.0,0.0,-47.95790672302246
random,143.0,0.0,0.0,-47.95790672302246
random,144.0,0.0,0.0,-47.95790672302246
random,145.0,0.0,0.0,-47.95790672302246
random,146.0,0.0,0.0,-47.95790672302246
random,147.0,0.0,0.0,-47.95790672302246
random,148.0,0.0,0.0,-47.95790672302246
random,149.0,0.0,0.0,-47.95790672302246
random,150.0,0.0,0.0,-47.95790672302246
random,151.0,0.0,0.0,-47.95790672302246
random,152.0,0.0,0.0,-47.95790672302246
random,153.0,0.0,0.0,-47.95790672302246
random,154.0,0.0,0.0,-47.95790672302246
random,155.0,0.0,0.0,-47.95790672302246
random,156.0,0.0,0.0,-47.95790672302246
random,158.0,0.0,0.0,-47.95790672302246
random,159.0,0.0,0.0,-47.95790672302246
random,160.0,0.0,0.0,-47.95790672302246
random,161.0,0.0,0.0,-47.95790672302246
random,162.0,0.0,0.0,-47.95790672302246
random,163.0,0.0,0.0,-47.95790672302246
random,165.0,0.0,0.0,-47.95790672302246
random,166.0,0.0,0.0,-47.95790672302246
random,167.0,0.0,0.0,-47.95790672302246
random,168.0,0.0,0.0,-47.95790672302246
random,169.0,0.0,0.0,-47.95790672302246
random,170.0,0.0,0.0,-47.95790672302246
random,171.0,0.0,0.0,-47.95790672302246
random,172.0,0.0,0.0,-47.95790672302246
random,173.0,0.0,0.0,-47.95790672302246
random,174.0,0.0,0.0,-47.95790672302246
random,175.0,0.0,0.0,-47.95790672302246
random,176.0,0.0,0.0,-47.95790672302246
random,177.0,0.0,0.0,-47.95790672302246
random,178.0,0.0,0.0,-47.95790672302246
random,179.0,0.0,0.0,-47.95790672302246
random,180.0,0.0,0.0,-47.95790672302246
random,181.0,0.0,0.0,-47.95790672302246
random,182.0,0.0,0.0,-47.95790672302246
random,183.0,0.0,0.0,-47.95790672302246
random,185.0,0.0,0.0,-47.95790672302246
random,186.0,0.0,0.0,-47.95790672302246
random,187.0,0.0,0.0,-47.95790672302246
random,188.0,0.0,0.0,-47.95790672302246
random,190.0,0.0,0.0,-47.95790672302246
random,191.0,0.0,0.0,-47.95790672302246
random,192.0,0.0,0.0,-47.95790672302246
random,193.0,0.0,0.0,-47.95790672302246
random,195.0,0.0,0.0,-47.95790672302246
random,196.0,0.0,0.0,-47.95790672302246
random,197.0,0.0,0.0,-47.95790672302246
random,198.0,0.0,0.0,-47.95790672302246
random,199.0,0.0,0.0,-47.95790672302246
random,200.0,0.0,0.0,-47.95790672302246
random,201.0,0.0,0.0,-47.95790672302246
random,202.0,0.0,0.0,-47.95790672302246
random,203.0,0.0,0.0,-47.95790672302246
random,204.0,0.0,0.0,-47.95790672302246
random,205.0,0.0,0.0,-47.95790672302246
random,206.0,0.0,0.0,-47.95790672302246
random,207.0,0.0,0.0,-47.95790672302246
random,208.0,0.0,0.0,-47.95790672302246
random,209.0,0.0,0.0,-47.95790672302246
random,210.0,0.0,0.0,-47.95790672302246
random,211.0,0.0,0.0,-47.95790672302246
random,212.0,0.0,0.0,-47.95790672302246
random,213.0,0.0,0.0,-47.95790672302246
random,214.0,0.0,0.0,-47.95790672302246
random,215.0,0.0,0.0,-47.95790672302246
random,216.0,0.0,0.0,-47.95790672302246
random,217.0,0.0,0.0,-47.95790672302246
random,218.0,0.0,0.0,-47.95790672302246
random,219.0,0.0,0.0,-47.95790672302246
random,220.0,0.0,0.0,-47.95790672302246
random,221.0,0.0,0.0,-47.95790672302246
random,222.0,0.0,0.0,-47.95790672302246
random,223.0,0.0,0.0,-47.95790672302246
random,224.0,0.0,0.0,-47.95790672302246
random,225.0,0.0,0.0,-47.95790672302246
random,226.0,0.0,0.0,-47.95790672302246
random,227.0,0.0,0.0,-47.95790672302246
random,228.0,0.0,0.0,-47.95790672302246
random,229.0,0.0,0.0,-47.95790672302246
random,230.0,0.0,0.0,-47.95790672302246
random,231.0,0.0,0.0,-47.95790672302246
random,232.0,0.0,0.0,-47.95790672302246
random,233.0,0.0,0.0,-47.95790672302246
random,234.0,0.0,0.0,-47.95790672302246
random,236.0,0.0,0.0,-47.95790672302246
random,237.0,0.0,0.0,-47.95790672302246
random,239.0,0.0,0.0,-47.95790672302246
random,240.0,0.0,0.0,-47.95790672302246
random,241.0,0.0,0.0,-47.95790672302246
random,242.0,0.0,0.0,-47.95790672302246
random,243.0,0.0,0.0,-47.95790672302246
random,244.0,0.0,0.0,-47.95790672302246
random,245.0,0.0,0.0,-47.95790672302246
random,246.0,0.0,0.0,-47.95790672302246
random,247.0,0.0,0.0,-47.95790672302246
random,248.0,0.0,0.0,-47.95790672302246
random,249.0,0.0,0.0,-47.95790672302246
random,250.0,0.0,0.0,-47.95790672302246
random,252.0,0.0,0.0,-47.95790672302246
random,253.0,0.0,0.0,-47.95790672302246
random,254.0,0.0,0.0,-47.95790672302246
random,255.0,0.0,0.0,-47.95790672302246
random,257.0,0.0,0.0,-47.95790672302246
random,258.0,0.0,0.0,-47.95790672302246
random,259.0,0.0,0.0,-47.95790672302246
random,260.0,0.0,0.0,-47.95790672302246
random,261.0,0.0,0.0,0.0
random,262.0,0.0,0.0,-47.95790672302246
random,263.0,0.0,0.0,-47.95790672302246
random,264.0,0.0,0.0,-47.95790672302246
random,266.0,0.0,0.0,-47.95790672302246
random,267.0,0.0,0.0,-47.95790672302246
random,268.0,0.0,0.0,-47.95790672302246
random,269.0,0.0,0.0,-47.95790672302246
random,270.0,0.0,0.0,-47.95790672302246
random,271.0,0.0,0.0,-47.95790672302246
random,272.0,0.0,0.0,-47.95790672302246
random,273.0,0.0,0.0,-47.95790672302246
random,274.0,0.0,0.0,-47.95790672302246
random,275.0,0.0,0.0,-47.95790672302246
random,276.0,0.0,0.0,-47.95790672302246
random,277.0,0.0,0.0,-47.95790672302246
random,278.0,0.0,0.0,-47.95790672302246
random,279.0,0.0,0.0,-47.95790672302246
random,280.0,0.0,0.0,-47.95790672302246
random,282.0,0.0,0.0,-47.95790672302246
random,283.0,0.0,0.0,-47.95790672302246
random,284.0,0.0,0.0,-47.95790672302246
random,285.0,0.0,0.0,-47.95790672302246
random,286.0,0.0,0.0,-47.95790672302246
random,287.0,0.0,0.0,-47.95790672302246
random,288.0,0.0,0.0,-47.95790672302246
random,289.0,0.0,0.0,-47.95790672302246
random,290.0,0.0,0.0,-47.95790672302246
random,291.0,0.0,0.0,-47.95790672302246
random,292.0,0.0,0.0,-47.95790672302246
random,293.0,0.0,0.0,-47.95790672302246
random,294.0,0.0,0.0,-47.95790672302246
random,295.0,0.0,0.0,-47.95790672302246
random,296.0,0.0,0.0,-47.95790672302246
random,297.0,0.0,0.0,-47.95790672302246
random,298.0,0.0,0.0,-47.95790672302246
random,299.0,0.0,0.0,-47.95790672302246
random,300.0,0.0,0.0,-47.95790672302246
random,301.0,0.0,0.0,-47.95790672302246
random,302.0,0.0,0.0,-47.95790672302246
random,303.0,0.0,0.0,-47.95790672302246
random,304.0,0.0,0.0,-47.95790672302246
random,305.0,0.0,0.0,-47.95790672302246
random,306.0,0.0,0.0,-47.95790672302246
random,307.0,0.0,0.0,-47.95790672302246
random,308.0,0.0,0.0,-47.95790672302246
random,309.0,0.0,0.0,-47.95790672302246
random,310.0,0.0,0.0,-47.95790672302246
random,311.0,0.0,0.0,-47.95790672302246
random,312.0,0.0,0.0,-47.95790672302246
random,313.0,0.0,0.0,-47.95790672302246
random,314.0,0.0,0.0,-47.95790672302246
random,315.0,0.0,0.0,-47.95790672302246
random,316.0,0.0,0.0,-47.95790672302246
random,317.0,0.0,0.0,-47.95790672302246
random,318.0,0.0,0.0,-47.95790672302246
random,319.0,0.0,0.0,-47.95790672302246
random,320.0,0.0,0.0,-47.95790672302246
random,321.0,0.0,0.0,-47.95790672302246
random,322.0,0.0,0.0,-47.95790672302246
random,323.0,0.0,0.0,-47.95790672302246
random,324.0,0.0,0.0,-47.95790672302246
random,325.0,0.0,0.0,-47.95790672302246
random,326.0,0.0,0.0,-47.95790672302246
random,327.0,0.0,0.0,-47.95790672302246
random,328.0,0.0,0.0,-47.95790672302246
random,329.0,0.0,0.0,-47.95790672302246
random,330.0,0.0,0.0,-47.95790672302246
random,331.0,0.0,0.0,-47.95790672302246
random,332.0,0.0,0.0,-47.95790672302246
random,333.0,0.0,0.0,-47.95790672302246
random,334.0,0.0,0.0,-47.95790672302246
random,336.0,0.0,0.0,-47.95790672302246
random,337.0,0.0,0.0,-47.95790672302246
random,338.0,0.0,0.0,-47.95790672302246
random,340.0,0.0,0.0,-47.95790672302246
random,341.0,0.0,0.0,-47.95790672302246
random,342.0,0.0,0.0,-47.95790672302246
random,343.0,0.0,0.0,-47.95790672302246
random,344.0,0.0,0.0,-47.95790672302246
random,346.0,0.0,0.0,-47.95790672302246
random,347.0,0.0,0.0,-47.95790672302246
random,348.0,0.0,0.0,-47.95790672302246
random,350.0,0.0,0.0,-47.95790672302246
random,351.0,0.0,0.0,-47.95790672302246
random,352.0,0.0,0.0,-47.95790672302246
random,353.0,0.0,0.0,-47.95790672302246
random,354.0,0.0,0.0,0.0
random,355.0,0.0,0.0,-47.95790672302246
random,356.0,0.0,0.0,-47.95790672302246
random,357.0,0.0,0.0,-47.95790672302246
random,358.0,0.0,0.0,-47.95790672302246
random,359.0,0.0,0.0,-47.95790672302246
random,361.0,0.0,0.0,-47.95790672302246
random,362.0,0.0,0.0,-47.95790672302246
random,363.0,0.0,0.0,-47.95790672302246
random,364.0,0.0,0.0,-47.95790672302246
random,365.0,0.0,0.0,-47.95790672302246
random,367.0,0.0,0.0,-47.95790672302246
random,368.0,0.0,0.0,-47.95790672302246
random,369.0,0.0,0.0,-47.95790672302246
random,371.0,0.0,0.0,-47.95790672302246
random,372.0,0.0,0.0,-47.95790672302246
random,373.0,0.0,0.0,-47.95790672302246
random,374.0,0.0,0.0,-47.95790672302246
random,375.0,0.0,0.0,-47.95790672302246
random,376.0,0.0,0.0,-47.95790672302246
random,377.0,0.0,0.0,-47.95790672302246
random,378.0,0.0,0.0,-47.95790672302246
random,379.0,0.0,0.0,-47.95790672302246
random,380.0,0.0,0.0,-47.95790672302246
random,381.0,0.0,0.0,-47.95790672302246
random,382.0,0.0,0.0,-47.95790672302246
random,383.0,0.0,0.0,-47.95790672302246
random,384.0,0.0,0.0,-47.95790672302246
random,385.0,0.0,0.0,-47.95790672302246
random,386.0,0.0,0.0,-47.95790672302246
random,387.0,0.0,0.0,-47.95790672302246
random,388.0,0.0,0.0,-47.95790672302246
random,389.0,0.0,0.0,-47.95790672302246
random,390.0,0.0,0.0,-47.95790672302246
random,391.0,0.0,0.0,-47.95790672302246
random,392.0,0.0,0.0,-47.95790672302246
random,393.0,0.0,0.0,-47.95790672302246
random,394.0,0.0,0.0,-47.95790672302246
random,395.0,0.0,0.0,-47.95790672302246
random,396.0,0.0,0.0,-47.95790672302246
random,397.0,0.0,0.0,-47.95790672302246
random,398.0,0.0,0.0,-47.95790672302246
random,399.0,0.0,0.0,-47.95790672302246
random,400.0,0.0,0.0,-47.95790672302246
random,401.0,0.0,0.0,-47.95790672302246
random,402.0,0.0,0.0,-47.95790672302246
random,403.0,0.0,0.0,-47.95790672302246
random,404.0,0.0,0.0,-47.95790672302246
random,405.0,0.0,0.0,-47.95790672302246
random,407.0,0.0,0.0,-47.95790672302246
random,408.0,0.0,0.0,-47.95790672302246
random,409.0,0.0,0.0,-47.95790672302246
random,410.0,0.0,0.0,-47.95790672302246
random,412.0,0.0,0.0,-47.95790672302246
random,413.0,0.0,0.0,-47.95790672302246
random,414.0,0.0,0.0,-47.95790672302246
random,415.0,0.0,0.0,-47.95790672302246
random,416.0,0.0,0.0,-47.95790672302246
random,417.0,0.0,0.0,-47.95790672302246
random,418.0,0.0,0.0,-47.95790672302246
random,419.0,0.0,0.0,-47.95790672302246
random,420.0,0.0,0.0,-47.95790672302246
random,421.0,0.0,0.0,-47.95790672302246
random,422.0,0.0,0.0,-47.95790672302246
random,424.0,0.0,0.0,0.0
random,425.0,0.0,0.0,-47.95790672302246
random,426.0,0.0,0.0,-47.95790672302246
random,428.0,0.0,0.0,-47.95790672302246
random,429.0,0.0,0.0,-47.95790672302246
random,430.0,0.0,0.0,-47.95790672302246
random,431.0,0.0,0.0,-47.95790672302246
random,432.0,0.0,0.0,-47.95790672302246
random,433.0,0.0,0.0,-47.95790672302246
random,434.0,0.0,0.0,-47.95790672302246
random,435.0,0.0,0.0,-47.95790672302246
random,436.0,0.0,0.0,-47.95790672302246
random,437.0,0.0,0.0,-47.95790672302246
random,438.0,0.0,0.0,-47.95790672302246
random,439.0,0.0,0.0,-47.95790672302246
random,440.0,0.0,0.0,-47.95790672302246
random,441.0,0.0,0.0,-47.95790672302246
random,442.0,0.0,0.0,-47.95790672302246
random,443.0,0.0,0.0,-47.95790672302246
random,444.0,0.0,0.0,-47.95790672302246
random,445.0,0.0,0.0,-47.95790672302246
random,446.0,0.0,0.0,-47.95790672302246
random,447.0,0.0,0.0,-47.95790672302246
random,448.0,0.0,0.0,-47.95790672302246
random,449.0,0.0,0.0,-47.95790672302246
random,450.0,0.0,0.0,-47.95790672302246
random,451.0,0.0,0.0,-47.95790672302246
random,452.0,0.0,0.0,-47.95790672302246
random,453.0,0.0,0.0,-47.95790672302246
random,454.0,0.0,0.0,-47.95790672302246
random,455.0,0.0,0.0,-47.95790672302246
random,456.0,0.0,0.0,-47.95790672302246
random,457.0,0.0,0.0,-47.95790672302246
random,458.0,0.0,0.0,-47.95790672302246
random,459.0,0.0,0.0,-47.95790672302246
random,460.0,0.0,0.0,-47.95790672302246
random,461.0,0.0,0.0,-47.95790672302246
random,462.0,0.0,0.0,-47.95790672302246
random,463.0,0.0,0.0,-47.95790672302246
random,464.0,0.0,0.0,-47.95790672302246
random,465.0,0.0,0.0,-47.95790672302246
random,466.0,0.0,0.0,-47.95790672302246
random,467.0,0.0,0.0,-47.95790672302246
random,468.0,0.0,0.0,-47.95790672302246
random,469.0,0.0,0.0,-47.95790672302246
random,470.0,0.0,0.0,-47.95790672302246
random,471.0,0.0,0.0,-47.95790672302246
random,472.0,0.0,0.0,-47.95790672302246
random,473.0,0.0,0.0,-47.95790672302246
random,474.0,0.0,0.0,-47.95790672302246
random,475.0,0.0,0.0,-47.95790672302246
random,476.0,0.0,0.0,-47.95790672302246
random,477.0,0.0,0.0,-47.95790672302246
random,478.0,0.0,0.0,0.0
random,479.0,0.0,0.0,-47.95790672302246
random,480.0,0.0,0.0,-47.95790672302246
random,481.0,0.0,0.0,-47.95790672302246
random,482.0,0.0,0.0,-47.95790672302246
random,483.0,0.0,0.0,-47.95790672302246
random,484.0,0.0,0.0,-47.95790672302246
random,485.0,0.0,0.0,-47.95790672302246
random,486.0,0.0,0.0,-47.95790672302246
random,487.0,0.0,0.0,-47.95790672302246
random,488.0,0.0,0.0,-47.95790672302246
random,490.0,0.0,0.0,-47.95790672302246
random,491.0,0.0,0.0,-47.95790672302246
random,492.0,0.0,0.0,-47.95790672302246
random,493.0,0.0,0.0,-47.95790672302246
random,494.0,0.0,0.0,-47.95790672302246
random,495.0,0.0,0.0,-47.95790672302246
random,496.0,0.0,0.0,-47.95790672302246
ucb_lcb_n,1.0,0.0,1.0,-23.568601667881012
ucb_lcb_n,2.0,0.0,1.0,-27.62275230884552
ucb_lcb_n,3.0,0.0,1.0,-29.19891321659088
ucb_lcb_n,4.0,0.0,1.0,-53.49347639083862
ucb_lcb_n,5.0,0.0,1.0,-37.53924876451492
ucb_lcb_n,6.0,0.0,1.0,-19.926328539848328
ucb_lcb_n,7.0,0.0,1.0,-27.233905121684074
ucb_lcb_n,8.0,0.0,1.0,-19.02813822031021
ucb_lcb_n,9.0,0.0,1.0,-27.800321459770203
ucb_lcb_n,10.0,0.0,1.0,-55.81643629074097
ucb_lcb_n,11.0,0.0,1.0,-42.08196997642517
ucb_lcb_n,12.0,0.0,1.0,-35.876702547073364
ucb_lcb_n,13.0,0.0,1.0,-17.7293980717659
ucb_lcb_n,14.0,0.0,1.0,-58.46103131771088
ucb_lcb_n,15.0,0.0,1.0,-19.012440025806427
ucb_lcb_n,16.0,0.0,1.0,-43.78917932510376
ucb_lcb_n,17.0,0.0,1.0,-22.480083107948303
ucb_lcb_n,18.0,0.0,1.0,-30.888416647911072
ucb_lcb_n,19.0,0.0,1.0,-39.79587686061859
ucb_lcb_n,20.0,0.0,1.0,-29.94232487678528
ucb_lcb_n,21.0,0.0,1.0,-14.537954211235046
ucb_lcb_n,22.0,0.0,1.0,-27.832122087478638
ucb_lcb_n,23.0,0.0,1.0,-24.978219866752625
ucb_lcb_n,24.0,0.0,1.0,-16.284786373376846
ucb_lcb_n,25.0,0.0,1.0,-29.23805719614029
ucb_lcb_n,26.0,0.0,1.0,-37.43671226501465
ucb_lcb_n,27.0,0.0,1.0,-41.14148020744324
ucb_lcb_n,28.0,0.0,1.0,-11.961503639817238
ucb_lcb_n,29.0,0.0,1.0,-26.57601284980774
ucb_lcb_n,30.0,0.0,1.0,-18.830871105194092
ucb_lcb_n,32.0,0.0,1.0,-22.5297783985734
ucb_lcb_n,33.0,0.0,1.0,-45.195401191711426
ucb_lcb_n,34.0,0.0,1.0,-12.005256220698357
ucb_lcb_n,35.0,0.0,1.0,-10.594563588500023
ucb_lcb_n,36.0,0.0,1.0,-30.17005157470703
ucb_lcb_n,37.0,0.0,1.0,-25.374738048762083
ucb_lcb_n,38.0,0.0,1.0,-43.60056400299072
ucb_lcb_n,39.0,0.0,1.0,-30.681394457817078
ucb_lcb_n,40.0,0.0,1.0,-34.37325963564217
ucb_lcb_n,41.0,0.0,1.0,-26.73611170053482
ucb_lcb_n,42.0,0.0,1.0,-37.13629198074341
ucb_lcb_n,43.0,0.0,1.0,-28.073756635189056
ucb_lcb_n,45.0,0.0,1.0,-11.140567421913147
ucb_lcb_n,46.0,0.0,1.0,-11.467473089694977
ucb_lcb_n,47.0,0.0,1.0,-22.31315439194441
ucb_lcb_n,48.0,0.0,1.0,-43.185914754867554
ucb_lcb_n,49.0,0.0,1.0,-20.519530832767487
ucb_lcb_n,50.0,0.0,1.0,-46.01898503303528
ucb_lcb_n,51.0,0.0,1.0,-30.183719158172607
ucb_lcb_n,52.0,0.0,1.0,0.0
ucb_lcb_n,53.0,0.0,1.0,-22.9801287651062
ucb_lcb_n,54.0,0.0,1.0,-25.069508254528046
ucb_lcb_n,55.0,0.0,1.0,-32.73433518409729
ucb_lcb_n,56.0,0.0,1.0,-23.482498933095485
ucb_lcb_n,58.0,0.0,1.0,-41.507697105407715
ucb_lcb_n,59.0,0.0,1.0,-39.64907121658325
ucb_lcb_n,60.0,0.0,1.0,-39.351716339588165
ucb_lcb_n,61.0,0.0,1.0,-33.53395617008209
ucb_lcb_n,64.0,0.0,1.0,-17.469623804092407
ucb_lcb_n,65.0,0.0,1.0,-40.053905606269836
ucb_lcb_n,66.0,0.0,1.0,-26.233315229415894
ucb_lcb_n,67.0,0.0,1.0,-24.464660853147507
ucb_lcb_n,68.0,0.0,1.0,-40.61444044113159
ucb_lcb_n,69.0,0.0,1.0,-30.16962179541588
ucb_lcb_n,70.0,0.0,1.0,-30.153797566890717
ucb_lcb_n,71.0,0.0,1.0,-12.193171381950378
ucb_lcb_n,72.0,0.0,1.0,-30.328613460063934
ucb_lcb_n,73.0,0.0,1.0,-24.685716077685356
ucb_lcb_n,74.0,0.0,1.0,-36.678372621536255
ucb_lcb_n,75.0,0.0,1.0,-27.973025619983673
ucb_lcb_n,76.0,0.0,1.0,-17.36876404285431
ucb_lcb_n,77.0,0.0,1.0,-36.1054904460907
ucb_lcb_n,78.0,0.0,1.0,-19.74771784245968
ucb_lcb_n,79.0,0.0,1.0,-44.81014585494995
ucb_lcb_n,80.0,0.0,1.0,-34.99753347039223
ucb_lcb_n,81.0,0.0,1.0,-21.93053188920021
ucb_lcb_n,82.0,0.0,1.0,-42.71661067008972
ucb_lcb_n,83.0,0.0,1.0,-40.619216203689575
ucb_lcb_n,84.0,0.0,1.0,-21.93712079524994
ucb_lcb_n,85.0,0.0,1.0,-18.314321756362915
ucb_lcb_n,87.0,0.0,1.0,-42.87635064125061
ucb_lcb_n,88.0,0.0,1.0,-24.91533613204956
ucb_lcb_n,89.0,0.0,1.0,-42.74946177005768
ucb_lcb_n,90.0,0.0,1.0,-36.98278284072876
ucb_lcb_n,91.0,0.0,1.0,-23.1888210773468
ucb_lcb_n,92.0,0.0,1.0,-27.49724841117859
ucb_lcb_n,93.0,0.0,1.0,-20.685409277677536
ucb_lcb_n,94.0,0.0,1.0,-21.601147890090942
ucb_lcb_n,95.0,0.0,1.0,-34.59946022927761
ucb_lcb_n,96.0,0.0,1.0,-32.82885432615876
ucb_lcb_n,98.0,0.0,1.0,-48.42727279663086
ucb_lcb_n,99.0,0.0,1.0,-19.17300510406494
ucb_lcb_n,101.0,0.0,1.0,-35.761932730674744
ucb_lcb_n,102.0,0.0,1.0,-31.126588344573975
ucb_lcb_n,103.0,0.0,1.0,-16.546354293823242
ucb_lcb_n,104.0,0.0,1.0,-42.70685577392578
ucb_lcb_n,105.0,0.0,1.0,-47.97134876251221
ucb_lcb_n,106.0,0.0,1.0,-23.405543625354767
ucb_lcb_n,107.0,0.0,1.0,-35.86265009641647
ucb_lcb_n,108.0,0.0,1.0,-23.037606090307236
ucb_lcb_n,109.0,0.0,1.0,-16.215225219726562
ucb_lcb_n,111.0,0.0,1.0,-47.94863224029541
ucb_lcb_n,112.0,0.0,1.0,-31.513732433319092
ucb_lcb_n,113.0,0.0,1.0,-21.794565744698048
ucb_lcb_n,114.0,0.0,1.0,-11.657470285892487
ucb_lcb_n,115.0,0.0,1.0,-26.470440536737442
ucb_lcb_n,116.0,0.0,1.0,-35.674699783325195
ucb_lcb_n,117.0,0.0,1.0,-29.899996995925903
ucb_lcb_n,118.0,0.0,1.0,-35.202625066041946
ucb_lcb_n,119.0,0.0,1.0,-5.682011157274246
ucb_lcb_n,120.0,0.0,1.0,-20.635956168174744
ucb_lcb_n,121.0,0.0,1.0,-44.7673145532608
ucb_lcb_n,122.0,0.0,1.0,-24.212135046720505
ucb_lcb_n,123.0,0.0,1.0,-14.957262795418501
ucb_lcb_n,124.0,0.0,1.0,-37.801859974861145
ucb_lcb_n,125.0,0.0,1.0,-44.08994936943054
ucb_lcb_n,126.0,0.0,1.0,-17.270977813750505
ucb_lcb_n,128.0,0.0,1.0,-28.95045518875122
ucb_lcb_n,130.0,0.0,1.0,-38.628708362579346
ucb_lcb_n,131.0,0.0,1.0,-0.19161170907318592
ucb_lcb_n,132.0,0.0,1.0,-18.939233648125082
ucb_lcb_n,133.0,0.0,1.0,-53.488510489463806
ucb_lcb_n,134.0,0.0,1.0,-36.000462889671326
ucb_lcb_n,135.0,0.0,1.0,-21.240327894687653
ucb_lcb_n,136.0,0.0,1.0,-11.938705950975418
ucb_lcb_n,137.0,0.0,1.0,-29.409739434719086
ucb_lcb_n,138.0,0.0,1.0,-39.78990030288696
ucb_lcb_n,139.0,0.0,1.0,-60.42328095436096
ucb_lcb_n,140.0,0.0,1.0,-21.323901772499084
ucb_lcb_n,141.0,0.0,1.0,-24.84195113182068
ucb_lcb_n,142.0,0.0,1.0,-40.877766132354736
ucb_lcb_n,143.0,0.0,1.0,-42.27369809150696
ucb_lcb_n,144.0,0.0,1.0,-12.219255559146404
ucb_lcb_n,145.0,0.0,1.0,-40.37200689315796
ucb_lcb_n,146.0,0.0,1.0,-46.65130090713501
ucb_lcb_n,147.0,0.0,1.0,-15.66072303056717
ucb_lcb_n,148.0,0.0,1.0,-2.695086181163788
ucb_lcb_n,149.0,0.0,1.0,-31.216094374656677
ucb_lcb_n,150.0,0.0,1.0,-14.995371341705322
ucb_lcb_n,151.0,0.0,1.0,-42.38911759853363
ucb_lcb_n,152.0,0.0,1.0,-36.745869398117065
ucb_lcb_n,153.0,0.0,1.0,-9.974319506436586
ucb_lcb_n,154.0,0.0,1.0,-40.79484570026398
ucb_lcb_n,155.0,0.0,1.0,-26.05417561531067
ucb_lcb_n,156.0,0.0,1.0,-19.09177416563034
ucb_lcb_n,158.0,0.0,1.0,-46.54411292076111
ucb_lcb_n,159.0,0.0,1.0,-27.082640409469604
ucb_lcb_n,160.0,0.0,1.0,-33.19597613811493
ucb_lcb_n,161.0,0.0,1.0,-32.66261833906174
ucb_lcb_n,162.0,0.0,1.0,-10.64902751147747
ucb_lcb_n,163.0,0.0,1.0,-46.86972379684448
ucb_lcb_n,165.0,0.0,1.0,-40.328447103500366
ucb_lcb_n,166.0,0.0,1.0,-52.579049825668335
ucb_lcb_n,167.0,0.0,1.0,-41.6983996629715
ucb_lcb_n,168.0,0.0,1.0,-42.253512144088745
ucb_lcb_n,169.0,0.0,1.0,-14.356095269322395
ucb_lcb_n,170.0,0.0,1.0,-26.526864647865295
ucb_lcb_n,171.0,0.0,1.0,-35.836806774139404
ucb_lcb_n,172.0,0.0,1.0,-43.383750200271606
ucb_lcb_n,173.0,0.0,1.0,-37.42434024810791
ucb_lcb_n,174.0,0.0,1.0,-31.334084153175354
ucb_lcb_n,175.0,0.0,1.0,-18.219778209924698
ucb_lcb_n,176.0,0.0,1.0,-24.467596545815468
ucb_lcb_n,177.0,0.0,1.0,-45.95238184928894
ucb_lcb_n,178.0,0.0,1.0,-38.77976384758949
ucb_lcb_n,179.0,0.0,1.0,-24.296253621578217
ucb_lcb_n,180.0,0.0,1.0,-29.320005398709327
ucb_lcb_n,181.0,0.0,1.0,-24.891839265823364
ucb_lcb_n,182.0,0.0,1.0,-26.422808438539505
ucb_lcb_n,183.0,0.0,1.0,-46.892080307006836
ucb_lcb_n,185.0,0.0,1.0,-19.266676127910614
ucb_lcb_n,186.0,0.0,1.0,-26.005474090576172
ucb_lcb_n,187.0,0.0,1.0,-42.14933979511261
ucb_lcb_n,188.0,0.0,1.0,-10.719518393278122
ucb_lcb_n,190.0,0.0,1.0,-33.356369987130165
ucb_lcb_n,191.0,0.0,1.0,-47.878425776958466
ucb_lcb_n,192.0,0.0,1.0,-30.756458044052124
ucb_lcb_n,193.0,0.0,1.0,-24.464266687631607
ucb_lcb_n,195.0,0.0,1.0,-38.38800573348999
ucb_lcb_n,196.0,0.0,1.0,-36.544755667448044
ucb_lcb_n,197.0,0.0,1.0,-27.012810826301575
ucb_lcb_n,198.0,0.0,1.0,-32.1753203868866
ucb_lcb_n,199.0,0.0,1.0,-34.15925249457359
ucb_lcb_n,200.0,0.0,1.0,-19.065060913562775
ucb_lcb_n,201.0,0.0,1.0,-12.924404978752136
ucb_lcb_n,202.0,0.0,1.0,-6.474819168448448
ucb_lcb_n,203.0,0.0,1.0,-28.520962953567505
ucb_lcb_n,204.0,0.0,1.0,-22.579727113246918
ucb_lcb_n,205.0,0.0,1.0,-27.092841520905495
ucb_lcb_n,206.0,0.0,1.0,-50.1797776222229
ucb_lcb_n,207.0,0.0,1.0,-42.18892401456833
ucb_lcb_n,208.0,0.0,1.0,-29.075437858700752
ucb_lcb_n,209.0,0.0,1.0,-47.77352571487427
ucb_lcb_n,210.0,0.0,1.0,-19.619710326194763
ucb_lcb_n,211.0,0.0,1.0,-42.98773193359375
ucb_lcb_n,212.0,0.0,1.0,-20.713774025440216
ucb_lcb_n,213.0,0.0,1.0,-19.610167533159256
ucb_lcb_n,214.0,0.0,1.0,-23.699870467185974
ucb_lcb_n,215.0,0.0,1.0,-33.025145411491394
ucb_lcb_n,216.0,0.0,1.0,-24.60151219367981
ucb_lcb_n,217.0,0.0,1.0,-13.873816281557083
ucb_lcb_n,218.0,0.0,1.0,-25.98735284805298
ucb_lcb_n,219.0,0.0,1.0,-31.38447792828083
ucb_lcb_n,220.0,0.0,1.0,-43.74301886558533
ucb_lcb_n,221.0,0.0,1.0,-23.300941824913025
ucb_lcb_n,222.0,0.0,1.0,-31.20391583442688
ucb_lcb_n,223.0,0.0,1.0,-17.946755811572075
ucb_lcb_n,224.0,0.0,1.0,-34.440701484680176
ucb_lcb_n,225.0,0.0,1.0,-56.924724102020264
ucb_lcb_n,226.0,0.0,1.0,-47.07500457763672
ucb_lcb_n,227.0,0.0,1.0,-25.920194625854492
ucb_lcb_n,228.0,0.0,1.0,-38.47448253631592
ucb_lcb_n,229.0,0.0,1.0,-0.09054571483284235
ucb_lcb_n,230.0,0.0,1.0,-34.835440158843994
ucb_lcb_n,231.0,0.0,1.0,-33.29924038052559
ucb_lcb_n,232.0,0.0,1.0,-41.11042881011963
ucb_lcb_n,233.0,0.0,1.0,-32.6755813062191
ucb_lcb_n,234.0,0.0,1.0,-43.42096734046936
ucb_lcb_n,236.0,0.0,1.0,-32.89899158477783
ucb_lcb_n,237.0,0.0,1.0,-33.346888065338135
ucb_lcb_n,239.0,0.0,1.0,-23.674890875816345
ucb_lcb_n,240.0,0.0,1.0,-31.088303327560425
ucb_lcb_n,241.0,0.0,1.0,-26.2779531031847
ucb_lcb_n,242.0,0.0,1.0,-7.537316158413887
ucb_lcb_n,243.0,0.0,1.0,-24.56132137775421
ucb_lcb_n,244.0,0.0,1.0,-12.366210967302322
ucb_lcb_n,245.0,0.0,1.0,-10.776435554027557
ucb_lcb_n,246.0,0.0,1.0,-18.20094347000122
ucb_lcb_n,247.0,0.0,1.0,-18.038180992007256
ucb_lcb_n,248.0,0.0,1.0,-52.133864402770996
ucb_lcb_n,249.0,0.0,1.0,-25.42885446548462
ucb_lcb_n,250.0,0.0,1.0,-28.202534675598145
ucb_lcb_n,252.0,0.0,1.0,-33.07999888062477
ucb_lcb_n,253.0,0.0,1.0,-14.272011995315552
ucb_lcb_n,254.0,0.0,1.0,-36.73745119571686
ucb_lcb_n,255.0,0.0,1.0,-40.17177367210388
ucb_lcb_n,257.0,0.0,1.0,-54.70134496688843
ucb_lcb_n,258.0,0.0,1.0,-39.44304585456848
ucb_lcb_n,259.0,0.0,1.0,-44.25771927833557
ucb_lcb_n,260.0,0.0,1.0,-29.056393146514893
ucb_lcb_n,261.0,0.0,1.0,-6.121754288673401
ucb_lcb_n,262.0,0.0,1.0,-41.405115604400635
ucb_lcb_n,263.0,0.0,1.0,-25.90586706995964
ucb_lcb_n,264.0,0.0,1.0,-23.363334372639656
ucb_lcb_n,266.0,0.0,1.0,-27.355113744735718
ucb_lcb_n,267.0,0.0,1.0,-28.275029871612787
ucb_lcb_n,268.0,0.0,1.0,-18.768150746822357
ucb_lcb_n,269.0,0.0,1.0,-32.37941336631775
ucb_lcb_n,270.0,0.0,1.0,-24.559356123209
ucb_lcb_n,271.0,0.0,1.0,-33.81317460536957
ucb_lcb_n,272.0,0.0,1.0,-18.76124490611255
ucb_lcb_n,273.0,0.0,1.0,-46.14612555503845
ucb_lcb_n,274.0,0.0,1.0,-36.835015535354614
ucb_lcb_n,275.0,0.0,1.0,-43.76284337043762
ucb_lcb_n,276.0,0.0,1.0,-26.044447243213654
ucb_lcb_n,277.0,0.0,1.0,-37.61633229255676
ucb_lcb_n,278.0,0.0,1.0,-40.06579327583313
ucb_lcb_n,279.0,0.0,1.0,-15.801162302494049
ucb_lcb_n,280.0,0.0,1.0,-34.67517006397247
ucb_lcb_n,282.0,0.0,1.0,-36.0407292842865
ucb_lcb_n,283.0,0.0,1.0,-26.28958225250244
ucb_lcb_n,284.0,0.0,1.0,-39.12897849082947
ucb_lcb_n,285.0,0.0,1.0,-30.210153460502625
ucb_lcb_n,286.0,0.0,1.0,-30.6705721616745
ucb_lcb_n,287.0,0.0,1.0,-16.390335290925577
ucb_lcb_n,288.0,0.0,1.0,-37.14853382110596
ucb_lcb_n,289.0,0.0,1.0,-27.189674077555537
ucb_lcb_n,290.0,0.0,1.0,-48.19598925113678
ucb_lcb_n,291.0,0.0,1.0,-20.79563194513321
ucb_lcb_n,292.0,0.0,1.0,-30.30369997024536
ucb_lcb_n,293.0,0.0,1.0,-14.863185167312622
ucb_lcb_n,294.0,0.0,1.0,-16.767253667116165
ucb_lcb_n,295.0,0.0,1.0,-42.127755880355835
ucb_lcb_n,296.0,0.0,1.0,-53.318172454833984
ucb_lcb_n,297.0,0.0,1.0,-11.817091017961502
ucb_lcb_n,298.0,0.0,1.0,-43.35788071155548
ucb_lcb_n,299.0,0.0,1.0,-34.01393195986748
ucb_lcb_n,300.0,0.0,1.0,-23.199850738048553
ucb_lcb_n,301.0,0.0,1.0,-24.82447874546051
ucb_lcb_n,302.0,0.0,1.0,-1.863033965229988
ucb_lcb_n,303.0,0.0,1.0,-39.271279096603394
ucb_lcb_n,304.0,0.0,1.0,-30.781067848205566
ucb_lcb_n,305.0,0.0,1.0,-16.26128662377596
ucb_lcb_n,306.0,0.0,1.0,-15.847824454307556
ucb_lcb_n,307.0,0.0,1.0,-17.261045709252357
ucb_lcb_n,308.0,0.0,1.0,-37.81426739692688
ucb_lcb_n,309.0,0.0,1.0,-21.845066361129284
ucb_lcb_n,310.0,0.0,1.0,-37.284579277038574
ucb_lcb_n,311.0,0.0,1.0,-23.344775676727295
ucb_lcb_n,312.0,0.0,1.0,-31.036030054092407
ucb_lcb_n,313.0,0.0,1.0,-30.174728870391846
ucb_lcb_n,314.0,0.0,1.0,-53.12688970565796
ucb_lcb_n,315.0,0.0,1.0,-27.742177724838257
ucb_lcb_n,316.0,0.0,1.0,-24.032510459423065
ucb_lcb_n,317.0,0.0,1.0,-15.392441391944885
ucb_lcb_n,318.0,0.0,1.0,0.0
ucb_lcb_n,319.0,0.0,1.0,-35.40666909143329
ucb_lcb_n,320.0,0.0,1.0,-30.31962502002716
ucb_lcb_n,321.0,0.0,1.0,-31.918483018875122
ucb_lcb_n,322.0,0.0,1.0,-19.119544327259064
ucb_lcb_n,323.0,0.0,1.0,-36.27086281776428
ucb_lcb_n,324.0,0.0,1.0,-31.10611328482628
ucb_lcb_n,325.0,0.0,1.0,-36.85008215904236
ucb_lcb_n,326.0,0.0,1.0,-33.09591269493103
ucb_lcb_n,327.0,0.0,1.0,-40.80816042423248
ucb_lcb_n,328.0,0.0,1.0,-45.13672757148743
ucb_lcb_n,329.0,0.0,1.0,-27.284602254629135
ucb_lcb_n,330.0,0.0,1.0,-22.32496953010559
ucb_lcb_n,331.0,0.0,1.0,-42.06092309951782
ucb_lcb_n,332.0,0.0,1.0,-50.34715557098389
ucb_lcb_n,333.0,0.0,1.0,-34.87811815738678
ucb_lcb_n,334.0,0.0,1.0,-42.691841185092926
ucb_lcb_n,336.0,0.0,1.0,-7.1998220682144165
ucb_lcb_n,337.0,0.0,1.0,-29.140137553215027
ucb_lcb_n,338.0,0.0,1.0,-52.37262558937073
ucb_lcb_n,340.0,0.0,1.0,-36.83532094955444
ucb_lcb_n,341.0,0.0,1.0,-39.4843430519104
ucb_lcb_n,342.0,0.0,1.0,-15.339234352111816
ucb_lcb_n,343.0,0.0,1.0,-31.538661420345306
ucb_lcb_n,344.0,0.0,1.0,-33.4744516313076
ucb_lcb_n,346.0,0.0,1.0,-20.58294203132391
ucb_lcb_n,347.0,0.0,1.0,-25.59787367284298
ucb_lcb_n,348.0,0.0,1.0,-45.20659780502319
ucb_lcb_n,350.0,0.0,1.0,-1.1551699042320251
ucb_lcb_n,351.0,0.0,1.0,-45.496952414512634
ucb_lcb_n,352.0,0.0,1.0,-42.40935289859772
ucb_lcb_n,353.0,0.0,1.0,-33.5232173204422
ucb_lcb_n,354.0,0.0,1.0,-36.54124116897583
ucb_lcb_n,355.0,0.0,1.0,-48.7076301574707
ucb_lcb_n,356.0,0.0,1.0,-25.133956491947174
ucb_lcb_n,357.0,0.0,1.0,-21.931990697979927
ucb_lcb_n,358.0,0.0,1.0,-19.603354781866074
ucb_lcb_n,359.0,0.0,1.0,-9.828207731246948
ucb_lcb_n,361.0,0.0,1.0,-21.8919790238142
ucb_lcb_n,362.0,0.0,1.0,-32.374440014362335
ucb_lcb_n,363.0,0.0,1.0,-42.83574187755585
ucb_lcb_n,364.0,0.0,1.0,-43.333182871341705
ucb_lcb_n,365.0,0.0,1.0,-46.511409759521484
ucb_lcb_n,367.0,0.0,1.0,-34.04398512840271
ucb_lcb_n,368.0,0.0,1.0,-35.022332310676575
ucb_lcb_n,369.0,0.0,1.0,-19.6901173889637
ucb_lcb_n,371.0,0.0,1.0,-34.43570065498352
ucb_lcb_n,372.0,0.0,1.0,-13.754869505763054
ucb_lcb_n,373.0,0.0,1.0,-36.18501043319702
ucb_lcb_n,374.0,0.0,1.0,-41.4087929725647
ucb_lcb_n,375.0,0.0,1.0,-31.16302514076233
ucb_lcb_n,376.0,0.0,1.0,-27.270232498645782
ucb_lcb_n,377.0,0.0,1.0,-36.99494171142578
ucb_lcb_n,378.0,0.0,1.0,-45.37067054212093
ucb_lcb_n,379.0,0.0,1.0,-35.97717183828354
ucb_lcb_n,380.0,0.0,1.0,-43.53738498687744
ucb_lcb_n,381.0,0.0,1.0,-16.92133343219757
ucb_lcb_n,382.0,0.0,1.0,-47.525267601013184
ucb_lcb_n,383.0,0.0,1.0,-10.548015639185905
ucb_lcb_n,384.0,0.0,1.0,-17.1361683011055
ucb_lcb_n,385.0,0.0,1.0,-17.855389714241028
ucb_lcb_n,386.0,0.0,1.0,-28.325443029403687
ucb_lcb_n,387.0,0.0,1.0,-40.97420358657837
ucb_lcb_n,388.0,0.0,1.0,-28.690362751483917
ucb_lcb_n,389.0,0.0,1.0,-41.258835792541504
ucb_lcb_n,390.0,0.0,1.0,-29.8411922454834
ucb_lcb_n,391.0,0.0,1.0,-12.104311391711235
ucb_lcb_n,392.0,0.0,1.0,-12.009502232074738
ucb_lcb_n,393.0,0.0,1.0,-38.308536767959595
ucb_lcb_n,394.0,0.0,1.0,-16.427485704421997
ucb_lcb_n,395.0,0.0,1.0,-0.6494881585240364
ucb_lcb_n,396.0,0.0,1.0,-20.512917280197144
ucb_lcb_n,397.0,0.0,1.0,-16.717398166656494
ucb_lcb_n,398.0,0.0,1.0,-36.743368268013
ucb_lcb_n,399.0,0.0,1.0,-42.59768271446228
ucb_lcb_n,400.0,0.0,1.0,-40.964396715164185
ucb_lcb_n,401.0,0.0,1.0,-28.37165856361389
ucb_lcb_n,402.0,0.0,1.0,-30.412601232528687
ucb_lcb_n,403.0,0.0,1.0,-41.659545570611954
ucb_lcb_n,404.0,0.0,1.0,-25.52806580066681
ucb_lcb_n,405.0,0.0,1.0,-28.777012698352337
ucb_lcb_n,407.0,0.0,1.0,-33.06747651100159
ucb_lcb_n,408.0,0.0,1.0,-15.577766120433807
ucb_lcb_n,409.0,0.0,1.0,-22.203615188598633
ucb_lcb_n,410.0,0.0,1.0,-32.76963818073273
ucb_lcb_n,412.0,0.0,1.0,-29.497659921646118
ucb_lcb_n,413.0,0.0,1.0,-27.873384460806847
ucb_lcb_n,414.0,0.0,1.0,-49.74099513888359
ucb_lcb_n,415.0,0.0,1.0,-18.23453140258789
ucb_lcb_n,416.0,0.0,1.0,-30.595693230628967
ucb_lcb_n,417.0,0.0,1.0,-51.465147733688354
ucb_lcb_n,418.0,0.0,1.0,-21.765008091926575
ucb_lcb_n,419.0,0.0,1.0,-43.76859450340271
ucb_lcb_n,420.0,0.0,1.0,-31.601291477680206
ucb_lcb_n,421.0,0.0,1.0,-7.241007745265961
ucb_lcb_n,422.0,0.0,1.0,-40.80080604553223
ucb_lcb_n,424.0,0.0,1.0,0.0
ucb_lcb_n,425.0,0.0,1.0,-38.956831216812134
ucb_lcb_n,426.0,0.0,1.0,-23.500823073089123
ucb_lcb_n,428.0,0.0,1.0,-45.473015666007996
ucb_lcb_n,429.0,0.0,1.0,-15.378700494766235
ucb_lcb_n,430.0,0.0,1.0,-18.601788222789764
ucb_lcb_n,431.0,0.0,1.0,-19.563577353954315
ucb_lcb_n,432.0,0.0,1.0,-8.420886516571045
ucb_lcb_n,433.0,0.0,1.0,-22.138996303081512
ucb_lcb_n,434.0,0.0,1.0,-31.453142762184143
ucb_lcb_n,435.0,0.0,1.0,-27.927088379859924
ucb_lcb_n,436.0,0.0,1.0,-41.348187774419785
ucb_lcb_n,437.0,0.0,1.0,-25.030043482780457
ucb_lcb_n,438.0,0.0,1.0,-26.77027502655983
ucb_lcb_n,439.0,0.0,1.0,-16.80109277367592
ucb_lcb_n,440.0,0.0,1.0,-14.48501489777118
ucb_lcb_n,441.0,0.0,1.0,-59.77777862548828
ucb_lcb_n,442.0,0.0,1.0,-0.013159888330847025
ucb_lcb_n,443.0,0.0,1.0,-0.011900772340595722
ucb_lcb_n,444.0,0.0,1.0,-34.42422044277191
ucb_lcb_n,445.0,0.0,1.0,-23.534968376159668
ucb_lcb_n,446.0,0.0,1.0,-18.452099442481995
ucb_lcb_n,447.0,0.0,1.0,-13.128723174333572
ucb_lcb_n,448.0,0.0,1.0,-25.03918056190014
ucb_lcb_n,449.0,0.0,1.0,-47.07921886444092
ucb_lcb_n,450.0,0.0,1.0,-43.750752449035645
ucb_lcb_n,451.0,0.0,1.0,-20.235615849494934
ucb_lcb_n,452.0,0.0,1.0,-20.45840562134981
ucb_lcb_n,453.0,0.0,1.0,-41.369199991226196
ucb_lcb_n,454.0,0.0,1.0,-28.495549127459526
ucb_lcb_n,455.0,0.0,1.0,-12.140441864728928
ucb_lcb_n,456.0,0.0,1.0,-33.23055276274681
ucb_lcb_n,457.0,0.0,1.0,-18.942033231258392
ucb_lcb_n,458.0,0.0,1.0,-24.778009437024593
ucb_lcb_n,459.0,0.0,1.0,-26.654995322227478
ucb_lcb_n,460.0,0.0,1.0,-22.47659742832184
ucb_lcb_n,461.0,0.0,1.0,-20.991086721420288
ucb_lcb_n,462.0,0.0,1.0,-16.65041297674179
ucb_lcb_n,463.0,0.0,1.0,-23.960257709026337
ucb_lcb_n,464.0,0.0,1.0,-25.540943026542664
ucb_lcb_n,465.0,0.0,1.0,-24.983851045370102
ucb_lcb_n,466.0,0.0,1.0,-32.517050981521606
ucb_lcb_n,467.0,0.0,1.0,-15.131804704666138
ucb_lcb_n,468.0,0.0,1.0,-0.24144783429801464
ucb_lcb_n,469.0,0.0,1.0,-21.370078563690186
ucb_lcb_n,470.0,0.0,1.0,-27.780706903897226
ucb_lcb_n,471.0,0.0,1.0,-19.476102670072578
ucb_lcb_n,472.0,0.0,1.0,-23.247968077659607
ucb_lcb_n,473.0,0.0,1.0,-36.87548220157623
ucb_lcb_n,474.0,0.0,1.0,-36.35626804828644
ucb_lcb_n,475.0,0.0,1.0,-39.68972086906433
ucb_lcb_n,476.0,0.0,1.0,-12.350755490362644
ucb_lcb_n,477.0,0.0,1.0,-34.26429146528244
ucb_lcb_n,478.0,0.0,1.0,-49.53540086746216
ucb_lcb_n,479.0,0.0,1.0,-15.959307068958879
ucb_lcb_n,480.0,0.0,1.0,-33.098339676856995
ucb_lcb_n,481.0,0.0,1.0,0.0
ucb_lcb_n,482.0,0.0,1.0,-19.23287409543991
ucb_lcb_n,483.0,0.0,1.0,-24.462530314922333
ucb_lcb_n,484.0,0.0,1.0,-16.91903531551361
ucb_lcb_n,485.0,0.0,1.0,-34.576311111450195
ucb_lcb_n,486.0,0.0,1.0,-46.15855598449707
ucb_lcb_n,487.0,0.0,1.0,-46.34619379043579
ucb_lcb_n,488.0,0.0,1.0,-23.30532329529524
ucb_lcb_n,490.0,0.0,1.0,-33.139446914196014
ucb_lcb_n,491.0,0.0,1.0,-0.11832089256495237
ucb_lcb_n,492.0,0.0,1.0,-17.762714505195618
ucb_lcb_n,493.0,0.0,1.0,-26.90323317050934
ucb_lcb_n,494.0,0.0,1.0,-26.185192227363586
ucb_lcb_n,495.0,0.0,1.0,-8.11374418437481
ucb_lcb_n,496.0,0.0,1.0,-23.35236695408821
ucb_lcb,1.0,0.0,1.0,-22.031642705202103
ucb_lcb,2.0,0.0,1.0,-34.4443793296814
ucb_lcb,3.0,0.0,1.0,-31.790796130895615
ucb_lcb,4.0,0.0,1.0,-51.05534601211548
ucb_lcb,5.0,0.0,1.0,-38.27998000383377
ucb_lcb,6.0,0.0,1.0,-17.905431151390076
ucb_lcb,7.0,0.0,1.0,-25.909000486135483
ucb_lcb,8.0,0.0,1.0,-21.110960125923157
ucb_lcb,9.0,0.0,1.0,-41.54967260360718
ucb_lcb,10.0,0.0,1.0,-39.12966275215149
ucb_lcb,11.0,0.0,1.0,-42.96558904647827
ucb_lcb,12.0,0.0,1.0,-35.93398666381836
ucb_lcb,13.0,0.0,1.0,-16.101361334323883
ucb_lcb,14.0,0.0,1.0,-47.3427038192749
ucb_lcb,15.0,0.0,1.0,-22.205938935279846
ucb_lcb,16.0,0.0,1.0,-42.4499933719635
ucb_lcb,17.0,0.0,1.0,-22.38155770301819
ucb_lcb,18.0,0.0,1.0,-30.572163224220276
ucb_lcb,19.0,0.0,1.0,-39.12965989112854
ucb_lcb,20.0,0.0,1.0,-30.377560019493103
ucb_lcb,21.0,0.0,1.0,-19.20993334054947
ucb_lcb,22.0,0.0,1.0,-26.142720580101013
ucb_lcb,23.0,0.0,1.0,-24.572309732437134
ucb_lcb,24.0,0.0,1.0,-18.99693387746811
ucb_lcb,25.0,0.0,1.0,-29.883858263492584
ucb_lcb,26.0,0.0,1.0,-35.13195526599884
ucb_lcb,27.0,0.0,1.0,-42.60049867630005
ucb_lcb,28.0,0.0,1.0,-11.938599705696106
ucb_lcb,29.0,0.0,1.0,-27.208316683769226
ucb_lcb,30.0,0.0,1.0,-28.08281672000885
ucb_lcb,32.0,0.0,1.0,-21.85844397544861
ucb_lcb,33.0,0.0,1.0,-45.31952738761902
ucb_lcb,34.0,0.0,1.0,-13.406238809227943
ucb_lcb,35.0,0.0,1.0,-10.760182697325945
ucb_lcb,36.0,0.0,1.0,-28.356869101524353
ucb_lcb,37.0,0.0,1.0,-29.85205864906311
ucb_lcb,38.0,0.0,1.0,-43.53192329406738
ucb_lcb,39.0,0.0,1.0,-29.523934960365295
ucb_lcb,40.0,0.0,1.0,-30.896527767181396
ucb_lcb,41.0,0.0,1.0,-25.433660089969635
ucb_lcb,42.0,0.0,1.0,-36.701056718826294
ucb_lcb,43.0,0.0,1.0,-29.888581335544586
ucb_lcb,45.0,0.0,1.0,-17.944349825382233
ucb_lcb,46.0,0.0,1.0,-10.221937537193298
ucb_lcb,47.0,0.0,1.0,-24.690388754475862
ucb_lcb,48.0,0.0,1.0,-45.122349977493286
ucb_lcb,49.0,0.0,1.0,-21.494103729724884
ucb_lcb,50.0,0.0,1.0,-43.17229926586151
ucb_lcb,51.0,0.0,1.0,-30.676920771598816
ucb_lcb,52.0,0.0,1.0,0.0
ucb_lcb,53.0,0.0,1.0,-22.52752935886383
ucb_lcb,54.0,0.0,1.0,-31.90406632423401
ucb_lcb,55.0,0.0,1.0,-34.368786573410034
ucb_lcb,56.0,0.0,1.0,-27.51438283920288
ucb_lcb,58.0,0.0,1.0,-44.78165149688721
ucb_lcb,59.0,0.0,1.0,-39.446478605270386
ucb_lcb,60.0,0.0,1.0,-38.71732288599014
ucb_lcb,61.0,0.0,1.0,-34.29150664806366
ucb_lcb,64.0,0.0,1.0,-26.196155071258545
ucb_lcb,65.0,0.0,1.0,-43.3562376499176
ucb_lcb,66.0,0.0,1.0,-27.401319980621338
ucb_lcb,67.0,0.0,1.0,-41.66107797622681
ucb_lcb,68.0,0.0,1.0,-41.428685665130615
ucb_lcb,69.0,0.0,1.0,-34.62239629030228
ucb_lcb,70.0,0.0,1.0,-37.79262188822031
ucb_lcb,71.0,0.0,1.0,-21.474349796772003
ucb_lcb,72.0,0.0,1.0,-31.382209181785583
ucb_lcb,73.0,0.0,1.0,-28.225790420547128
ucb_lcb,74.0,0.0,1.0,-27.92873477935791
ucb_lcb,75.0,0.0,1.0,-26.043914556503296
ucb_lcb,76.0,0.0,1.0,-29.723867654800415
ucb_lcb,77.0,0.0,1.0,-35.473549127578735
ucb_lcb,78.0,0.0,1.0,-20.159777730703354
ucb_lcb,79.0,0.0,1.0,-44.47426128387451
ucb_lcb,80.0,0.0,1.0,-38.088753297924995
ucb_lcb,81.0,0.0,1.0,-21.311352487653494
ucb_lcb,82.0,0.0,1.0,-39.64279580116272
ucb_lcb,83.0,0.0,1.0,-40.989532709121704
ucb_lcb,84.0,0.0,1.0,-21.480745375156403
ucb_lcb,85.0,0.0,1.0,-26.07089924812317
ucb_lcb,87.0,0.0,1.0,-43.47505259513855
ucb_lcb,88.0,0.0,1.0,-29.42165195941925
ucb_lcb,89.0,0.0,1.0,-41.24893015623093
ucb_lcb,90.0,0.0,1.0,-37.452067852020264
ucb_lcb,91.0,0.0,1.0,-22.535327196121216
ucb_lcb,92.0,0.0,1.0,-27.241694808006287
ucb_lcb,93.0,0.0,1.0,-22.890651434659958
ucb_lcb,94.0,0.0,1.0,-22.836701691150665
ucb_lcb,95.0,0.0,1.0,-31.94104367122054
ucb_lcb,96.0,0.0,1.0,-41.18004849040881
ucb_lcb,98.0,0.0,1.0,-32.78391194343567
ucb_lcb,99.0,0.0,1.0,-19.67789263278246
ucb_lcb,101.0,0.0,1.0,-37.56860303878784
ucb_lcb,102.0,0.0,1.0,-29.532352924346924
ucb_lcb,103.0,0.0,1.0,-17.98141849040985
ucb_lcb,104.0,0.0,1.0,-43.10708928108215
ucb_lcb,105.0,0.0,1.0,-47.64663028717041
ucb_lcb,106.0,0.0,1.0,-32.58516192436218
ucb_lcb,107.0,0.0,1.0,-30.228072118014097
ucb_lcb,108.0,0.0,1.0,-23.415639340877533
ucb_lcb,109.0,0.0,1.0,-27.451163411140442
ucb_lcb,111.0,0.0,1.0,-39.09486627578735
ucb_lcb,112.0,0.0,1.0,-29.478301644325256
ucb_lcb,113.0,0.0,1.0,-29.098862409591675
ucb_lcb,114.0,0.0,1.0,-21.565088748931885
ucb_lcb,115.0,0.0,1.0,-30.647393107414246
ucb_lcb,116.0,0.0,1.0,-31.23833930492401
ucb_lcb,117.0,0.0,1.0,-32.15605890750885
ucb_lcb,118.0,0.0,1.0,-35.37704613804817
ucb_lcb,119.0,0.0,1.0,-5.562458664178848
ucb_lcb,120.0,0.0,1.0,-32.20659399032593
ucb_lcb,121.0,0.0,1.0,-37.48158240318298
ucb_lcb,122.0,0.0,1.0,-24.088923186063766
ucb_lcb,123.0,0.0,1.0,-13.704430982470512
ucb_lcb,124.0,0.0,1.0,-37.08300578594208
ucb_lcb,125.0,0.0,1.0,-41.89388704299927
ucb_lcb,126.0,0.0,1.0,-17.7548572383821
ucb_lcb,128.0,0.0,1.0,-26.994611263275146
ucb_lcb,130.0,0.0,1.0,-39.55091309547424
ucb_lcb,131.0,0.0,1.0,-0.10858189780265093
ucb_lcb,132.0,0.0,1.0,-27.977524161338806
ucb_lcb,133.0,0.0,1.0,-53.186118602752686
ucb_lcb,134.0,0.0,1.0,-38.48165738582611
ucb_lcb,135.0,0.0,1.0,-21.876702070236206
ucb_lcb,136.0,0.0,1.0,-12.60890319943428
ucb_lcb,137.0,0.0,1.0,-33.15051257610321
ucb_lcb,138.0,0.0,1.0,-39.84072816371918
ucb_lcb,139.0,0.0,1.0,-57.36130356788635
ucb_lcb,140.0,0.0,1.0,-23.575226426124573
ucb_lcb,141.0,0.0,1.0,-24.542494654655457
ucb_lcb,142.0,0.0,1.0,-38.50258922576904
ucb_lcb,143.0,0.0,1.0,-42.05399167537689
ucb_lcb,144.0,0.0,1.0,-23.90011778799817
ucb_lcb,145.0,0.0,1.0,-44.93099069595337
ucb_lcb,146.0,0.0,1.0,-43.795247316360474
ucb_lcb,147.0,0.0,1.0,-18.77172076702118
ucb_lcb,148.0,0.0,1.0,-2.872348815202713
ucb_lcb,149.0,0.0,1.0,-29.8878310918808
ucb_lcb,150.0,0.0,1.0,-13.618546456098557
ucb_lcb,151.0,0.0,1.0,-41.033443212509155
ucb_lcb,152.0,0.0,1.0,-33.73739457130432
ucb_lcb,153.0,0.0,1.0,-11.29435520246625
ucb_lcb,154.0,0.0,1.0,-43.551697820425034
ucb_lcb,155.0,0.0,1.0,-24.973427176475525
ucb_lcb,156.0,0.0,1.0,-18.395223958417773
ucb_lcb,158.0,0.0,1.0,-48.023157358169556
ucb_lcb,159.0,0.0,1.0,-24.89462661743164
ucb_lcb,160.0,0.0,1.0,-34.66942536830902
ucb_lcb,161.0,0.0,1.0,-39.8931428194046
ucb_lcb,162.0,0.0,1.0,-11.179097831249237
ucb_lcb,163.0,0.0,1.0,-49.53034591674805
ucb_lcb,165.0,0.0,1.0,-44.43880134820938
ucb_lcb,166.0,0.0,1.0,-61.89207375049591
ucb_lcb,167.0,0.0,1.0,-42.32152342796326
ucb_lcb,168.0,0.0,1.0,-48.04727029800415
ucb_lcb,169.0,0.0,1.0,-16.25180284678936
ucb_lcb,170.0,0.0,1.0,-28.959370017051697
ucb_lcb,171.0,0.0,1.0,-36.33448362350464
ucb_lcb,172.0,0.0,1.0,-35.333832144737244
ucb_lcb,173.0,0.0,1.0,-38.31579780578613
ucb_lcb,174.0,0.0,1.0,-29.147474765777588
ucb_lcb,175.0,0.0,1.0,-27.197073817253113
ucb_lcb,176.0,0.0,1.0,-33.737205266952515
ucb_lcb,177.0,0.0,1.0,-41.798882722854614
ucb_lcb,178.0,0.0,1.0,-36.108039170503616
ucb_lcb,179.0,0.0,1.0,-30.1766300201416
ucb_lcb,180.0,0.0,1.0,-34.19865870475769
ucb_lcb,181.0,0.0,1.0,-24.36014461517334
ucb_lcb,182.0,0.0,1.0,-28.683634385466576
ucb_lcb,183.0,0.0,1.0,-44.78172779083252
ucb_lcb,185.0,0.0,1.0,-20.823844850063324
ucb_lcb,186.0,0.0,1.0,-33.582279562950134
ucb_lcb,187.0,0.0,1.0,-39.99486482143402
ucb_lcb,188.0,0.0,1.0,-16.249423384666443
ucb_lcb,190.0,0.0,1.0,-33.746647119522095
ucb_lcb,191.0,0.0,1.0,-34.544793486595154
ucb_lcb,192.0,0.0,1.0,-32.36605525016785
ucb_lcb,193.0,0.0,1.0,-20.84268605709076
ucb_lcb,195.0,0.0,1.0,-46.68964099884033
ucb_lcb,196.0,0.0,1.0,-36.4184313416481
ucb_lcb,197.0,0.0,1.0,-23.15768900513649
ucb_lcb,198.0,0.0,1.0,-38.15836024284363
ucb_lcb,199.0,0.0,1.0,-34.42545309662819
ucb_lcb,200.0,0.0,1.0,-18.68645405769348
ucb_lcb,201.0,0.0,1.0,-15.359973907470703
ucb_lcb,202.0,0.0,1.0,-6.768481910228729
ucb_lcb,203.0,0.0,1.0,-36.07198053598404
ucb_lcb,204.0,0.0,1.0,-23.09176456928253
ucb_lcb,205.0,0.0,1.0,-28.356768682599068
ucb_lcb,206.0,0.0,1.0,-50.7652108669281
ucb_lcb,207.0,0.0,1.0,-40.77590811252594
ucb_lcb,208.0,0.0,1.0,-32.24826776981354
ucb_lcb,209.0,0.0,1.0,-54.03147554397583
ucb_lcb,210.0,0.0,1.0,-19.659908086061478
ucb_lcb,211.0,0.0,1.0,-42.82251167297363
ucb_lcb,212.0,0.0,1.0,-25.542599320411682
ucb_lcb,213.0,0.0,1.0,-29.681923389434814
ucb_lcb,214.0,0.0,1.0,-25.873125553131104
ucb_lcb,215.0,0.0,1.0,-20.8101564636454
ucb_lcb,216.0,0.0,1.0,-28.823747873306274
ucb_lcb,217.0,0.0,1.0,-13.889754189178348
ucb_lcb,218.0,0.0,1.0,-38.69921255111694
ucb_lcb,219.0,0.0,1.0,-28.219294667243958
ucb_lcb,220.0,0.0,1.0,-42.35214126110077
ucb_lcb,221.0,0.0,1.0,-22.66422963142395
ucb_lcb,222.0,0.0,1.0,-29.91804563999176
ucb_lcb,223.0,0.0,1.0,-22.850738525390625
ucb_lcb,224.0,0.0,1.0,-39.5137277841568
ucb_lcb,225.0,0.0,1.0,-42.76060700416565
ucb_lcb,226.0,0.0,1.0,-51.22751784324646
ucb_lcb,227.0,0.0,1.0,-27.877992510795593
ucb_lcb,228.0,0.0,1.0,-42.15433740615845
ucb_lcb,229.0,0.0,1.0,-0.0010002159251598641
ucb_lcb,230.0,0.0,1.0,-36.18236255645752
ucb_lcb,231.0,0.0,1.0,-34.36786538362503
ucb_lcb,232.0,0.0,1.0,-40.7235541343689
ucb_lcb,233.0,0.0,1.0,-34.441821813583374
ucb_lcb,234.0,0.0,1.0,-32.588210344314575
ucb_lcb,236.0,0.0,1.0,-41.3178505897522
ucb_lcb,237.0,0.0,1.0,-32.56963396072388
ucb_lcb,239.0,0.0,1.0,-28.80722451210022
ucb_lcb,240.0,0.0,1.0,-29.36147165298462
ucb_lcb,241.0,0.0,1.0,-27.481966704130173
ucb_lcb,242.0,0.0,1.0,-10.698909968137741
ucb_lcb,243.0,0.0,1.0,-26.778110206127167
ucb_lcb,244.0,0.0,1.0,-14.239752531051636
ucb_lcb,245.0,0.0,1.0,-16.410237848758698
ucb_lcb,246.0,0.0,1.0,-23.992544531822205
ucb_lcb,247.0,0.0,1.0,-26.618626356124878
ucb_lcb,248.0,0.0,1.0,-51.496591091156006
ucb_lcb,249.0,0.0,1.0,-31.149869680404663
ucb_lcb,250.0,0.0,1.0,-35.15856409072876
ucb_lcb,252.0,0.0,1.0,-33.75419366359711
ucb_lcb,253.0,0.0,1.0,-15.01989859342575
ucb_lcb,254.0,0.0,1.0,-35.630794048309326
ucb_lcb,255.0,0.0,1.0,-41.51947766542435
ucb_lcb,257.0,0.0,1.0,-47.82907271385193
ucb_lcb,258.0,0.0,1.0,-36.40507388114929
ucb_lcb,259.0,0.0,1.0,-43.09892761707306
ucb_lcb,260.0,0.0,1.0,-36.934264183044434
ucb_lcb,261.0,0.0,1.0,-9.60608595609665
ucb_lcb,262.0,0.0,1.0,-28.62046468257904
ucb_lcb,263.0,0.0,1.0,-28.280560851097107
ucb_lcb,264.0,0.0,1.0,-29.662581771612167
ucb_lcb,266.0,0.0,1.0,-31.790062189102173
ucb_lcb,267.0,0.0,1.0,-33.54972341097891
ucb_lcb,268.0,0.0,1.0,-19.313403844833374
ucb_lcb,269.0,0.0,1.0,-32.43324518203735
ucb_lcb,270.0,0.0,1.0,-24.1145638525486
ucb_lcb,271.0,0.0,1.0,-31.83673369884491
ucb_lcb,272.0,0.0,1.0,-20.614980533719063
ucb_lcb,273.0,0.0,1.0,-45.246307373046875
ucb_lcb,274.0,0.0,1.0,-36.64584422111511
ucb_lcb,275.0,0.0,1.0,-49.39466905593872
ucb_lcb,276.0,0.0,1.0,-27.537986755371094
ucb_lcb,277.0,0.0,1.0,-59.04015636444092
ucb_lcb,278.0,0.0,1.0,-39.318771839141846
ucb_lcb,279.0,0.0,1.0,-14.724629521369934
ucb_lcb,280.0,0.0,1.0,-36.6856814622879
ucb_lcb,282.0,0.0,1.0,-33.2524049282074
ucb_lcb,283.0,0.0,1.0,-26.34255176782608
ucb_lcb,284.0,0.0,1.0,-31.08626413345337
ucb_lcb,285.0,0.0,1.0,-28.859618723392487
ucb_lcb,286.0,0.0,1.0,-30.049801111221313
ucb_lcb,287.0,0.0,1.0,-29.98019814491272
ucb_lcb,288.0,0.0,1.0,-33.76552605628967
ucb_lcb,289.0,0.0,1.0,-30.051523804664612
ucb_lcb,290.0,0.0,1.0,-34.73477840423584
ucb_lcb,291.0,0.0,1.0,-32.38307762145996
ucb_lcb,292.0,0.0,1.0,-31.75096845626831
ucb_lcb,293.0,0.0,1.0,-21.39598059654236
ucb_lcb,294.0,0.0,1.0,-14.544458866119385
ucb_lcb,295.0,0.0,1.0,-45.80072999000549
ucb_lcb,296.0,0.0,1.0,-52.722962379455566
ucb_lcb,297.0,0.0,1.0,-30.356736421585083
ucb_lcb,298.0,0.0,1.0,-47.19562339782715
ucb_lcb,299.0,0.0,1.0,-33.274134032428265
ucb_lcb,300.0,0.0,1.0,-23.257578670978546
ucb_lcb,301.0,0.0,1.0,-24.698065876960754
ucb_lcb,302.0,0.0,1.0,-1.9387708753347397
ucb_lcb,303.0,0.0,1.0,-42.76629877090454
ucb_lcb,304.0,0.0,1.0,-32.64456295967102
ucb_lcb,305.0,0.0,1.0,-27.301903216168284
ucb_lcb,306.0,0.0,1.0,-20.425781041383743
ucb_lcb,307.0,0.0,1.0,-15.928191728889942
ucb_lcb,308.0,0.0,1.0,-42.57519817352295
ucb_lcb,309.0,0.0,1.0,-27.49410702753812
ucb_lcb,310.0,0.0,1.0,-39.48266816139221
ucb_lcb,311.0,0.0,1.0,-22.503352642059326
ucb_lcb,312.0,0.0,1.0,-35.70573961734772
ucb_lcb,313.0,0.0,1.0,-33.99415743350983
ucb_lcb,314.0,0.0,1.0,-37.45431536436081
ucb_lcb,315.0,0.0,1.0,-28.40244483947754
ucb_lcb,316.0,0.0,1.0,-24.163082242012024
ucb_lcb,317.0,0.0,1.0,-16.515218496322632
ucb_lcb,318.0,0.0,1.0,0.0
ucb_lcb,319.0,0.0,1.0,-50.88696002960205
ucb_lcb,320.0,0.0,1.0,-37.288246631622314
ucb_lcb,321.0,0.0,1.0,-34.88328182697296
ucb_lcb,322.0,0.0,1.0,-27.601059556007385
ucb_lcb,323.0,0.0,1.0,-33.66244512796402
ucb_lcb,324.0,0.0,1.0,-35.731141567230225
ucb_lcb,325.0,0.0,1.0,-33.393123149871826
ucb_lcb,326.0,0.0,1.0,-34.8983154296875
ucb_lcb,327.0,0.0,1.0,-37.85541498661041
ucb_lcb,328.0,0.0,1.0,-31.437936425209045
ucb_lcb,329.0,0.0,1.0,-27.31017330288887
ucb_lcb,330.0,0.0,1.0,-21.35378670692444
ucb_lcb,331.0,0.0,1.0,-36.325905084609985
ucb_lcb,332.0,0.0,1.0,-49.6906623840332
ucb_lcb,333.0,0.0,1.0,-36.76642596721649
ucb_lcb,334.0,0.0,1.0,-38.237523317337036
ucb_lcb,336.0,0.0,1.0,-3.411399185657501
ucb_lcb,337.0,0.0,1.0,-26.076552629470825
ucb_lcb,338.0,0.0,1.0,-34.04307818412781
ucb_lcb,340.0,0.0,1.0,-36.36001920700073
ucb_lcb,341.0,0.0,1.0,-39.59155774116516
ucb_lcb,342.0,0.0,1.0,-16.271743893623352
ucb_lcb,343.0,0.0,1.0,-28.21158504486084
ucb_lcb,344.0,0.0,1.0,-36.296610593795776
ucb_lcb,346.0,0.0,1.0,-20.058318577706814
ucb_lcb,347.0,0.0,1.0,-30.45448112487793
ucb_lcb,348.0,0.0,1.0,-45.190227031707764
ucb_lcb,350.0,0.0,1.0,-0.7366445735096931
ucb_lcb,351.0,0.0,1.0,-46.00857627391815
ucb_lcb,352.0,0.0,1.0,-31.99054729938507
ucb_lcb,353.0,0.0,1.0,-35.59369921684265
ucb_lcb,354.0,0.0,1.0,-36.68503952026367
ucb_lcb,355.0,0.0,1.0,-48.968738079071045
ucb_lcb,356.0,0.0,1.0,-25.41430440545082
ucb_lcb,357.0,0.0,1.0,-23.622611805796623
ucb_lcb,358.0,0.0,1.0,-20.46957480162382
ucb_lcb,359.0,0.0,1.0,-10.100788354873657
ucb_lcb,361.0,0.0,1.0,-32.588356614112854
ucb_lcb,362.0,0.0,1.0,-31.573913276195526
ucb_lcb,363.0,0.0,1.0,-45.32787275314331
ucb_lcb,364.0,0.0,1.0,-42.684514462947845
ucb_lcb,365.0,0.0,1.0,-43.99990153312683
ucb_lcb,367.0,0.0,1.0,-35.56821846961975
ucb_lcb,368.0,0.0,1.0,-47.98410940170288
ucb_lcb,369.0,0.0,1.0,-25.98498886823654
ucb_lcb,371.0,0.0,1.0,-37.51271319389343
ucb_lcb,372.0,0.0,1.0,-29.998006343841553
ucb_lcb,373.0,0.0,1.0,-32.7113995552063
ucb_lcb,374.0,0.0,1.0,-41.195372581481934
ucb_lcb,375.0,0.0,1.0,-32.131374299526215
ucb_lcb,376.0,0.0,1.0,-28.326189815998077
ucb_lcb,377.0,0.0,1.0,-35.62827205657959
ucb_lcb,378.0,0.0,1.0,-60.65188807900995
ucb_lcb,379.0,0.0,1.0,-34.707339346408844
ucb_lcb,380.0,0.0,1.0,-31.78868269920349
ucb_lcb,381.0,0.0,1.0,-16.640780717134476
ucb_lcb,382.0,0.0,1.0,-37.22008013725281
ucb_lcb,383.0,0.0,1.0,-10.168933223932981
ucb_lcb,384.0,0.0,1.0,-17.34183692932129
ucb_lcb,385.0,0.0,1.0,-18.44821047782898
ucb_lcb,386.0,0.0,1.0,-38.12049460411072
ucb_lcb,387.0,0.0,1.0,-40.7781765460968
ucb_lcb,388.0,0.0,1.0,-27.636379837989807
ucb_lcb,389.0,0.0,1.0,-41.461344957351685
ucb_lcb,390.0,0.0,1.0,-34.713576793670654
ucb_lcb,391.0,0.0,1.0,-11.960710555315018
ucb_lcb,392.0,0.0,1.0,-11.338829636573792
ucb_lcb,393.0,0.0,1.0,-42.61444687843323
ucb_lcb,394.0,0.0,1.0,-25.053819119930267
ucb_lcb,395.0,0.0,1.0,-0.5849728137254715
ucb_lcb,396.0,0.0,1.0,-23.377601385116577
ucb_lcb,397.0,0.0,1.0,-20.45004105567932
ucb_lcb,398.0,0.0,1.0,-30.309600234031677
ucb_lcb,399.0,0.0,1.0,-32.28983807563782
ucb_lcb,400.0,0.0,1.0,-48.34376788139343
ucb_lcb,401.0,0.0,1.0,-33.23698401451111
ucb_lcb,402.0,0.0,1.0,-25.267667055130005
ucb_lcb,403.0,0.0,1.0,-41.1833186596632
ucb_lcb,404.0,0.0,1.0,-33.64865303039551
ucb_lcb,405.0,0.0,1.0,-32.91864323616028
ucb_lcb,407.0,0.0,1.0,-33.51191997528076
ucb_lcb,408.0,0.0,1.0,-19.89209669828415
ucb_lcb,409.0,0.0,1.0,-31.104740858078003
ucb_lcb,410.0,0.0,1.0,-35.457679986953735
ucb_lcb,412.0,0.0,1.0,-32.05136489868164
ucb_lcb,413.0,0.0,1.0,-27.572415560483932
ucb_lcb,414.0,0.0,1.0,-42.6957860738039
ucb_lcb,415.0,0.0,1.0,-29.97876763343811
ucb_lcb,416.0,0.0,1.0,-31.454663515090942
ucb_lcb,417.0,0.0,1.0,-45.25145435333252
ucb_lcb,418.0,0.0,1.0,-22.327269852161407
ucb_lcb,419.0,0.0,1.0,-42.24090397357941
ucb_lcb,420.0,0.0,1.0,-32.03645169734955
ucb_lcb,421.0,0.0,1.0,-9.655438423156738
ucb_lcb,422.0,0.0,1.0,-43.70298910140991
ucb_lcb,424.0,0.0,1.0,0.0
ucb_lcb,425.0,0.0,1.0,-41.938374519348145
ucb_lcb,426.0,0.0,1.0,-26.34733860194683
ucb_lcb,428.0,0.0,1.0,-38.093278884887695
ucb_lcb,429.0,0.0,1.0,-13.990745425224304
ucb_lcb,430.0,0.0,1.0,-27.46124792098999
ucb_lcb,431.0,0.0,1.0,-19.99521702528
ucb_lcb,432.0,0.0,1.0,-7.729669272899628
ucb_lcb,433.0,0.0,1.0,-21.588942646980286
ucb_lcb,434.0,0.0,1.0,-30.132284224033356
ucb_lcb,435.0,0.0,1.0,-25.530073404312134
ucb_lcb,436.0,0.0,1.0,-41.86180293560028
ucb_lcb,437.0,0.0,1.0,-26.89055371284485
ucb_lcb,438.0,0.0,1.0,-27.620964884757996
ucb_lcb,439.0,0.0,1.0,-22.796240331605077
ucb_lcb,440.0,0.0,1.0,-14.377817209810019
ucb_lcb,441.0,0.0,1.0,-49.68688213825226
ucb_lcb,442.0,0.0,1.0,-0.0010002159251598641
ucb_lcb,443.0,0.0,1.0,-0.08903076592832804
ucb_lcb,444.0,0.0,1.0,-40.662667751312256
ucb_lcb,445.0,0.0,1.0,-30.506078720092773
ucb_lcb,446.0,0.0,1.0,-22.659530997276306
ucb_lcb,447.0,0.0,1.0,-13.129123836755753
ucb_lcb,448.0,0.0,1.0,-24.832417249679565
ucb_lcb,449.0,0.0,1.0,-40.756224393844604
ucb_lcb,450.0,0.0,1.0,-42.44570970535278
ucb_lcb,451.0,0.0,1.0,-20.52460241317749
ucb_lcb,452.0,0.0,1.0,-20.656260680407286
ucb_lcb,453.0,0.0,1.0,-39.73773431777954
ucb_lcb,454.0,0.0,1.0,-24.250426650047302
ucb_lcb,455.0,0.0,1.0,-15.05471184849739
ucb_lcb,456.0,0.0,1.0,-34.79631796479225
ucb_lcb,457.0,0.0,1.0,-30.516629457473755
ucb_lcb,458.0,0.0,1.0,-31.872794151306152
ucb_lcb,459.0,0.0,1.0,-25.438516557216644
ucb_lcb,460.0,0.0,1.0,-21.011801838874817
ucb_lcb,461.0,0.0,1.0,-21.121539548039436
ucb_lcb,462.0,0.0,1.0,-17.712685465812683
ucb_lcb,463.0,0.0,1.0,-18.48544892668724
ucb_lcb,464.0,0.0,1.0,-31.39526104927063
ucb_lcb,465.0,0.0,1.0,-25.39620578661561
ucb_lcb,466.0,0.0,1.0,-35.475866079330444
ucb_lcb,467.0,0.0,1.0,-14.44576609134674
ucb_lcb,468.0,0.0,1.0,-0.19590788148343563
ucb_lcb,469.0,0.0,1.0,-24.539361834526062
ucb_lcb,470.0,0.0,1.0,-40.33199977874756
ucb_lcb,471.0,0.0,1.0,-27.92586874961853
ucb_lcb,472.0,0.0,1.0,-24.369057178497314
ucb_lcb,473.0,0.0,1.0,-38.095938086509705
ucb_lcb,474.0,0.0,1.0,-40.62157225608826
ucb_lcb,475.0,0.0,1.0,-40.00301909446716
ucb_lcb,476.0,0.0,1.0,-13.221905648708344
ucb_lcb,477.0,0.0,1.0,-38.207863569259644
ucb_lcb,478.0,0.0,1.0,-30.9435133934021
ucb_lcb,479.0,0.0,1.0,-23.85972437262535
ucb_lcb,480.0,0.0,1.0,-35.50906944274902
ucb_lcb,481.0,0.0,1.0,0.0
ucb_lcb,482.0,0.0,1.0,-24.550373524427414
ucb_lcb,483.0,0.0,1.0,-36.75051161646843
ucb_lcb,484.0,0.0,1.0,-27.68095487356186
ucb_lcb,485.0,0.0,1.0,-33.08145594596863
ucb_lcb,486.0,0.0,1.0,-46.79535484313965
ucb_lcb,487.0,0.0,1.0,-47.35752201080322
ucb_lcb,488.0,0.0,1.0,-22.054619900882244
ucb_lcb,490.0,0.0,1.0,-25.374744057655334
ucb_lcb,491.0,0.0,1.0,-0.006574778439244255
ucb_lcb,492.0,0.0,1.0,-27.112728357315063
ucb_lcb,493.0,0.0,1.0,-28.732678294181824
ucb_lcb,494.0,0.0,1.0,-26.600340127944946
ucb_lcb,495.0,0.0,1.0,-7.765726149082184
ucb_lcb,496.0,0.0,1.0,-23.358369827270508
ucb_b0,1.0,0.0,1.0,-39.18395662307739
ucb_b0,2.0,0.0,1.0,-35.877657651901245
ucb_b0,3.0,0.0,1.0,-28.496504068374634
ucb_b0,4.0,0.0,1.0,-53.07461404800415
ucb_b0,5.0,0.0,1.0,-38.649595856666565
ucb_b0,6.0,0.0,1.0,-19.1608909368515
ucb_b0,7.0,0.0,1.0,-33.04934102296829
ucb_b0,8.0,0.0,1.0,-19.832180619239807
ucb_b0,9.0,0.0,1.0,-33.806161880493164
ucb_b0,10.0,0.0,1.0,-41.57847452163696
ucb_b0,11.0,0.0,1.0,-43.412957191467285
ucb_b0,12.0,0.0,1.0,-42.88362765312195
ucb_b0,13.0,0.0,1.0,-17.85793960094452
ucb_b0,14.0,0.0,1.0,-55.598426818847656
ucb_b0,15.0,0.0,1.0,-19.520347237586975
ucb_b0,16.0,0.0,1.0,-43.705427169799805
ucb_b0,17.0,0.0,1.0,-22.624347627162933
ucb_b0,18.0,0.0,1.0,-32.8926647901535
ucb_b0,19.0,0.0,1.0,-40.562175989151
ucb_b0,20.0,0.0,1.0,-32.858498215675354
ucb_b0,21.0,0.0,1.0,-17.518753945827484
ucb_b0,22.0,0.0,1.0,-27.654664754867554
ucb_b0,23.0,0.0,1.0,-24.017560124397278
ucb_b0,24.0,0.0,1.0,-17.816852867603302
ucb_b0,25.0,0.0,1.0,-33.33950072526932
ucb_b0,26.0,0.0,1.0,-36.90934872627258
ucb_b0,27.0,0.0,1.0,-42.56036949157715
ucb_b0,28.0,0.0,1.0,-10.660176664590836
ucb_b0,29.0,0.0,1.0,-29.674187064170837
ucb_b0,30.0,0.0,1.0,-28.011025190353394
ucb_b0,32.0,0.0,1.0,-29.535807013511658
ucb_b0,33.0,0.0,1.0,-44.53880333900452
ucb_b0,34.0,0.0,1.0,-14.95329338312149
ucb_b0,35.0,0.0,1.0,-11.292827986180782
ucb_b0,36.0,0.0,1.0,-29.598605394363403
ucb_b0,37.0,0.0,1.0,-32.891664266586304
ucb_b0,38.0,0.0,1.0,-43.61639070510864
ucb_b0,39.0,0.0,1.0,-31.81817090511322
ucb_b0,40.0,0.0,1.0,-35.09626507759094
ucb_b0,41.0,0.0,1.0,-27.639063239097595
ucb_b0,42.0,0.0,1.0,-38.55637001991272
ucb_b0,43.0,0.0,1.0,-28.51912033557892
ucb_b0,45.0,0.0,1.0,-22.886749505996704
ucb_b0,46.0,0.0,1.0,-12.127321183681488
ucb_b0,47.0,0.0,1.0,-27.757511854171753
ucb_b0,48.0,0.0,1.0,-45.04772090911865
ucb_b0,49.0,0.0,1.0,-21.23108547925949
ucb_b0,50.0,0.0,1.0,-46.6685631275177
ucb_b0,51.0,0.0,1.0,-31.125629425048828
ucb_b0,52.0,0.0,1.0,0.0
ucb_b0,53.0,0.0,1.0,-23.55941331386566
ucb_b0,54.0,0.0,1.0,-29.49505352973938
ucb_b0,55.0,0.0,1.0,-37.87386608123779
ucb_b0,56.0,0.0,1.0,-35.845883309841156
ucb_b0,58.0,0.0,1.0,-40.10009288787842
ucb_b0,59.0,0.0,1.0,-40.6428496837616
ucb_b0,60.0,0.0,1.0,-42.72076487541199
ucb_b0,61.0,0.0,1.0,-34.56400752067566
ucb_b0,64.0,0.0,1.0,-26.018595457077026
ucb_b0,65.0,0.0,1.0,-41.437042355537415
ucb_b0,66.0,0.0,1.0,-29.758060216903687
ucb_b0,67.0,0.0,1.0,-44.078903913497925
ucb_b0,68.0,0.0,1.0,-42.07504761219025
ucb_b0,69.0,0.0,1.0,-36.05437898635864
ucb_b0,70.0,0.0,1.0,-32.656799256801605
ucb_b0,71.0,0.0,1.0,-31.21720325946808
ucb_b0,72.0,0.0,1.0,-34.29889500141144
ucb_b0,73.0,0.0,1.0,-22.666789144277573
ucb_b0,74.0,0.0,1.0,-35.08478355407715
ucb_b0,75.0,0.0,1.0,-25.40302264690399
ucb_b0,76.0,0.0,1.0,-31.429338693618774
ucb_b0,77.0,0.0,1.0,-35.515175342559814
ucb_b0,78.0,0.0,1.0,-20.013307124376297
ucb_b0,79.0,0.0,1.0,-42.48799133300781
ucb_b0,80.0,0.0,1.0,-39.03265047073364
ucb_b0,81.0,0.0,1.0,-34.11018943786621
ucb_b0,82.0,0.0,1.0,-43.66689467430115
ucb_b0,83.0,0.0,1.0,-42.100257873535156
ucb_b0,84.0,0.0,1.0,-21.669009655714035
ucb_b0,85.0,0.0,1.0,-26.189146757125854
ucb_b0,87.0,0.0,1.0,-44.041471004486084
ucb_b0,88.0,0.0,1.0,-29.34019422531128
ucb_b0,89.0,0.0,1.0,-43.56793075799942
ucb_b0,90.0,0.0,1.0,-36.88663983345032
ucb_b0,91.0,0.0,1.0,-18.384622812271118
ucb_b0,92.0,0.0,1.0,-24.98330533504486
ucb_b0,93.0,0.0,1.0,-21.990109026432037
ucb_b0,94.0,0.0,1.0,-22.21823024749756
ucb_b0,95.0,0.0,1.0,-35.42481432855129
ucb_b0,96.0,0.0,1.0,-35.81404685974121
ucb_b0,98.0,0.0,1.0,-35.949304819107056
ucb_b0,99.0,0.0,1.0,-28.419004678726196
ucb_b0,101.0,0.0,1.0,-35.18534827232361
ucb_b0,102.0,0.0,1.0,-28.535294771194458
ucb_b0,103.0,0.0,1.0,-15.56965172290802
ucb_b0,104.0,0.0,1.0,-43.52606272697449
ucb_b0,105.0,0.0,1.0,-47.73092699050903
ucb_b0,106.0,0.0,1.0,-32.70727872848511
ucb_b0,107.0,0.0,1.0,-35.71425437927246
ucb_b0,108.0,0.0,1.0,-23.417672097682953
ucb_b0,109.0,0.0,1.0,-29.271029472351074
ucb_b0,111.0,0.0,1.0,-46.68144345283508
ucb_b0,112.0,0.0,1.0,-33.371910572052
ucb_b0,113.0,0.0,1.0,-30.67850124835968
ucb_b0,114.0,0.0,1.0,-17.422271013259888
ucb_b0,115.0,0.0,1.0,-37.61645817756653
ucb_b0,116.0,0.0,1.0,-38.38551378250122
ucb_b0,117.0,0.0,1.0,-35.832189202308655
ucb_b0,118.0,0.0,1.0,-37.126040160655975
ucb_b0,119.0,0.0,1.0,-5.7398689687252045
ucb_b0,120.0,0.0,1.0,-31.430906534194946
ucb_b0,121.0,0.0,1.0,-42.054035902023315
ucb_b0,122.0,0.0,1.0,-24.474788695573807
ucb_b0,123.0,0.0,1.0,-15.47405656427145
ucb_b0,124.0,0.0,1.0,-38.61586260795593
ucb_b0,125.0,0.0,1.0,-44.748626470565796
ucb_b0,126.0,0.0,1.0,-25.350692749023438
ucb_b0,128.0,0.0,1.0,-28.275767922401428
ucb_b0,130.0,0.0,1.0,-41.36077332496643
ucb_b0,131.0,0.0,1.0,-0.4640830084681511
ucb_b0,132.0,0.0,1.0,-30.565457224845886
ucb_b0,133.0,0.0,1.0,-53.21940469741821
ucb_b0,134.0,0.0,1.0,-34.838398814201355
ucb_b0,135.0,0.0,1.0,-22.278984904289246
ucb_b0,136.0,0.0,1.0,-10.445642191916704
ucb_b0,137.0,0.0,1.0,-32.76383411884308
ucb_b0,138.0,0.0,1.0,-43.371925950050354
ucb_b0,139.0,0.0,1.0,-58.47692394256592
ucb_b0,140.0,0.0,1.0,-23.16359317302704
ucb_b0,141.0,0.0,1.0,-24.331083059310913
ucb_b0,142.0,0.0,1.0,-38.52494931221008
ucb_b0,143.0,0.0,1.0,-44.27165150642395
ucb_b0,144.0,0.0,1.0,-35.27902889251709
ucb_b0,145.0,0.0,1.0,-42.43039035797119
ucb_b0,146.0,0.0,1.0,-47.05078363418579
ucb_b0,147.0,0.0,1.0,-18.837492167949677
ucb_b0,148.0,0.0,1.0,-4.2579173147678375
ucb_b0,149.0,0.0,1.0,-31.326698303222656
ucb_b0,150.0,0.0,1.0,-31.1269748210907
ucb_b0,151.0,0.0,1.0,-44.22121739387512
ucb_b0,152.0,0.0,1.0,-35.32519793510437
ucb_b0,153.0,0.0,1.0,-9.62440062314272
ucb_b0,154.0,0.0,1.0,-40.76057291030884
ucb_b0,155.0,0.0,1.0,-24.342294096946716
ucb_b0,156.0,0.0,1.0,-33.56457018852234
ucb_b0,158.0,0.0,1.0,-46.57483911514282
ucb_b0,159.0,0.0,1.0,-24.48701846599579
ucb_b0,160.0,0.0,1.0,-33.37429118156433
ucb_b0,161.0,0.0,1.0,-22.708336353302002
ucb_b0,162.0,0.0,1.0,-11.158483654260635
ucb_b0,163.0,0.0,1.0,-48.21238851547241
ucb_b0,165.0,0.0,1.0,-41.47257661819458
ucb_b0,166.0,0.0,1.0,-47.88025736808777
ucb_b0,167.0,0.0,1.0,-41.03298592567444
ucb_b0,168.0,0.0,1.0,-43.035619020462036
ucb_b0,169.0,0.0,1.0,-28.39408838748932
ucb_b0,170.0,0.0,1.0,-32.23413109779358
ucb_b0,171.0,0.0,1.0,-36.2676876783371
ucb_b0,172.0,0.0,1.0,-42.85160207748413
ucb_b0,173.0,0.0,1.0,-39.523106813430786
ucb_b0,174.0,0.0,1.0,-29.676648378372192
ucb_b0,175.0,0.0,1.0,-26.366076827049255
ucb_b0,176.0,0.0,1.0,-38.12775206565857
ucb_b0,177.0,0.0,1.0,-41.62581932544708
ucb_b0,178.0,0.0,1.0,-37.974559009075165
ucb_b0,179.0,0.0,1.0,-31.3104465007782
ucb_b0,180.0,0.0,1.0,-40.13249480724335
ucb_b0,181.0,0.0,1.0,-24.638250589370728
ucb_b0,182.0,0.0,1.0,-33.807435393333435
ucb_b0,183.0,0.0,1.0,-46.468443632125854
ucb_b0,185.0,0.0,1.0,-23.196175932884216
ucb_b0,186.0,0.0,1.0,-34.929404973983765
ucb_b0,187.0,0.0,1.0,-44.388355016708374
ucb_b0,188.0,0.0,1.0,-14.791155278682709
ucb_b0,190.0,0.0,1.0,-33.35294744372368
ucb_b0,191.0,0.0,1.0,-54.512158900499344
ucb_b0,192.0,0.0,1.0,-31.50852596759796
ucb_b0,193.0,0.0,1.0,-24.258685290813446
ucb_b0,195.0,0.0,1.0,-39.8020133972168
ucb_b0,196.0,0.0,1.0,-41.509793281555176
ucb_b0,197.0,0.0,1.0,-24.18037974834442
ucb_b0,198.0,0.0,1.0,-39.602842569351196
ucb_b0,199.0,0.0,1.0,-33.33622223138809
ucb_b0,200.0,0.0,1.0,-19.09968739748001
ucb_b0,201.0,0.0,1.0,-11.997022151947021
ucb_b0,202.0,0.0,1.0,-6.754465490579605
ucb_b0,203.0,0.0,1.0,-33.72398781776428
ucb_b0,204.0,0.0,1.0,-24.920219659805298
ucb_b0,205.0,0.0,1.0,-26.529214948415756
ucb_b0,206.0,0.0,1.0,-51.58809185028076
ucb_b0,207.0,0.0,1.0,-42.44777238368988
ucb_b0,208.0,0.0,1.0,-31.659704267978668
ucb_b0,209.0,0.0,1.0,-48.105010986328125
ucb_b0,210.0,0.0,1.0,-20.9099103808403
ucb_b0,211.0,0.0,1.0,-42.52050590515137
ucb_b0,212.0,0.0,1.0,-22.006645619869232
ucb_b0,213.0,0.0,1.0,-32.47793126106262
ucb_b0,214.0,0.0,1.0,-24.656922340393066
ucb_b0,215.0,0.0,1.0,-34.27416789531708
ucb_b0,216.0,0.0,1.0,-23.692066311836243
ucb_b0,217.0,0.0,1.0,-11.340600904077291
ucb_b0,218.0,0.0,1.0,-33.28634417057037
ucb_b0,219.0,0.0,1.0,-31.710556268692017
ucb_b0,220.0,0.0,1.0,-44.00437068939209
ucb_b0,221.0,0.0,1.0,-23.30113708972931
ucb_b0,222.0,0.0,1.0,-33.26439929008484
ucb_b0,223.0,0.0,1.0,-26.444482803344727
ucb_b0,224.0,0.0,1.0,-38.9034264087677
ucb_b0,225.0,0.0,1.0,-55.67163896560669
ucb_b0,226.0,0.0,1.0,-48.83499526977539
ucb_b0,227.0,0.0,1.0,-26.911763191223145
ucb_b0,228.0,0.0,1.0,-41.638367891311646
ucb_b0,229.0,0.0,1.0,-3.1801838278770447
ucb_b0,230.0,0.0,1.0,-44.24016451835632
ucb_b0,231.0,0.0,1.0,-33.697900742292404
ucb_b0,232.0,0.0,1.0,-42.58662796020508
ucb_b0,233.0,0.0,1.0,-32.268383622169495
ucb_b0,234.0,0.0,1.0,-45.515937089920044
ucb_b0,236.0,0.0,1.0,-41.10508620738983
ucb_b0,237.0,0.0,1.0,-33.08326435089111
ucb_b0,239.0,0.0,1.0,-31.301026821136475
ucb_b0,240.0,0.0,1.0,-29.103204131126404
ucb_b0,241.0,0.0,1.0,-31.806841492652893
ucb_b0,242.0,0.0,1.0,-10.74936157464981
ucb_b0,243.0,0.0,1.0,-27.51750922203064
ucb_b0,244.0,0.0,1.0,-16.826263666152954
ucb_b0,245.0,0.0,1.0,-11.558882415294647
ucb_b0,246.0,0.0,1.0,-24.035005688667297
ucb_b0,247.0,0.0,1.0,-29.66268217563629
ucb_b0,248.0,0.0,1.0,-45.95451211929321
ucb_b0,249.0,0.0,1.0,-35.29777812957764
ucb_b0,250.0,0.0,1.0,-34.74286341667175
ucb_b0,252.0,0.0,1.0,-37.56538689136505
ucb_b0,253.0,0.0,1.0,-14.663809180259705
ucb_b0,254.0,0.0,1.0,-35.88821458816528
ucb_b0,255.0,0.0,1.0,-41.38432967662811
ucb_b0,257.0,0.0,1.0,-54.330960273742676
ucb_b0,258.0,0.0,1.0,-40.5076630115509
ucb_b0,259.0,0.0,1.0,-45.84823167324066
ucb_b0,260.0,0.0,1.0,-35.940997838974
ucb_b0,261.0,0.0,1.0,-6.9942600429058075
ucb_b0,262.0,0.0,1.0,-39.19895076751709
ucb_b0,263.0,0.0,1.0,-27.893627613782883
ucb_b0,264.0,0.0,1.0,-30.77405858039856
ucb_b0,266.0,0.0,1.0,-31.604734659194946
ucb_b0,267.0,0.0,1.0,-34.63896584510803
ucb_b0,268.0,0.0,1.0,-19.371842920780182
ucb_b0,269.0,0.0,1.0,-31.801343321800232
ucb_b0,270.0,0.0,1.0,-25.264769315719604
ucb_b0,271.0,0.0,1.0,-33.08617663383484
ucb_b0,272.0,0.0,1.0,-18.324225122109056
ucb_b0,273.0,0.0,1.0,-45.90261769294739
ucb_b0,274.0,0.0,1.0,-36.67473578453064
ucb_b0,275.0,0.0,1.0,-40.06036019325256
ucb_b0,276.0,0.0,1.0,-30.477904438972473
ucb_b0,277.0,0.0,1.0,-25.01690673828125
ucb_b0,278.0,0.0,1.0,-35.92232036590576
ucb_b0,279.0,0.0,1.0,-15.633935391902924
ucb_b0,280.0,0.0,1.0,-34.33781361579895
ucb_b0,282.0,0.0,1.0,-36.50024724006653
ucb_b0,283.0,0.0,1.0,-25.84269428253174
ucb_b0,284.0,0.0,1.0,-43.0576810836792
ucb_b0,285.0,0.0,1.0,-30.88546448945999
ucb_b0,286.0,0.0,1.0,-27.68449330329895
ucb_b0,287.0,0.0,1.0,-31.128457903862
ucb_b0,288.0,0.0,1.0,-43.266547203063965
ucb_b0,289.0,0.0,1.0,-36.973105788230896
ucb_b0,290.0,0.0,1.0,-42.481072664260864
ucb_b0,291.0,0.0,1.0,-30.285902738571167
ucb_b0,292.0,0.0,1.0,-32.615132570266724
ucb_b0,293.0,0.0,1.0,-19.306996941566467
ucb_b0,294.0,0.0,1.0,-14.842887818813324
ucb_b0,295.0,0.0,1.0,-34.85721576213837
ucb_b0,296.0,0.0,1.0,-48.435659885406494
ucb_b0,297.0,0.0,1.0,-31.90426802635193
ucb_b0,298.0,0.0,1.0,-44.72447490692139
ucb_b0,299.0,0.0,1.0,-40.013911485672
ucb_b0,300.0,0.0,1.0,-22.336583584547043
ucb_b0,301.0,0.0,1.0,-25.469319701194763
ucb_b0,302.0,0.0,1.0,-1.658222183585167
ucb_b0,303.0,0.0,1.0,-43.55183172225952
ucb_b0,304.0,0.0,1.0,-35.0691921710968
ucb_b0,305.0,0.0,1.0,-22.54438865184784
ucb_b0,306.0,0.0,1.0,-27.88607931137085
ucb_b0,307.0,0.0,1.0,-33.49295735359192
ucb_b0,308.0,0.0,1.0,-40.4472177028656
ucb_b0,309.0,0.0,1.0,-30.30682945251465
ucb_b0,310.0,0.0,1.0,-33.98510730266571
ucb_b0,311.0,0.0,1.0,-22.478503167629242
ucb_b0,312.0,0.0,1.0,-29.31257128715515
ucb_b0,313.0,0.0,1.0,-33.52968978881836
ucb_b0,314.0,0.0,1.0,-50.70257878303528
ucb_b0,315.0,0.0,1.0,-28.202384114265442
ucb_b0,316.0,0.0,1.0,-23.482115626335144
ucb_b0,317.0,0.0,1.0,-15.77282178401947
ucb_b0,318.0,0.0,1.0,0.0
ucb_b0,319.0,0.0,1.0,-38.62283515930176
ucb_b0,320.0,0.0,1.0,-41.74986386299133
ucb_b0,321.0,0.0,1.0,-35.40493822097778
ucb_b0,322.0,0.0,1.0,-30.681289315223694
ucb_b0,323.0,0.0,1.0,-33.54909265041351
ucb_b0,324.0,0.0,1.0,-38.84400796890259
ucb_b0,325.0,0.0,1.0,-45.57743835449219
ucb_b0,326.0,0.0,1.0,-38.25827670097351
ucb_b0,327.0,0.0,1.0,-36.53892540931702
ucb_b0,328.0,0.0,1.0,-40.37102568149567
ucb_b0,329.0,0.0,1.0,-29.824423223733902
ucb_b0,330.0,0.0,1.0,-21.16769564151764
ucb_b0,331.0,0.0,1.0,-42.04285788536072
ucb_b0,332.0,0.0,1.0,-50.78589057922363
ucb_b0,333.0,0.0,1.0,-44.21689009666443
ucb_b0,334.0,0.0,1.0,-41.003055810928345
ucb_b0,336.0,0.0,1.0,-7.697574079036713
ucb_b0,337.0,0.0,1.0,-30.32807207107544
ucb_b0,338.0,0.0,1.0,-43.914072036743164
ucb_b0,340.0,0.0,1.0,-38.61568856239319
ucb_b0,341.0,0.0,1.0,-39.294068455696106
ucb_b0,342.0,0.0,1.0,-16.16331136226654
ucb_b0,343.0,0.0,1.0,-27.526095032691956
ucb_b0,344.0,0.0,1.0,-37.71999204158783
ucb_b0,346.0,0.0,1.0,-20.392447471618652
ucb_b0,347.0,0.0,1.0,-31.821467876434326
ucb_b0,348.0,0.0,1.0,-47.33445715904236
ucb_b0,350.0,0.0,1.0,-1.0703231170773506
ucb_b0,351.0,0.0,1.0,-45.313355684280396
ucb_b0,352.0,0.0,1.0,-36.11349105834961
ucb_b0,353.0,0.0,1.0,-39.25829863548279
ucb_b0,354.0,0.0,1.0,-39.49807405471802
ucb_b0,355.0,0.0,1.0,-51.5385160446167
ucb_b0,356.0,0.0,1.0,-25.72839242219925
ucb_b0,357.0,0.0,1.0,-24.230361938476562
ucb_b0,358.0,0.0,1.0,-32.62597870826721
ucb_b0,359.0,0.0,1.0,-10.34004533290863
ucb_b0,361.0,0.0,1.0,-32.27144730091095
ucb_b0,362.0,0.0,1.0,-34.294321179389954
ucb_b0,363.0,0.0,1.0,-43.90125226974487
ucb_b0,364.0,0.0,1.0,-45.41210150718689
ucb_b0,365.0,0.0,1.0,-45.39127707481384
ucb_b0,367.0,0.0,1.0,-39.69030261039734
ucb_b0,368.0,0.0,1.0,-42.45077323913574
ucb_b0,369.0,0.0,1.0,-31.853843092918396
ucb_b0,371.0,0.0,1.0,-38.38443875312805
ucb_b0,372.0,0.0,1.0,-31.413590669631958
ucb_b0,373.0,0.0,1.0,-36.599514961242676
ucb_b0,374.0,0.0,1.0,-41.930551052093506
ucb_b0,375.0,0.0,1.0,-33.72902274131775
ucb_b0,376.0,0.0,1.0,-27.675358593463898
ucb_b0,377.0,0.0,1.0,-39.95165002346039
ucb_b0,378.0,0.0,1.0,-29.602952122688293
ucb_b0,379.0,0.0,1.0,-39.43654930591583
ucb_b0,380.0,0.0,1.0,-30.287811756134033
ucb_b0,381.0,0.0,1.0,-17.386491179466248
ucb_b0,382.0,0.0,1.0,-48.25770902633667
ucb_b0,383.0,0.0,1.0,-11.214798375964165
ucb_b0,384.0,0.0,1.0,-16.517479121685028
ucb_b0,385.0,0.0,1.0,-18.32845914363861
ucb_b0,386.0,0.0,1.0,-37.41272568702698
ucb_b0,387.0,0.0,1.0,-42.53464674949646
ucb_b0,388.0,0.0,1.0,-30.526050329208374
ucb_b0,389.0,0.0,1.0,-43.086912393569946
ucb_b0,390.0,0.0,1.0,-40.02485704421997
ucb_b0,391.0,0.0,1.0,-12.507573291659355
ucb_b0,392.0,0.0,1.0,-12.609045952558517
ucb_b0,393.0,0.0,1.0,-41.3263099193573
ucb_b0,394.0,0.0,1.0,-17.843379259109497
ucb_b0,395.0,0.0,1.0,-1.0177383124828339
ucb_b0,396.0,0.0,1.0,-22.031315684318542
ucb_b0,397.0,0.0,1.0,-20.979744851589203
ucb_b0,398.0,0.0,1.0,-39.170841693878174
ucb_b0,399.0,0.0,1.0,-44.54241323471069
ucb_b0,400.0,0.0,1.0,-42.434202671051025
ucb_b0,401.0,0.0,1.0,-35.317633748054504
ucb_b0,402.0,0.0,1.0,-37.23755073547363
ucb_b0,403.0,0.0,1.0,-43.56790041923523
ucb_b0,404.0,0.0,1.0,-29.283201813697815
ucb_b0,405.0,0.0,1.0,-40.64505577087402
ucb_b0,407.0,0.0,1.0,-33.023658990859985
ucb_b0,408.0,0.0,1.0,-30.48589599132538
ucb_b0,409.0,0.0,1.0,-20.245785772800446
ucb_b0,410.0,0.0,1.0,-46.97006964683533
ucb_b0,412.0,0.0,1.0,-35.392929553985596
ucb_b0,413.0,0.0,1.0,-33.25431340932846
ucb_b0,414.0,0.0,1.0,-49.96961057186127
ucb_b0,415.0,0.0,1.0,-31.165745973587036
ucb_b0,416.0,0.0,1.0,-29.466969847679138
ucb_b0,417.0,0.0,1.0,-49.19355750083923
ucb_b0,418.0,0.0,1.0,-25.13242518901825
ucb_b0,419.0,0.0,1.0,-43.02047920227051
ucb_b0,420.0,0.0,1.0,-32.43816930055618
ucb_b0,421.0,0.0,1.0,-5.244223356246948
ucb_b0,422.0,0.0,1.0,-36.1898934841156
ucb_b0,424.0,0.0,1.0,0.0
ucb_b0,425.0,0.0,1.0,-41.51896142959595
ucb_b0,426.0,0.0,1.0,-30.06559908390045
ucb_b0,428.0,0.0,1.0,-48.72390902042389
ucb_b0,429.0,0.0,1.0,-13.161096632480621
ucb_b0,430.0,0.0,1.0,-23.26928186416626
ucb_b0,431.0,0.0,1.0,-20.086541950702667
ucb_b0,432.0,0.0,1.0,-6.315992653369904
ucb_b0,433.0,0.0,1.0,-21.421005487442017
ucb_b0,434.0,0.0,1.0,-31.47670841217041
ucb_b0,435.0,0.0,1.0,-25.710521340370178
ucb_b0,436.0,0.0,1.0,-40.02911818027496
ucb_b0,437.0,0.0,1.0,-26.20140242576599
ucb_b0,438.0,0.0,1.0,-27.142876505851746
ucb_b0,439.0,0.0,1.0,-31.077490091323853
ucb_b0,440.0,0.0,1.0,-15.240854650735855
ucb_b0,441.0,0.0,1.0,-50.372493624687195
ucb_b0,442.0,0.0,1.0,-0.23257126286625862
ucb_b0,443.0,0.0,1.0,-0.0010002159251598641
ucb_b0,444.0,0.0,1.0,-38.101521253585815
ucb_b0,445.0,0.0,1.0,-32.688138008117676
ucb_b0,446.0,0.0,1.0,-21.023654520511627
ucb_b0,447.0,0.0,1.0,-12.93547859787941
ucb_b0,448.0,0.0,1.0,-25.03475058078766
ucb_b0,449.0,0.0,1.0,-47.795315742492676
ucb_b0,450.0,0.0,1.0,-46.52073669433594
ucb_b0,451.0,0.0,1.0,-21.116748929023743
ucb_b0,452.0,0.0,1.0,-20.538194745779037
ucb_b0,453.0,0.0,1.0,-45.05251669883728
ucb_b0,454.0,0.0,1.0,-24.321610689163208
ucb_b0,455.0,0.0,1.0,-24.345710515975952
ucb_b0,456.0,0.0,1.0,-38.52113175392151
ucb_b0,457.0,0.0,1.0,-35.72275006771088
ucb_b0,458.0,0.0,1.0,-32.61916422843933
ucb_b0,459.0,0.0,1.0,-28.45377540588379
ucb_b0,460.0,0.0,1.0,-21.017847299575806
ucb_b0,461.0,0.0,1.0,-19.50892624258995
ucb_b0,462.0,0.0,1.0,-17.052973687648773
ucb_b0,463.0,0.0,1.0,-21.959747195243835
ucb_b0,464.0,0.0,1.0,-33.588316202163696
ucb_b0,465.0,0.0,1.0,-24.226295121014118
ucb_b0,466.0,0.0,1.0,-36.63924241065979
ucb_b0,467.0,0.0,1.0,-15.187599539756775
ucb_b0,468.0,0.0,1.0,-0.21564343571662903
ucb_b0,469.0,0.0,1.0,-25.14204716682434
ucb_b0,470.0,0.0,1.0,-39.896116733551025
ucb_b0,471.0,0.0,1.0,-27.022376477718353
ucb_b0,472.0,0.0,1.0,-25.73337185382843
ucb_b0,473.0,0.0,1.0,-41.625954389572144
ucb_b0,474.0,0.0,1.0,-40.63989853858948
ucb_b0,475.0,0.0,1.0,-39.543915033340454
ucb_b0,476.0,0.0,1.0,-10.226295750588179
ucb_b0,477.0,0.0,1.0,-32.6459059715271
ucb_b0,478.0,0.0,1.0,-40.68276810646057
ucb_b0,479.0,0.0,1.0,-26.280219554901123
ucb_b0,480.0,0.0,1.0,-41.105589151382446
ucb_b0,481.0,0.0,1.0,0.0
ucb_b0,482.0,0.0,1.0,-22.18948405981064
ucb_b0,483.0,0.0,1.0,-37.126216769218445
ucb_b0,484.0,0.0,1.0,-18.960359692573547
ucb_b0,485.0,0.0,1.0,-43.450021743774414
ucb_b0,486.0,0.0,1.0,-43.633344411849976
ucb_b0,487.0,0.0,1.0,-47.94002914428711
ucb_b0,488.0,0.0,1.0,-32.08454871177673
ucb_b0,490.0,0.0,1.0,-22.755219221115112
ucb_b0,491.0,0.0,1.0,-1.4173513501882553
ucb_b0,492.0,0.0,1.0,-27.253509521484375
ucb_b0,493.0,0.0,1.0,-31.103264331817627
ucb_b0,494.0,0.0,1.0,-27.897685050964355
ucb_b0,495.0,0.0,1.0,-8.474998652935028
ucb_b0,496.0,0.0,1.0,-23.892200708389282
random,1.0,0.0,1.0,-47.95790672302246
random,2.0,0.0,1.0,-47.95790672302246
random,3.0,0.0,1.0,-47.95790672302246
random,4.0,0.0,1.0,-47.95790672302246
random,5.0,0.0,1.0,-47.95790672302246
random,6.0,0.0,1.0,-47.95790672302246
random,7.0,0.0,1.0,-47.95790672302246
random,8.0,0.0,1.0,-47.95790672302246
random,9.0,0.0,1.0,-47.95790672302246
random,10.0,0.0,1.0,-47.95790672302246
random,11.0,0.0,1.0,-47.95790672302246
random,12.0,0.0,1.0,-47.95790672302246
random,13.0,0.0,1.0,-47.95790672302246
random,14.0,0.0,1.0,-47.95790672302246
random,15.0,0.0,1.0,-47.95790672302246
random,16.0,0.0,1.0,-47.95790672302246
random,17.0,0.0,1.0,-47.95790672302246
random,18.0,0.0,1.0,-47.95790672302246
random,19.0,0.0,1.0,-47.95790672302246
random,20.0,0.0,1.0,-47.95790672302246
random,21.0,0.0,1.0,-47.95790672302246
random,22.0,0.0,1.0,-47.95790672302246
random,23.0,0.0,1.0,-47.95790672302246
random,24.0,0.0,1.0,-47.95790672302246
random,25.0,0.0,1.0,-47.95790672302246
random,26.0,0.0,1.0,-47.95790672302246
random,27.0,0.0,1.0,-47.95790672302246
random,28.0,0.0,1.0,-47.95790672302246
random,29.0,0.0,1.0,-47.95790672302246
random,30.0,0.0,1.0,-47.95790672302246
random,32.0,0.0,1.0,-47.95790672302246
random,33.0,0.0,1.0,-47.95790672302246
random,34.0,0.0,1.0,-47.95790672302246
random,35.0,0.0,1.0,-47.95790672302246
random,36.0,0.0,1.0,-47.95790672302246
random,37.0,0.0,1.0,-47.95790672302246
random,38.0,0.0,1.0,-47.95790672302246
random,39.0,0.0,1.0,-47.95790672302246
random,40.0,0.0,1.0,-47.95790672302246
random,41.0,0.0,1.0,-47.95790672302246
random,42.0,0.0,1.0,-47.95790672302246
random,43.0,0.0,1.0,-47.95790672302246
random,45.0,0.0,1.0,-47.95790672302246
random,46.0,0.0,1.0,-47.95790672302246
random,47.0,0.0,1.0,-47.95790672302246
random,48.0,0.0,1.0,-47.95790672302246
random,49.0,0.0,1.0,-47.95790672302246
random,50.0,0.0,1.0,-47.95790672302246
random,51.0,0.0,1.0,-47.95790672302246
random,52.0,0.0,1.0,0.0
random,53.0,0.0,1.0,-47.95790672302246
random,54.0,0.0,1.0,-47.95790672302246
random,55.0,0.0,1.0,-47.95790672302246
random,56.0,0.0,1.0,-47.95790672302246
random,58.0,0.0,1.0,-47.95790672302246
random,59.0,0.0,1.0,-47.95790672302246
random,60.0,0.0,1.0,-47.95790672302246
random,61.0,0.0,1.0,-47.95790672302246
random,64.0,0.0,1.0,-47.95790672302246
random,65.0,0.0,1.0,-47.95790672302246
random,66.0,0.0,1.0,-47.95790672302246
random,67.0,0.0,1.0,-47.95790672302246
random,68.0,0.0,1.0,-47.95790672302246
random,69.0,0.0,1.0,-47.95790672302246
random,70.0,0.0,1.0,-47.95790672302246
random,71.0,0.0,1.0,-47.95790672302246
random,72.0,0.0,1.0,-47.95790672302246
random,73.0,0.0,1.0,-47.95790672302246
random,74.0,0.0,1.0,-47.95790672302246
random,75.0,0.0,1.0,-47.95790672302246
random,76.0,0.0,1.0,-47.95790672302246
random,77.0,0.0,1.0,-47.95790672302246
random,78.0,0.0,1.0,-47.95790672302246
random,79.0,0.0,1.0,-47.95790672302246
random,80.0,0.0,1.0,-47.95790672302246
random,81.0,0.0,1.0,-47.95790672302246
random,82.0,0.0,1.0,-47.95790672302246
random,83.0,0.0,1.0,-47.95790672302246
random,84.0,0.0,1.0,-47.95790672302246
random,85.0,0.0,1.0,-47.95790672302246
random,87.0,0.0,1.0,-47.95790672302246
random,88.0,0.0,1.0,-47.95790672302246
random,89.0,0.0,1.0,-47.95790672302246
random,90.0,0.0,1.0,-47.95790672302246
random,91.0,0.0,1.0,-47.95790672302246
random,92.0,0.0,1.0,-47.95790672302246
random,93.0,0.0,1.0,-47.95790672302246
random,94.0,0.0,1.0,-47.95790672302246
random,95.0,0.0,1.0,-47.95790672302246
random,96.0,0.0,1.0,-47.95790672302246
random,98.0,0.0,1.0,-47.95790672302246
random,99.0,0.0,1.0,-47.95790672302246
random,101.0,0.0,1.0,-47.95790672302246
random,102.0,0.0,1.0,-47.95790672302246
random,103.0,0.0,1.0,-47.95790672302246
random,104.0,0.0,1.0,-47.95790672302246
random,105.0,0.0,1.0,-47.95790672302246
random,106.0,0.0,1.0,-47.95790672302246
random,107.0,0.0,1.0,-47.95790672302246
random,108.0,0.0,1.0,-47.95790672302246
random,109.0,0.0,1.0,-47.95790672302246
random,111.0,0.0,1.0,-47.95790672302246
random,112.0,0.0,1.0,-47.95790672302246
random,113.0,0.0,1.0,-47.95790672302246
random,114.0,0.0,1.0,-47.95790672302246
random,115.0,0.0,1.0,-47.95790672302246
random,116.0,0.0,1.0,-47.95790672302246
random,117.0,0.0,1.0,-47.95790672302246
random,118.0,0.0,1.0,-47.95790672302246
random,119.0,0.0,1.0,-47.95790672302246
random,120.0,0.0,1.0,-47.95790672302246
random,121.0,0.0,1.0,-47.95790672302246
random,122.0,0.0,1.0,-47.95790672302246
random,123.0,0.0,1.0,-47.95790672302246
random,124.0,0.0,1.0,-47.95790672302246
random,125.0,0.0,1.0,-47.95790672302246
random,126.0,0.0,1.0,-47.95790672302246
random,128.0,0.0,1.0,-47.95790672302246
random,130.0,0.0,1.0,-47.95790672302246
random,131.0,0.0,1.0,-47.95790672302246
random,132.0,0.0,1.0,-47.95790672302246
random,133.0,0.0,1.0,-47.95790672302246
random,134.0,0.0,1.0,-47.95790672302246
random,135.0,0.0,1.0,-47.95790672302246
random,136.0,0.0,1.0,-47.95790672302246
random,137.0,0.0,1.0,-47.95790672302246
random,138.0,0.0,1.0,-47.95790672302246
random,139.0,0.0,1.0,-47.95790672302246
random,140.0,0.0,1.0,-47.95790672302246
random,141.0,0.0,1.0,-47.95790672302246
random,142.0,0.0,1.0,-47.95790672302246
random,143.0,0.0,1.0,-47.95790672302246
random,144.0,0.0,1.0,-47.95790672302246
random,145.0,0.0,1.0,-47.95790672302246
random,146.0,0.0,1.0,-47.95790672302246
random,147.0,0.0,1.0,-47.95790672302246
random,148.0,0.0,1.0,-47.95790672302246
random,149.0,0.0,1.0,-47.95790672302246
random,150.0,0.0,1.0,-47.95790672302246
random,151.0,0.0,1.0,-47.95790672302246
random,152.0,0.0,1.0,-47.95790672302246
random,153.0,0.0,1.0,-47.95790672302246
random,154.0,0.0,1.0,-47.95790672302246
random,155.0,0.0,1.0,-47.95790672302246
random,156.0,0.0,1.0,-47.95790672302246
random,158.0,0.0,1.0,-47.95790672302246
random,159.0,0.0,1.0,-47.95790672302246
random,160.0,0.0,1.0,-47.95790672302246
random,161.0,0.0,1.0,-47.95790672302246
random,162.0,0.0,1.0,-47.95790672302246
random,163.0,0.0,1.0,-47.95790672302246
random,165.0,0.0,1.0,-47.95790672302246
random,166.0,0.0,1.0,-47.95790672302246
random,167.0,0.0,1.0,-47.95790672302246
random,168.0,0.0,1.0,-47.95790672302246
random,169.0,0.0,1.0,-47.95790672302246
random,170.0,0.0,1.0,-47.95790672302246
random,171.0,0.0,1.0,-47.95790672302246
random,172.0,0.0,1.0,-47.95790672302246
random,173.0,0.0,1.0,-47.95790672302246
random,174.0,0.0,1.0,-47.95790672302246
random,175.0,0.0,1.0,-47.95790672302246
random,176.0,0.0,1.0,-47.95790672302246
random,177.0,0.0,1.0,-47.95790672302246
random,178.0,0.0,1.0,-47.95790672302246
random,179.0,0.0,1.0,-47.95790672302246
random,180.0,0.0,1.0,-47.95790672302246
random,181.0,0.0,1.0,-47.95790672302246
random,182.0,0.0,1.0,-47.95790672302246
random,183.0,0.0,1.0,-47.95790672302246
random,185.0,0.0,1.0,-47.95790672302246
random,186.0,0.0,1.0,-47.95790672302246
random,187.0,0.0,1.0,-47.95790672302246
random,188.0,0.0,1.0,-47.95790672302246
random,190.0,0.0,1.0,-47.95790672302246
random,191.0,0.0,1.0,-47.95790672302246
random,192.0,0.0,1.0,-47.95790672302246
random,193.0,0.0,1.0,-47.95790672302246
random,195.0,0.0,1.0,-47.95790672302246
random,196.0,0.0,1.0,-47.95790672302246
random,197.0,0.0,1.0,-47.95790672302246
random,198.0,0.0,1.0,-47.95790672302246
random,199.0,0.0,1.0,-47.95790672302246
random,200.0,0.0,1.0,-47.95790672302246
random,201.0,0.0,1.0,-47.95790672302246
random,202.0,0.0,1.0,-47.95790672302246
random,203.0,0.0,1.0,-47.95790672302246
random,204.0,0.0,1.0,-47.95790672302246
random,205.0,0.0,1.0,-47.95790672302246
random,206.0,0.0,1.0,-47.95790672302246
random,207.0,0.0,1.0,-47.95790672302246
random,208.0,0.0,1.0,-47.95790672302246
random,209.0,0.0,1.0,-47.95790672302246
random,210.0,0.0,1.0,-47.95790672302246
random,211.0,0.0,1.0,-47.95790672302246
random,212.0,0.0,1.0,-47.95790672302246
random,213.0,0.0,1.0,-47.95790672302246
random,214.0,0.0,1.0,-47.95790672302246
random,215.0,0.0,1.0,-47.95790672302246
random,216.0,0.0,1.0,-47.95790672302246
random,217.0,0.0,1.0,-47.95790672302246
random,218.0,0.0,1.0,-47.95790672302246
random,219.0,0.0,1.0,-47.95790672302246
random,220.0,0.0,1.0,-47.95790672302246
random,221.0,0.0,1.0,-47.95790672302246
random,222.0,0.0,1.0,-47.95790672302246
random,223.0,0.0,1.0,-47.95790672302246
random,224.0,0.0,1.0,-47.95790672302246
random,225.0,0.0,1.0,-47.95790672302246
random,226.0,0.0,1.0,-47.95790672302246
random,227.0,0.0,1.0,-47.95790672302246
random,228.0,0.0,1.0,-47.95790672302246
random,229.0,0.0,1.0,-47.95790672302246
random,230.0,0.0,1.0,-47.95790672302246
random,231.0,0.0,1.0,-47.95790672302246
random,232.0,0.0,1.0,-47.95790672302246
random,233.0,0.0,1.0,-47.95790672302246
random,234.0,0.0,1.0,-47.95790672302246
random,236.0,0.0,1.0,-47.95790672302246
random,237.0,0.0,1.0,-47.95790672302246
random,239.0,0.0,1.0,-47.95790672302246
random,240.0,0.0,1.0,-47.95790672302246
random,241.0,0.0,1.0,-47.95790672302246
random,242.0,0.0,1.0,-47.95790672302246
random,243.0,0.0,1.0,-47.95790672302246
random,244.0,0.0,1.0,-47.95790672302246
random,245.0,0.0,1.0,-47.95790672302246
random,246.0,0.0,1.0,-47.95790672302246
random,247.0,0.0,1.0,-47.95790672302246
random,248.0,0.0,1.0,-47.95790672302246
random,249.0,0.0,1.0,-47.95790672302246
random,250.0,0.0,1.0,-47.95790672302246
random,252.0,0.0,1.0,-47.95790672302246
random,253.0,0.0,1.0,-47.95790672302246
random,254.0,0.0,1.0,-47.95790672302246
random,255.0,0.0,1.0,-47.95790672302246
random,257.0,0.0,1.0,-47.95790672302246
random,258.0,0.0,1.0,-47.95790672302246
random,259.0,0.0,1.0,-47.95790672302246
random,260.0,0.0,1.0,-47.95790672302246
random,261.0,0.0,1.0,-47.95790672302246
random,262.0,0.0,1.0,-47.95790672302246
random,263.0,0.0,1.0,-47.95790672302246
random,264.0,0.0,1.0,-47.95790672302246
random,266.0,0.0,1.0,-47.95790672302246
random,267.0,0.0,1.0,-47.95790672302246
random,268.0,0.0,1.0,-47.95790672302246
random,269.0,0.0,1.0,-47.95790672302246
random,270.0,0.0,1.0,-47.95790672302246
random,271.0,0.0,1.0,-47.95790672302246
random,272.0,0.0,1.0,-47.95790672302246
random,273.0,0.0,1.0,-47.95790672302246
random,274.0,0.0,1.0,-47.95790672302246
random,275.0,0.0,1.0,-47.95790672302246
random,276.0,0.0,1.0,-47.95790672302246
random,277.0,0.0,1.0,-47.95790672302246
random,278.0,0.0,1.0,-47.95790672302246
random,279.0,0.0,1.0,-47.95790672302246
random,280.0,0.0,1.0,-47.95790672302246
random,282.0,0.0,1.0,-47.95790672302246
random,283.0,0.0,1.0,-47.95790672302246
random,284.0,0.0,1.0,-47.95790672302246
random,285.0,0.0,1.0,-47.95790672302246
random,286.0,0.0,1.0,-47.95790672302246
random,287.0,0.0,1.0,-47.95790672302246
random,288.0,0.0,1.0,-47.95790672302246
random,289.0,0.0,1.0,-47.95790672302246
random,290.0,0.0,1.0,-47.95790672302246
random,291.0,0.0,1.0,-47.95790672302246
random,292.0,0.0,1.0,-47.95790672302246
random,293.0,0.0,1.0,-47.95790672302246
random,294.0,0.0,1.0,-47.95790672302246
random,295.0,0.0,1.0,-47.95790672302246
random,296.0,0.0,1.0,-47.95790672302246
random,297.0,0.0,1.0,-47.95790672302246
random,298.0,0.0,1.0,-47.95790672302246
random,299.0,0.0,1.0,-47.95790672302246
random,300.0,0.0,1.0,-47.95790672302246
random,301.0,0.0,1.0,-47.95790672302246
random,302.0,0.0,1.0,-47.95790672302246
random,303.0,0.0,1.0,-47.95790672302246
random,304.0,0.0,1.0,-47.95790672302246
random,305.0,0.0,1.0,-47.95790672302246
random,306.0,0.0,1.0,-47.95790672302246
random,307.0,0.0,1.0,-47.95790672302246
random,308.0,0.0,1.0,-47.95790672302246
random,309.0,0.0,1.0,-47.95790672302246
random,310.0,0.0,1.0,-47.95790672302246
random,311.0,0.0,1.0,-47.95790672302246
random,312.0,0.0,1.0,-47.95790672302246
random,313.0,0.0,1.0,-47.95790672302246
random,314.0,0.0,1.0,-47.95790672302246
random,315.0,0.0,1.0,-47.95790672302246
random,316.0,0.0,1.0,-47.95790672302246
random,317.0,0.0,1.0,-47.95790672302246
random,318.0,0.0,1.0,0.0
random,319.0,0.0,1.0,-47.95790672302246
random,320.0,0.0,1.0,-47.95790672302246
random,321.0,0.0,1.0,-47.95790672302246
random,322.0,0.0,1.0,-47.95790672302246
random,323.0,0.0,1.0,-47.95790672302246
random,324.0,0.0,1.0,-47.95790672302246
random,325.0,0.0,1.0,-47.95790672302246
random,326.0,0.0,1.0,-47.95790672302246
random,327.0,0.0,1.0,-47.95790672302246
random,328.0,0.0,1.0,-47.95790672302246
random,329.0,0.0,1.0,-47.95790672302246
random,330.0,0.0,1.0,-47.95790672302246
random,331.0,0.0,1.0,-47.95790672302246
random,332.0,0.0,1.0,-47.95790672302246
random,333.0,0.0,1.0,-47.95790672302246
random,334.0,0.0,1.0,-47.95790672302246
random,336.0,0.0,1.0,-47.95790672302246
random,337.0,0.0,1.0,-47.95790672302246
random,338.0,0.0,1.0,-47.95790672302246
random,340.0,0.0,1.0,-47.95790672302246
random,341.0,0.0,1.0,-47.95790672302246
random,342.0,0.0,1.0,-47.95790672302246
random,343.0,0.0,1.0,-47.95790672302246
random,344.0,0.0,1.0,-47.95790672302246
random,346.0,0.0,1.0,-47.95790672302246
random,347.0,0.0,1.0,-47.95790672302246
random,348.0,0.0,1.0,-47.95790672302246
random,350.0,0.0,1.0,-47.95790672302246
random,351.0,0.0,1.0,-47.95790672302246
random,352.0,0.0,1.0,-47.95790672302246
random,353.0,0.0,1.0,-47.95790672302246
random,354.0,0.0,1.0,-47.95790672302246
random,355.0,0.0,1.0,-47.95790672302246
random,356.0,0.0,1.0,-47.95790672302246
random,357.0,0.0,1.0,-47.95790672302246
random,358.0,0.0,1.0,-47.95790672302246
random,359.0,0.0,1.0,-47.95790672302246
random,361.0,0.0,1.0,-47.95790672302246
random,362.0,0.0,1.0,-47.95790672302246
random,363.0,0.0,1.0,-47.95790672302246
random,364.0,0.0,1.0,-47.95790672302246
random,365.0,0.0,1.0,-47.95790672302246
random,367.0,0.0,1.0,-47.95790672302246
random,368.0,0.0,1.0,-47.95790672302246
random,369.0,0.0,1.0,-47.95790672302246
random,371.0,0.0,1.0,-47.95790672302246
random,372.0,0.0,1.0,-47.95790672302246
random,373.0,0.0,1.0,-47.95790672302246
random,374.0,0.0,1.0,-47.95790672302246
random,375.0,0.0,1.0,-47.95790672302246
random,376.0,0.0,1.0,-47.95790672302246
random,377.0,0.0,1.0,-47.95790672302246
random,378.0,0.0,1.0,-47.95790672302246
random,379.0,0.0,1.0,-47.95790672302246
random,380.0,0.0,1.0,-47.95790672302246
random,381.0,0.0,1.0,-47.95790672302246
random,382.0,0.0,1.0,-47.95790672302246
random,383.0,0.0,1.0,-47.95790672302246
random,384.0,0.0,1.0,-47.95790672302246
random,385.0,0.0,1.0,-47.95790672302246
random,386.0,0.0,1.0,-47.95790672302246
random,387.0,0.0,1.0,-47.95790672302246
random,388.0,0.0,1.0,-47.95790672302246
random,389.0,0.0,1.0,-47.95790672302246
random,390.0,0.0,1.0,-47.95790672302246
random,391.0,0.0,1.0,-47.95790672302246
random,392.0,0.0,1.0,-47.95790672302246
random,393.0,0.0,1.0,-47.95790672302246
random,394.0,0.0,1.0,-47.95790672302246
random,395.0,0.0,1.0,-47.95790672302246
random,396.0,0.0,1.0,-47.95790672302246
random,397.0,0.0,1.0,-47.95790672302246
random,398.0,0.0,1.0,-47.95790672302246
random,399.0,0.0,1.0,-47.95790672302246
random,400.0,0.0,1.0,-47.95790672302246
random,401.0,0.0,1.0,-47.95790672302246
random,402.0,0.0,1.0,-47.95790672302246
random,403.0,0.0,1.0,-47.95790672302246
random,404.0,0.0,1.0,-47.95790672302246
random,405.0,0.0,1.0,-47.95790672302246
random,407.0,0.0,1.0,-47.95790672302246
random,408.0,0.0,1.0,-47.95790672302246
random,409.0,0.0,1.0,-47.95790672302246
random,410.0,0.0,1.0,-47.95790672302246
random,412.0,0.0,1.0,-47.95790672302246
random,413.0,0.0,1.0,-47.95790672302246
random,414.0,0.0,1.0,-47.95790672302246
random,415.0,0.0,1.0,-47.95790672302246
random,416.0,0.0,1.0,-47.95790672302246
random,417.0,0.0,1.0,-47.95790672302246
random,418.0,0.0,1.0,-47.95790672302246
random,419.0,0.0,1.0,-47.95790672302246
random,420.0,0.0,1.0,-47.95790672302246
random,421.0,0.0,1.0,-47.95790672302246
random,422.0,0.0,1.0,-47.95790672302246
random,424.0,0.0,1.0,0.0
random,425.0,0.0,1.0,-47.95790672302246
random,426.0,0.0,1.0,-47.95790672302246
random,428.0,0.0,1.0,-47.95790672302246
random,429.0,0.0,1.0,-47.95790672302246
random,430.0,0.0,1.0,-47.95790672302246
random,431.0,0.0,1.0,-47.95790672302246
random,432.0,0.0,1.0,-47.95790672302246
random,433.0,0.0,1.0,-47.95790672302246
random,434.0,0.0,1.0,-47.95790672302246
random,435.0,0.0,1.0,-47.95790672302246
random,436.0,0.0,1.0,-47.95790672302246
random,437.0,0.0,1.0,-47.95790672302246
random,438.0,0.0,1.0,-47.95790672302246
random,439.0,0.0,1.0,-47.95790672302246
random,440.0,0.0,1.0,-47.95790672302246
random,441.0,0.0,1.0,-47.95790672302246
random,442.0,0.0,1.0,-47.95790672302246
random,443.0,0.0,1.0,-47.95790672302246
random,444.0,0.0,1.0,-47.95790672302246
random,445.0,0.0,1.0,-47.95790672302246
random,446.0,0.0,1.0,-47.95790672302246
random,447.0,0.0,1.0,-47.95790672302246
random,448.0,0.0,1.0,-47.95790672302246
random,449.0,0.0,1.0,-47.95790672302246
random,450.0,0.0,1.0,-47.95790672302246
random,451.0,0.0,1.0,-47.95790672302246
random,452.0,0.0,1.0,-47.95790672302246
random,453.0,0.0,1.0,-47.95790672302246
random,454.0,0.0,1.0,-47.95790672302246
random,455.0,0.0,1.0,-47.95790672302246
random,456.0,0.0,1.0,-47.95790672302246
random,457.0,0.0,1.0,-47.95790672302246
random,458.0,0.0,1.0,-47.95790672302246
random,459.0,0.0,1.0,-47.95790672302246
random,460.0,0.0,1.0,-47.95790672302246
random,461.0,0.0,1.0,-47.95790672302246
random,462.0,0.0,1.0,-47.95790672302246
random,463.0,0.0,1.0,-47.95790672302246
random,464.0,0.0,1.0,-47.95790672302246
random,465.0,0.0,1.0,-47.95790672302246
random,466.0,0.0,1.0,-47.95790672302246
random,467.0,0.0,1.0,-47.95790672302246
random,468.0,0.0,1.0,-47.95790672302246
random,469.0,0.0,1.0,-47.95790672302246
random,470.0,0.0,1.0,-47.95790672302246
random,471.0,0.0,1.0,-47.95790672302246
random,472.0,0.0,1.0,-47.95790672302246
random,473.0,0.0,1.0,-47.95790672302246
random,474.0,0.0,1.0,-47.95790672302246
random,475.0,0.0,1.0,-47.95790672302246
random,476.0,0.0,1.0,-47.95790672302246
random,477.0,0.0,1.0,-47.95790672302246
random,478.0,0.0,1.0,-47.95790672302246
random,479.0,0.0,1.0,-47.95790672302246
random,480.0,0.0,1.0,-47.95790672302246
random,481.0,0.0,1.0,0.0
random,482.0,0.0,1.0,-47.95790672302246
random,483.0,0.0,1.0,-47.95790672302246
random,484.0,0.0,1.0,-47.95790672302246
random,485.0,0.0,1.0,-47.95790672302246
random,486.0,0.0,1.0,-47.95790672302246
random,487.0,0.0,1.0,-47.95790672302246
random,488.0,0.0,1.0,-47.95790672302246
random,490.0,0.0,1.0,-47.95790672302246
random,491.0,0.0,1.0,-47.95790672302246
random,492.0,0.0,1.0,-47.95790672302246
random,493.0,0.0,1.0,-47.95790672302246
random,494.0,0.0,1.0,-47.95790672302246
random,495.0,0.0,1.0,-47.95790672302246
random,496.0,0.0,1.0,-47.95790672302246
ucb_lcb_n,1.0,0.0,2.0,-24.20784781873226
ucb_lcb_n,2.0,0.0,2.0,-50.13512301445007
ucb_lcb_n,3.0,0.0,2.0,-17.85685169696808
ucb_lcb_n,4.0,0.0,2.0,-44.75645649433136
ucb_lcb_n,5.0,0.0,2.0,-18.24250590801239
ucb_lcb_n,6.0,0.0,2.0,-22.69897371530533
ucb_lcb_n,7.0,0.0,2.0,-42.64745879173279
ucb_lcb_n,8.0,0.0,2.0,-38.68078339099884
ucb_lcb_n,9.0,0.0,2.0,-37.04900014400482
ucb_lcb_n,10.0,0.0,2.0,-46.35145282745361
ucb_lcb_n,11.0,0.0,2.0,-28.75885197520256
ucb_lcb_n,12.0,0.0,2.0,-46.27529317140579
ucb_lcb_n,13.0,0.0,2.0,-20.292256295681
ucb_lcb_n,14.0,0.0,2.0,-26.038129925727844
ucb_lcb_n,15.0,0.0,2.0,-28.447925090789795
ucb_lcb_n,16.0,0.0,2.0,-47.735838413238525
ucb_lcb_n,17.0,0.0,2.0,-0.2572239749133587
ucb_lcb_n,18.0,0.0,2.0,-24.78040587902069
ucb_lcb_n,19.0,0.0,2.0,-11.6745875030756
ucb_lcb_n,20.0,0.0,2.0,-43.39536625146866
ucb_lcb_n,21.0,0.0,2.0,-40.04602265357971
ucb_lcb_n,22.0,0.0,2.0,-22.393470525741577
ucb_lcb_n,23.0,0.0,2.0,-33.08569645881653
ucb_lcb_n,24.0,0.0,2.0,-1.9022916853427887
ucb_lcb_n,25.0,0.0,2.0,-28.809222102165222
ucb_lcb_n,26.0,0.0,2.0,-43.285367488861084
ucb_lcb_n,27.0,0.0,2.0,-9.9706209897995
ucb_lcb_n,28.0,0.0,2.0,-14.468690007925034
ucb_lcb_n,29.0,0.0,2.0,-17.94754207134247
ucb_lcb_n,30.0,0.0,2.0,-26.814518570899963
ucb_lcb_n,32.0,0.0,2.0,-17.061399281024933
ucb_lcb_n,33.0,0.0,2.0,-46.074278116226196
ucb_lcb_n,34.0,0.0,2.0,-17.821635842323303
ucb_lcb_n,35.0,0.0,2.0,-36.157655119895935
ucb_lcb_n,36.0,0.0,2.0,-21.72325426340103
ucb_lcb_n,37.0,0.0,2.0,-52.96813786029816
ucb_lcb_n,38.0,0.0,2.0,-13.840643897652626
ucb_lcb_n,39.0,0.0,2.0,-32.24701142311096
ucb_lcb_n,40.0,0.0,2.0,-30.271626114845276
ucb_lcb_n,41.0,0.0,2.0,-38.809110164642334
ucb_lcb_n,42.0,0.0,2.0,-27.72822594642639
ucb_lcb_n,43.0,0.0,2.0,-15.398644924163818
ucb_lcb_n,45.0,0.0,2.0,-24.301478624343872
ucb_lcb_n,46.0,0.0,2.0,-3.6095197796821594
ucb_lcb_n,47.0,0.0,2.0,-37.29700547084212
ucb_lcb_n,48.0,0.0,2.0,-37.08301258087158
ucb_lcb_n,49.0,0.0,2.0,-27.343032479286194
ucb_lcb_n,50.0,0.0,2.0,-34.675410985946655
ucb_lcb_n,51.0,0.0,2.0,-31.424496233463287
ucb_lcb_n,52.0,0.0,2.0,-24.018115654587746
ucb_lcb_n,53.0,0.0,2.0,-28.695782780647278
ucb_lcb_n,54.0,0.0,2.0,-29.49854564666748
ucb_lcb_n,55.0,0.0,2.0,-25.404746413230896
ucb_lcb_n,56.0,0.0,2.0,-22.142230480909348
ucb_lcb_n,58.0,0.0,2.0,-22.8112576007843
ucb_lcb_n,59.0,0.0,2.0,-35.85002422332764
ucb_lcb_n,60.0,0.0,2.0,-26.730738520622253
ucb_lcb_n,61.0,0.0,2.0,-22.50639021396637
ucb_lcb_n,64.0,0.0,2.0,-26.281911075115204
ucb_lcb_n,65.0,0.0,2.0,-16.325673043727875
ucb_lcb_n,66.0,0.0,2.0,-37.738499999046326
ucb_lcb_n,67.0,0.0,2.0,-18.768492951989174
ucb_lcb_n,68.0,0.0,2.0,-26.749181628227234
ucb_lcb_n,69.0,0.0,2.0,-19.166849046945572
ucb_lcb_n,70.0,0.0,2.0,-28.801149249076843
ucb_lcb_n,71.0,0.0,2.0,-25.396064817905426
ucb_lcb_n,72.0,0.0,2.0,-36.76757764816284
ucb_lcb_n,73.0,0.0,2.0,0.0
ucb_lcb_n,74.0,0.0,2.0,-38.281717002391815
ucb_lcb_n,75.0,0.0,2.0,-45.48127889633179
ucb_lcb_n,76.0,0.0,2.0,-50.40493103861809
ucb_lcb_n,77.0,0.0,2.0,-26.408353567123413
ucb_lcb_n,78.0,0.0,2.0,-2.9644947052001953
ucb_lcb_n,79.0,0.0,2.0,-36.6569037437439
ucb_lcb_n,80.0,0.0,2.0,-40.38991928100586
ucb_lcb_n,81.0,0.0,2.0,-32.20373487472534
ucb_lcb_n,82.0,0.0,2.0,-42.92591047286987
ucb_lcb_n,83.0,0.0,2.0,-17.080043449997902
ucb_lcb_n,84.0,0.0,2.0,-22.61357170343399
ucb_lcb_n,85.0,0.0,2.0,-48.309315878897905
ucb_lcb_n,87.0,0.0,2.0,-19.66365820169449
ucb_lcb_n,88.0,0.0,2.0,-31.29214906692505
ucb_lcb_n,89.0,0.0,2.0,-19.133529365062714
ucb_lcb_n,90.0,0.0,2.0,-39.668046712875366
ucb_lcb_n,91.0,0.0,2.0,-29.904783010482788
ucb_lcb_n,92.0,0.0,2.0,-47.47764301300049
ucb_lcb_n,93.0,0.0,2.0,-14.515160143375397
ucb_lcb_n,94.0,0.0,2.0,-16.282655835151672
ucb_lcb_n,95.0,0.0,2.0,-42.3425452709198
ucb_lcb_n,96.0,0.0,2.0,-20.46011245250702
ucb_lcb_n,98.0,0.0,2.0,-24.884735941886902
ucb_lcb_n,99.0,0.0,2.0,-20.42906779050827
ucb_lcb_n,101.0,0.0,2.0,-27.888711869716644
ucb_lcb_n,102.0,0.0,2.0,-12.930176168680191
ucb_lcb_n,103.0,0.0,2.0,-29.932778894901276
ucb_lcb_n,104.0,0.0,2.0,-46.461267709732056
ucb_lcb_n,105.0,0.0,2.0,-48.402005672454834
ucb_lcb_n,106.0,0.0,2.0,-51.42502784729004
ucb_lcb_n,107.0,0.0,2.0,-14.550600036978722
ucb_lcb_n,108.0,0.0,2.0,-30.98683190345764
ucb_lcb_n,109.0,0.0,2.0,-15.225946243852377
ucb_lcb_n,111.0,0.0,2.0,-45.70586585998535
ucb_lcb_n,112.0,0.0,2.0,-24.252373099327087
ucb_lcb_n,113.0,0.0,2.0,-25.46329438686371
ucb_lcb_n,114.0,0.0,2.0,-39.330851793289185
ucb_lcb_n,115.0,0.0,2.0,-26.982259273529053
ucb_lcb_n,116.0,0.0,2.0,-24.11000194773078
ucb_lcb_n,117.0,0.0,2.0,-37.118285834789276
ucb_lcb_n,118.0,0.0,2.0,-18.070590138435364
ucb_lcb_n,119.0,0.0,2.0,-26.01147150993347
ucb_lcb_n,120.0,0.0,2.0,-35.565265871584415
ucb_lcb_n,121.0,0.0,2.0,-41.11390137672424
ucb_lcb_n,122.0,0.0,2.0,-34.47696769237518
ucb_lcb_n,123.0,0.0,2.0,-20.249979108572006
ucb_lcb_n,124.0,0.0,2.0,-20.847819566726685
ucb_lcb_n,125.0,0.0,2.0,-29.013381242752075
ucb_lcb_n,126.0,0.0,2.0,-29.962273598182946
ucb_lcb_n,128.0,0.0,2.0,-17.71937656402588
ucb_lcb_n,130.0,0.0,2.0,-12.482388848438859
ucb_lcb_n,131.0,0.0,2.0,-24.164538145065308
ucb_lcb_n,132.0,0.0,2.0,-15.326530512422323
ucb_lcb_n,133.0,0.0,2.0,-43.3313934803009
ucb_lcb_n,134.0,0.0,2.0,-40.08146542310715
ucb_lcb_n,135.0,0.0,2.0,-27.991567015647888
ucb_lcb_n,136.0,0.0,2.0,-22.49350082874298
ucb_lcb_n,137.0,0.0,2.0,-38.733349204063416
ucb_lcb_n,138.0,0.0,2.0,-50.12698698043823
ucb_lcb_n,139.0,0.0,2.0,-22.9502375125885
ucb_lcb_n,140.0,0.0,2.0,-49.164748430252075
ucb_lcb_n,141.0,0.0,2.0,-24.701874114573002
ucb_lcb_n,142.0,0.0,2.0,-18.558860182762146
ucb_lcb_n,143.0,0.0,2.0,-34.023555517196655
ucb_lcb_n,144.0,0.0,2.0,-23.26179602742195
ucb_lcb_n,145.0,0.0,2.0,-26.003925561904907
ucb_lcb_n,146.0,0.0,2.0,-30.513745933771133
ucb_lcb_n,147.0,0.0,2.0,-47.31999111175537
ucb_lcb_n,148.0,0.0,2.0,-33.259336829185486
ucb_lcb_n,149.0,0.0,2.0,-47.98641002178192
ucb_lcb_n,150.0,0.0,2.0,-26.872256487607956
ucb_lcb_n,151.0,0.0,2.0,-29.817667961120605
ucb_lcb_n,152.0,0.0,2.0,-27.964609146118164
ucb_lcb_n,153.0,0.0,2.0,-24.32488590478897
ucb_lcb_n,154.0,0.0,2.0,-30.27448707818985
ucb_lcb_n,155.0,0.0,2.0,-10.057535767555237
ucb_lcb_n,156.0,0.0,2.0,-31.20967260375619
ucb_lcb_n,158.0,0.0,2.0,-27.527141332626343
ucb_lcb_n,159.0,0.0,2.0,-31.91406226158142
ucb_lcb_n,160.0,0.0,2.0,-32.540382981300354
ucb_lcb_n,161.0,0.0,2.0,-36.59359920024872
ucb_lcb_n,162.0,0.0,2.0,-23.65680330991745
ucb_lcb_n,163.0,0.0,2.0,-50.109538555145264
ucb_lcb_n,165.0,0.0,2.0,-35.54892873764038
ucb_lcb_n,166.0,0.0,2.0,-22.51722824573517
ucb_lcb_n,167.0,0.0,2.0,-18.897591292858124
ucb_lcb_n,168.0,0.0,2.0,-40.374073565006256
ucb_lcb_n,169.0,0.0,2.0,-33.3637361228466
ucb_lcb_n,170.0,0.0,2.0,-15.067329943180084
ucb_lcb_n,171.0,0.0,2.0,-28.244874715805054
ucb_lcb_n,172.0,0.0,2.0,-30.25673270225525
ucb_lcb_n,173.0,0.0,2.0,-33.77832615375519
ucb_lcb_n,174.0,0.0,2.0,-34.05451798439026
ucb_lcb_n,175.0,0.0,2.0,-21.586369276046753
ucb_lcb_n,176.0,0.0,2.0,-54.029000759124756
ucb_lcb_n,177.0,0.0,2.0,-40.56853690743446
ucb_lcb_n,178.0,0.0,2.0,-35.092193245887756
ucb_lcb_n,179.0,0.0,2.0,-16.970872431062162
ucb_lcb_n,180.0,0.0,2.0,-33.22931933403015
ucb_lcb_n,181.0,0.0,2.0,-35.95970892906189
ucb_lcb_n,182.0,0.0,2.0,-13.385857328772545
ucb_lcb_n,183.0,0.0,2.0,-21.377977788448334
ucb_lcb_n,185.0,0.0,2.0,-30.55191869661212
ucb_lcb_n,186.0,0.0,2.0,-25.522362105548382
ucb_lcb_n,187.0,0.0,2.0,-17.38914142549038
ucb_lcb_n,188.0,0.0,2.0,-60.64316153526306
ucb_lcb_n,190.0,0.0,2.0,-31.574710607528687
ucb_lcb_n,191.0,0.0,2.0,-31.747589960694313
ucb_lcb_n,192.0,0.0,2.0,-58.84124147891998
ucb_lcb_n,193.0,0.0,2.0,-20.9630476385355
ucb_lcb_n,195.0,0.0,2.0,-19.555120661854744
ucb_lcb_n,196.0,0.0,2.0,-26.007197201251984
ucb_lcb_n,197.0,0.0,2.0,-21.09833735227585
ucb_lcb_n,198.0,0.0,2.0,-16.46951380185783
ucb_lcb_n,199.0,0.0,2.0,-47.04955077171326
ucb_lcb_n,200.0,0.0,2.0,-12.278573334217072
ucb_lcb_n,201.0,0.0,2.0,-29.51985013484955
ucb_lcb_n,202.0,0.0,2.0,-23.961397647857666
ucb_lcb_n,203.0,0.0,2.0,-21.79405403137207
ucb_lcb_n,204.0,0.0,2.0,-18.164078891277313
ucb_lcb_n,205.0,0.0,2.0,-16.437207520008087
ucb_lcb_n,206.0,0.0,2.0,-38.39578175544739
ucb_lcb_n,207.0,0.0,2.0,-43.26310849189758
ucb_lcb_n,208.0,0.0,2.0,-30.4834206700325
ucb_lcb_n,209.0,0.0,2.0,-48.81099843978882
ucb_lcb_n,210.0,0.0,2.0,-13.803584396839142
ucb_lcb_n,211.0,0.0,2.0,-43.97431230545044
ucb_lcb_n,212.0,0.0,2.0,-43.27769473195076
ucb_lcb_n,213.0,0.0,2.0,-10.06944689154625
ucb_lcb_n,214.0,0.0,2.0,-27.953771948814392
ucb_lcb_n,215.0,0.0,2.0,-18.41526071727276
ucb_lcb_n,216.0,0.0,2.0,-34.09637939929962
ucb_lcb_n,217.0,0.0,2.0,-17.901771008968353
ucb_lcb_n,218.0,0.0,2.0,-22.26373017206788
ucb_lcb_n,219.0,0.0,2.0,-26.15332680940628
ucb_lcb_n,220.0,0.0,2.0,-39.022101044654846
ucb_lcb_n,221.0,0.0,2.0,-30.767251431941986
ucb_lcb_n,222.0,0.0,2.0,-45.75240898132324
ucb_lcb_n,223.0,0.0,2.0,-33.20363214612007
ucb_lcb_n,224.0,0.0,2.0,-33.11469078063965
ucb_lcb_n,225.0,0.0,2.0,-31.577219605445862
ucb_lcb_n,226.0,0.0,2.0,-32.9786114692688
ucb_lcb_n,227.0,0.0,2.0,-34.061135053634644
ucb_lcb_n,228.0,0.0,2.0,-78.2862229347229
ucb_lcb_n,229.0,0.0,2.0,-0.0010008120370912366
ucb_lcb_n,230.0,0.0,2.0,-41.658838748931885
ucb_lcb_n,231.0,0.0,2.0,-21.28253984451294
ucb_lcb_n,232.0,0.0,2.0,-16.476192086935043
ucb_lcb_n,233.0,0.0,2.0,-40.12428534030914
ucb_lcb_n,234.0,0.0,2.0,-38.2589145898819
ucb_lcb_n,236.0,0.0,2.0,-19.27751863002777
ucb_lcb_n,237.0,0.0,2.0,-35.91296696662903
ucb_lcb_n,239.0,0.0,2.0,-17.541298389434814
ucb_lcb_n,240.0,0.0,2.0,-21.863056123256683
ucb_lcb_n,241.0,0.0,2.0,-41.67478680610657
ucb_lcb_n,242.0,0.0,2.0,-49.220808267593384
ucb_lcb_n,243.0,0.0,2.0,-9.709637820720673
ucb_lcb_n,244.0,0.0,2.0,-15.66492584347725
ucb_lcb_n,245.0,0.0,2.0,-17.25815999507904
ucb_lcb_n,246.0,0.0,2.0,-14.188604936003685
ucb_lcb_n,247.0,0.0,2.0,-32.63515627384186
ucb_lcb_n,248.0,0.0,2.0,-33.743157744407654
ucb_lcb_n,249.0,0.0,2.0,-24.970708459615707
ucb_lcb_n,250.0,0.0,2.0,-51.04412245750427
ucb_lcb_n,252.0,0.0,2.0,-46.566893339157104
ucb_lcb_n,253.0,0.0,2.0,-8.188287571072578
ucb_lcb_n,254.0,0.0,2.0,-46.20436429977417
ucb_lcb_n,255.0,0.0,2.0,-36.54871463775635
ucb_lcb_n,257.0,0.0,2.0,-37.067410469055176
ucb_lcb_n,258.0,0.0,2.0,-30.84482252597809
ucb_lcb_n,259.0,0.0,2.0,-42.52386665344238
ucb_lcb_n,260.0,0.0,2.0,-58.19907879829407
ucb_lcb_n,261.0,0.0,2.0,-28.030532360076904
ucb_lcb_n,262.0,0.0,2.0,-38.968319058418274
ucb_lcb_n,263.0,0.0,2.0,-36.53993797302246
ucb_lcb_n,264.0,0.0,2.0,-18.4497252702713
ucb_lcb_n,266.0,0.0,2.0,-23.490906953811646
ucb_lcb_n,267.0,0.0,2.0,-14.959311664104462
ucb_lcb_n,268.0,0.0,2.0,-7.911976754665375
ucb_lcb_n,269.0,0.0,2.0,-30.812443435192108
ucb_lcb_n,270.0,0.0,2.0,-12.996652498841286
ucb_lcb_n,271.0,0.0,2.0,-40.650657296180725
ucb_lcb_n,272.0,0.0,2.0,-15.604963183403015
ucb_lcb_n,273.0,0.0,2.0,-32.250885993242264
ucb_lcb_n,274.0,0.0,2.0,-34.04872369766235
ucb_lcb_n,275.0,0.0,2.0,-8.056451052427292
ucb_lcb_n,276.0,0.0,2.0,-36.50523501634598
ucb_lcb_n,277.0,0.0,2.0,-38.57233381271362
ucb_lcb_n,278.0,0.0,2.0,-33.2056188583374
ucb_lcb_n,279.0,0.0,2.0,-27.89636206626892
ucb_lcb_n,280.0,0.0,2.0,-29.303619161248207
ucb_lcb_n,282.0,0.0,2.0,-31.69698307150975
ucb_lcb_n,283.0,0.0,2.0,-32.406921088695526
ucb_lcb_n,284.0,0.0,2.0,-45.62382984161377
ucb_lcb_n,285.0,0.0,2.0,-24.73785948753357
ucb_lcb_n,286.0,0.0,2.0,-30.964216470718384
ucb_lcb_n,287.0,0.0,2.0,-27.467166662216187
ucb_lcb_n,288.0,0.0,2.0,-37.40120482444763
ucb_lcb_n,289.0,0.0,2.0,-48.3641095161438
ucb_lcb_n,290.0,0.0,2.0,-24.68679690361023
ucb_lcb_n,291.0,0.0,2.0,-33.44514238834381
ucb_lcb_n,292.0,0.0,2.0,-34.316599786281586
ucb_lcb_n,293.0,0.0,2.0,-20.96796691417694
ucb_lcb_n,294.0,0.0,2.0,-20.47536998987198
ucb_lcb_n,295.0,0.0,2.0,-32.62090986967087
ucb_lcb_n,296.0,0.0,2.0,-20.9558242559433
ucb_lcb_n,297.0,0.0,2.0,-20.67789825424552
ucb_lcb_n,298.0,0.0,2.0,-21.8748060464859
ucb_lcb_n,299.0,0.0,2.0,-36.14391618967056
ucb_lcb_n,300.0,0.0,2.0,-34.06300836801529
ucb_lcb_n,301.0,0.0,2.0,-32.65343642234802
ucb_lcb_n,302.0,0.0,2.0,-34.37750828266144
ucb_lcb_n,303.0,0.0,2.0,-23.28099212050438
ucb_lcb_n,304.0,0.0,2.0,-37.83972454071045
ucb_lcb_n,305.0,0.0,2.0,-15.818096041679382
ucb_lcb_n,306.0,0.0,2.0,-33.2203523516655
ucb_lcb_n,307.0,0.0,2.0,-21.113323032855988
ucb_lcb_n,308.0,0.0,2.0,-60.683225870132446
ucb_lcb_n,309.0,0.0,2.0,-36.185799926519394
ucb_lcb_n,310.0,0.0,2.0,-18.77196353673935
ucb_lcb_n,311.0,0.0,2.0,-27.78566300868988
ucb_lcb_n,312.0,0.0,2.0,-19.53686487674713
ucb_lcb_n,313.0,0.0,2.0,-19.76416527479887
ucb_lcb_n,314.0,0.0,2.0,-39.94265341758728
ucb_lcb_n,315.0,0.0,2.0,-19.222993910312653
ucb_lcb_n,316.0,0.0,2.0,-31.34600806236267
ucb_lcb_n,317.0,0.0,2.0,-39.47102999687195
ucb_lcb_n,318.0,0.0,2.0,-23.791841119527817
ucb_lcb_n,319.0,0.0,2.0,-15.492722630500793
ucb_lcb_n,320.0,0.0,2.0,-15.299231417477131
ucb_lcb_n,321.0,0.0,2.0,-39.93726897239685
ucb_lcb_n,322.0,0.0,2.0,-18.24275216460228
ucb_lcb_n,323.0,0.0,2.0,-31.113672971725464
ucb_lcb_n,324.0,0.0,2.0,-22.2105593085289
ucb_lcb_n,325.0,0.0,2.0,-40.2645388841629
ucb_lcb_n,326.0,0.0,2.0,-15.055839836597443
ucb_lcb_n,327.0,0.0,2.0,-32.81119453907013
ucb_lcb_n,328.0,0.0,2.0,-19.619836807250977
ucb_lcb_n,329.0,0.0,2.0,-34.8496453166008
ucb_lcb_n,330.0,0.0,2.0,-24.88908088207245
ucb_lcb_n,331.0,0.0,2.0,-40.24668896198273
ucb_lcb_n,332.0,0.0,2.0,-47.80584383010864
ucb_lcb_n,333.0,0.0,2.0,-28.46538867522031
ucb_lcb_n,334.0,0.0,2.0,-25.25775635242462
ucb_lcb_n,336.0,0.0,2.0,-13.149423345923424
ucb_lcb_n,337.0,0.0,2.0,-26.720324397087097
ucb_lcb_n,338.0,0.0,2.0,-51.480011224746704
ucb_lcb_n,340.0,0.0,2.0,-36.36241257190704
ucb_lcb_n,341.0,0.0,2.0,-21.90526658296585
ucb_lcb_n,342.0,0.0,2.0,-22.776616394519806
ucb_lcb_n,343.0,0.0,2.0,-17.59306561946869
ucb_lcb_n,344.0,0.0,2.0,-33.90744686126709
ucb_lcb_n,346.0,0.0,2.0,-16.03551822900772
ucb_lcb_n,347.0,0.0,2.0,-37.54423141479492
ucb_lcb_n,348.0,0.0,2.0,-33.90445329248905
ucb_lcb_n,350.0,0.0,2.0,-14.192111223936081
ucb_lcb_n,351.0,0.0,2.0,-13.863104343414307
ucb_lcb_n,352.0,0.0,2.0,-47.00829088687897
ucb_lcb_n,353.0,0.0,2.0,-25.477483421564102
ucb_lcb_n,354.0,0.0,2.0,-22.863956809043884
ucb_lcb_n,355.0,0.0,2.0,-48.05502128601074
ucb_lcb_n,356.0,0.0,2.0,-41.93996262550354
ucb_lcb_n,357.0,0.0,2.0,-45.45528316497803
ucb_lcb_n,358.0,0.0,2.0,-23.226330444216728
ucb_lcb_n,359.0,0.0,2.0,-22.083982348442078
ucb_lcb_n,361.0,0.0,2.0,-21.93718385696411
ucb_lcb_n,362.0,0.0,2.0,-23.48143207281828
ucb_lcb_n,363.0,0.0,2.0,-48.55397439002991
ucb_lcb_n,364.0,0.0,2.0,-40.14649796485901
ucb_lcb_n,365.0,0.0,2.0,-32.92274749279022
ucb_lcb_n,367.0,0.0,2.0,-35.525453954935074
ucb_lcb_n,368.0,0.0,2.0,-24.125216403976083
ucb_lcb_n,369.0,0.0,2.0,-29.070493936538696
ucb_lcb_n,371.0,0.0,2.0,-30.761030554771423
ucb_lcb_n,372.0,0.0,2.0,-19.009540155529976
ucb_lcb_n,373.0,0.0,2.0,-30.875057697296143
ucb_lcb_n,374.0,0.0,2.0,-27.10305827856064
ucb_lcb_n,375.0,0.0,2.0,-23.916144013404846
ucb_lcb_n,376.0,0.0,2.0,-27.35467818379402
ucb_lcb_n,377.0,0.0,2.0,-19.03782059252262
ucb_lcb_n,378.0,0.0,2.0,-23.681530594825745
ucb_lcb_n,379.0,0.0,2.0,-25.94674801826477
ucb_lcb_n,380.0,0.0,2.0,-36.93332076072693
ucb_lcb_n,381.0,0.0,2.0,-13.594063878059387
ucb_lcb_n,382.0,0.0,2.0,-47.72498369216919
ucb_lcb_n,383.0,0.0,2.0,-7.5103438794612885
ucb_lcb_n,384.0,0.0,2.0,-18.67059564590454
ucb_lcb_n,385.0,0.0,2.0,-29.27782964706421
ucb_lcb_n,386.0,0.0,2.0,-54.59778714179993
ucb_lcb_n,387.0,0.0,2.0,-35.333364486694336
ucb_lcb_n,388.0,0.0,2.0,-36.32941174507141
ucb_lcb_n,389.0,0.0,2.0,-49.285157799720764
ucb_lcb_n,390.0,0.0,2.0,-21.37376195192337
ucb_lcb_n,391.0,0.0,2.0,-18.386377036571503
ucb_lcb_n,392.0,0.0,2.0,-26.72991441935301
ucb_lcb_n,393.0,0.0,2.0,-27.24142834544182
ucb_lcb_n,394.0,0.0,2.0,-25.08034747838974
ucb_lcb_n,395.0,0.0,2.0,-9.65956088155508
ucb_lcb_n,396.0,0.0,2.0,-34.43590700626373
ucb_lcb_n,397.0,0.0,2.0,-22.585393130779266
ucb_lcb_n,398.0,0.0,2.0,-27.994386196136475
ucb_lcb_n,399.0,0.0,2.0,-32.263262033462524
ucb_lcb_n,400.0,0.0,2.0,-39.31306219100952
ucb_lcb_n,401.0,0.0,2.0,-25.138553202152252
ucb_lcb_n,402.0,0.0,2.0,-34.14323854446411
ucb_lcb_n,403.0,0.0,2.0,-28.81068444252014
ucb_lcb_n,404.0,0.0,2.0,-24.713972568511963
ucb_lcb_n,405.0,0.0,2.0,-14.609163057990372
ucb_lcb_n,407.0,0.0,2.0,-26.119678735733032
ucb_lcb_n,408.0,0.0,2.0,-23.85332065820694
ucb_lcb_n,409.0,0.0,2.0,-25.138105928897858
ucb_lcb_n,410.0,0.0,2.0,-61.06970691680908
ucb_lcb_n,412.0,0.0,2.0,-31.76868426799774
ucb_lcb_n,413.0,0.0,2.0,-21.10055224597454
ucb_lcb_n,414.0,0.0,2.0,-25.43738877773285
ucb_lcb_n,415.0,0.0,2.0,-27.739167094230652
ucb_lcb_n,416.0,0.0,2.0,-38.04041862487793
ucb_lcb_n,417.0,0.0,2.0,-44.64904737472534
ucb_lcb_n,418.0,0.0,2.0,-20.464280605316162
ucb_lcb_n,419.0,0.0,2.0,-57.43496309220791
ucb_lcb_n,420.0,0.0,2.0,-36.6815584897995
ucb_lcb_n,421.0,0.0,2.0,-20.515379190444946
ucb_lcb_n,422.0,0.0,2.0,-26.895305275917053
ucb_lcb_n,424.0,0.0,2.0,-18.661140590906143
ucb_lcb_n,425.0,0.0,2.0,-36.019833743572235
ucb_lcb_n,426.0,0.0,2.0,-45.76569485664368
ucb_lcb_n,428.0,0.0,2.0,-35.48848783969879
ucb_lcb_n,429.0,0.0,2.0,-35.991188526153564
ucb_lcb_n,430.0,0.0,2.0,-64.05099439620972
ucb_lcb_n,431.0,0.0,2.0,-25.81401354074478
ucb_lcb_n,432.0,0.0,2.0,-12.783542215824127
ucb_lcb_n,433.0,0.0,2.0,-35.5599969625473
ucb_lcb_n,434.0,0.0,2.0,-19.744946002960205
ucb_lcb_n,435.0,0.0,2.0,-6.1470416486263275
ucb_lcb_n,436.0,0.0,2.0,-20.355240166187286
ucb_lcb_n,437.0,0.0,2.0,-25.445734918117523
ucb_lcb_n,438.0,0.0,2.0,-52.15065145492554
ucb_lcb_n,439.0,0.0,2.0,-14.447982028126717
ucb_lcb_n,440.0,0.0,2.0,-14.095959294587374
ucb_lcb_n,441.0,0.0,2.0,-20.72121775150299
ucb_lcb_n,442.0,0.0,2.0,-0.028005633736029267
ucb_lcb_n,443.0,0.0,2.0,-1.0636679083108902
ucb_lcb_n,444.0,0.0,2.0,-24.119308188557625
ucb_lcb_n,445.0,0.0,2.0,-30.123716473579407
ucb_lcb_n,446.0,0.0,2.0,-29.610623598098755
ucb_lcb_n,447.0,0.0,2.0,-19.840779900550842
ucb_lcb_n,448.0,0.0,2.0,-25.5189368724823
ucb_lcb_n,449.0,0.0,2.0,-44.05037331581116
ucb_lcb_n,450.0,0.0,2.0,-45.377039194107056
ucb_lcb_n,451.0,0.0,2.0,-34.443149000406265
ucb_lcb_n,452.0,0.0,2.0,-23.827403008937836
ucb_lcb_n,453.0,0.0,2.0,-32.111837804317474
ucb_lcb_n,454.0,0.0,2.0,0.0
ucb_lcb_n,455.0,0.0,2.0,-45.460523784160614
ucb_lcb_n,456.0,0.0,2.0,-30.92953398823738
ucb_lcb_n,457.0,0.0,2.0,-31.926687717437744
ucb_lcb_n,458.0,0.0,2.0,-22.920129232108593
ucb_lcb_n,459.0,0.0,2.0,-40.0500373840332
ucb_lcb_n,460.0,0.0,2.0,-45.200326442718506
ucb_lcb_n,461.0,0.0,2.0,-24.676735043525696
ucb_lcb_n,462.0,0.0,2.0,-30.561866402626038
ucb_lcb_n,463.0,0.0,2.0,-11.980603247880936
ucb_lcb_n,464.0,0.0,2.0,-27.928535044193268
ucb_lcb_n,465.0,0.0,2.0,0.0
ucb_lcb_n,466.0,0.0,2.0,-34.17268669605255
ucb_lcb_n,467.0,0.0,2.0,-20.41623565554619
ucb_lcb_n,468.0,0.0,2.0,-5.786773927509785
ucb_lcb_n,469.0,0.0,2.0,-28.10927641391754
ucb_lcb_n,470.0,0.0,2.0,-15.174288481008261
ucb_lcb_n,471.0,0.0,2.0,-10.325388479977846
ucb_lcb_n,472.0,0.0,2.0,-19.512067437171936
ucb_lcb_n,473.0,0.0,2.0,-34.24036419391632
ucb_lcb_n,474.0,0.0,2.0,-43.50140833854675
ucb_lcb_n,475.0,0.0,2.0,-32.3811571598053
ucb_lcb_n,476.0,0.0,2.0,-0.034151037922129035
ucb_lcb_n,477.0,0.0,2.0,-35.44204878807068
ucb_lcb_n,478.0,0.0,2.0,0.0
ucb_lcb_n,479.0,0.0,2.0,-10.357085165567696
ucb_lcb_n,480.0,0.0,2.0,-31.753877639770508
ucb_lcb_n,481.0,0.0,2.0,-22.077130019664764
ucb_lcb_n,482.0,0.0,2.0,-24.431320369243622
ucb_lcb_n,483.0,0.0,2.0,-18.248207360506058
ucb_lcb_n,484.0,0.0,2.0,-39.39922893047333
ucb_lcb_n,485.0,0.0,2.0,-31.965048909187317
ucb_lcb_n,486.0,0.0,2.0,-41.407912373542786
ucb_lcb_n,487.0,0.0,2.0,-48.406713366508484
ucb_lcb_n,488.0,0.0,2.0,-34.07590597867966
ucb_lcb_n,490.0,0.0,2.0,-24.314131140708923
ucb_lcb_n,491.0,0.0,2.0,-0.05487568280659616
ucb_lcb_n,492.0,0.0,2.0,-27.05258560180664
ucb_lcb_n,493.0,0.0,2.0,-15.889440640807152
ucb_lcb_n,494.0,0.0,2.0,-48.246562004089355
ucb_lcb_n,495.0,0.0,2.0,-25.26822566986084
ucb_lcb_n,496.0,0.0,2.0,-39.090409994125366
ucb_lcb,1.0,0.0,2.0,-26.24250068515539
ucb_lcb,2.0,0.0,2.0,-49.54780292510986
ucb_lcb,3.0,0.0,2.0,-13.993710845708847
ucb_lcb,4.0,0.0,2.0,-43.636627435684204
ucb_lcb,5.0,0.0,2.0,-17.942534923553467
ucb_lcb,6.0,0.0,2.0,-21.70323920249939
ucb_lcb,7.0,0.0,2.0,-26.153565645217896
ucb_lcb,8.0,0.0,2.0,-55.88335156440735
ucb_lcb,9.0,0.0,2.0,-38.394936203956604
ucb_lcb,10.0,0.0,2.0,-48.14682650566101
ucb_lcb,11.0,0.0,2.0,-33.108063623309135
ucb_lcb,12.0,0.0,2.0,-38.18392372131348
ucb_lcb,13.0,0.0,2.0,-18.70964753627777
ucb_lcb,14.0,0.0,2.0,-30.223562717437744
ucb_lcb,15.0,0.0,2.0,-28.84346044063568
ucb_lcb,16.0,0.0,2.0,-45.72016906738281
ucb_lcb,17.0,0.0,2.0,-0.20671613328158855
ucb_lcb,18.0,0.0,2.0,-26.76192045211792
ucb_lcb,19.0,0.0,2.0,-15.703419854864478
ucb_lcb,20.0,0.0,2.0,-41.75336194038391
ucb_lcb,21.0,0.0,2.0,-38.564615964889526
ucb_lcb,22.0,0.0,2.0,-17.76605224609375
ucb_lcb,23.0,0.0,2.0,-33.78149223327637
ucb_lcb,24.0,0.0,2.0,-1.8969687074422836
ucb_lcb,25.0,0.0,2.0,-29.057004809379578
ucb_lcb,26.0,0.0,2.0,-39.12393403053284
ucb_lcb,27.0,0.0,2.0,-10.861598908901215
ucb_lcb,28.0,0.0,2.0,-14.887140393257141
ucb_lcb,29.0,0.0,2.0,-18.05059939622879
ucb_lcb,30.0,0.0,2.0,-32.43088459968567
ucb_lcb,32.0,0.0,2.0,-20.964703917503357
ucb_lcb,33.0,0.0,2.0,-55.73378252983093
ucb_lcb,34.0,0.0,2.0,-16.587922245264053
ucb_lcb,35.0,0.0,2.0,-39.53976011276245
ucb_lcb,36.0,0.0,2.0,-20.916934370994568
ucb_lcb,37.0,0.0,2.0,-41.77740740776062
ucb_lcb,38.0,0.0,2.0,-13.863431677222252
ucb_lcb,39.0,0.0,2.0,-32.631551861763
ucb_lcb,40.0,0.0,2.0,-30.20046615600586
ucb_lcb,41.0,0.0,2.0,-40.74609065055847
ucb_lcb,42.0,0.0,2.0,-27.424620032310486
ucb_lcb,43.0,0.0,2.0,-16.62126088142395
ucb_lcb,45.0,0.0,2.0,-27.15625023841858
ucb_lcb,46.0,0.0,2.0,-2.7512464225292206
ucb_lcb,47.0,0.0,2.0,-35.79777989629656
ucb_lcb,48.0,0.0,2.0,-42.617897272109985
ucb_lcb,49.0,0.0,2.0,-27.191284894943237
ucb_lcb,50.0,0.0,2.0,-36.69583201408386
ucb_lcb,51.0,0.0,2.0,-32.03685015439987
ucb_lcb,52.0,0.0,2.0,-25.22378073632717
ucb_lcb,53.0,0.0,2.0,-31.22604990005493
ucb_lcb,54.0,0.0,2.0,-34.76251745223999
ucb_lcb,55.0,0.0,2.0,-30.228087186813354
ucb_lcb,56.0,0.0,2.0,-29.007766485214233
ucb_lcb,58.0,0.0,2.0,-22.24528294801712
ucb_lcb,59.0,0.0,2.0,-37.23533868789673
ucb_lcb,60.0,0.0,2.0,-33.19179117679596
ucb_lcb,61.0,0.0,2.0,-23.034568548202515
ucb_lcb,64.0,0.0,2.0,-36.280906677246094
ucb_lcb,65.0,0.0,2.0,-18.058289706707
ucb_lcb,66.0,0.0,2.0,-31.33114230632782
ucb_lcb,67.0,0.0,2.0,-23.261942148208618
ucb_lcb,68.0,0.0,2.0,-25.94976770877838
ucb_lcb,69.0,0.0,2.0,-22.129896879196167
ucb_lcb,70.0,0.0,2.0,-29.958778500556946
ucb_lcb,71.0,0.0,2.0,-42.513453155756
ucb_lcb,72.0,0.0,2.0,-35.049009561538696
ucb_lcb,73.0,0.0,2.0,0.0
ucb_lcb,74.0,0.0,2.0,-36.713032960891724
ucb_lcb,75.0,0.0,2.0,-45.31010627746582
ucb_lcb,76.0,0.0,2.0,-35.90777540206909
ucb_lcb,77.0,0.0,2.0,-26.33148968219757
ucb_lcb,78.0,0.0,2.0,-3.3976351618766785
ucb_lcb,79.0,0.0,2.0,-38.11140823364258
ucb_lcb,80.0,0.0,2.0,-39.720760107040405
ucb_lcb,81.0,0.0,2.0,-31.102264881134033
ucb_lcb,82.0,0.0,2.0,-41.93993139266968
ucb_lcb,83.0,0.0,2.0,-17.050347357988358
ucb_lcb,84.0,0.0,2.0,-23.256868600845337
ucb_lcb,85.0,0.0,2.0,-61.19999732077122
ucb_lcb,87.0,0.0,2.0,-21.491251945495605
ucb_lcb,88.0,0.0,2.0,-34.921809911727905
ucb_lcb,89.0,0.0,2.0,-16.573081001639366
ucb_lcb,90.0,0.0,2.0,-38.85703635215759
ucb_lcb,91.0,0.0,2.0,-30.01409602165222
ucb_lcb,92.0,0.0,2.0,-47.38478112220764
ucb_lcb,93.0,0.0,2.0,-15.6627446860075
ucb_lcb,94.0,0.0,2.0,-17.383137822151184
ucb_lcb,95.0,0.0,2.0,-41.33398327231407
ucb_lcb,96.0,0.0,2.0,-30.96855616569519
ucb_lcb,98.0,0.0,2.0,-29.719003438949585
ucb_lcb,99.0,0.0,2.0,-31.948931723833084
ucb_lcb,101.0,0.0,2.0,-28.016692340373993
ucb_lcb,102.0,0.0,2.0,-11.590347081422806
ucb_lcb,103.0,0.0,2.0,-28.418324053287506
ucb_lcb,104.0,0.0,2.0,-47.58851861953735
ucb_lcb,105.0,0.0,2.0,-48.4062705039978
ucb_lcb,106.0,0.0,2.0,-52.06017220020294
ucb_lcb,107.0,0.0,2.0,-13.998245552182198
ucb_lcb,108.0,0.0,2.0,-56.255133867263794
ucb_lcb,109.0,0.0,2.0,-29.4969345331192
ucb_lcb,111.0,0.0,2.0,-44.42754554748535
ucb_lcb,112.0,0.0,2.0,-29.21899175643921
ucb_lcb,113.0,0.0,2.0,-30.33812975883484
ucb_lcb,114.0,0.0,2.0,-35.4141743183136
ucb_lcb,115.0,0.0,2.0,-29.586395978927612
ucb_lcb,116.0,0.0,2.0,-20.891156435012817
ucb_lcb,117.0,0.0,2.0,-36.907509446144104
ucb_lcb,118.0,0.0,2.0,-18.282918334007263
ucb_lcb,119.0,0.0,2.0,-25.429319322109222
ucb_lcb,120.0,0.0,2.0,-32.39925754070282
ucb_lcb,121.0,0.0,2.0,-39.22647547721863
ucb_lcb,122.0,0.0,2.0,-33.99064040184021
ucb_lcb,123.0,0.0,2.0,-20.49309204518795
ucb_lcb,124.0,0.0,2.0,-18.35350626707077
ucb_lcb,125.0,0.0,2.0,-34.74016523361206
ucb_lcb,126.0,0.0,2.0,-23.577055198606104
ucb_lcb,128.0,0.0,2.0,-13.261292576789856
ucb_lcb,130.0,0.0,2.0,-26.388294339179993
ucb_lcb,131.0,0.0,2.0,-23.514670372009277
ucb_lcb,132.0,0.0,2.0,-29.811054944992065
ucb_lcb,133.0,0.0,2.0,-41.56553316116333
ucb_lcb,134.0,0.0,2.0,-42.89418876171112
ucb_lcb,135.0,0.0,2.0,-25.683608174324036
ucb_lcb,136.0,0.0,2.0,-22.244130849838257
ucb_lcb,137.0,0.0,2.0,-40.563729763031006
ucb_lcb,138.0,0.0,2.0,-46.02535676956177
ucb_lcb,139.0,0.0,2.0,-16.725707411766052
ucb_lcb,140.0,0.0,2.0,-49.73595952987671
ucb_lcb,141.0,0.0,2.0,-24.86083972454071
ucb_lcb,142.0,0.0,2.0,-17.90601634979248
ucb_lcb,143.0,0.0,2.0,-32.5717351436615
ucb_lcb,144.0,0.0,2.0,-26.47726345062256
ucb_lcb,145.0,0.0,2.0,-28.068031787872314
ucb_lcb,146.0,0.0,2.0,-37.473708152770996
ucb_lcb,147.0,0.0,2.0,-50.63140082359314
ucb_lcb,148.0,0.0,2.0,-27.13358759880066
ucb_lcb,149.0,0.0,2.0,-45.99741327762604
ucb_lcb,150.0,0.0,2.0,-25.658266969025135
ucb_lcb,151.0,0.0,2.0,-32.989216446876526
ucb_lcb,152.0,0.0,2.0,-26.04388117790222
ucb_lcb,153.0,0.0,2.0,-23.506999373435974
ucb_lcb,154.0,0.0,2.0,-30.289967238903046
ucb_lcb,155.0,0.0,2.0,-11.911766767501831
ucb_lcb,156.0,0.0,2.0,-32.99876604415476
ucb_lcb,158.0,0.0,2.0,-28.441039264202118
ucb_lcb,159.0,0.0,2.0,-32.929503083229065
ucb_lcb,160.0,0.0,2.0,-35.24402070045471
ucb_lcb,161.0,0.0,2.0,-42.6776647567749
ucb_lcb,162.0,0.0,2.0,-22.84817796945572
ucb_lcb,163.0,0.0,2.0,-48.548107624053955
ucb_lcb,165.0,0.0,2.0,-37.21031355857849
ucb_lcb,166.0,0.0,2.0,-21.081422865390778
ucb_lcb,167.0,0.0,2.0,-27.397196531295776
ucb_lcb,168.0,0.0,2.0,-45.24679231643677
ucb_lcb,169.0,0.0,2.0,-37.169488310813904
ucb_lcb,170.0,0.0,2.0,-16.583423852920532
ucb_lcb,171.0,0.0,2.0,-27.702462136745453
ucb_lcb,172.0,0.0,2.0,-28.925362706184387
ucb_lcb,173.0,0.0,2.0,-34.174302101135254
ucb_lcb,174.0,0.0,2.0,-34.93014752864838
ucb_lcb,175.0,0.0,2.0,-33.37673044204712
ucb_lcb,176.0,0.0,2.0,-32.12021088600159
ucb_lcb,177.0,0.0,2.0,-41.32861590385437
ucb_lcb,178.0,0.0,2.0,-35.716618567705154
ucb_lcb,179.0,0.0,2.0,-26.54228448867798
ucb_lcb,180.0,0.0,2.0,-36.8553261756897
ucb_lcb,181.0,0.0,2.0,-36.61600470542908
ucb_lcb,182.0,0.0,2.0,-17.118130072951317
ucb_lcb,183.0,0.0,2.0,-29.275814414024353
ucb_lcb,185.0,0.0,2.0,-33.56365002691746
ucb_lcb,186.0,0.0,2.0,-28.858559519052505
ucb_lcb,187.0,0.0,2.0,-17.595298424363136
ucb_lcb,188.0,0.0,2.0,-63.484261989593506
ucb_lcb,190.0,0.0,2.0,-31.333654642105103
ucb_lcb,191.0,0.0,2.0,-27.12574654817581
ucb_lcb,192.0,0.0,2.0,-56.40752410888672
ucb_lcb,193.0,0.0,2.0,-22.419557571411133
ucb_lcb,195.0,0.0,2.0,-26.208049446344376
ucb_lcb,196.0,0.0,2.0,-36.057772278785706
ucb_lcb,197.0,0.0,2.0,-17.051180958747864
ucb_lcb,198.0,0.0,2.0,-33.25567173957825
ucb_lcb,199.0,0.0,2.0,-46.7632372379303
ucb_lcb,200.0,0.0,2.0,-10.666743516921997
ucb_lcb,201.0,0.0,2.0,-23.783883810043335
ucb_lcb,202.0,0.0,2.0,-21.233822226524353
ucb_lcb,203.0,0.0,2.0,-26.41633403301239
ucb_lcb,204.0,0.0,2.0,-23.607499837875366
ucb_lcb,205.0,0.0,2.0,-16.32665118575096
ucb_lcb,206.0,0.0,2.0,-41.9755003452301
ucb_lcb,207.0,0.0,2.0,-42.167155265808105
ucb_lcb,208.0,0.0,2.0,-32.28294587135315
ucb_lcb,209.0,0.0,2.0,-45.9656023979187
ucb_lcb,210.0,0.0,2.0,-12.797519207000732
ucb_lcb,211.0,0.0,2.0,-42.5459930896759
ucb_lcb,212.0,0.0,2.0,-37.88438940048218
ucb_lcb,213.0,0.0,2.0,-24.03768754005432
ucb_lcb,214.0,0.0,2.0,-29.356322169303894
ucb_lcb,215.0,0.0,2.0,-20.838287700375076
ucb_lcb,216.0,0.0,2.0,-32.20029950141907
ucb_lcb,217.0,0.0,2.0,-18.871188819408417
ucb_lcb,218.0,0.0,2.0,-33.542418003082275
ucb_lcb,219.0,0.0,2.0,-26.38308274745941
ucb_lcb,220.0,0.0,2.0,-40.19974231719971
ucb_lcb,221.0,0.0,2.0,-30.89437711238861
ucb_lcb,222.0,0.0,2.0,-26.34119725227356
ucb_lcb,223.0,0.0,2.0,-27.352427661418915
ucb_lcb,224.0,0.0,2.0,-36.97660160064697
ucb_lcb,225.0,0.0,2.0,-30.306321620941162
ucb_lcb,226.0,0.0,2.0,-31.648495078086853
ucb_lcb,227.0,0.0,2.0,-32.530635714530945
ucb_lcb,228.0,0.0,2.0,-83.32892227172852
ucb_lcb,229.0,0.0,2.0,-0.0010002159251598641
ucb_lcb,230.0,0.0,2.0,-32.97006273269653
ucb_lcb,231.0,0.0,2.0,-20.304261207580566
ucb_lcb,232.0,0.0,2.0,-16.932374253869057
ucb_lcb,233.0,0.0,2.0,-38.95762825012207
ucb_lcb,234.0,0.0,2.0,-37.448758363723755
ucb_lcb,236.0,0.0,2.0,-21.756996750831604
ucb_lcb,237.0,0.0,2.0,-36.11276578903198
ucb_lcb,239.0,0.0,2.0,-25.460073828697205
ucb_lcb,240.0,0.0,2.0,-22.18403536081314
ucb_lcb,241.0,0.0,2.0,-40.988196849823
ucb_lcb,242.0,0.0,2.0,-49.80470132827759
ucb_lcb,243.0,0.0,2.0,-9.503090977668762
ucb_lcb,244.0,0.0,2.0,-18.117802649736404
ucb_lcb,245.0,0.0,2.0,-18.084744155406952
ucb_lcb,246.0,0.0,2.0,-20.273039400577545
ucb_lcb,247.0,0.0,2.0,-22.05168390274048
ucb_lcb,248.0,0.0,2.0,-38.8264781832695
ucb_lcb,249.0,0.0,2.0,-30.870657444000244
ucb_lcb,250.0,0.0,2.0,-56.82303261756897
ucb_lcb,252.0,0.0,2.0,-43.578787446022034
ucb_lcb,253.0,0.0,2.0,-9.68135342001915
ucb_lcb,254.0,0.0,2.0,-46.28342247009277
ucb_lcb,255.0,0.0,2.0,-34.466275215148926
ucb_lcb,257.0,0.0,2.0,-36.41662335395813
ucb_lcb,258.0,0.0,2.0,-33.19550633430481
ucb_lcb,259.0,0.0,2.0,-40.906057596206665
ucb_lcb,260.0,0.0,2.0,-57.71458888053894
ucb_lcb,261.0,0.0,2.0,-28.51147758960724
ucb_lcb,262.0,0.0,2.0,-43.49792957305908
ucb_lcb,263.0,0.0,2.0,-36.69425439834595
ucb_lcb,264.0,0.0,2.0,-19.143396317958832
ucb_lcb,266.0,0.0,2.0,-29.696334838867188
ucb_lcb,267.0,0.0,2.0,-15.433754414319992
ucb_lcb,268.0,0.0,2.0,-7.68886835873127
ucb_lcb,269.0,0.0,2.0,-30.293988287448883
ucb_lcb,270.0,0.0,2.0,-13.311831720173359
ucb_lcb,271.0,0.0,2.0,-35.01997137069702
ucb_lcb,272.0,0.0,2.0,-16.409808337688446
ucb_lcb,273.0,0.0,2.0,-35.04965603351593
ucb_lcb,274.0,0.0,2.0,-36.92607593536377
ucb_lcb,275.0,0.0,2.0,-8.179064467549324
ucb_lcb,276.0,0.0,2.0,-37.48724164068699
ucb_lcb,277.0,0.0,2.0,-40.32304984331131
ucb_lcb,278.0,0.0,2.0,-32.447641372680664
ucb_lcb,279.0,0.0,2.0,-28.998196125030518
ucb_lcb,280.0,0.0,2.0,-59.3775514960289
ucb_lcb,282.0,0.0,2.0,-32.38304674625397
ucb_lcb,283.0,0.0,2.0,-32.407750964164734
ucb_lcb,284.0,0.0,2.0,-34.03841149806976
ucb_lcb,285.0,0.0,2.0,-29.359548091888428
ucb_lcb,286.0,0.0,2.0,-29.199294090270996
ucb_lcb,287.0,0.0,2.0,-34.71723747253418
ucb_lcb,288.0,0.0,2.0,-31.12209939956665
ucb_lcb,289.0,0.0,2.0,-38.02007341384888
ucb_lcb,290.0,0.0,2.0,-37.35859298706055
ucb_lcb,291.0,0.0,2.0,-37.46614909172058
ucb_lcb,292.0,0.0,2.0,-41.190494418144226
ucb_lcb,293.0,0.0,2.0,-29.761533737182617
ucb_lcb,294.0,0.0,2.0,-23.009210601449013
ucb_lcb,295.0,0.0,2.0,-32.715075612068176
ucb_lcb,296.0,0.0,2.0,-22.018362045288086
ucb_lcb,297.0,0.0,2.0,-24.46460258960724
ucb_lcb,298.0,0.0,2.0,-25.164742708206177
ucb_lcb,299.0,0.0,2.0,-35.730579137802124
ucb_lcb,300.0,0.0,2.0,-34.66834765672684
ucb_lcb,301.0,0.0,2.0,-31.80247175693512
ucb_lcb,302.0,0.0,2.0,-35.04567813873291
ucb_lcb,303.0,0.0,2.0,-23.202812038362026
ucb_lcb,304.0,0.0,2.0,-34.53805994987488
ucb_lcb,305.0,0.0,2.0,-25.628633216023445
ucb_lcb,306.0,0.0,2.0,-32.51026129722595
ucb_lcb,307.0,0.0,2.0,-22.36597916483879
ucb_lcb,308.0,0.0,2.0,-46.57785141468048
ucb_lcb,309.0,0.0,2.0,-27.929657271131873
ucb_lcb,310.0,0.0,2.0,-18.229006707668304
ucb_lcb,311.0,0.0,2.0,-28.945281982421875
ucb_lcb,312.0,0.0,2.0,-22.053077578544617
ucb_lcb,313.0,0.0,2.0,-24.151413649320602
ucb_lcb,314.0,0.0,2.0,-25.911674737930298
ucb_lcb,315.0,0.0,2.0,-16.04081106185913
ucb_lcb,316.0,0.0,2.0,-29.68355417251587
ucb_lcb,317.0,0.0,2.0,-39.52448320388794
ucb_lcb,318.0,0.0,2.0,-29.837483376264572
ucb_lcb,319.0,0.0,2.0,-27.99140429496765
ucb_lcb,320.0,0.0,2.0,-31.401530265808105
ucb_lcb,321.0,0.0,2.0,-42.126954197883606
ucb_lcb,322.0,0.0,2.0,-28.38132905960083
ucb_lcb,323.0,0.0,2.0,-30.056082844734192
ucb_lcb,324.0,0.0,2.0,-28.063066244125366
ucb_lcb,325.0,0.0,2.0,-34.62299644947052
ucb_lcb,326.0,0.0,2.0,-19.09658169746399
ucb_lcb,327.0,0.0,2.0,-32.39566856622696
ucb_lcb,328.0,0.0,2.0,-23.46854418516159
ucb_lcb,329.0,0.0,2.0,-44.355822801589966
ucb_lcb,330.0,0.0,2.0,-23.35382068157196
ucb_lcb,331.0,0.0,2.0,-34.438841581344604
ucb_lcb,332.0,0.0,2.0,-49.07123160362244
ucb_lcb,333.0,0.0,2.0,-30.936731815338135
ucb_lcb,334.0,0.0,2.0,-28.184154510498047
ucb_lcb,336.0,0.0,2.0,-12.955927155911922
ucb_lcb,337.0,0.0,2.0,-31.523954391479492
ucb_lcb,338.0,0.0,2.0,-36.377209305763245
ucb_lcb,340.0,0.0,2.0,-35.773102164268494
ucb_lcb,341.0,0.0,2.0,-22.652830243110657
ucb_lcb,342.0,0.0,2.0,-24.863585770130157
ucb_lcb,343.0,0.0,2.0,-23.72170627117157
ucb_lcb,344.0,0.0,2.0,-35.94287133216858
ucb_lcb,346.0,0.0,2.0,-16.711016416549683
ucb_lcb,347.0,0.0,2.0,-39.219090700149536
ucb_lcb,348.0,0.0,2.0,-32.934013057500124
ucb_lcb,350.0,0.0,2.0,-10.711497873067856
ucb_lcb,351.0,0.0,2.0,-13.62161123752594
ucb_lcb,352.0,0.0,2.0,-44.96471810340881
ucb_lcb,353.0,0.0,2.0,-32.961697578430176
ucb_lcb,354.0,0.0,2.0,-23.256949543952942
ucb_lcb,355.0,0.0,2.0,-47.82932806015015
ucb_lcb,356.0,0.0,2.0,-41.66558218002319
ucb_lcb,357.0,0.0,2.0,-47.760581970214844
ucb_lcb,358.0,0.0,2.0,-26.20299991965294
ucb_lcb,359.0,0.0,2.0,-19.90817230939865
ucb_lcb,361.0,0.0,2.0,-33.22674036026001
ucb_lcb,362.0,0.0,2.0,-31.236530661582947
ucb_lcb,363.0,0.0,2.0,-51.31476020812988
ucb_lcb,364.0,0.0,2.0,-43.2646906375885
ucb_lcb,365.0,0.0,2.0,-33.51985156536102
ucb_lcb,367.0,0.0,2.0,-37.01318345963955
ucb_lcb,368.0,0.0,2.0,-27.7051437869668
ucb_lcb,369.0,0.0,2.0,-32.32611754536629
ucb_lcb,371.0,0.0,2.0,-36.16906690597534
ucb_lcb,372.0,0.0,2.0,-31.65860342979431
ucb_lcb,373.0,0.0,2.0,-33.61756443977356
ucb_lcb,374.0,0.0,2.0,-38.10469651222229
ucb_lcb,375.0,0.0,2.0,-28.07621657848358
ucb_lcb,376.0,0.0,2.0,-27.70444965362549
ucb_lcb,377.0,0.0,2.0,-23.062010880559683
ucb_lcb,378.0,0.0,2.0,-23.801055312156677
ucb_lcb,379.0,0.0,2.0,-27.307921707630157
ucb_lcb,380.0,0.0,2.0,-33.1614944934845
ucb_lcb,381.0,0.0,2.0,-13.196492165327072
ucb_lcb,382.0,0.0,2.0,-41.3754141330719
ucb_lcb,383.0,0.0,2.0,-7.222549870610237
ucb_lcb,384.0,0.0,2.0,-19.090652257204056
ucb_lcb,385.0,0.0,2.0,-30.36384254693985
ucb_lcb,386.0,0.0,2.0,-53.67769956588745
ucb_lcb,387.0,0.0,2.0,-34.600587129592896
ucb_lcb,388.0,0.0,2.0,-45.410857796669006
ucb_lcb,389.0,0.0,2.0,-47.07210302352905
ucb_lcb,390.0,0.0,2.0,-29.819031953811646
ucb_lcb,391.0,0.0,2.0,-16.19419264793396
ucb_lcb,392.0,0.0,2.0,-27.13263351470232
ucb_lcb,393.0,0.0,2.0,-29.135265588760376
ucb_lcb,394.0,0.0,2.0,-21.561296343803406
ucb_lcb,395.0,0.0,2.0,-9.725947823375463
ucb_lcb,396.0,0.0,2.0,-30.82930314540863
ucb_lcb,397.0,0.0,2.0,-25.024696826934814
ucb_lcb,398.0,0.0,2.0,-30.627036929130554
ucb_lcb,399.0,0.0,2.0,-29.853631138801575
ucb_lcb,400.0,0.0,2.0,-41.19633507728577
ucb_lcb,401.0,0.0,2.0,-22.35117530822754
ucb_lcb,402.0,0.0,2.0,-30.065491557121277
ucb_lcb,403.0,0.0,2.0,-40.05803692340851
ucb_lcb,404.0,0.0,2.0,-31.11812686920166
ucb_lcb,405.0,0.0,2.0,-29.068257451057434
ucb_lcb,407.0,0.0,2.0,-26.4166179895401
ucb_lcb,408.0,0.0,2.0,-28.518232583999634
ucb_lcb,409.0,0.0,2.0,-24.987459361553192
ucb_lcb,410.0,0.0,2.0,-46.993730306625366
ucb_lcb,412.0,0.0,2.0,-29.453897714614868
ucb_lcb,413.0,0.0,2.0,-24.359856843948364
ucb_lcb,414.0,0.0,2.0,-24.845991909503937
ucb_lcb,415.0,0.0,2.0,-33.95280623435974
ucb_lcb,416.0,0.0,2.0,-39.420161485672
ucb_lcb,417.0,0.0,2.0,-45.61193799972534
ucb_lcb,418.0,0.0,2.0,-21.0238179564476
ucb_lcb,419.0,0.0,2.0,-45.52508291602135
ucb_lcb,420.0,0.0,2.0,-36.61727058887482
ucb_lcb,421.0,0.0,2.0,-22.302863359451294
ucb_lcb,422.0,0.0,2.0,-27.44065821170807
ucb_lcb,424.0,0.0,2.0,-24.589819192886353
ucb_lcb,425.0,0.0,2.0,-37.926199436187744
ucb_lcb,426.0,0.0,2.0,-46.111857414245605
ucb_lcb,428.0,0.0,2.0,-30.256072998046875
ucb_lcb,429.0,0.0,2.0,-40.243252754211426
ucb_lcb,430.0,0.0,2.0,-59.71166801452637
ucb_lcb,431.0,0.0,2.0,-26.512112140655518
ucb_lcb,432.0,0.0,2.0,-13.65395337343216
ucb_lcb,433.0,0.0,2.0,-39.17691886425018
ucb_lcb,434.0,0.0,2.0,-20.43348526954651
ucb_lcb,435.0,0.0,2.0,-7.044379085302353
ucb_lcb,436.0,0.0,2.0,-28.701261937618256
ucb_lcb,437.0,0.0,2.0,-27.831737160682678
ucb_lcb,438.0,0.0,2.0,-48.60895133018494
ucb_lcb,439.0,0.0,2.0,-12.322482848539948
ucb_lcb,440.0,0.0,2.0,-15.166733901947737
ucb_lcb,441.0,0.0,2.0,-25.15987229347229
ucb_lcb,442.0,0.0,2.0,-0.0010002159251598641
ucb_lcb,443.0,0.0,2.0,-0.8803297430276871
ucb_lcb,444.0,0.0,2.0,-27.891786575317383
ucb_lcb,445.0,0.0,2.0,-30.408125162124634
ucb_lcb,446.0,0.0,2.0,-28.428324222564697
ucb_lcb,447.0,0.0,2.0,-21.56218993663788
ucb_lcb,448.0,0.0,2.0,-23.89360186457634
ucb_lcb,449.0,0.0,2.0,-37.80066442489624
ucb_lcb,450.0,0.0,2.0,-34.06206202507019
ucb_lcb,451.0,0.0,2.0,-37.965842455625534
ucb_lcb,452.0,0.0,2.0,-23.79783320426941
ucb_lcb,453.0,0.0,2.0,-31.217493534088135
ucb_lcb,454.0,0.0,2.0,0.0
ucb_lcb,455.0,0.0,2.0,-36.54168313741684
ucb_lcb,456.0,0.0,2.0,-31.664696902036667
ucb_lcb,457.0,0.0,2.0,-31.63038682937622
ucb_lcb,458.0,0.0,2.0,-31.459404945373535
ucb_lcb,459.0,0.0,2.0,-25.747449278831482
ucb_lcb,460.0,0.0,2.0,-49.13613152503967
ucb_lcb,461.0,0.0,2.0,-25.20985186100006
ucb_lcb,462.0,0.0,2.0,-29.81147849559784
ucb_lcb,463.0,0.0,2.0,-10.87754474580288
ucb_lcb,464.0,0.0,2.0,-31.78402531147003
ucb_lcb,465.0,0.0,2.0,0.0
ucb_lcb,466.0,0.0,2.0,-38.13130271434784
ucb_lcb,467.0,0.0,2.0,-20.456170946359634
ucb_lcb,468.0,0.0,2.0,-5.517632387578487
ucb_lcb,469.0,0.0,2.0,-33.694422125816345
ucb_lcb,470.0,0.0,2.0,-32.799811124801636
ucb_lcb,471.0,0.0,2.0,-32.511258363723755
ucb_lcb,472.0,0.0,2.0,-18.814445078372955
ucb_lcb,473.0,0.0,2.0,-36.59433996677399
ucb_lcb,474.0,0.0,2.0,-46.486929416656494
ucb_lcb,475.0,0.0,2.0,-30.016272246837616
ucb_lcb,476.0,0.0,2.0,-0.07480690535157919
ucb_lcb,477.0,0.0,2.0,-40.695231676101685
ucb_lcb,478.0,0.0,2.0,0.0
ucb_lcb,479.0,0.0,2.0,-25.815701723098755
ucb_lcb,480.0,0.0,2.0,-29.376054525375366
ucb_lcb,481.0,0.0,2.0,-24.044829070568085
ucb_lcb,482.0,0.0,2.0,-26.771748960018158
ucb_lcb,483.0,0.0,2.0,-20.0081447660923
ucb_lcb,484.0,0.0,2.0,-39.01370546221733
ucb_lcb,485.0,0.0,2.0,-30.17806649208069
ucb_lcb,486.0,0.0,2.0,-42.59078812599182
ucb_lcb,487.0,0.0,2.0,-46.83566188812256
ucb_lcb,488.0,0.0,2.0,-37.933149099349976
ucb_lcb,490.0,0.0,2.0,-31.217501521110535
ucb_lcb,491.0,0.0,2.0,-0.002360514539759606
ucb_lcb,492.0,0.0,2.0,-34.13217329978943
ucb_lcb,493.0,0.0,2.0,-25.004903554916382
ucb_lcb,494.0,0.0,2.0,-47.75355577468872
ucb_lcb,495.0,0.0,2.0,-24.806320697069168
ucb_lcb,496.0,0.0,2.0,-41.2214515209198
ucb_b0,1.0,0.0,2.0,-33.82639122009277
ucb_b0,2.0,0.0,2.0,-50.026564836502075
ucb_b0,3.0,0.0,2.0,-18.34871196746826
ucb_b0,4.0,0.0,2.0,-43.468162059783936
ucb_b0,5.0,0.0,2.0,-18.36577570438385
ucb_b0,6.0,0.0,2.0,-22.433962881565094
ucb_b0,7.0,0.0,2.0,-41.26701259613037
ucb_b0,8.0,0.0,2.0,-31.248983144760132
ucb_b0,9.0,0.0,2.0,-37.05620050430298
ucb_b0,10.0,0.0,2.0,-46.6018385887146
ucb_b0,11.0,0.0,2.0,-35.3113648891449
ucb_b0,12.0,0.0,2.0,-43.01454043388367
ucb_b0,13.0,0.0,2.0,-17.93346118927002
ucb_b0,14.0,0.0,2.0,-30.13140606880188
ucb_b0,15.0,0.0,2.0,-29.14402437210083
ucb_b0,16.0,0.0,2.0,-47.94195747375488
ucb_b0,17.0,0.0,2.0,-0.6853927820920944
ucb_b0,18.0,0.0,2.0,-23.95452618598938
ucb_b0,19.0,0.0,2.0,-27.39107370376587
ucb_b0,20.0,0.0,2.0,-41.90216052532196
ucb_b0,21.0,0.0,2.0,-39.353983879089355
ucb_b0,22.0,0.0,2.0,-19.432955861091614
ucb_b0,23.0,0.0,2.0,-32.3091197013855
ucb_b0,24.0,0.0,2.0,-1.7096222937107086
ucb_b0,25.0,0.0,2.0,-31.912654638290405
ucb_b0,26.0,0.0,2.0,-42.477925300598145
ucb_b0,27.0,0.0,2.0,-10.648274004459381
ucb_b0,28.0,0.0,2.0,-13.1112100481987
ucb_b0,29.0,0.0,2.0,-18.314126133918762
ucb_b0,30.0,0.0,2.0,-41.34472465515137
ucb_b0,32.0,0.0,2.0,-29.31321144104004
ucb_b0,33.0,0.0,2.0,-38.0224883556366
ucb_b0,34.0,0.0,2.0,-15.313938319683075
ucb_b0,35.0,0.0,2.0,-34.148169100284576
ucb_b0,36.0,0.0,2.0,-21.706235766410828
ucb_b0,37.0,0.0,2.0,-48.26637840270996
ucb_b0,38.0,0.0,2.0,-12.979309618473053
ucb_b0,39.0,0.0,2.0,-35.495789766311646
ucb_b0,40.0,0.0,2.0,-33.95002865791321
ucb_b0,41.0,0.0,2.0,-38.05665826797485
ucb_b0,42.0,0.0,2.0,-28.8225114941597
ucb_b0,43.0,0.0,2.0,-13.553189307451248
ucb_b0,45.0,0.0,2.0,-30.384700536727905
ucb_b0,46.0,0.0,2.0,-3.0893523693084717
ucb_b0,47.0,0.0,2.0,-39.514946699142456
ucb_b0,48.0,0.0,2.0,-41.85636901855469
ucb_b0,49.0,0.0,2.0,-27.189666390419006
ucb_b0,50.0,0.0,2.0,-38.566887855529785
ucb_b0,51.0,0.0,2.0,-32.025004625320435
ucb_b0,52.0,0.0,2.0,-27.877824544906616
ucb_b0,53.0,0.0,2.0,-28.281469702720642
ucb_b0,54.0,0.0,2.0,-37.810590744018555
ucb_b0,55.0,0.0,2.0,-35.04966354370117
ucb_b0,56.0,0.0,2.0,-33.62214124202728
ucb_b0,58.0,0.0,2.0,-23.049139857292175
ucb_b0,59.0,0.0,2.0,-37.669636726379395
ucb_b0,60.0,0.0,2.0,-33.76085984706879
ucb_b0,61.0,0.0,2.0,-24.666104793548584
ucb_b0,64.0,0.0,2.0,-32.52239954471588
ucb_b0,65.0,0.0,2.0,-16.28084671497345
ucb_b0,66.0,0.0,2.0,-40.06258988380432
ucb_b0,67.0,0.0,2.0,-21.68216758966446
ucb_b0,68.0,0.0,2.0,-23.78789508342743
ucb_b0,69.0,0.0,2.0,-25.78971827030182
ucb_b0,70.0,0.0,2.0,-30.5177161693573
ucb_b0,71.0,0.0,2.0,-37.260573744773865
ucb_b0,72.0,0.0,2.0,-41.771167039871216
ucb_b0,73.0,0.0,2.0,0.0
ucb_b0,74.0,0.0,2.0,-39.336833119392395
ucb_b0,75.0,0.0,2.0,-44.7543089389801
ucb_b0,76.0,0.0,2.0,-42.03801250457764
ucb_b0,77.0,0.0,2.0,-26.470698535442352
ucb_b0,78.0,0.0,2.0,-3.6469039916992188
ucb_b0,79.0,0.0,2.0,-35.738683462142944
ucb_b0,80.0,0.0,2.0,-42.41517090797424
ucb_b0,81.0,0.0,2.0,-33.784064531326294
ucb_b0,82.0,0.0,2.0,-44.05364012718201
ucb_b0,83.0,0.0,2.0,-17.22806203365326
ucb_b0,84.0,0.0,2.0,-21.461768925189972
ucb_b0,85.0,0.0,2.0,-54.4716310352087
ucb_b0,87.0,0.0,2.0,-21.690765380859375
ucb_b0,88.0,0.0,2.0,-34.92041563987732
ucb_b0,89.0,0.0,2.0,-18.6038299202919
ucb_b0,90.0,0.0,2.0,-39.814122438430786
ucb_b0,91.0,0.0,2.0,-30.605826139450073
ucb_b0,92.0,0.0,2.0,-47.65726685523987
ucb_b0,93.0,0.0,2.0,-17.52251848578453
ucb_b0,94.0,0.0,2.0,-17.530718326568604
ucb_b0,95.0,0.0,2.0,-41.72926062345505
ucb_b0,96.0,0.0,2.0,-29.94076716899872
ucb_b0,98.0,0.0,2.0,-31.016196727752686
ucb_b0,99.0,0.0,2.0,-25.183424472808838
ucb_b0,101.0,0.0,2.0,-28.236281871795654
ucb_b0,102.0,0.0,2.0,-12.983770281076431
ucb_b0,103.0,0.0,2.0,-29.406096637248993
ucb_b0,104.0,0.0,2.0,-47.17330050468445
ucb_b0,105.0,0.0,2.0,-48.450740814208984
ucb_b0,106.0,0.0,2.0,-50.252135038375854
ucb_b0,107.0,0.0,2.0,-31.155812978744507
ucb_b0,108.0,0.0,2.0,-28.110594272613525
ucb_b0,109.0,0.0,2.0,-29.645383954048157
ucb_b0,111.0,0.0,2.0,-45.56971836090088
ucb_b0,112.0,0.0,2.0,-34.422998666763306
ucb_b0,113.0,0.0,2.0,-31.472949981689453
ucb_b0,114.0,0.0,2.0,-44.48190236091614
ucb_b0,115.0,0.0,2.0,-32.11695647239685
ucb_b0,116.0,0.0,2.0,-23.431849790737033
ucb_b0,117.0,0.0,2.0,-42.01188588142395
ucb_b0,118.0,0.0,2.0,-16.192115902900696
ucb_b0,119.0,0.0,2.0,-23.03012391924858
ucb_b0,120.0,0.0,2.0,-38.176448583602905
ucb_b0,121.0,0.0,2.0,-41.8884379863739
ucb_b0,122.0,0.0,2.0,-33.42832958698273
ucb_b0,123.0,0.0,2.0,-21.690937533974648
ucb_b0,124.0,0.0,2.0,-20.02375876903534
ucb_b0,125.0,0.0,2.0,-34.579675912857056
ucb_b0,126.0,0.0,2.0,-34.888818114995956
ucb_b0,128.0,0.0,2.0,-15.018462061882019
ucb_b0,130.0,0.0,2.0,-27.863619804382324
ucb_b0,131.0,0.0,2.0,-24.500401988625526
ucb_b0,132.0,0.0,2.0,-31.0413419008255
ucb_b0,133.0,0.0,2.0,-41.02605366706848
ucb_b0,134.0,0.0,2.0,-41.34945648908615
ucb_b0,135.0,0.0,2.0,-25.575753569602966
ucb_b0,136.0,0.0,2.0,-23.864793717861176
ucb_b0,137.0,0.0,2.0,-40.37500333786011
ucb_b0,138.0,0.0,2.0,-49.92602062225342
ucb_b0,139.0,0.0,2.0,-12.559741854667664
ucb_b0,140.0,0.0,2.0,-41.76919436454773
ucb_b0,141.0,0.0,2.0,-24.39052053540945
ucb_b0,142.0,0.0,2.0,-17.96041774749756
ucb_b0,143.0,0.0,2.0,-35.5486524105072
ucb_b0,144.0,0.0,2.0,-30.50548231601715
ucb_b0,145.0,0.0,2.0,-32.208266377449036
ucb_b0,146.0,0.0,2.0,-34.95019602775574
ucb_b0,147.0,0.0,2.0,-48.466543674468994
ucb_b0,148.0,0.0,2.0,-35.76348519325256
ucb_b0,149.0,0.0,2.0,-48.31786572933197
ucb_b0,150.0,0.0,2.0,-41.48678255081177
ucb_b0,151.0,0.0,2.0,-30.080695867538452
ucb_b0,152.0,0.0,2.0,-27.254543781280518
ucb_b0,153.0,0.0,2.0,-24.98755967617035
ucb_b0,154.0,0.0,2.0,-46.57097101211548
ucb_b0,155.0,0.0,2.0,-12.529227912425995
ucb_b0,156.0,0.0,2.0,-36.505600690841675
ucb_b0,158.0,0.0,2.0,-25.182659149169922
ucb_b0,159.0,0.0,2.0,-34.91145658493042
ucb_b0,160.0,0.0,2.0,-36.81251049041748
ucb_b0,161.0,0.0,2.0,-43.06812131404877
ucb_b0,162.0,0.0,2.0,-24.166499257087708
ucb_b0,163.0,0.0,2.0,-52.65364170074463
ucb_b0,165.0,0.0,2.0,-36.201289772987366
ucb_b0,166.0,0.0,2.0,-22.80306112766266
ucb_b0,167.0,0.0,2.0,-27.717978835105896
ucb_b0,168.0,0.0,2.0,-43.64906144142151
ucb_b0,169.0,0.0,2.0,-35.19470477104187
ucb_b0,170.0,0.0,2.0,-27.398059368133545
ucb_b0,171.0,0.0,2.0,-28.66780972480774
ucb_b0,172.0,0.0,2.0,-38.7647659778595
ucb_b0,173.0,0.0,2.0,-37.45147395133972
ucb_b0,174.0,0.0,2.0,-33.72405481338501
ucb_b0,175.0,0.0,2.0,-32.58240020275116
ucb_b0,176.0,0.0,2.0,-51.69011855125427
ucb_b0,177.0,0.0,2.0,-40.54242181777954
ucb_b0,178.0,0.0,2.0,-36.17203879356384
ucb_b0,179.0,0.0,2.0,-28.87241280078888
ucb_b0,180.0,0.0,2.0,-41.97445511817932
ucb_b0,181.0,0.0,2.0,-35.560155749320984
ucb_b0,182.0,0.0,2.0,-32.51667809486389
ucb_b0,183.0,0.0,2.0,-23.05529773235321
ucb_b0,185.0,0.0,2.0,-33.24087619781494
ucb_b0,186.0,0.0,2.0,-32.366023898124695
ucb_b0,187.0,0.0,2.0,-31.97515296936035
ucb_b0,188.0,0.0,2.0,-41.75953459739685
ucb_b0,190.0,0.0,2.0,-32.066491425037384
ucb_b0,191.0,0.0,2.0,-33.490511775016785
ucb_b0,192.0,0.0,2.0,-52.393929839134216
ucb_b0,193.0,0.0,2.0,-24.445122480392456
ucb_b0,195.0,0.0,2.0,-29.61638915538788
ucb_b0,196.0,0.0,2.0,-30.38062560558319
ucb_b0,197.0,0.0,2.0,-16.305222749710083
ucb_b0,198.0,0.0,2.0,-31.505979180336
ucb_b0,199.0,0.0,2.0,-47.265870094299316
ucb_b0,200.0,0.0,2.0,-11.938741624355316
ucb_b0,201.0,0.0,2.0,-25.472506046295166
ucb_b0,202.0,0.0,2.0,-29.886022329330444
ucb_b0,203.0,0.0,2.0,-32.22967052459717
ucb_b0,204.0,0.0,2.0,-22.442948698997498
ucb_b0,205.0,0.0,2.0,-15.62298583984375
ucb_b0,206.0,0.0,2.0,-42.95613193511963
ucb_b0,207.0,0.0,2.0,-39.58785915374756
ucb_b0,208.0,0.0,2.0,-33.21466314792633
ucb_b0,209.0,0.0,2.0,-51.692622661590576
ucb_b0,210.0,0.0,2.0,-14.020738959312439
ucb_b0,211.0,0.0,2.0,-43.022226333618164
ucb_b0,212.0,0.0,2.0,-43.55038642883301
ucb_b0,213.0,0.0,2.0,-23.966544151306152
ucb_b0,214.0,0.0,2.0,-28.84558403491974
ucb_b0,215.0,0.0,2.0,-42.020439863204956
ucb_b0,216.0,0.0,2.0,-33.33709013462067
ucb_b0,217.0,0.0,2.0,-18.212107121944427
ucb_b0,218.0,0.0,2.0,-31.045535683631897
ucb_b0,219.0,0.0,2.0,-28.158758759498596
ucb_b0,220.0,0.0,2.0,-40.12001872062683
ucb_b0,221.0,0.0,2.0,-31.146510899066925
ucb_b0,222.0,0.0,2.0,-34.45485734939575
ucb_b0,223.0,0.0,2.0,-29.91967010498047
ucb_b0,224.0,0.0,2.0,-36.17674446105957
ucb_b0,225.0,0.0,2.0,-37.96243143081665
ucb_b0,226.0,0.0,2.0,-31.15618669986725
ucb_b0,227.0,0.0,2.0,-35.472461104393005
ucb_b0,228.0,0.0,2.0,-71.63436079025269
ucb_b0,229.0,0.0,2.0,-0.0010002159251598641
ucb_b0,230.0,0.0,2.0,-45.23545265197754
ucb_b0,231.0,0.0,2.0,-20.350127935409546
ucb_b0,232.0,0.0,2.0,-28.762092351913452
ucb_b0,233.0,0.0,2.0,-40.283581495285034
ucb_b0,234.0,0.0,2.0,-44.85477876663208
ucb_b0,236.0,0.0,2.0,-19.12423527240753
ucb_b0,237.0,0.0,2.0,-36.62742829322815
ucb_b0,239.0,0.0,2.0,-25.070826530456543
ucb_b0,240.0,0.0,2.0,-22.214308857917786
ucb_b0,241.0,0.0,2.0,-42.97701716423035
ucb_b0,242.0,0.0,2.0,-49.36139106750488
ucb_b0,243.0,0.0,2.0,-12.240427196025848
ucb_b0,244.0,0.0,2.0,-20.519063353538513
ucb_b0,245.0,0.0,2.0,-16.569045037031174
ucb_b0,246.0,0.0,2.0,-20.230722188949585
ucb_b0,247.0,0.0,2.0,-27.099968552589417
ucb_b0,248.0,0.0,2.0,-38.84095633029938
ucb_b0,249.0,0.0,2.0,-34.766680002212524
ucb_b0,250.0,0.0,2.0,-51.8988676071167
ucb_b0,252.0,0.0,2.0,-46.31472826004028
ucb_b0,253.0,0.0,2.0,-7.988591145724058
ucb_b0,254.0,0.0,2.0,-46.399933099746704
ucb_b0,255.0,0.0,2.0,-35.112980365753174
ucb_b0,257.0,0.0,2.0,-41.68559527397156
ucb_b0,258.0,0.0,2.0,-31.339845061302185
ucb_b0,259.0,0.0,2.0,-41.48687171936035
ucb_b0,260.0,0.0,2.0,-57.005295753479004
ucb_b0,261.0,0.0,2.0,-27.439030170440674
ucb_b0,262.0,0.0,2.0,-38.44398272037506
ucb_b0,263.0,0.0,2.0,-36.0700364112854
ucb_b0,264.0,0.0,2.0,-29.716323852539062
ucb_b0,266.0,0.0,2.0,-34.104702949523926
ucb_b0,267.0,0.0,2.0,-28.58918309211731
ucb_b0,268.0,0.0,2.0,-8.565272778272629
ucb_b0,269.0,0.0,2.0,-30.458850502967834
ucb_b0,270.0,0.0,2.0,-14.836123824119568
ucb_b0,271.0,0.0,2.0,-42.30801975727081
ucb_b0,272.0,0.0,2.0,-15.367006063461304
ucb_b0,273.0,0.0,2.0,-36.00042283535004
ucb_b0,274.0,0.0,2.0,-32.08939039707184
ucb_b0,275.0,0.0,2.0,-7.496157698333263
ucb_b0,276.0,0.0,2.0,-37.659173637628555
ucb_b0,277.0,0.0,2.0,-35.71098071336746
ucb_b0,278.0,0.0,2.0,-32.45742130279541
ucb_b0,279.0,0.0,2.0,-29.78796887397766
ucb_b0,280.0,0.0,2.0,-53.38891243934631
ucb_b0,282.0,0.0,2.0,-35.66414129734039
ucb_b0,283.0,0.0,2.0,-32.375460147857666
ucb_b0,284.0,0.0,2.0,-44.452908754348755
ucb_b0,285.0,0.0,2.0,-28.868302822113037
ucb_b0,286.0,0.0,2.0,-27.56632387638092
ucb_b0,287.0,0.0,2.0,-39.92718720436096
ucb_b0,288.0,0.0,2.0,-43.325135231018066
ucb_b0,289.0,0.0,2.0,-52.183114528656006
ucb_b0,290.0,0.0,2.0,-33.47137939929962
ucb_b0,291.0,0.0,2.0,-38.741450786590576
ucb_b0,292.0,0.0,2.0,-33.65514695644379
ucb_b0,293.0,0.0,2.0,-28.444325804710388
ucb_b0,294.0,0.0,2.0,-21.038293451070786
ucb_b0,295.0,0.0,2.0,-32.58247631788254
ucb_b0,296.0,0.0,2.0,-22.584343791007996
ucb_b0,297.0,0.0,2.0,-30.928497910499573
ucb_b0,298.0,0.0,2.0,-35.1945880651474
ucb_b0,299.0,0.0,2.0,-39.864017844200134
ucb_b0,300.0,0.0,2.0,-33.532520830631256
ucb_b0,301.0,0.0,2.0,-31.14687728881836
ucb_b0,302.0,0.0,2.0,-34.81765139102936
ucb_b0,303.0,0.0,2.0,-31.603076815605164
ucb_b0,304.0,0.0,2.0,-40.068134784698486
ucb_b0,305.0,0.0,2.0,-23.996307611465454
ucb_b0,306.0,0.0,2.0,-37.410709619522095
ucb_b0,307.0,0.0,2.0,-34.02050280570984
ucb_b0,308.0,0.0,2.0,-48.33894169330597
ucb_b0,309.0,0.0,2.0,-40.8535441160202
ucb_b0,310.0,0.0,2.0,-18.573809683322906
ucb_b0,311.0,0.0,2.0,-25.96662425994873
ucb_b0,312.0,0.0,2.0,-18.819777071475983
ucb_b0,313.0,0.0,2.0,-30.732430458068848
ucb_b0,314.0,0.0,2.0,-39.60646331310272
ucb_b0,315.0,0.0,2.0,-14.529148876667023
ucb_b0,316.0,0.0,2.0,-30.32380449771881
ucb_b0,317.0,0.0,2.0,-39.341525197029114
ucb_b0,318.0,0.0,2.0,-28.49467545747757
ucb_b0,319.0,0.0,2.0,-29.375099420547485
ucb_b0,320.0,0.0,2.0,-33.3585741519928
ucb_b0,321.0,0.0,2.0,-43.07262670993805
ucb_b0,322.0,0.0,2.0,-29.935299277305603
ucb_b0,323.0,0.0,2.0,-31.28660762310028
ucb_b0,324.0,0.0,2.0,-31.038249015808105
ucb_b0,325.0,0.0,2.0,-45.257269859313965
ucb_b0,326.0,0.0,2.0,-18.549889624118805
ucb_b0,327.0,0.0,2.0,-32.62454730272293
ucb_b0,328.0,0.0,2.0,-25.948304533958435
ucb_b0,329.0,0.0,2.0,-31.162956595420837
ucb_b0,330.0,0.0,2.0,-23.50171148777008
ucb_b0,331.0,0.0,2.0,-40.770599126815796
ucb_b0,332.0,0.0,2.0,-46.491304874420166
ucb_b0,333.0,0.0,2.0,-39.6770875453949
ucb_b0,334.0,0.0,2.0,-30.08677053451538
ucb_b0,336.0,0.0,2.0,-11.106704402714968
ucb_b0,337.0,0.0,2.0,-29.781993627548218
ucb_b0,338.0,0.0,2.0,-48.84702229499817
ucb_b0,340.0,0.0,2.0,-39.833523631095886
ucb_b0,341.0,0.0,2.0,-22.506109952926636
ucb_b0,342.0,0.0,2.0,-24.179466366767883
ucb_b0,343.0,0.0,2.0,-23.805620312690735
ucb_b0,344.0,0.0,2.0,-40.16540861129761
ucb_b0,346.0,0.0,2.0,-17.227528631687164
ucb_b0,347.0,0.0,2.0,-41.428420066833496
ucb_b0,348.0,0.0,2.0,-35.1791527569294
ucb_b0,350.0,0.0,2.0,-13.41505354642868
ucb_b0,351.0,0.0,2.0,-13.367059409618378
ucb_b0,352.0,0.0,2.0,-43.33892583847046
ucb_b0,353.0,0.0,2.0,-35.38007855415344
ucb_b0,354.0,0.0,2.0,-30.5456485748291
ucb_b0,355.0,0.0,2.0,-49.0105881690979
ucb_b0,356.0,0.0,2.0,-41.12672436237335
ucb_b0,357.0,0.0,2.0,-47.502416133880615
ucb_b0,358.0,0.0,2.0,-29.392691135406494
ucb_b0,359.0,0.0,2.0,-20.018547981977463
ucb_b0,361.0,0.0,2.0,-32.77406358718872
ucb_b0,362.0,0.0,2.0,-31.586535811424255
ucb_b0,363.0,0.0,2.0,-52.6493821144104
ucb_b0,364.0,0.0,2.0,-42.641695499420166
ucb_b0,365.0,0.0,2.0,-33.16775369644165
ucb_b0,367.0,0.0,2.0,-40.207197427749634
ucb_b0,368.0,0.0,2.0,-33.2858202457428
ucb_b0,369.0,0.0,2.0,-40.379247069358826
ucb_b0,371.0,0.0,2.0,-35.21817934513092
ucb_b0,372.0,0.0,2.0,-34.85494542121887
ucb_b0,373.0,0.0,2.0,-32.55836319923401
ucb_b0,374.0,0.0,2.0,-34.3810977935791
ucb_b0,375.0,0.0,2.0,-32.265963077545166
ucb_b0,376.0,0.0,2.0,-27.56768250465393
ucb_b0,377.0,0.0,2.0,-22.20040774345398
ucb_b0,378.0,0.0,2.0,-22.402158975601196
ucb_b0,379.0,0.0,2.0,-33.4883428812027
ucb_b0,380.0,0.0,2.0,-37.654173135757446
ucb_b0,381.0,0.0,2.0,-13.490221172571182
ucb_b0,382.0,0.0,2.0,-48.72998571395874
ucb_b0,383.0,0.0,2.0,-8.23032459616661
ucb_b0,384.0,0.0,2.0,-19.251368582248688
ucb_b0,385.0,0.0,2.0,-29.86635273694992
ucb_b0,386.0,0.0,2.0,-50.034684896469116
ucb_b0,387.0,0.0,2.0,-36.98297476768494
ucb_b0,388.0,0.0,2.0,-43.56808042526245
ucb_b0,389.0,0.0,2.0,-49.415971755981445
ucb_b0,390.0,0.0,2.0,-29.210266590118408
ucb_b0,391.0,0.0,2.0,-17.889932513237
ucb_b0,392.0,0.0,2.0,-27.079430624842644
ucb_b0,393.0,0.0,2.0,-30.423826217651367
ucb_b0,394.0,0.0,2.0,-24.08896279335022
ucb_b0,395.0,0.0,2.0,-9.577418640255928
ucb_b0,396.0,0.0,2.0,-32.57602119445801
ucb_b0,397.0,0.0,2.0,-25.55808448791504
ucb_b0,398.0,0.0,2.0,-36.49437892436981
ucb_b0,399.0,0.0,2.0,-36.44986152648926
ucb_b0,400.0,0.0,2.0,-41.2834050655365
ucb_b0,401.0,0.0,2.0,-27.624377846717834
ucb_b0,402.0,0.0,2.0,-39.343560218811035
ucb_b0,403.0,0.0,2.0,-31.202961564064026
ucb_b0,404.0,0.0,2.0,-36.73456621170044
ucb_b0,405.0,0.0,2.0,-30.836405396461487
ucb_b0,407.0,0.0,2.0,-26.490083932876587
ucb_b0,408.0,0.0,2.0,-31.276757955551147
ucb_b0,409.0,0.0,2.0,-26.649991393089294
ucb_b0,410.0,0.0,2.0,-50.42352914810181
ucb_b0,412.0,0.0,2.0,-35.586998462677
ucb_b0,413.0,0.0,2.0,-24.283525824546814
ucb_b0,414.0,0.0,2.0,-29.08847713470459
ucb_b0,415.0,0.0,2.0,-31.564199924468994
ucb_b0,416.0,0.0,2.0,-38.717562198638916
ucb_b0,417.0,0.0,2.0,-43.60185241699219
ucb_b0,418.0,0.0,2.0,-21.738901793956757
ucb_b0,419.0,0.0,2.0,-56.26191344857216
ucb_b0,420.0,0.0,2.0,-37.45330607891083
ucb_b0,421.0,0.0,2.0,-21.294290781021118
ucb_b0,422.0,0.0,2.0,-27.571298599243164
ucb_b0,424.0,0.0,2.0,-19.158568799495697
ucb_b0,425.0,0.0,2.0,-38.505099058151245
ucb_b0,426.0,0.0,2.0,-46.20518755912781
ucb_b0,428.0,0.0,2.0,-29.50789189338684
ucb_b0,429.0,0.0,2.0,-38.65119957923889
ucb_b0,430.0,0.0,2.0,-57.96308660507202
ucb_b0,431.0,0.0,2.0,-25.551429867744446
ucb_b0,432.0,0.0,2.0,-13.497166693210602
ucb_b0,433.0,0.0,2.0,-33.81100678443909
ucb_b0,434.0,0.0,2.0,-25.18027812242508
ucb_b0,435.0,0.0,2.0,-6.665428787469864
ucb_b0,436.0,0.0,2.0,-28.31719160079956
ucb_b0,437.0,0.0,2.0,-28.234934449195862
ucb_b0,438.0,0.0,2.0,-49.09483051300049
ucb_b0,439.0,0.0,2.0,-27.32886266708374
ucb_b0,440.0,0.0,2.0,-13.13237176835537
ucb_b0,441.0,0.0,2.0,-24.348999738693237
ucb_b0,442.0,0.0,2.0,-0.7955202981829643
ucb_b0,443.0,0.0,2.0,-0.7936549112200737
ucb_b0,444.0,0.0,2.0,-28.928686797618866
ucb_b0,445.0,0.0,2.0,-39.265872955322266
ucb_b0,446.0,0.0,2.0,-30.182744026184082
ucb_b0,447.0,0.0,2.0,-20.1208319067955
ucb_b0,448.0,0.0,2.0,-25.797347843647003
ucb_b0,449.0,0.0,2.0,-44.442240715026855
ucb_b0,450.0,0.0,2.0,-46.24324941635132
ucb_b0,451.0,0.0,2.0,-34.57999387383461
ucb_b0,452.0,0.0,2.0,-23.482576727867126
ucb_b0,453.0,0.0,2.0,-38.88037347793579
ucb_b0,454.0,0.0,2.0,0.0
ucb_b0,455.0,0.0,2.0,-37.788055419921875
ucb_b0,456.0,0.0,2.0,-36.60866582393646
ucb_b0,457.0,0.0,2.0,-41.628073930740356
ucb_b0,458.0,0.0,2.0,-31.884727358818054
ucb_b0,459.0,0.0,2.0,-33.28340482711792
ucb_b0,460.0,0.0,2.0,-44.43057680130005
ucb_b0,461.0,0.0,2.0,-24.400630116462708
ucb_b0,462.0,0.0,2.0,-30.57639342546463
ucb_b0,463.0,0.0,2.0,-11.401757419109344
ucb_b0,464.0,0.0,2.0,-35.73553442955017
ucb_b0,465.0,0.0,2.0,0.0
ucb_b0,466.0,0.0,2.0,-36.4256831407547
ucb_b0,467.0,0.0,2.0,-19.278490126132965
ucb_b0,468.0,0.0,2.0,-4.221989024430513
ucb_b0,469.0,0.0,2.0,-32.107452154159546
ucb_b0,470.0,0.0,2.0,-36.59209156036377
ucb_b0,471.0,0.0,2.0,-36.223362386226654
ucb_b0,472.0,0.0,2.0,-17.910194754600525
ucb_b0,473.0,0.0,2.0,-37.834511160850525
ucb_b0,474.0,0.0,2.0,-45.25599670410156
ucb_b0,475.0,0.0,2.0,-30.53866881132126
ucb_b0,476.0,0.0,2.0,-0.02235978632234037
ucb_b0,477.0,0.0,2.0,-37.58983612060547
ucb_b0,478.0,0.0,2.0,0.0
ucb_b0,479.0,0.0,2.0,-24.008737683296204
ucb_b0,480.0,0.0,2.0,-37.17365002632141
ucb_b0,481.0,0.0,2.0,-23.965734362602234
ucb_b0,482.0,0.0,2.0,-26.48894965648651
ucb_b0,483.0,0.0,2.0,-28.038368940353394
ucb_b0,484.0,0.0,2.0,-39.82336223125458
ucb_b0,485.0,0.0,2.0,-41.0952513217926
ucb_b0,486.0,0.0,2.0,-42.736207485198975
ucb_b0,487.0,0.0,2.0,-48.60390019416809
ucb_b0,488.0,0.0,2.0,-37.32228922843933
ucb_b0,490.0,0.0,2.0,-31.5960636138916
ucb_b0,491.0,0.0,2.0,-1.1407289877533913
ucb_b0,492.0,0.0,2.0,-34.12579703330994
ucb_b0,493.0,0.0,2.0,-20.08261877298355
ucb_b0,494.0,0.0,2.0,-48.77415704727173
ucb_b0,495.0,0.0,2.0,-25.54121023416519
ucb_b0,496.0,0.0,2.0,-38.44377827644348
random,1.0,0.0,2.0,-47.95790672302246
random,2.0,0.0,2.0,-47.95790672302246
random,3.0,0.0,2.0,-47.95790672302246
random,4.0,0.0,2.0,-47.95790672302246
random,5.0,0.0,2.0,-47.95790672302246
random,6.0,0.0,2.0,-47.95790672302246
random,7.0,0.0,2.0,-47.95790672302246
random,8.0,0.0,2.0,-47.95790672302246
random,9.0,0.0,2.0,-47.95790672302246
random,10.0,0.0,2.0,-47.95790672302246
random,11.0,0.0,2.0,-47.95790672302246
random,12.0,0.0,2.0,-47.95790672302246
random,13.0,0.0,2.0,-47.95790672302246
random,14.0,0.0,2.0,-47.95790672302246
random,15.0,0.0,2.0,-47.95790672302246
random,16.0,0.0,2.0,-47.95790672302246
random,17.0,0.0,2.0,-47.95790672302246
random,18.0,0.0,2.0,-47.95790672302246
random,19.0,0.0,2.0,-47.95790672302246
random,20.0,0.0,2.0,-47.95790672302246
random,21.0,0.0,2.0,-47.95790672302246
random,22.0,0.0,2.0,-47.95790672302246
random,23.0,0.0,2.0,-47.95790672302246
random,24.0,0.0,2.0,-47.95790672302246
random,25.0,0.0,2.0,-47.95790672302246
random,26.0,0.0,2.0,-47.95790672302246
random,27.0,0.0,2.0,-47.95790672302246
random,28.0,0.0,2.0,-47.95790672302246
random,29.0,0.0,2.0,-47.95790672302246
random,30.0,0.0,2.0,-47.95790672302246
random,32.0,0.0,2.0,-47.95790672302246
random,33.0,0.0,2.0,-47.95790672302246
random,34.0,0.0,2.0,-47.95790672302246
random,35.0,0.0,2.0,-47.95790672302246
random,36.0,0.0,2.0,-47.95790672302246
random,37.0,0.0,2.0,-47.95790672302246
random,38.0,0.0,2.0,-47.95790672302246
random,39.0,0.0,2.0,-47.95790672302246
random,40.0,0.0,2.0,-47.95790672302246
random,41.0,0.0,2.0,-47.95790672302246
random,42.0,0.0,2.0,-47.95790672302246
random,43.0,0.0,2.0,-47.95790672302246
random,45.0,0.0,2.0,-47.95790672302246
random,46.0,0.0,2.0,-47.95790672302246
random,47.0,0.0,2.0,-47.95790672302246
random,48.0,0.0,2.0,-47.95790672302246
random,49.0,0.0,2.0,-47.95790672302246
random,50.0,0.0,2.0,-47.95790672302246
random,51.0,0.0,2.0,-47.95790672302246
random,52.0,0.0,2.0,-47.95790672302246
random,53.0,0.0,2.0,-47.95790672302246
random,54.0,0.0,2.0,-47.95790672302246
random,55.0,0.0,2.0,-47.95790672302246
random,56.0,0.0,2.0,-47.95790672302246
random,58.0,0.0,2.0,-47.95790672302246
random,59.0,0.0,2.0,-47.95790672302246
random,60.0,0.0,2.0,-47.95790672302246
random,61.0,0.0,2.0,-47.95790672302246
random,64.0,0.0,2.0,-47.95790672302246
random,65.0,0.0,2.0,-47.95790672302246
random,66.0,0.0,2.0,-47.95790672302246
random,67.0,0.0,2.0,-47.95790672302246
random,68.0,0.0,2.0,-47.95790672302246
random,69.0,0.0,2.0,-47.95790672302246
random,70.0,0.0,2.0,-47.95790672302246
random,71.0,0.0,2.0,-47.95790672302246
random,72.0,0.0,2.0,-47.95790672302246
random,73.0,0.0,2.0,0.0
random,74.0,0.0,2.0,-47.95790672302246
random,75.0,0.0,2.0,-47.95790672302246
random,76.0,0.0,2.0,-47.95790672302246
random,77.0,0.0,2.0,-47.95790672302246
random,78.0,0.0,2.0,-47.95790672302246
random,79.0,0.0,2.0,-47.95790672302246
random,80.0,0.0,2.0,-47.95790672302246
random,81.0,0.0,2.0,-47.95790672302246
random,82.0,0.0,2.0,-47.95790672302246
random,83.0,0.0,2.0,-47.95790672302246
random,84.0,0.0,2.0,-47.95790672302246
random,85.0,0.0,2.0,-47.95790672302246
random,87.0,0.0,2.0,-47.95790672302246
random,88.0,0.0,2.0,-47.95790672302246
random,89.0,0.0,2.0,-47.95790672302246
random,90.0,0.0,2.0,-47.95790672302246
random,91.0,0.0,2.0,-47.95790672302246
random,92.0,0.0,2.0,-47.95790672302246
random,93.0,0.0,2.0,-47.95790672302246
random,94.0,0.0,2.0,-47.95790672302246
random,95.0,0.0,2.0,-47.95790672302246
random,96.0,0.0,2.0,-47.95790672302246
random,98.0,0.0,2.0,-47.95790672302246
random,99.0,0.0,2.0,-47.95790672302246
random,101.0,0.0,2.0,-47.95790672302246
random,102.0,0.0,2.0,-47.95790672302246
random,103.0,0.0,2.0,-47.95790672302246
random,104.0,0.0,2.0,-47.95790672302246
random,105.0,0.0,2.0,-47.95790672302246
random,106.0,0.0,2.0,-47.95790672302246
random,107.0,0.0,2.0,-47.95790672302246
random,108.0,0.0,2.0,-47.95790672302246
random,109.0,0.0,2.0,-47.95790672302246
random,111.0,0.0,2.0,-47.95790672302246
random,112.0,0.0,2.0,-47.95790672302246
random,113.0,0.0,2.0,-47.95790672302246
random,114.0,0.0,2.0,-47.95790672302246
random,115.0,0.0,2.0,-47.95790672302246
random,116.0,0.0,2.0,-47.95790672302246
random,117.0,0.0,2.0,-47.95790672302246
random,118.0,0.0,2.0,-47.95790672302246
random,119.0,0.0,2.0,-47.95790672302246
random,120.0,0.0,2.0,-47.95790672302246
random,121.0,0.0,2.0,-47.95790672302246
random,122.0,0.0,2.0,-47.95790672302246
random,123.0,0.0,2.0,-47.95790672302246
random,124.0,0.0,2.0,-47.95790672302246
random,125.0,0.0,2.0,-47.95790672302246
random,126.0,0.0,2.0,-47.95790672302246
random,128.0,0.0,2.0,-47.95790672302246
random,130.0,0.0,2.0,-47.95790672302246
random,131.0,0.0,2.0,-47.95790672302246
random,132.0,0.0,2.0,-47.95790672302246
random,133.0,0.0,2.0,-47.95790672302246
random,134.0,0.0,2.0,-47.95790672302246
random,135.0,0.0,2.0,-47.95790672302246
random,136.0,0.0,2.0,-47.95790672302246
random,137.0,0.0,2.0,-47.95790672302246
random,138.0,0.0,2.0,-47.95790672302246
random,139.0,0.0,2.0,-47.95790672302246
random,140.0,0.0,2.0,-47.95790672302246
random,141.0,0.0,2.0,-47.95790672302246
random,142.0,0.0,2.0,-47.95790672302246
random,143.0,0.0,2.0,-47.95790672302246
random,144.0,0.0,2.0,-47.95790672302246
random,145.0,0.0,2.0,-47.95790672302246
random,146.0,0.0,2.0,-47.95790672302246
random,147.0,0.0,2.0,-47.95790672302246
random,148.0,0.0,2.0,-47.95790672302246
random,149.0,0.0,2.0,-47.95790672302246
random,150.0,0.0,2.0,-47.95790672302246
random,151.0,0.0,2.0,-47.95790672302246
random,152.0,0.0,2.0,-47.95790672302246
random,153.0,0.0,2.0,-47.95790672302246
random,154.0,0.0,2.0,-47.95790672302246
random,155.0,0.0,2.0,-47.95790672302246
random,156.0,0.0,2.0,-47.95790672302246
random,158.0,0.0,2.0,-47.95790672302246
random,159.0,0.0,2.0,-47.95790672302246
random,160.0,0.0,2.0,-47.95790672302246
random,161.0,0.0,2.0,-47.95790672302246
random,162.0,0.0,2.0,-47.95790672302246
random,163.0,0.0,2.0,-47.95790672302246
random,165.0,0.0,2.0,-47.95790672302246
random,166.0,0.0,2.0,-47.95790672302246
random,167.0,0.0,2.0,-47.95790672302246
random,168.0,0.0,2.0,-47.95790672302246
random,169.0,0.0,2.0,-47.95790672302246
random,170.0,0.0,2.0,-47.95790672302246
random,171.0,0.0,2.0,-47.95790672302246
random,172.0,0.0,2.0,-47.95790672302246
random,173.0,0.0,2.0,-47.95790672302246
random,174.0,0.0,2.0,-47.95790672302246
random,175.0,0.0,2.0,-47.95790672302246
random,176.0,0.0,2.0,-47.95790672302246
random,177.0,0.0,2.0,-47.95790672302246
random,178.0,0.0,2.0,-47.95790672302246
random,179.0,0.0,2.0,-47.95790672302246
random,180.0,0.0,2.0,-47.95790672302246
random,181.0,0.0,2.0,-47.95790672302246
random,182.0,0.0,2.0,-47.95790672302246
random,183.0,0.0,2.0,-47.95790672302246
random,185.0,0.0,2.0,-47.95790672302246
random,186.0,0.0,2.0,-47.95790672302246
random,187.0,0.0,2.0,-47.95790672302246
random,188.0,0.0,2.0,-47.95790672302246
random,190.0,0.0,2.0,-47.95790672302246
random,191.0,0.0,2.0,-47.95790672302246
random,192.0,0.0,2.0,-47.95790672302246
random,193.0,0.0,2.0,-47.95790672302246
random,195.0,0.0,2.0,-47.95790672302246
random,196.0,0.0,2.0,-47.95790672302246
random,197.0,0.0,2.0,-47.95790672302246
random,198.0,0.0,2.0,-47.95790672302246
random,199.0,0.0,2.0,-47.95790672302246
random,200.0,0.0,2.0,-47.95790672302246
random,201.0,0.0,2.0,-47.95790672302246
random,202.0,0.0,2.0,-47.95790672302246
random,203.0,0.0,2.0,-47.95790672302246
random,204.0,0.0,2.0,-47.95790672302246
random,205.0,0.0,2.0,-47.95790672302246
random,206.0,0.0,2.0,-47.95790672302246
random,207.0,0.0,2.0,-47.95790672302246
random,208.0,0.0,2.0,-47.95790672302246
random,209.0,0.0,2.0,-47.95790672302246
random,210.0,0.0,2.0,-47.95790672302246
random,211.0,0.0,2.0,-47.95790672302246
random,212.0,0.0,2.0,-47.95790672302246
random,213.0,0.0,2.0,-47.95790672302246
random,214.0,0.0,2.0,-47.95790672302246
random,215.0,0.0,2.0,-47.95790672302246
random,216.0,0.0,2.0,-47.95790672302246
random,217.0,0.0,2.0,-47.95790672302246
random,218.0,0.0,2.0,-47.95790672302246
random,219.0,0.0,2.0,-47.95790672302246
random,220.0,0.0,2.0,-47.95790672302246
random,221.0,0.0,2.0,-47.95790672302246
random,222.0,0.0,2.0,-47.95790672302246
random,223.0,0.0,2.0,-47.95790672302246
random,224.0,0.0,2.0,-47.95790672302246
random,225.0,0.0,2.0,-47.95790672302246
random,226.0,0.0,2.0,-47.95790672302246
random,227.0,0.0,2.0,-47.95790672302246
random,228.0,0.0,2.0,-47.95790672302246
random,229.0,0.0,2.0,-47.95790672302246
random,230.0,0.0,2.0,-47.95790672302246
random,231.0,0.0,2.0,-47.95790672302246
random,232.0,0.0,2.0,-47.95790672302246
random,233.0,0.0,2.0,-47.95790672302246
random,234.0,0.0,2.0,-47.95790672302246
random,236.0,0.0,2.0,-47.95790672302246
random,237.0,0.0,2.0,-47.95790672302246
random,239.0,0.0,2.0,-47.95790672302246
random,240.0,0.0,2.0,-47.95790672302246
random,241.0,0.0,2.0,-47.95790672302246
random,242.0,0.0,2.0,-47.95790672302246
random,243.0,0.0,2.0,-47.95790672302246
random,244.0,0.0,2.0,-47.95790672302246
random,245.0,0.0,2.0,-47.95790672302246
random,246.0,0.0,2.0,-47.95790672302246
random,247.0,0.0,2.0,-47.95790672302246
random,248.0,0.0,2.0,-47.95790672302246
random,249.0,0.0,2.0,-47.95790672302246
random,250.0,0.0,2.0,-47.95790672302246
random,252.0,0.0,2.0,-47.95790672302246
random,253.0,0.0,2.0,-47.95790672302246
random,254.0,0.0,2.0,-47.95790672302246
random,255.0,0.0,2.0,-47.95790672302246
random,257.0,0.0,2.0,-47.95790672302246
random,258.0,0.0,2.0,-47.95790672302246
random,259.0,0.0,2.0,-47.95790672302246
random,260.0,0.0,2.0,-47.95790672302246
random,261.0,0.0,2.0,-47.95790672302246
random,262.0,0.0,2.0,-47.95790672302246
random,263.0,0.0,2.0,-47.95790672302246
random,264.0,0.0,2.0,-47.95790672302246
random,266.0,0.0,2.0,-47.95790672302246
random,267.0,0.0,2.0,-47.95790672302246
random,268.0,0.0,2.0,-47.95790672302246
random,269.0,0.0,2.0,-47.95790672302246
random,270.0,0.0,2.0,-47.95790672302246
random,271.0,0.0,2.0,-47.95790672302246
random,272.0,0.0,2.0,-47.95790672302246
random,273.0,0.0,2.0,-47.95790672302246
random,274.0,0.0,2.0,-47.95790672302246
random,275.0,0.0,2.0,-47.95790672302246
random,276.0,0.0,2.0,-47.95790672302246
random,277.0,0.0,2.0,-47.95790672302246
random,278.0,0.0,2.0,-47.95790672302246
random,279.0,0.0,2.0,-47.95790672302246
random,280.0,0.0,2.0,-47.95790672302246
random,282.0,0.0,2.0,-47.95790672302246
random,283.0,0.0,2.0,-47.95790672302246
random,284.0,0.0,2.0,-47.95790672302246
random,285.0,0.0,2.0,-47.95790672302246
random,286.0,0.0,2.0,-47.95790672302246
random,287.0,0.0,2.0,-47.95790672302246
random,288.0,0.0,2.0,-47.95790672302246
random,289.0,0.0,2.0,-47.95790672302246
random,290.0,0.0,2.0,-47.95790672302246
random,291.0,0.0,2.0,-47.95790672302246
random,292.0,0.0,2.0,-47.95790672302246
random,293.0,0.0,2.0,-47.95790672302246
random,294.0,0.0,2.0,-47.95790672302246
random,295.0,0.0,2.0,-47.95790672302246
random,296.0,0.0,2.0,-47.95790672302246
random,297.0,0.0,2.0,-47.95790672302246
random,298.0,0.0,2.0,-47.95790672302246
random,299.0,0.0,2.0,-47.95790672302246
random,300.0,0.0,2.0,-47.95790672302246
random,301.0,0.0,2.0,-47.95790672302246
random,302.0,0.0,2.0,-47.95790672302246
random,303.0,0.0,2.0,-47.95790672302246
random,304.0,0.0,2.0,-47.95790672302246
random,305.0,0.0,2.0,-47.95790672302246
random,306.0,0.0,2.0,-47.95790672302246
random,307.0,0.0,2.0,-47.95790672302246
random,308.0,0.0,2.0,-47.95790672302246
random,309.0,0.0,2.0,-47.95790672302246
random,310.0,0.0,2.0,-47.95790672302246
random,311.0,0.0,2.0,-47.95790672302246
random,312.0,0.0,2.0,-47.95790672302246
random,313.0,0.0,2.0,-47.95790672302246
random,314.0,0.0,2.0,-47.95790672302246
random,315.0,0.0,2.0,-47.95790672302246
random,316.0,0.0,2.0,-47.95790672302246
random,317.0,0.0,2.0,-47.95790672302246
random,318.0,0.0,2.0,-47.95790672302246
random,319.0,0.0,2.0,-47.95790672302246
random,320.0,0.0,2.0,-47.95790672302246
random,321.0,0.0,2.0,-47.95790672302246
random,322.0,0.0,2.0,-47.95790672302246
random,323.0,0.0,2.0,-47.95790672302246
random,324.0,0.0,2.0,-47.95790672302246
random,325.0,0.0,2.0,-47.95790672302246
random,326.0,0.0,2.0,-47.95790672302246
random,327.0,0.0,2.0,-47.95790672302246
random,328.0,0.0,2.0,-47.95790672302246
random,329.0,0.0,2.0,-47.95790672302246
random,330.0,0.0,2.0,-47.95790672302246
random,331.0,0.0,2.0,-47.95790672302246
random,332.0,0.0,2.0,-47.95790672302246
random,333.0,0.0,2.0,-47.95790672302246
random,334.0,0.0,2.0,-47.95790672302246
random,336.0,0.0,2.0,-47.95790672302246
random,337.0,0.0,2.0,-47.95790672302246
random,338.0,0.0,2.0,-47.95790672302246
random,340.0,0.0,2.0,-47.95790672302246
random,341.0,0.0,2.0,-47.95790672302246
random,342.0,0.0,2.0,-47.95790672302246
random,343.0,0.0,2.0,-47.95790672302246
random,344.0,0.0,2.0,-47.95790672302246
random,346.0,0.0,2.0,-47.95790672302246
random,347.0,0.0,2.0,-47.95790672302246
random,348.0,0.0,2.0,-47.95790672302246
random,350.0,0.0,2.0,-47.95790672302246
random,351.0,0.0,2.0,-47.95790672302246
random,352.0,0.0,2.0,-47.95790672302246
random,353.0,0.0,2.0,-47.95790672302246
random,354.0,0.0,2.0,-47.95790672302246
random,355.0,0.0,2.0,-47.95790672302246
random,356.0,0.0,2.0,-47.95790672302246
random,357.0,0.0,2.0,-47.95790672302246
random,358.0,0.0,2.0,-47.95790672302246
random,359.0,0.0,2.0,-47.95790672302246
random,361.0,0.0,2.0,-47.95790672302246
random,362.0,0.0,2.0,-47.95790672302246
random,363.0,0.0,2.0,-47.95790672302246
random,364.0,0.0,2.0,-47.95790672302246
random,365.0,0.0,2.0,-47.95790672302246
random,367.0,0.0,2.0,-47.95790672302246
random,368.0,0.0,2.0,-47.95790672302246
random,369.0,0.0,2.0,-47.95790672302246
random,371.0,0.0,2.0,-47.95790672302246
random,372.0,0.0,2.0,-47.95790672302246
random,373.0,0.0,2.0,-47.95790672302246
random,374.0,0.0,2.0,-47.95790672302246
random,375.0,0.0,2.0,-47.95790672302246
random,376.0,0.0,2.0,-47.95790672302246
random,377.0,0.0,2.0,-47.95790672302246
random,378.0,0.0,2.0,-47.95790672302246
random,379.0,0.0,2.0,-47.95790672302246
random,380.0,0.0,2.0,-47.95790672302246
random,381.0,0.0,2.0,-47.95790672302246
random,382.0,0.0,2.0,-47.95790672302246
random,383.0,0.0,2.0,-47.95790672302246
random,384.0,0.0,2.0,-47.95790672302246
random,385.0,0.0,2.0,-47.95790672302246
random,386.0,0.0,2.0,-47.95790672302246
random,387.0,0.0,2.0,-47.95790672302246
random,388.0,0.0,2.0,-47.95790672302246
random,389.0,0.0,2.0,-47.95790672302246
random,390.0,0.0,2.0,-47.95790672302246
random,391.0,0.0,2.0,-47.95790672302246
random,392.0,0.0,2.0,-47.95790672302246
random,393.0,0.0,2.0,-47.95790672302246
random,394.0,0.0,2.0,-47.95790672302246
random,395.0,0.0,2.0,-47.95790672302246
random,396.0,0.0,2.0,-47.95790672302246
random,397.0,0.0,2.0,-47.95790672302246
random,398.0,0.0,2.0,-47.95790672302246
random,399.0,0.0,2.0,-47.95790672302246
random,400.0,0.0,2.0,-47.95790672302246
random,401.0,0.0,2.0,-47.95790672302246
random,402.0,0.0,2.0,-47.95790672302246
random,403.0,0.0,2.0,-47.95790672302246
random,404.0,0.0,2.0,-47.95790672302246
random,405.0,0.0,2.0,-47.95790672302246
random,407.0,0.0,2.0,-47.95790672302246
random,408.0,0.0,2.0,-47.95790672302246
random,409.0,0.0,2.0,-47.95790672302246
random,410.0,0.0,2.0,-47.95790672302246
random,412.0,0.0,2.0,-47.95790672302246
random,413.0,0.0,2.0,-47.95790672302246
random,414.0,0.0,2.0,-47.95790672302246
random,415.0,0.0,2.0,-47.95790672302246
random,416.0,0.0,2.0,-47.95790672302246
random,417.0,0.0,2.0,-47.95790672302246
random,418.0,0.0,2.0,-47.95790672302246
random,419.0,0.0,2.0,-47.95790672302246
random,420.0,0.0,2.0,-47.95790672302246
random,421.0,0.0,2.0,-47.95790672302246
random,422.0,0.0,2.0,-47.95790672302246
random,424.0,0.0,2.0,-47.95790672302246
random,425.0,0.0,2.0,-47.95790672302246
random,426.0,0.0,2.0,-47.95790672302246
random,428.0,0.0,2.0,-47.95790672302246
random,429.0,0.0,2.0,-47.95790672302246
random,430.0,0.0,2.0,-47.95790672302246
random,431.0,0.0,2.0,-47.95790672302246
random,432.0,0.0,2.0,-47.95790672302246
random,433.0,0.0,2.0,-47.95790672302246
random,434.0,0.0,2.0,-47.95790672302246
random,435.0,0.0,2.0,-47.95790672302246
random,436.0,0.0,2.0,-47.95790672302246
random,437.0,0.0,2.0,-47.95790672302246
random,438.0,0.0,2.0,-47.95790672302246
random,439.0,0.0,2.0,-47.95790672302246
random,440.0,0.0,2.0,-47.95790672302246
random,441.0,0.0,2.0,-47.95790672302246
random,442.0,0.0,2.0,-47.95790672302246
random,443.0,0.0,2.0,-47.95790672302246
random,444.0,0.0,2.0,-47.95790672302246
random,445.0,0.0,2.0,-47.95790672302246
random,446.0,0.0,2.0,-47.95790672302246
random,447.0,0.0,2.0,-47.95790672302246
random,448.0,0.0,2.0,-47.95790672302246
random,449.0,0.0,2.0,-47.95790672302246
random,450.0,0.0,2.0,-47.95790672302246
random,451.0,0.0,2.0,-47.95790672302246
random,452.0,0.0,2.0,-47.95790672302246
random,453.0,0.0,2.0,-47.95790672302246
random,454.0,0.0,2.0,0.0
random,455.0,0.0,2.0,-47.95790672302246
random,456.0,0.0,2.0,-47.95790672302246
random,457.0,0.0,2.0,-47.95790672302246
random,458.0,0.0,2.0,-47.95790672302246
random,459.0,0.0,2.0,-47.95790672302246
random,460.0,0.0,2.0,-47.95790672302246
random,461.0,0.0,2.0,-47.95790672302246
random,462.0,0.0,2.0,-47.95790672302246
random,463.0,0.0,2.0,-47.95790672302246
random,464.0,0.0,2.0,-47.95790672302246
random,465.0,0.0,2.0,0.0
random,466.0,0.0,2.0,-47.95790672302246
random,467.0,0.0,2.0,-47.95790672302246
random,468.0,0.0,2.0,-47.95790672302246
random,469.0,0.0,2.0,-47.95790672302246
random,470.0,0.0,2.0,-47.95790672302246
random,471.0,0.0,2.0,-47.95790672302246
random,472.0,0.0,2.0,-47.95790672302246
random,473.0,0.0,2.0,-47.95790672302246
random,474.0,0.0,2.0,-47.95790672302246
random,475.0,0.0,2.0,-47.95790672302246
random,476.0,0.0,2.0,-47.95790672302246
random,477.0,0.0,2.0,-47.95790672302246
random,478.0,0.0,2.0,0.0
random,479.0,0.0,2.0,-47.95790672302246
random,480.0,0.0,2.0,-47.95790672302246
random,481.0,0.0,2.0,-47.95790672302246
random,482.0,0.0,2.0,-47.95790672302246
random,483.0,0.0,2.0,-47.95790672302246
random,484.0,0.0,2.0,-47.95790672302246
random,485.0,0.0,2.0,-47.95790672302246
random,486.0,0.0,2.0,-47.95790672302246
random,487.0,0.0,2.0,-47.95790672302246
random,488.0,0.0,2.0,-47.95790672302246
random,490.0,0.0,2.0,-47.95790672302246
random,491.0,0.0,2.0,-47.95790672302246
random,492.0,0.0,2.0,-47.95790672302246
random,493.0,0.0,2.0,-47.95790672302246
random,494.0,0.0,2.0,-47.95790672302246
random,495.0,0.0,2.0,-47.95790672302246
random,496.0,0.0,2.0,-47.95790672302246
ucb_lcb_n,1.0,0.0,3.0,-13.992774680256844
ucb_lcb_n,2.0,0.0,3.0,-19.246802508831024
ucb_lcb_n,3.0,0.0,3.0,0.0
ucb_lcb_n,4.0,0.0,3.0,-34.38483548164368
ucb_lcb_n,5.0,0.0,3.0,-26.051334857940674
ucb_lcb_n,6.0,0.0,3.0,-34.11183404922485
ucb_lcb_n,7.0,0.0,3.0,-27.82634127140045
ucb_lcb_n,8.0,0.0,3.0,-16.999108158051968
ucb_lcb_n,9.0,0.0,3.0,-45.10792624950409
ucb_lcb_n,10.0,0.0,3.0,-75.43882131576538
ucb_lcb_n,11.0,0.0,3.0,-16.260858491063118
ucb_lcb_n,12.0,0.0,3.0,-37.228914335370064
ucb_lcb_n,13.0,0.0,3.0,-65.17245066165924
ucb_lcb_n,14.0,0.0,3.0,-19.7355877161026
ucb_lcb_n,15.0,0.0,3.0,-25.575644612312317
ucb_lcb_n,16.0,0.0,3.0,0.0
ucb_lcb_n,17.0,0.0,3.0,-43.23046433925629
ucb_lcb_n,18.0,0.0,3.0,-30.17403781414032
ucb_lcb_n,19.0,0.0,3.0,-11.986369729042053
ucb_lcb_n,20.0,0.0,3.0,-13.832687556743622
ucb_lcb_n,21.0,0.0,3.0,-25.04946281015873
ucb_lcb_n,22.0,0.0,3.0,-17.749085426330566
ucb_lcb_n,23.0,0.0,3.0,-36.62631243467331
ucb_lcb_n,24.0,0.0,3.0,-25.740492939949036
ucb_lcb_n,25.0,0.0,3.0,-27.360121965408325
ucb_lcb_n,26.0,0.0,3.0,-21.830708742141724
ucb_lcb_n,27.0,0.0,3.0,-35.324955105781555
ucb_lcb_n,28.0,0.0,3.0,-1.715149313211441
ucb_lcb_n,29.0,0.0,3.0,-10.301993787288666
ucb_lcb_n,30.0,0.0,3.0,-27.015940807759762
ucb_lcb_n,32.0,0.0,3.0,-27.967323549091816
ucb_lcb_n,33.0,0.0,3.0,-38.89207339286804
ucb_lcb_n,34.0,0.0,3.0,-9.891417115926743
ucb_lcb_n,35.0,0.0,3.0,-23.433564477600157
ucb_lcb_n,36.0,0.0,3.0,-39.921332120895386
ucb_lcb_n,37.0,0.0,3.0,-16.820128589868546
ucb_lcb_n,38.0,0.0,3.0,-19.2594643086195
ucb_lcb_n,39.0,0.0,3.0,-41.82769823074341
ucb_lcb_n,40.0,0.0,3.0,-19.695098400115967
ucb_lcb_n,41.0,0.0,3.0,-28.112335100769997
ucb_lcb_n,42.0,0.0,3.0,-37.915022015571594
ucb_lcb_n,43.0,0.0,3.0,-36.02297315001488
ucb_lcb_n,45.0,0.0,3.0,-40.25401711463928
ucb_lcb_n,46.0,0.0,3.0,-11.849038682878017
ucb_lcb_n,47.0,0.0,3.0,0.0
ucb_lcb_n,48.0,0.0,3.0,-19.41462019085884
ucb_lcb_n,49.0,0.0,3.0,-50.65964651107788
ucb_lcb_n,50.0,0.0,3.0,-35.38890051841736
ucb_lcb_n,51.0,0.0,3.0,-24.375419855117798
ucb_lcb_n,52.0,0.0,3.0,-19.658884972333908
ucb_lcb_n,53.0,0.0,3.0,-28.91176187992096
ucb_lcb_n,54.0,0.0,3.0,-24.58658540248871
ucb_lcb_n,55.0,0.0,3.0,-31.795185327529907
ucb_lcb_n,56.0,0.0,3.0,-24.77520373184234
ucb_lcb_n,58.0,0.0,3.0,-24.687028884887695
ucb_lcb_n,59.0,0.0,3.0,-44.12417507171631
ucb_lcb_n,60.0,0.0,3.0,-26.223179668188095
ucb_lcb_n,61.0,0.0,3.0,-45.33827805519104
ucb_lcb_n,64.0,0.0,3.0,-29.255679547786713
ucb_lcb_n,65.0,0.0,3.0,-23.913959503173828
ucb_lcb_n,66.0,0.0,3.0,-35.789963722229004
ucb_lcb_n,67.0,0.0,3.0,-33.33458936214447
ucb_lcb_n,68.0,0.0,3.0,-38.441006779670715
ucb_lcb_n,69.0,0.0,3.0,-51.250131130218506
ucb_lcb_n,70.0,0.0,3.0,-25.454382061958313
ucb_lcb_n,71.0,0.0,3.0,-21.183989018201828
ucb_lcb_n,72.0,0.0,3.0,-25.722400099039078
ucb_lcb_n,73.0,0.0,3.0,-15.765786528587341
ucb_lcb_n,74.0,0.0,3.0,-24.99461543560028
ucb_lcb_n,75.0,0.0,3.0,-52.231796741485596
ucb_lcb_n,76.0,0.0,3.0,-29.648295640945435
ucb_lcb_n,77.0,0.0,3.0,-25.923933625221252
ucb_lcb_n,78.0,0.0,3.0,-35.03795453906059
ucb_lcb_n,79.0,0.0,3.0,-34.69245433807373
ucb_lcb_n,80.0,0.0,3.0,-39.2054797410965
ucb_lcb_n,81.0,0.0,3.0,-22.98525109887123
ucb_lcb_n,82.0,0.0,3.0,-29.137500762939453
ucb_lcb_n,83.0,0.0,3.0,-23.637241907417774
ucb_lcb_n,84.0,0.0,3.0,-29.84427261352539
ucb_lcb_n,85.0,0.0,3.0,-30.71406841278076
ucb_lcb_n,87.0,0.0,3.0,-21.3557491004467
ucb_lcb_n,88.0,0.0,3.0,-39.680012464523315
ucb_lcb_n,89.0,0.0,3.0,-27.58660614490509
ucb_lcb_n,90.0,0.0,3.0,0.0
ucb_lcb_n,91.0,0.0,3.0,-51.166873931884766
ucb_lcb_n,92.0,0.0,3.0,-42.72614133358002
ucb_lcb_n,93.0,0.0,3.0,-17.657599225640297
ucb_lcb_n,94.0,0.0,3.0,-31.040346562862396
ucb_lcb_n,95.0,0.0,3.0,-32.36186671257019
ucb_lcb_n,96.0,0.0,3.0,-29.927953720092773
ucb_lcb_n,98.0,0.0,3.0,-26.69356346130371
ucb_lcb_n,99.0,0.0,3.0,-21.957251757383347
ucb_lcb_n,101.0,0.0,3.0,-14.036533176898956
ucb_lcb_n,102.0,0.0,3.0,-11.711483001708984
ucb_lcb_n,103.0,0.0,3.0,-39.002636075019836
ucb_lcb_n,104.0,0.0,3.0,-46.41640281677246
ucb_lcb_n,105.0,0.0,3.0,-48.230530738830566
ucb_lcb_n,106.0,0.0,3.0,-41.87167024612427
ucb_lcb_n,107.0,0.0,3.0,-15.745543047785759
ucb_lcb_n,108.0,0.0,3.0,-21.14350789785385
ucb_lcb_n,109.0,0.0,3.0,-14.128034919500351
ucb_lcb_n,111.0,0.0,3.0,-36.80101951956749
ucb_lcb_n,112.0,0.0,3.0,-32.888844296336174
ucb_lcb_n,113.0,0.0,3.0,-19.77044366300106
ucb_lcb_n,114.0,0.0,3.0,-34.43593466281891
ucb_lcb_n,115.0,0.0,3.0,-22.834130883216858
ucb_lcb_n,116.0,0.0,3.0,-12.032898213714361
ucb_lcb_n,117.0,0.0,3.0,-31.04573744535446
ucb_lcb_n,118.0,0.0,3.0,-21.280969589948654
ucb_lcb_n,119.0,0.0,3.0,-22.63327920436859
ucb_lcb_n,120.0,0.0,3.0,-18.88308547437191
ucb_lcb_n,121.0,0.0,3.0,-36.83473086357117
ucb_lcb_n,122.0,0.0,3.0,-27.380812168121338
ucb_lcb_n,123.0,0.0,3.0,-14.455467373132706
ucb_lcb_n,124.0,0.0,3.0,-36.969300508499146
ucb_lcb_n,125.0,0.0,3.0,-37.216654539108276
ucb_lcb_n,126.0,0.0,3.0,-17.614086985588074
ucb_lcb_n,128.0,0.0,3.0,-35.251107811927795
ucb_lcb_n,130.0,0.0,3.0,-24.316574096679688
ucb_lcb_n,131.0,0.0,3.0,-0.1367643317207694
ucb_lcb_n,132.0,0.0,3.0,-13.758592084923293
ucb_lcb_n,133.0,0.0,3.0,-25.190528392791748
ucb_lcb_n,134.0,0.0,3.0,-25.255573451519012
ucb_lcb_n,135.0,0.0,3.0,-47.74234747886658
ucb_lcb_n,136.0,0.0,3.0,-0.014329999452456832
ucb_lcb_n,137.0,0.0,3.0,-26.9785076379776
ucb_lcb_n,138.0,0.0,3.0,-32.34004366397858
ucb_lcb_n,139.0,0.0,3.0,0.0
ucb_lcb_n,140.0,0.0,3.0,-22.612224757671356
ucb_lcb_n,141.0,0.0,3.0,-6.021377325057983
ucb_lcb_n,142.0,0.0,3.0,-28.14240038394928
ucb_lcb_n,143.0,0.0,3.0,-36.5647931098938
ucb_lcb_n,144.0,0.0,3.0,-27.674012052826583
ucb_lcb_n,145.0,0.0,3.0,-13.78816969692707
ucb_lcb_n,146.0,0.0,3.0,-32.57636082172394
ucb_lcb_n,147.0,0.0,3.0,-18.86737233400345
ucb_lcb_n,148.0,0.0,3.0,-41.70285153388977
ucb_lcb_n,149.0,0.0,3.0,-35.677096128463745
ucb_lcb_n,150.0,0.0,3.0,-30.07987266778946
ucb_lcb_n,151.0,0.0,3.0,-30.923858523368835
ucb_lcb_n,152.0,0.0,3.0,-33.403584718704224
ucb_lcb_n,153.0,0.0,3.0,-15.193215057253838
ucb_lcb_n,154.0,0.0,3.0,-32.97602218389511
ucb_lcb_n,155.0,0.0,3.0,-47.987046122550964
ucb_lcb_n,156.0,0.0,3.0,-34.420677065849304
ucb_lcb_n,158.0,0.0,3.0,-39.7220373749733
ucb_lcb_n,159.0,0.0,3.0,-29.049341082572937
ucb_lcb_n,160.0,0.0,3.0,-16.929919585585594
ucb_lcb_n,161.0,0.0,3.0,-21.510268464684486
ucb_lcb_n,162.0,0.0,3.0,-22.957427471876144
ucb_lcb_n,163.0,0.0,3.0,-48.32500648498535
ucb_lcb_n,165.0,0.0,3.0,-29.710073351860046
ucb_lcb_n,166.0,0.0,3.0,-18.11920738220215
ucb_lcb_n,167.0,0.0,3.0,-27.42128872871399
ucb_lcb_n,168.0,0.0,3.0,-35.8711479306221
ucb_lcb_n,169.0,0.0,3.0,-20.705762803554535
ucb_lcb_n,170.0,0.0,3.0,-30.580625772476196
ucb_lcb_n,171.0,0.0,3.0,-39.9832284450531
ucb_lcb_n,172.0,0.0,3.0,-25.38597948104143
ucb_lcb_n,173.0,0.0,3.0,-46.02038061618805
ucb_lcb_n,174.0,0.0,3.0,-30.492972135543823
ucb_lcb_n,175.0,0.0,3.0,-16.70134343020618
ucb_lcb_n,176.0,0.0,3.0,-20.331414103507996
ucb_lcb_n,177.0,0.0,3.0,-32.28291127085686
ucb_lcb_n,178.0,0.0,3.0,-32.516759157180786
ucb_lcb_n,179.0,0.0,3.0,-35.41508477926254
ucb_lcb_n,180.0,0.0,3.0,-46.32982850074768
ucb_lcb_n,181.0,0.0,3.0,-21.328744888305664
ucb_lcb_n,182.0,0.0,3.0,-26.707445859909058
ucb_lcb_n,183.0,0.0,3.0,-32.46258759498596
ucb_lcb_n,185.0,0.0,3.0,-23.989202618598938
ucb_lcb_n,186.0,0.0,3.0,-22.089271020144224
ucb_lcb_n,187.0,0.0,3.0,-16.683753848075867
ucb_lcb_n,188.0,0.0,3.0,-20.683134734630585
ucb_lcb_n,190.0,0.0,3.0,-36.22856616973877
ucb_lcb_n,191.0,0.0,3.0,-16.29001242853701
ucb_lcb_n,192.0,0.0,3.0,-37.48672556877136
ucb_lcb_n,193.0,0.0,3.0,-21.377319410443306
ucb_lcb_n,195.0,0.0,3.0,-24.372421443462372
ucb_lcb_n,196.0,0.0,3.0,-25.018015027046204
ucb_lcb_n,197.0,0.0,3.0,-18.11574935913086
ucb_lcb_n,198.0,0.0,3.0,-29.778676450252533
ucb_lcb_n,199.0,0.0,3.0,-33.50083529949188
ucb_lcb_n,200.0,0.0,3.0,-17.130334496498108
ucb_lcb_n,201.0,0.0,3.0,-22.526073828339577
ucb_lcb_n,202.0,0.0,3.0,-18.350586406886578
ucb_lcb_n,203.0,0.0,3.0,-17.180016040802002
ucb_lcb_n,204.0,0.0,3.0,-17.257554173469543
ucb_lcb_n,205.0,0.0,3.0,-40.76111674308777
ucb_lcb_n,206.0,0.0,3.0,-33.441203117370605
ucb_lcb_n,207.0,0.0,3.0,-24.917949557304382
ucb_lcb_n,208.0,0.0,3.0,-33.32437300682068
ucb_lcb_n,209.0,0.0,3.0,-47.29757022857666
ucb_lcb_n,210.0,0.0,3.0,-13.861143231391907
ucb_lcb_n,211.0,0.0,3.0,-26.57061767578125
ucb_lcb_n,212.0,0.0,3.0,-41.63220554590225
ucb_lcb_n,213.0,0.0,3.0,-28.374021112918854
ucb_lcb_n,214.0,0.0,3.0,-40.41196656227112
ucb_lcb_n,215.0,0.0,3.0,-33.88513618707657
ucb_lcb_n,216.0,0.0,3.0,-16.946066677570343
ucb_lcb_n,217.0,0.0,3.0,-35.53734448552132
ucb_lcb_n,218.0,0.0,3.0,-12.754901438951492
ucb_lcb_n,219.0,0.0,3.0,-26.247822761535645
ucb_lcb_n,220.0,0.0,3.0,-18.397887229919434
ucb_lcb_n,221.0,0.0,3.0,-24.518817842006683
ucb_lcb_n,222.0,0.0,3.0,-33.28696012496948
ucb_lcb_n,223.0,0.0,3.0,-9.167964488267899
ucb_lcb_n,224.0,0.0,3.0,-31.021056175231934
ucb_lcb_n,225.0,0.0,3.0,-37.33252215385437
ucb_lcb_n,226.0,0.0,3.0,-44.85068470239639
ucb_lcb_n,227.0,0.0,3.0,-27.467323184013367
ucb_lcb_n,228.0,0.0,3.0,-38.12812829017639
ucb_lcb_n,229.0,0.0,3.0,-0.03878319542855024
ucb_lcb_n,230.0,0.0,3.0,-39.99040508270264
ucb_lcb_n,231.0,0.0,3.0,-26.768285512924194
ucb_lcb_n,232.0,0.0,3.0,-21.785593658685684
ucb_lcb_n,233.0,0.0,3.0,-15.889939665794373
ucb_lcb_n,234.0,0.0,3.0,-38.82685351371765
ucb_lcb_n,236.0,0.0,3.0,-25.00813889503479
ucb_lcb_n,237.0,0.0,3.0,-44.42352056503296
ucb_lcb_n,239.0,0.0,3.0,-14.015035092830658
ucb_lcb_n,240.0,0.0,3.0,-25.68830645084381
ucb_lcb_n,241.0,0.0,3.0,-36.05829277634621
ucb_lcb_n,242.0,0.0,3.0,-52.58877730369568
ucb_lcb_n,243.0,0.0,3.0,-22.249371141195297
ucb_lcb_n,244.0,0.0,3.0,-29.174805402755737
ucb_lcb_n,245.0,0.0,3.0,-19.26769781112671
ucb_lcb_n,246.0,0.0,3.0,-27.53472864627838
ucb_lcb_n,247.0,0.0,3.0,-13.26202780008316
ucb_lcb_n,248.0,0.0,3.0,-30.870842039585114
ucb_lcb_n,249.0,0.0,3.0,-19.684291295707226
ucb_lcb_n,250.0,0.0,3.0,-26.975754737854004
ucb_lcb_n,252.0,0.0,3.0,-24.368291676044464
ucb_lcb_n,253.0,0.0,3.0,-24.588730163872242
ucb_lcb_n,254.0,0.0,3.0,-44.73296082019806
ucb_lcb_n,255.0,0.0,3.0,-18.344232857227325
ucb_lcb_n,257.0,0.0,3.0,-34.86470913887024
ucb_lcb_n,258.0,0.0,3.0,-44.09440803527832
ucb_lcb_n,259.0,0.0,3.0,-24.520888805389404
ucb_lcb_n,260.0,0.0,3.0,-40.450642347335815
ucb_lcb_n,261.0,0.0,3.0,0.0
ucb_lcb_n,262.0,0.0,3.0,-52.58316707611084
ucb_lcb_n,263.0,0.0,3.0,-41.60325884819031
ucb_lcb_n,264.0,0.0,3.0,-37.423354506492615
ucb_lcb_n,266.0,0.0,3.0,-45.478437185287476
ucb_lcb_n,267.0,0.0,3.0,-27.52187329530716
ucb_lcb_n,268.0,0.0,3.0,-5.197313606739044
ucb_lcb_n,269.0,0.0,3.0,-40.56167149543762
ucb_lcb_n,270.0,0.0,3.0,-25.92980921268463
ucb_lcb_n,271.0,0.0,3.0,-31.162060976028442
ucb_lcb_n,272.0,0.0,3.0,-27.90073049068451
ucb_lcb_n,273.0,0.0,3.0,-34.02127707004547
ucb_lcb_n,274.0,0.0,3.0,-46.09341216087341
ucb_lcb_n,275.0,0.0,3.0,-0.915453627705574
ucb_lcb_n,276.0,0.0,3.0,-40.6422221660614
ucb_lcb_n,277.0,0.0,3.0,-1.0622975155711174
ucb_lcb_n,278.0,0.0,3.0,-44.04035425186157
ucb_lcb_n,279.0,0.0,3.0,-12.279050886631012
ucb_lcb_n,280.0,0.0,3.0,-46.047136306762695
ucb_lcb_n,282.0,0.0,3.0,-39.142723083496094
ucb_lcb_n,283.0,0.0,3.0,-32.77100622653961
ucb_lcb_n,284.0,0.0,3.0,-41.04667544364929
ucb_lcb_n,285.0,0.0,3.0,-46.479501724243164
ucb_lcb_n,286.0,0.0,3.0,-18.43876874446869
ucb_lcb_n,287.0,0.0,3.0,-18.4283819594566
ucb_lcb_n,288.0,0.0,3.0,-53.78231143951416
ucb_lcb_n,289.0,0.0,3.0,-36.094417095184326
ucb_lcb_n,290.0,0.0,3.0,-17.80391999334097
ucb_lcb_n,291.0,0.0,3.0,-24.257389903068542
ucb_lcb_n,292.0,0.0,3.0,-22.592959761619568
ucb_lcb_n,293.0,0.0,3.0,-43.577091693878174
ucb_lcb_n,294.0,0.0,3.0,-14.458013534545898
ucb_lcb_n,295.0,0.0,3.0,-34.50343871116638
ucb_lcb_n,296.0,0.0,3.0,-34.31704407930374
ucb_lcb_n,297.0,0.0,3.0,-25.950134992599487
ucb_lcb_n,298.0,0.0,3.0,-28.21223372220993
ucb_lcb_n,299.0,0.0,3.0,0.0
ucb_lcb_n,300.0,0.0,3.0,-23.35885202884674
ucb_lcb_n,301.0,0.0,3.0,-19.404018998146057
ucb_lcb_n,302.0,0.0,3.0,-33.52439200878143
ucb_lcb_n,303.0,0.0,3.0,-22.428032517433167
ucb_lcb_n,304.0,0.0,3.0,-28.615714073181152
ucb_lcb_n,305.0,0.0,3.0,-29.064380630850792
ucb_lcb_n,306.0,0.0,3.0,-27.1913772970438
ucb_lcb_n,307.0,0.0,3.0,-20.600498139858246
ucb_lcb_n,308.0,0.0,3.0,-17.841359734535217
ucb_lcb_n,309.0,0.0,3.0,-11.359911441802979
ucb_lcb_n,310.0,0.0,3.0,-25.97119164466858
ucb_lcb_n,311.0,0.0,3.0,-31.577834367752075
ucb_lcb_n,312.0,0.0,3.0,-28.05034577846527
ucb_lcb_n,313.0,0.0,3.0,-30.08095645904541
ucb_lcb_n,314.0,0.0,3.0,-36.01332080364227
ucb_lcb_n,315.0,0.0,3.0,-25.220133900642395
ucb_lcb_n,316.0,0.0,3.0,-25.583783745765686
ucb_lcb_n,317.0,0.0,3.0,-35.6415148973465
ucb_lcb_n,318.0,0.0,3.0,-20.118184626102448
ucb_lcb_n,319.0,0.0,3.0,-32.66848433017731
ucb_lcb_n,320.0,0.0,3.0,-35.60907827317715
ucb_lcb_n,321.0,0.0,3.0,-35.20472526550293
ucb_lcb_n,322.0,0.0,3.0,-27.299552515149117
ucb_lcb_n,323.0,0.0,3.0,-18.526456117630005
ucb_lcb_n,324.0,0.0,3.0,-31.45956658013165
ucb_lcb_n,325.0,0.0,3.0,-33.18529033660889
ucb_lcb_n,326.0,0.0,3.0,-12.307699643075466
ucb_lcb_n,327.0,0.0,3.0,-12.028883278369904
ucb_lcb_n,328.0,0.0,3.0,-22.666678309440613
ucb_lcb_n,329.0,0.0,3.0,-20.46693754196167
ucb_lcb_n,330.0,0.0,3.0,-33.37066447734833
ucb_lcb_n,331.0,0.0,3.0,-44.994745552539825
ucb_lcb_n,332.0,0.0,3.0,-35.21606224775314
ucb_lcb_n,333.0,0.0,3.0,-34.71950353021384
ucb_lcb_n,334.0,0.0,3.0,-24.343730688095093
ucb_lcb_n,336.0,0.0,3.0,-23.52160334587097
ucb_lcb_n,337.0,0.0,3.0,-27.83878266811371
ucb_lcb_n,338.0,0.0,3.0,-40.43903064727783
ucb_lcb_n,340.0,0.0,3.0,-31.25973927974701
ucb_lcb_n,341.0,0.0,3.0,-22.142122983932495
ucb_lcb_n,342.0,0.0,3.0,-23.736085534095764
ucb_lcb_n,343.0,0.0,3.0,-18.28963339328766
ucb_lcb_n,344.0,0.0,3.0,-45.290909215807915
ucb_lcb_n,346.0,0.0,3.0,-47.24201250076294
ucb_lcb_n,347.0,0.0,3.0,-30.23181438446045
ucb_lcb_n,348.0,0.0,3.0,-48.2918576002121
ucb_lcb_n,350.0,0.0,3.0,-37.95382848381996
ucb_lcb_n,351.0,0.0,3.0,-21.82198977470398
ucb_lcb_n,352.0,0.0,3.0,-34.16257727146149
ucb_lcb_n,353.0,0.0,3.0,-48.285481214523315
ucb_lcb_n,354.0,0.0,3.0,-32.23939174413681
ucb_lcb_n,355.0,0.0,3.0,-49.87697458267212
ucb_lcb_n,356.0,0.0,3.0,-32.016695499420166
ucb_lcb_n,357.0,0.0,3.0,-22.15985643863678
ucb_lcb_n,358.0,0.0,3.0,-30.65115687251091
ucb_lcb_n,359.0,0.0,3.0,-44.26145723462105
ucb_lcb_n,361.0,0.0,3.0,-16.42138857394457
ucb_lcb_n,362.0,0.0,3.0,-24.13740673661232
ucb_lcb_n,363.0,0.0,3.0,-20.63593488931656
ucb_lcb_n,364.0,0.0,3.0,-39.645862340927124
ucb_lcb_n,365.0,0.0,3.0,-30.86522102355957
ucb_lcb_n,367.0,0.0,3.0,-26.551571011543274
ucb_lcb_n,368.0,0.0,3.0,-21.290269255638123
ucb_lcb_n,369.0,0.0,3.0,-23.748397201299667
ucb_lcb_n,371.0,0.0,3.0,-43.19894194602966
ucb_lcb_n,372.0,0.0,3.0,-34.195548325777054
ucb_lcb_n,373.0,0.0,3.0,-37.64390015602112
ucb_lcb_n,374.0,0.0,3.0,-26.444226324558258
ucb_lcb_n,375.0,0.0,3.0,-47.446746587753296
ucb_lcb_n,376.0,0.0,3.0,-30.168842434883118
ucb_lcb_n,377.0,0.0,3.0,-8.902617990970612
ucb_lcb_n,378.0,0.0,3.0,-23.68441367149353
ucb_lcb_n,379.0,0.0,3.0,-17.47239252924919
ucb_lcb_n,380.0,0.0,3.0,-23.9264657497406
ucb_lcb_n,381.0,0.0,3.0,-32.7183912396431
ucb_lcb_n,382.0,0.0,3.0,-47.78000831604004
ucb_lcb_n,383.0,0.0,3.0,-29.499144092202187
ucb_lcb_n,384.0,0.0,3.0,-29.00908386707306
ucb_lcb_n,385.0,0.0,3.0,-37.398438692092896
ucb_lcb_n,386.0,0.0,3.0,0.0
ucb_lcb_n,387.0,0.0,3.0,-39.012242555618286
ucb_lcb_n,388.0,0.0,3.0,-19.209306977689266
ucb_lcb_n,389.0,0.0,3.0,-25.20532536506653
ucb_lcb_n,390.0,0.0,3.0,-22.745746355503798
ucb_lcb_n,391.0,0.0,3.0,-28.566731214523315
ucb_lcb_n,392.0,0.0,3.0,-11.977473556995392
ucb_lcb_n,393.0,0.0,3.0,-25.4721799492836
ucb_lcb_n,394.0,0.0,3.0,-45.20708519220352
ucb_lcb_n,395.0,0.0,3.0,-6.091912388801575
ucb_lcb_n,396.0,0.0,3.0,-32.216391801834106
ucb_lcb_n,397.0,0.0,3.0,-31.981452226638794
ucb_lcb_n,398.0,0.0,3.0,-19.440948456525803
ucb_lcb_n,399.0,0.0,3.0,-36.95078802108765
ucb_lcb_n,400.0,0.0,3.0,-34.41985070705414
ucb_lcb_n,401.0,0.0,3.0,-33.336071610450745
ucb_lcb_n,402.0,0.0,3.0,-47.36321759223938
ucb_lcb_n,403.0,0.0,3.0,-27.885614424943924
ucb_lcb_n,404.0,0.0,3.0,-29.290065854787827
ucb_lcb_n,405.0,0.0,3.0,-21.685400113463402
ucb_lcb_n,407.0,0.0,3.0,-25.962043523788452
ucb_lcb_n,408.0,0.0,3.0,-26.967385292053223
ucb_lcb_n,409.0,0.0,3.0,-21.293615207076073
ucb_lcb_n,410.0,0.0,3.0,-37.07389831542969
ucb_lcb_n,412.0,0.0,3.0,-36.25783318281174
ucb_lcb_n,413.0,0.0,3.0,-46.40751814842224
ucb_lcb_n,414.0,0.0,3.0,-14.059717774391174
ucb_lcb_n,415.0,0.0,3.0,-45.60389542579651
ucb_lcb_n,416.0,0.0,3.0,-31.866021513938904
ucb_lcb_n,417.0,0.0,3.0,-47.66096305847168
ucb_lcb_n,418.0,0.0,3.0,-20.66375481337309
ucb_lcb_n,419.0,0.0,3.0,-40.436805844306946
ucb_lcb_n,420.0,0.0,3.0,0.0
ucb_lcb_n,421.0,0.0,3.0,-10.892519742250443
ucb_lcb_n,422.0,0.0,3.0,-39.20550894737244
ucb_lcb_n,424.0,0.0,3.0,-5.018847644329071
ucb_lcb_n,425.0,0.0,3.0,-19.16810330748558
ucb_lcb_n,426.0,0.0,3.0,-13.664464429020882
ucb_lcb_n,428.0,0.0,3.0,-30.183424592018127
ucb_lcb_n,429.0,0.0,3.0,-11.187606990337372
ucb_lcb_n,430.0,0.0,3.0,-34.8216917514801
ucb_lcb_n,431.0,0.0,3.0,-25.54079736955464
ucb_lcb_n,432.0,0.0,3.0,-17.125238478183746
ucb_lcb_n,433.0,0.0,3.0,-44.128899335861206
ucb_lcb_n,434.0,0.0,3.0,-43.83407711982727
ucb_lcb_n,435.0,0.0,3.0,-24.065559152513742
ucb_lcb_n,436.0,0.0,3.0,-29.655585303902626
ucb_lcb_n,437.0,0.0,3.0,-23.213162541389465
ucb_lcb_n,438.0,0.0,3.0,-38.09782958030701
ucb_lcb_n,439.0,0.0,3.0,-41.86247229576111
ucb_lcb_n,440.0,0.0,3.0,-32.54704174399376
ucb_lcb_n,441.0,0.0,3.0,-16.927523970603943
ucb_lcb_n,442.0,0.0,3.0,-0.004372842377051711
ucb_lcb_n,443.0,0.0,3.0,-0.006968781526666135
ucb_lcb_n,444.0,0.0,3.0,-29.961365289986134
ucb_lcb_n,445.0,0.0,3.0,-25.362035870552063
ucb_lcb_n,446.0,0.0,3.0,-32.78919464349747
ucb_lcb_n,447.0,0.0,3.0,-26.676255106925964
ucb_lcb_n,448.0,0.0,3.0,-37.11190581321716
ucb_lcb_n,449.0,0.0,3.0,-56.428516149520874
ucb_lcb_n,450.0,0.0,3.0,-31.66844290494919
ucb_lcb_n,451.0,0.0,3.0,-24.364086508750916
ucb_lcb_n,452.0,0.0,3.0,-27.445344924926758
ucb_lcb_n,453.0,0.0,3.0,-27.517063833773136
ucb_lcb_n,454.0,0.0,3.0,-29.13392436504364
ucb_lcb_n,455.0,0.0,3.0,-36.62216752767563
ucb_lcb_n,456.0,0.0,3.0,-41.54624605178833
ucb_lcb_n,457.0,0.0,3.0,-37.84444713592529
ucb_lcb_n,458.0,0.0,3.0,-22.140829142183065
ucb_lcb_n,459.0,0.0,3.0,-38.863743007183075
ucb_lcb_n,460.0,0.0,3.0,-30.608143091201782
ucb_lcb_n,461.0,0.0,3.0,-29.794822573661804
ucb_lcb_n,462.0,0.0,3.0,-19.343899488449097
ucb_lcb_n,463.0,0.0,3.0,-18.788741767406464
ucb_lcb_n,464.0,0.0,3.0,-25.832762241363525
ucb_lcb_n,465.0,0.0,3.0,-23.302613496780396
ucb_lcb_n,466.0,0.0,3.0,-37.993454694747925
ucb_lcb_n,467.0,0.0,3.0,-25.035062164068222
ucb_lcb_n,468.0,0.0,3.0,-0.04607486678287387
ucb_lcb_n,469.0,0.0,3.0,-31.110122621059418
ucb_lcb_n,470.0,0.0,3.0,-24.435340404510498
ucb_lcb_n,471.0,0.0,3.0,-30.521592438220978
ucb_lcb_n,472.0,0.0,3.0,-27.627256274223328
ucb_lcb_n,473.0,0.0,3.0,-35.948082447052
ucb_lcb_n,474.0,0.0,3.0,-36.22272729873657
ucb_lcb_n,475.0,0.0,3.0,-28.09407615661621
ucb_lcb_n,476.0,0.0,3.0,-0.07021942129358649
ucb_lcb_n,477.0,0.0,3.0,-35.10666346549988
ucb_lcb_n,478.0,0.0,3.0,-37.987504959106445
ucb_lcb_n,479.0,0.0,3.0,-45.46378421783447
ucb_lcb_n,480.0,0.0,3.0,-37.49910281598568
ucb_lcb_n,481.0,0.0,3.0,-12.995114386081696
ucb_lcb_n,482.0,0.0,3.0,-24.057325154542923
ucb_lcb_n,483.0,0.0,3.0,-33.54737037420273
ucb_lcb_n,484.0,0.0,3.0,-15.378874972462654
ucb_lcb_n,485.0,0.0,3.0,-38.14244496822357
ucb_lcb_n,486.0,0.0,3.0,-48.29659295082092
ucb_lcb_n,487.0,0.0,3.0,-39.999582290649414
ucb_lcb_n,488.0,0.0,3.0,-15.434934429824352
ucb_lcb_n,490.0,0.0,3.0,-46.45485711097717
ucb_lcb_n,491.0,0.0,3.0,-6.924320310354233
ucb_lcb_n,492.0,0.0,3.0,-20.480533719062805
ucb_lcb_n,493.0,0.0,3.0,-39.84068691730499
ucb_lcb_n,494.0,0.0,3.0,-46.720741748809814
ucb_lcb_n,495.0,0.0,3.0,-20.333596646785736
ucb_lcb_n,496.0,0.0,3.0,-20.431723296642303
ucb_lcb,1.0,0.0,3.0,-10.909655056893826
ucb_lcb,2.0,0.0,3.0,-31.052730083465576
ucb_lcb,3.0,0.0,3.0,0.0
ucb_lcb,4.0,0.0,3.0,-38.19798231124878
ucb_lcb,5.0,0.0,3.0,-27.00689959526062
ucb_lcb,6.0,0.0,3.0,-33.85383749008179
ucb_lcb,7.0,0.0,3.0,-25.507563710212708
ucb_lcb,8.0,0.0,3.0,-17.452311396598816
ucb_lcb,9.0,0.0,3.0,-49.18491017818451
ucb_lcb,10.0,0.0,3.0,-50.56454014778137
ucb_lcb,11.0,0.0,3.0,-14.116622053086758
ucb_lcb,12.0,0.0,3.0,-32.242313861846924
ucb_lcb,13.0,0.0,3.0,-56.559457182884216
ucb_lcb,14.0,0.0,3.0,-21.10108256340027
ucb_lcb,15.0,0.0,3.0,-28.282944321632385
ucb_lcb,16.0,0.0,3.0,0.0
ucb_lcb,17.0,0.0,3.0,-41.59168255329132
ucb_lcb,18.0,0.0,3.0,-34.66871523857117
ucb_lcb,19.0,0.0,3.0,-11.762367188930511
ucb_lcb,20.0,0.0,3.0,-12.293473988771439
ucb_lcb,21.0,0.0,3.0,-21.69567333161831
ucb_lcb,22.0,0.0,3.0,-18.077263951301575
ucb_lcb,23.0,0.0,3.0,-37.42403346300125
ucb_lcb,24.0,0.0,3.0,-30.222421884536743
ucb_lcb,25.0,0.0,3.0,-22.584805965423584
ucb_lcb,26.0,0.0,3.0,-29.021292209625244
ucb_lcb,27.0,0.0,3.0,-32.72161090373993
ucb_lcb,28.0,0.0,3.0,-1.678412601351738
ucb_lcb,29.0,0.0,3.0,-11.87401831150055
ucb_lcb,30.0,0.0,3.0,-39.18222349882126
ucb_lcb,32.0,0.0,3.0,-31.94442865997553
ucb_lcb,33.0,0.0,3.0,-39.622108459472656
ucb_lcb,34.0,0.0,3.0,-10.575211495161057
ucb_lcb,35.0,0.0,3.0,-23.94813765771687
ucb_lcb,36.0,0.0,3.0,-39.06182885169983
ucb_lcb,37.0,0.0,3.0,-29.486257553100586
ucb_lcb,38.0,0.0,3.0,-18.154163390398026
ucb_lcb,39.0,0.0,3.0,-41.03287386894226
ucb_lcb,40.0,0.0,3.0,-28.850054502487183
ucb_lcb,41.0,0.0,3.0,-28.58198245614767
ucb_lcb,42.0,0.0,3.0,-37.48294734954834
ucb_lcb,43.0,0.0,3.0,-39.38441610336304
ucb_lcb,45.0,0.0,3.0,-50.77627182006836
ucb_lcb,46.0,0.0,3.0,-12.39537067245692
ucb_lcb,47.0,0.0,3.0,0.0
ucb_lcb,48.0,0.0,3.0,-25.165676474571228
ucb_lcb,49.0,0.0,3.0,-49.904351234436035
ucb_lcb,50.0,0.0,3.0,-37.6797513961792
ucb_lcb,51.0,0.0,3.0,-24.44205230474472
ucb_lcb,52.0,0.0,3.0,-31.65857285261154
ucb_lcb,53.0,0.0,3.0,-29.13038659095764
ucb_lcb,54.0,0.0,3.0,-34.618640661239624
ucb_lcb,55.0,0.0,3.0,-32.699690103530884
ucb_lcb,56.0,0.0,3.0,-28.262802839279175
ucb_lcb,58.0,0.0,3.0,-23.97624373435974
ucb_lcb,59.0,0.0,3.0,-44.17860269546509
ucb_lcb,60.0,0.0,3.0,-26.41648329794407
ucb_lcb,61.0,0.0,3.0,-46.66546130180359
ucb_lcb,64.0,0.0,3.0,-33.836007833480835
ucb_lcb,65.0,0.0,3.0,-27.869678854942322
ucb_lcb,66.0,0.0,3.0,-37.00388526916504
ucb_lcb,67.0,0.0,3.0,-45.60383915901184
ucb_lcb,68.0,0.0,3.0,-39.402355909347534
ucb_lcb,69.0,0.0,3.0,-47.323487997055054
ucb_lcb,70.0,0.0,3.0,-26.084933400154114
ucb_lcb,71.0,0.0,3.0,-34.700593411922455
ucb_lcb,72.0,0.0,3.0,-33.29627740383148
ucb_lcb,73.0,0.0,3.0,-15.911599218845367
ucb_lcb,74.0,0.0,3.0,-28.143123626708984
ucb_lcb,75.0,0.0,3.0,-56.81877565383911
ucb_lcb,76.0,0.0,3.0,-27.097225427627563
ucb_lcb,77.0,0.0,3.0,-25.646963477134705
ucb_lcb,78.0,0.0,3.0,-37.31346994638443
ucb_lcb,79.0,0.0,3.0,-34.86463689804077
ucb_lcb,80.0,0.0,3.0,-40.199676275253296
ucb_lcb,81.0,0.0,3.0,-23.19948698580265
ucb_lcb,82.0,0.0,3.0,-27.491354823112488
ucb_lcb,83.0,0.0,3.0,-23.26701662130654
ucb_lcb,84.0,0.0,3.0,-29.516719102859497
ucb_lcb,85.0,0.0,3.0,-34.76579141616821
ucb_lcb,87.0,0.0,3.0,-22.009242475032806
ucb_lcb,88.0,0.0,3.0,-39.5447952747345
ucb_lcb,89.0,0.0,3.0,-27.863438725471497
ucb_lcb,90.0,0.0,3.0,0.0
ucb_lcb,91.0,0.0,3.0,-50.374714374542236
ucb_lcb,92.0,0.0,3.0,-47.25168001651764
ucb_lcb,93.0,0.0,3.0,-17.47773438692093
ucb_lcb,94.0,0.0,3.0,-32.076000690460205
ucb_lcb,95.0,0.0,3.0,-32.07968211174011
ucb_lcb,96.0,0.0,3.0,-34.36266541481018
ucb_lcb,98.0,0.0,3.0,-31.988190174102783
ucb_lcb,99.0,0.0,3.0,-21.413720190525055
ucb_lcb,101.0,0.0,3.0,-13.601532816886902
ucb_lcb,102.0,0.0,3.0,-10.466011822223663
ucb_lcb,103.0,0.0,3.0,-37.27838349342346
ucb_lcb,104.0,0.0,3.0,-46.86777639389038
ucb_lcb,105.0,0.0,3.0,-49.235501766204834
ucb_lcb,106.0,0.0,3.0,-45.93413734436035
ucb_lcb,107.0,0.0,3.0,-31.330639123916626
ucb_lcb,108.0,0.0,3.0,-21.44842040538788
ucb_lcb,109.0,0.0,3.0,-26.05074954032898
ucb_lcb,111.0,0.0,3.0,-27.53066110610962
ucb_lcb,112.0,0.0,3.0,-31.891823649406433
ucb_lcb,113.0,0.0,3.0,-33.98950815200806
ucb_lcb,114.0,0.0,3.0,-31.53143298625946
ucb_lcb,115.0,0.0,3.0,-29.782695055007935
ucb_lcb,116.0,0.0,3.0,-13.38298174738884
ucb_lcb,117.0,0.0,3.0,-27.608782336115837
ucb_lcb,118.0,0.0,3.0,-21.352571845054626
ucb_lcb,119.0,0.0,3.0,-23.074522733688354
ucb_lcb,120.0,0.0,3.0,-27.205063223838806
ucb_lcb,121.0,0.0,3.0,-38.39865303039551
ucb_lcb,122.0,0.0,3.0,-27.269022703170776
ucb_lcb,123.0,0.0,3.0,-15.20807135105133
ucb_lcb,124.0,0.0,3.0,-34.561962366104126
ucb_lcb,125.0,0.0,3.0,-36.298994183540344
ucb_lcb,126.0,0.0,3.0,-28.354329586029053
ucb_lcb,128.0,0.0,3.0,-37.60158109664917
ucb_lcb,130.0,0.0,3.0,-30.617168426513672
ucb_lcb,131.0,0.0,3.0,-0.07306719291955233
ucb_lcb,132.0,0.0,3.0,-28.282450675964355
ucb_lcb,133.0,0.0,3.0,-27.26691210269928
ucb_lcb,134.0,0.0,3.0,-23.368319988250732
ucb_lcb,135.0,0.0,3.0,-55.838618516922
ucb_lcb,136.0,0.0,3.0,-0.01044508529594168
ucb_lcb,137.0,0.0,3.0,-45.14458358287811
ucb_lcb,138.0,0.0,3.0,-30.789976477622986
ucb_lcb,139.0,0.0,3.0,0.0
ucb_lcb,140.0,0.0,3.0,-28.96894383430481
ucb_lcb,141.0,0.0,3.0,-6.378237068653107
ucb_lcb,142.0,0.0,3.0,-28.50047481060028
ucb_lcb,143.0,0.0,3.0,-35.44343709945679
ucb_lcb,144.0,0.0,3.0,-31.79598233103752
ucb_lcb,145.0,0.0,3.0,-24.798925757408142
ucb_lcb,146.0,0.0,3.0,-31.823075532913208
ucb_lcb,147.0,0.0,3.0,-19.58672136068344
ucb_lcb,148.0,0.0,3.0,-30.514155223965645
ucb_lcb,149.0,0.0,3.0,-33.0841623544693
ucb_lcb,150.0,0.0,3.0,-30.48834854364395
ucb_lcb,151.0,0.0,3.0,-33.525185108184814
ucb_lcb,152.0,0.0,3.0,-31.025700569152832
ucb_lcb,153.0,0.0,3.0,-15.238751500844955
ucb_lcb,154.0,0.0,3.0,-31.882291227579117
ucb_lcb,155.0,0.0,3.0,-48.246490478515625
ucb_lcb,156.0,0.0,3.0,-33.21556842327118
ucb_lcb,158.0,0.0,3.0,-39.41720104217529
ucb_lcb,159.0,0.0,3.0,-30.662703156471252
ucb_lcb,160.0,0.0,3.0,-17.56645744293928
ucb_lcb,161.0,0.0,3.0,-27.37494647502899
ucb_lcb,162.0,0.0,3.0,-23.53150510787964
ucb_lcb,163.0,0.0,3.0,-46.917827129364014
ucb_lcb,165.0,0.0,3.0,-34.18201565742493
ucb_lcb,166.0,0.0,3.0,-16.980052173137665
ucb_lcb,167.0,0.0,3.0,-31.164849042892456
ucb_lcb,168.0,0.0,3.0,-42.66551089286804
ucb_lcb,169.0,0.0,3.0,-21.87820214033127
ucb_lcb,170.0,0.0,3.0,-31.575641572475433
ucb_lcb,171.0,0.0,3.0,-38.85238981246948
ucb_lcb,172.0,0.0,3.0,-27.084473133087158
ucb_lcb,173.0,0.0,3.0,-47.33933877944946
ucb_lcb,174.0,0.0,3.0,-29.46179175376892
ucb_lcb,175.0,0.0,3.0,-31.6286278963089
ucb_lcb,176.0,0.0,3.0,-32.3848819732666
ucb_lcb,177.0,0.0,3.0,-36.14299213886261
ucb_lcb,178.0,0.0,3.0,-31.138657331466675
ucb_lcb,179.0,0.0,3.0,-41.34507393836975
ucb_lcb,180.0,0.0,3.0,-41.267110109329224
ucb_lcb,181.0,0.0,3.0,-21.647475004196167
ucb_lcb,182.0,0.0,3.0,-30.892224311828613
ucb_lcb,183.0,0.0,3.0,-33.35803496837616
ucb_lcb,185.0,0.0,3.0,-27.987411856651306
ucb_lcb,186.0,0.0,3.0,-29.858964204788208
ucb_lcb,187.0,0.0,3.0,-21.326097697019577
ucb_lcb,188.0,0.0,3.0,-27.003764867782593
ucb_lcb,190.0,0.0,3.0,-35.2232928276062
ucb_lcb,191.0,0.0,3.0,-20.914985239505768
ucb_lcb,192.0,0.0,3.0,-38.4898966550827
ucb_lcb,193.0,0.0,3.0,-23.9875146150589
ucb_lcb,195.0,0.0,3.0,-29.57047390937805
ucb_lcb,196.0,0.0,3.0,-34.17616057395935
ucb_lcb,197.0,0.0,3.0,-19.82748407125473
ucb_lcb,198.0,0.0,3.0,-31.712541580200195
ucb_lcb,199.0,0.0,3.0,-34.06873023509979
ucb_lcb,200.0,0.0,3.0,-16.668730676174164
ucb_lcb,201.0,0.0,3.0,-20.89643371105194
ucb_lcb,202.0,0.0,3.0,-16.58615319803357
ucb_lcb,203.0,0.0,3.0,-22.286631937138736
ucb_lcb,204.0,0.0,3.0,-20.772469520568848
ucb_lcb,205.0,0.0,3.0,-41.47038459777832
ucb_lcb,206.0,0.0,3.0,-39.19714283943176
ucb_lcb,207.0,0.0,3.0,-31.737863779067993
ucb_lcb,208.0,0.0,3.0,-34.07948613166809
ucb_lcb,209.0,0.0,3.0,-42.65811061859131
ucb_lcb,210.0,0.0,3.0,-12.836846828460693
ucb_lcb,211.0,0.0,3.0,-27.608996629714966
ucb_lcb,212.0,0.0,3.0,-36.15948045253754
ucb_lcb,213.0,0.0,3.0,-31.410220503807068
ucb_lcb,214.0,0.0,3.0,-41.445157289505005
ucb_lcb,215.0,0.0,3.0,-33.945443868637085
ucb_lcb,216.0,0.0,3.0,-14.205189168453217
ucb_lcb,217.0,0.0,3.0,-36.19028013944626
ucb_lcb,218.0,0.0,3.0,-27.969195008277893
ucb_lcb,219.0,0.0,3.0,-28.124433755874634
ucb_lcb,220.0,0.0,3.0,-19.236763685941696
ucb_lcb,221.0,0.0,3.0,-22.981156826019287
ucb_lcb,222.0,0.0,3.0,-27.457051515579224
ucb_lcb,223.0,0.0,3.0,-22.712225556373596
ucb_lcb,224.0,0.0,3.0,-92.1034049987793
ucb_lcb,225.0,0.0,3.0,-30.621155500411987
ucb_lcb,226.0,0.0,3.0,-46.59317845106125
ucb_lcb,227.0,0.0,3.0,-28.153945684432983
ucb_lcb,228.0,0.0,3.0,-40.44045615196228
ucb_lcb,229.0,0.0,3.0,-0.0010002159251598641
ucb_lcb,230.0,0.0,3.0,-32.99236702919006
ucb_lcb,231.0,0.0,3.0,-24.31098508834839
ucb_lcb,232.0,0.0,3.0,-21.04981992393732
ucb_lcb,233.0,0.0,3.0,-21.703959226608276
ucb_lcb,234.0,0.0,3.0,-32.153855085372925
ucb_lcb,236.0,0.0,3.0,-28.09854292869568
ucb_lcb,237.0,0.0,3.0,-44.6415159702301
ucb_lcb,239.0,0.0,3.0,-29.700513005256653
ucb_lcb,240.0,0.0,3.0,-25.88906729221344
ucb_lcb,241.0,0.0,3.0,-40.86419054865837
ucb_lcb,242.0,0.0,3.0,-48.1318416595459
ucb_lcb,243.0,0.0,3.0,-24.915483236312866
ucb_lcb,244.0,0.0,3.0,-31.66124254465103
ucb_lcb,245.0,0.0,3.0,-17.98095491528511
ucb_lcb,246.0,0.0,3.0,-27.100193858146667
ucb_lcb,247.0,0.0,3.0,-16.766664505004883
ucb_lcb,248.0,0.0,3.0,-31.93972110748291
ucb_lcb,249.0,0.0,3.0,-27.705041527748108
ucb_lcb,250.0,0.0,3.0,-33.18059515953064
ucb_lcb,252.0,0.0,3.0,-34.75056004524231
ucb_lcb,253.0,0.0,3.0,-24.00279250741005
ucb_lcb,254.0,0.0,3.0,-44.25761151313782
ucb_lcb,255.0,0.0,3.0,-17.878063440322876
ucb_lcb,257.0,0.0,3.0,-36.12211537361145
ucb_lcb,258.0,0.0,3.0,-37.58891296386719
ucb_lcb,259.0,0.0,3.0,-26.79914927482605
ucb_lcb,260.0,0.0,3.0,-47.77779817581177
ucb_lcb,261.0,0.0,3.0,0.0
ucb_lcb,262.0,0.0,3.0,-56.6897029876709
ucb_lcb,263.0,0.0,3.0,-44.70644474029541
ucb_lcb,264.0,0.0,3.0,-54.063077211380005
ucb_lcb,266.0,0.0,3.0,-40.00281858444214
ucb_lcb,267.0,0.0,3.0,-25.42782574892044
ucb_lcb,268.0,0.0,3.0,-5.467030227184296
ucb_lcb,269.0,0.0,3.0,-39.73511838912964
ucb_lcb,270.0,0.0,3.0,-26.197469651699066
ucb_lcb,271.0,0.0,3.0,-34.205633878707886
ucb_lcb,272.0,0.0,3.0,-20.506712317466736
ucb_lcb,273.0,0.0,3.0,-35.53815746307373
ucb_lcb,274.0,0.0,3.0,-45.40664005279541
ucb_lcb,275.0,0.0,3.0,-0.9042584300041199
ucb_lcb,276.0,0.0,3.0,-41.86259365081787
ucb_lcb,277.0,0.0,3.0,-1.7542595714330673
ucb_lcb,278.0,0.0,3.0,-43.144840478897095
ucb_lcb,279.0,0.0,3.0,-10.918899238109589
ucb_lcb,280.0,0.0,3.0,-50.832489252090454
ucb_lcb,282.0,0.0,3.0,-43.203678607940674
ucb_lcb,283.0,0.0,3.0,-32.810470044612885
ucb_lcb,284.0,0.0,3.0,-35.98514127731323
ucb_lcb,285.0,0.0,3.0,-44.499096393585205
ucb_lcb,286.0,0.0,3.0,-18.500897765159607
ucb_lcb,287.0,0.0,3.0,-28.593196630477905
ucb_lcb,288.0,0.0,3.0,-59.16783046722412
ucb_lcb,289.0,0.0,3.0,-31.90416669845581
ucb_lcb,290.0,0.0,3.0,-26.695194482803345
ucb_lcb,291.0,0.0,3.0,-29.05435061454773
ucb_lcb,292.0,0.0,3.0,-23.691683292388916
ucb_lcb,293.0,0.0,3.0,-40.94755673408508
ucb_lcb,294.0,0.0,3.0,-12.454390525817871
ucb_lcb,295.0,0.0,3.0,-35.04830622673035
ucb_lcb,296.0,0.0,3.0,-34.64535528421402
ucb_lcb,297.0,0.0,3.0,-24.605358123779297
ucb_lcb,298.0,0.0,3.0,-35.89582101255655
ucb_lcb,299.0,0.0,3.0,0.0
ucb_lcb,300.0,0.0,3.0,-23.372688502073288
ucb_lcb,301.0,0.0,3.0,-19.25199156999588
ucb_lcb,302.0,0.0,3.0,-33.73454415798187
ucb_lcb,303.0,0.0,3.0,-32.59414005279541
ucb_lcb,304.0,0.0,3.0,-33.73547613620758
ucb_lcb,305.0,0.0,3.0,-32.34599685668945
ucb_lcb,306.0,0.0,3.0,-30.2913216650486
ucb_lcb,307.0,0.0,3.0,-23.152382269501686
ucb_lcb,308.0,0.0,3.0,-24.842145681381226
ucb_lcb,309.0,0.0,3.0,-25.0356342792511
ucb_lcb,310.0,0.0,3.0,-26.868786334991455
ucb_lcb,311.0,0.0,3.0,-31.08114641904831
ucb_lcb,312.0,0.0,3.0,-22.349970281124115
ucb_lcb,313.0,0.0,3.0,-30.268191695213318
ucb_lcb,314.0,0.0,3.0,-26.231516480445862
ucb_lcb,315.0,0.0,3.0,-24.64989960193634
ucb_lcb,316.0,0.0,3.0,-24.7619206905365
ucb_lcb,317.0,0.0,3.0,-35.165027141571045
ucb_lcb,318.0,0.0,3.0,-24.582809329032898
ucb_lcb,319.0,0.0,3.0,-34.981199979782104
ucb_lcb,320.0,0.0,3.0,-38.284476697444916
ucb_lcb,321.0,0.0,3.0,-38.15719532966614
ucb_lcb,322.0,0.0,3.0,-52.244706988334656
ucb_lcb,323.0,0.0,3.0,-17.103201508522034
ucb_lcb,324.0,0.0,3.0,-38.59196472167969
ucb_lcb,325.0,0.0,3.0,-33.600780963897705
ucb_lcb,326.0,0.0,3.0,-13.856229722499847
ucb_lcb,327.0,0.0,3.0,-12.920371770858765
ucb_lcb,328.0,0.0,3.0,-27.533295810222626
ucb_lcb,329.0,0.0,3.0,-24.771392107009888
ucb_lcb,330.0,0.0,3.0,-36.5060478746891
ucb_lcb,331.0,0.0,3.0,-34.77978837490082
ucb_lcb,332.0,0.0,3.0,-33.82294189929962
ucb_lcb,333.0,0.0,3.0,-28.29643177986145
ucb_lcb,334.0,0.0,3.0,-27.005941152572632
ucb_lcb,336.0,0.0,3.0,-21.858761191368103
ucb_lcb,337.0,0.0,3.0,-19.417560696601868
ucb_lcb,338.0,0.0,3.0,-30.527360677719116
ucb_lcb,340.0,0.0,3.0,-31.6925208568573
ucb_lcb,341.0,0.0,3.0,-22.536442637443542
ucb_lcb,342.0,0.0,3.0,-27.01645040512085
ucb_lcb,343.0,0.0,3.0,-18.9710351228714
ucb_lcb,344.0,0.0,3.0,-38.50340795516968
ucb_lcb,346.0,0.0,3.0,-51.422637939453125
ucb_lcb,347.0,0.0,3.0,-34.20254397392273
ucb_lcb,348.0,0.0,3.0,-47.44176459312439
ucb_lcb,350.0,0.0,3.0,-35.37250469624996
ucb_lcb,351.0,0.0,3.0,-22.207643508911133
ucb_lcb,352.0,0.0,3.0,-32.5677684545517
ucb_lcb,353.0,0.0,3.0,-59.30131268501282
ucb_lcb,354.0,0.0,3.0,-44.748288691043854
ucb_lcb,355.0,0.0,3.0,-48.57433366775513
ucb_lcb,356.0,0.0,3.0,-31.01892852783203
ucb_lcb,357.0,0.0,3.0,-24.7297203540802
ucb_lcb,358.0,0.0,3.0,-32.2427764236927
ucb_lcb,359.0,0.0,3.0,-45.19246453046799
ucb_lcb,361.0,0.0,3.0,-30.90602147579193
ucb_lcb,362.0,0.0,3.0,-23.304634928703308
ucb_lcb,363.0,0.0,3.0,-29.848610162734985
ucb_lcb,364.0,0.0,3.0,-40.630396127700806
ucb_lcb,365.0,0.0,3.0,-31.594381093978882
ucb_lcb,367.0,0.0,3.0,-31.76512384414673
ucb_lcb,368.0,0.0,3.0,-24.58511710166931
ucb_lcb,369.0,0.0,3.0,-24.433762319386005
ucb_lcb,371.0,0.0,3.0,-44.58628797531128
ucb_lcb,372.0,0.0,3.0,-40.01525044441223
ucb_lcb,373.0,0.0,3.0,-32.43707633018494
ucb_lcb,374.0,0.0,3.0,-30.122340202331543
ucb_lcb,375.0,0.0,3.0,-43.23665642738342
ucb_lcb,376.0,0.0,3.0,-30.79022991657257
ucb_lcb,377.0,0.0,3.0,-6.176934599876404
ucb_lcb,378.0,0.0,3.0,-20.99553608894348
ucb_lcb,379.0,0.0,3.0,-19.88027960062027
ucb_lcb,380.0,0.0,3.0,-30.50667929649353
ucb_lcb,381.0,0.0,3.0,-33.28552779555321
ucb_lcb,382.0,0.0,3.0,-39.40883708000183
ucb_lcb,383.0,0.0,3.0,-29.77222590148449
ucb_lcb,384.0,0.0,3.0,-29.26302194595337
ucb_lcb,385.0,0.0,3.0,-34.77702295780182
ucb_lcb,386.0,0.0,3.0,0.0
ucb_lcb,387.0,0.0,3.0,-39.38430070877075
ucb_lcb,388.0,0.0,3.0,-24.628742575645447
ucb_lcb,389.0,0.0,3.0,-31.852131366729736
ucb_lcb,390.0,0.0,3.0,-27.22898030281067
ucb_lcb,391.0,0.0,3.0,-25.227123737335205
ucb_lcb,392.0,0.0,3.0,-12.45281007885933
ucb_lcb,393.0,0.0,3.0,-22.407793164253235
ucb_lcb,394.0,0.0,3.0,-39.49781847000122
ucb_lcb,395.0,0.0,3.0,-7.185628056526184
ucb_lcb,396.0,0.0,3.0,-29.643773913383484
ucb_lcb,397.0,0.0,3.0,-32.15377277135849
ucb_lcb,398.0,0.0,3.0,-24.467947244644165
ucb_lcb,399.0,0.0,3.0,-31.990586757659912
ucb_lcb,400.0,0.0,3.0,-37.585017681121826
ucb_lcb,401.0,0.0,3.0,-23.29822874069214
ucb_lcb,402.0,0.0,3.0,-40.70980608463287
ucb_lcb,403.0,0.0,3.0,-27.96927498653531
ucb_lcb,404.0,0.0,3.0,-28.306895703077316
ucb_lcb,405.0,0.0,3.0,-30.42109203338623
ucb_lcb,407.0,0.0,3.0,-22.20004630088806
ucb_lcb,408.0,0.0,3.0,-31.499206259846687
ucb_lcb,409.0,0.0,3.0,-20.33249392732978
ucb_lcb,410.0,0.0,3.0,-28.490135669708252
ucb_lcb,412.0,0.0,3.0,-26.83825194835663
ucb_lcb,413.0,0.0,3.0,-26.15595829486847
ucb_lcb,414.0,0.0,3.0,-14.023088827729225
ucb_lcb,415.0,0.0,3.0,-50.134909868240356
ucb_lcb,416.0,0.0,3.0,-28.02775526046753
ucb_lcb,417.0,0.0,3.0,-48.736077189445496
ucb_lcb,418.0,0.0,3.0,-22.419214107096195
ucb_lcb,419.0,0.0,3.0,-38.848984479904175
ucb_lcb,420.0,0.0,3.0,0.0
ucb_lcb,421.0,0.0,3.0,-10.997148722410202
ucb_lcb,422.0,0.0,3.0,-39.62457859516144
ucb_lcb,424.0,0.0,3.0,-5.704271912574768
ucb_lcb,425.0,0.0,3.0,-18.07241714000702
ucb_lcb,426.0,0.0,3.0,-15.272472932934761
ucb_lcb,428.0,0.0,3.0,-22.532686710357666
ucb_lcb,429.0,0.0,3.0,-11.379605948925018
ucb_lcb,430.0,0.0,3.0,-33.99383902549744
ucb_lcb,431.0,0.0,3.0,-25.609655249863863
ucb_lcb,432.0,0.0,3.0,-18.713637113571167
ucb_lcb,433.0,0.0,3.0,-45.62298631668091
ucb_lcb,434.0,0.0,3.0,-44.319746017456055
ucb_lcb,435.0,0.0,3.0,-25.530358865857124
ucb_lcb,436.0,0.0,3.0,-34.43267573416233
ucb_lcb,437.0,0.0,3.0,-32.17820191383362
ucb_lcb,438.0,0.0,3.0,-37.829745054244995
ucb_lcb,439.0,0.0,3.0,-39.38150882720947
ucb_lcb,440.0,0.0,3.0,-31.745803654193878
ucb_lcb,441.0,0.0,3.0,-15.480385780334473
ucb_lcb,442.0,0.0,3.0,-0.0010002159251598641
ucb_lcb,443.0,0.0,3.0,-0.07472713803872466
ucb_lcb,444.0,0.0,3.0,-34.12291222810745
ucb_lcb,445.0,0.0,3.0,-28.005401849746704
ucb_lcb,446.0,0.0,3.0,-32.852605044841766
ucb_lcb,447.0,0.0,3.0,-30.681475162506104
ucb_lcb,448.0,0.0,3.0,-35.63066494464874
ucb_lcb,449.0,0.0,3.0,-45.22163915634155
ucb_lcb,450.0,0.0,3.0,-35.31387805938721
ucb_lcb,451.0,0.0,3.0,-24.444663763046265
ucb_lcb,452.0,0.0,3.0,-29.004873156547546
ucb_lcb,453.0,0.0,3.0,-26.76598697528243
ucb_lcb,454.0,0.0,3.0,-40.88345646858215
ucb_lcb,455.0,0.0,3.0,-36.202892661094666
ucb_lcb,456.0,0.0,3.0,-42.300971031188965
ucb_lcb,457.0,0.0,3.0,-34.94214129447937
ucb_lcb,458.0,0.0,3.0,-34.60370433330536
ucb_lcb,459.0,0.0,3.0,-30.814584404230118
ucb_lcb,460.0,0.0,3.0,-29.46029829978943
ucb_lcb,461.0,0.0,3.0,-28.76670217514038
ucb_lcb,462.0,0.0,3.0,-17.92432004213333
ucb_lcb,463.0,0.0,3.0,-23.693315640091896
ucb_lcb,464.0,0.0,3.0,-35.4695348739624
ucb_lcb,465.0,0.0,3.0,-24.287972688674927
ucb_lcb,466.0,0.0,3.0,-39.726386070251465
ucb_lcb,467.0,0.0,3.0,-25.503480702638626
ucb_lcb,468.0,0.0,3.0,-0.03599455184303224
ucb_lcb,469.0,0.0,3.0,-25.027373909950256
ucb_lcb,470.0,0.0,3.0,-34.1335072517395
ucb_lcb,471.0,0.0,3.0,-36.625277519226074
ucb_lcb,472.0,0.0,3.0,-27.773387372493744
ucb_lcb,473.0,0.0,3.0,-36.319361329078674
ucb_lcb,474.0,0.0,3.0,-41.18710470199585
ucb_lcb,475.0,0.0,3.0,-29.038864850997925
ucb_lcb,476.0,0.0,3.0,-0.13172537554055452
ucb_lcb,477.0,0.0,3.0,-38.35912871360779
ucb_lcb,478.0,0.0,3.0,-35.631476640701294
ucb_lcb,479.0,0.0,3.0,-49.077759742736816
ucb_lcb,480.0,0.0,3.0,-43.937434911727905
ucb_lcb,481.0,0.0,3.0,-16.259005829691887
ucb_lcb,482.0,0.0,3.0,-23.592024832963943
ucb_lcb,483.0,0.0,3.0,-41.54571431875229
ucb_lcb,484.0,0.0,3.0,-22.469098657369614
ucb_lcb,485.0,0.0,3.0,-32.161524534225464
ucb_lcb,486.0,0.0,3.0,-47.3457977771759
ucb_lcb,487.0,0.0,3.0,-43.683340072631836
ucb_lcb,488.0,0.0,3.0,-24.975530326366425
ucb_lcb,490.0,0.0,3.0,-45.71807074546814
ucb_lcb,491.0,0.0,3.0,-10.345203553857573
ucb_lcb,492.0,0.0,3.0,-24.25851273536682
ucb_lcb,493.0,0.0,3.0,-46.08894395828247
ucb_lcb,494.0,0.0,3.0,-45.162357807159424
ucb_lcb,495.0,0.0,3.0,-20.03410416841507
ucb_lcb,496.0,0.0,3.0,-21.052101254463196
ucb_b0,1.0,0.0,3.0,-34.25874900817871
ucb_b0,2.0,0.0,3.0,-30.45685362815857
ucb_b0,3.0,0.0,3.0,0.0
ucb_b0,4.0,0.0,3.0,-37.45469522476196
ucb_b0,5.0,0.0,3.0,-20.86398184299469
ucb_b0,6.0,0.0,3.0,-33.905386567115784
ucb_b0,7.0,0.0,3.0,-32.71786975860596
ucb_b0,8.0,0.0,3.0,-17.114598467946053
ucb_b0,9.0,0.0,3.0,-40.41687023639679
ucb_b0,10.0,0.0,3.0,-66.74882221221924
ucb_b0,11.0,0.0,3.0,-30.709880232810974
ucb_b0,12.0,0.0,3.0,-41.53033971786499
ucb_b0,13.0,0.0,3.0,-59.54350209236145
ucb_b0,14.0,0.0,3.0,-21.427743673324585
ucb_b0,15.0,0.0,3.0,-25.881319165229797
ucb_b0,16.0,0.0,3.0,0.0
ucb_b0,17.0,0.0,3.0,-44.43724834918976
ucb_b0,18.0,0.0,3.0,-34.459362864494324
ucb_b0,19.0,0.0,3.0,-33.202728509902954
ucb_b0,20.0,0.0,3.0,-15.43720817565918
ucb_b0,21.0,0.0,3.0,-24.750164598226547
ucb_b0,22.0,0.0,3.0,-17.637119710445404
ucb_b0,23.0,0.0,3.0,-36.30011510848999
ucb_b0,24.0,0.0,3.0,-28.39568316936493
ucb_b0,25.0,0.0,3.0,-29.404341340065002
ucb_b0,26.0,0.0,3.0,-21.843058109283447
ucb_b0,27.0,0.0,3.0,-32.51358336210251
ucb_b0,28.0,0.0,3.0,-1.928579568862915
ucb_b0,29.0,0.0,3.0,-13.109772622585297
ucb_b0,30.0,0.0,3.0,-39.406852185726166
ucb_b0,32.0,0.0,3.0,-31.205121994018555
ucb_b0,33.0,0.0,3.0,-40.47177267074585
ucb_b0,34.0,0.0,3.0,-12.913193941116333
ucb_b0,35.0,0.0,3.0,-22.631758362054825
ucb_b0,36.0,0.0,3.0,-38.38295817375183
ucb_b0,37.0,0.0,3.0,-31.833520650863647
ucb_b0,38.0,0.0,3.0,-18.157053634524345
ucb_b0,39.0,0.0,3.0,-43.39602708816528
ucb_b0,40.0,0.0,3.0,-33.64506554603577
ucb_b0,41.0,0.0,3.0,-29.855604767799377
ucb_b0,42.0,0.0,3.0,-36.00800085067749
ucb_b0,43.0,0.0,3.0,-33.6247918009758
ucb_b0,45.0,0.0,3.0,-42.55484986305237
ucb_b0,46.0,0.0,3.0,-10.418239444494247
ucb_b0,47.0,0.0,3.0,0.0
ucb_b0,48.0,0.0,3.0,-35.02987241744995
ucb_b0,49.0,0.0,3.0,-50.77768325805664
ucb_b0,50.0,0.0,3.0,-37.74338150024414
ucb_b0,51.0,0.0,3.0,-25.441793859004974
ucb_b0,52.0,0.0,3.0,-33.51575708389282
ucb_b0,53.0,0.0,3.0,-29.003337502479553
ucb_b0,54.0,0.0,3.0,-32.713120222091675
ucb_b0,55.0,0.0,3.0,-38.875574350357056
ucb_b0,56.0,0.0,3.0,-28.050934672355652
ucb_b0,58.0,0.0,3.0,-24.70659363269806
ucb_b0,59.0,0.0,3.0,-43.88838839530945
ucb_b0,60.0,0.0,3.0,-33.5184850692749
ucb_b0,61.0,0.0,3.0,-47.24532675743103
ucb_b0,64.0,0.0,3.0,-33.68411833047867
ucb_b0,65.0,0.0,3.0,-26.31953740119934
ucb_b0,66.0,0.0,3.0,-39.90950036048889
ucb_b0,67.0,0.0,3.0,-40.07139706611633
ucb_b0,68.0,0.0,3.0,-38.61013960838318
ucb_b0,69.0,0.0,3.0,-50.57326054573059
ucb_b0,70.0,0.0,3.0,-26.31224000453949
ucb_b0,71.0,0.0,3.0,-31.702888250350952
ucb_b0,72.0,0.0,3.0,-38.443666219711304
ucb_b0,73.0,0.0,3.0,-17.14398682117462
ucb_b0,74.0,0.0,3.0,-26.846391081809998
ucb_b0,75.0,0.0,3.0,-52.25634050369263
ucb_b0,76.0,0.0,3.0,-35.3804726600647
ucb_b0,77.0,0.0,3.0,-23.34976252913475
ucb_b0,78.0,0.0,3.0,-35.847140192985535
ucb_b0,79.0,0.0,3.0,-34.85738825798035
ucb_b0,80.0,0.0,3.0,-41.850606203079224
ucb_b0,81.0,0.0,3.0,-31.24267292022705
ucb_b0,82.0,0.0,3.0,-29.568377375602722
ucb_b0,83.0,0.0,3.0,-24.49815148115158
ucb_b0,84.0,0.0,3.0,-30.489550471305847
ucb_b0,85.0,0.0,3.0,-37.137614727020264
ucb_b0,87.0,0.0,3.0,-21.856878995895386
ucb_b0,88.0,0.0,3.0,-39.12801909446716
ucb_b0,89.0,0.0,3.0,-27.84615433216095
ucb_b0,90.0,0.0,3.0,0.0
ucb_b0,91.0,0.0,3.0,-51.70556712150574
ucb_b0,92.0,0.0,3.0,-42.891481161117554
ucb_b0,93.0,0.0,3.0,-18.719538539648056
ucb_b0,94.0,0.0,3.0,-31.62358421087265
ucb_b0,95.0,0.0,3.0,-33.552271485328674
ucb_b0,96.0,0.0,3.0,-35.25433158874512
ucb_b0,98.0,0.0,3.0,-39.88725280761719
ucb_b0,99.0,0.0,3.0,-33.229741990566254
ucb_b0,101.0,0.0,3.0,-15.244799673557281
ucb_b0,102.0,0.0,3.0,-11.781863749027252
ucb_b0,103.0,0.0,3.0,-38.12287110090256
ucb_b0,104.0,0.0,3.0,-46.973740577697754
ucb_b0,105.0,0.0,3.0,-48.989561557769775
ucb_b0,106.0,0.0,3.0,-43.59222435951233
ucb_b0,107.0,0.0,3.0,-30.465917110443115
ucb_b0,108.0,0.0,3.0,-21.34997260570526
ucb_b0,109.0,0.0,3.0,-29.077594876289368
ucb_b0,111.0,0.0,3.0,-34.18470960855484
ucb_b0,112.0,0.0,3.0,-40.10092782974243
ucb_b0,113.0,0.0,3.0,-31.584550857543945
ucb_b0,114.0,0.0,3.0,-32.54894948005676
ucb_b0,115.0,0.0,3.0,-31.744486451148987
ucb_b0,116.0,0.0,3.0,-11.483522379770875
ucb_b0,117.0,0.0,3.0,-39.01284694671631
ucb_b0,118.0,0.0,3.0,-26.054709672927856
ucb_b0,119.0,0.0,3.0,-22.352764427661896
ucb_b0,120.0,0.0,3.0,-29.524871826171875
ucb_b0,121.0,0.0,3.0,-40.57726216316223
ucb_b0,122.0,0.0,3.0,-27.58374059200287
ucb_b0,123.0,0.0,3.0,-12.481665670871735
ucb_b0,124.0,0.0,3.0,-38.16213709115982
ucb_b0,125.0,0.0,3.0,-40.286945819854736
ucb_b0,126.0,0.0,3.0,-28.262223720550537
ucb_b0,128.0,0.0,3.0,-36.61199331283569
ucb_b0,130.0,0.0,3.0,-30.109544157981873
ucb_b0,131.0,0.0,3.0,-0.37415187433362007
ucb_b0,132.0,0.0,3.0,-27.980105340480804
ucb_b0,133.0,0.0,3.0,-26.067098379135132
ucb_b0,134.0,0.0,3.0,-24.820699095726013
ucb_b0,135.0,0.0,3.0,-48.47335243225098
ucb_b0,136.0,0.0,3.0,-0.0017500877875136212
ucb_b0,137.0,0.0,3.0,-31.922264337539673
ucb_b0,138.0,0.0,3.0,-32.449068546295166
ucb_b0,139.0,0.0,3.0,0.0
ucb_b0,140.0,0.0,3.0,-28.442959010601044
ucb_b0,141.0,0.0,3.0,-7.394309461116791
ucb_b0,142.0,0.0,3.0,-27.601277709007263
ucb_b0,143.0,0.0,3.0,-38.876168727874756
ucb_b0,144.0,0.0,3.0,-37.69736295938492
ucb_b0,145.0,0.0,3.0,-29.84953600168228
ucb_b0,146.0,0.0,3.0,-38.96027851104736
ucb_b0,147.0,0.0,3.0,-19.72461587190628
ucb_b0,148.0,0.0,3.0,-39.55062437057495
ucb_b0,149.0,0.0,3.0,-34.14004445075989
ucb_b0,150.0,0.0,3.0,-37.586281299591064
ucb_b0,151.0,0.0,3.0,-35.47523903846741
ucb_b0,152.0,0.0,3.0,-30.156442403793335
ucb_b0,153.0,0.0,3.0,-15.385872602462769
ucb_b0,154.0,0.0,3.0,-38.46739673614502
ucb_b0,155.0,0.0,3.0,-48.17147755622864
ucb_b0,156.0,0.0,3.0,-43.81469798088074
ucb_b0,158.0,0.0,3.0,-39.10927736759186
ucb_b0,159.0,0.0,3.0,-29.60534131526947
ucb_b0,160.0,0.0,3.0,-17.215825766324997
ucb_b0,161.0,0.0,3.0,-25.785318732261658
ucb_b0,162.0,0.0,3.0,-24.35187304019928
ucb_b0,163.0,0.0,3.0,-48.18547177314758
ucb_b0,165.0,0.0,3.0,-27.13143253326416
ucb_b0,166.0,0.0,3.0,-19.129567801952362
ucb_b0,167.0,0.0,3.0,-30.065205812454224
ucb_b0,168.0,0.0,3.0,-40.213598012924194
ucb_b0,169.0,0.0,3.0,-31.025862216949463
ucb_b0,170.0,0.0,3.0,-35.01032853126526
ucb_b0,171.0,0.0,3.0,-40.36335337162018
ucb_b0,172.0,0.0,3.0,-32.270894289016724
ucb_b0,173.0,0.0,3.0,-47.37938952445984
ucb_b0,174.0,0.0,3.0,-28.076881766319275
ucb_b0,175.0,0.0,3.0,-31.956615328788757
ucb_b0,176.0,0.0,3.0,-39.50035548210144
ucb_b0,177.0,0.0,3.0,-39.68761467933655
ucb_b0,178.0,0.0,3.0,-33.9421101808548
ucb_b0,179.0,0.0,3.0,-37.45390796661377
ucb_b0,180.0,0.0,3.0,-47.15908432006836
ucb_b0,181.0,0.0,3.0,-21.437952995300293
ucb_b0,182.0,0.0,3.0,-32.44922637939453
ucb_b0,183.0,0.0,3.0,-32.28743928670883
ucb_b0,185.0,0.0,3.0,-26.414914846420288
ucb_b0,186.0,0.0,3.0,-29.148497939109802
ucb_b0,187.0,0.0,3.0,-32.34650230407715
ucb_b0,188.0,0.0,3.0,-27.071779131889343
ucb_b0,190.0,0.0,3.0,-35.42352080345154
ucb_b0,191.0,0.0,3.0,-22.23380321264267
ucb_b0,192.0,0.0,3.0,-38.76887917518616
ucb_b0,193.0,0.0,3.0,-24.982293128967285
ucb_b0,195.0,0.0,3.0,-26.72605049610138
ucb_b0,196.0,0.0,3.0,-30.97452414035797
ucb_b0,197.0,0.0,3.0,-19.693576335906982
ucb_b0,198.0,0.0,3.0,-37.62302041053772
ucb_b0,199.0,0.0,3.0,-32.51719981431961
ucb_b0,200.0,0.0,3.0,-20.16201215982437
ucb_b0,201.0,0.0,3.0,-22.599159240722656
ucb_b0,202.0,0.0,3.0,-23.254820115864277
ucb_b0,203.0,0.0,3.0,-30.457185745239258
ucb_b0,204.0,0.0,3.0,-21.43431556224823
ucb_b0,205.0,0.0,3.0,-41.81440043449402
ucb_b0,206.0,0.0,3.0,-38.73375630378723
ucb_b0,207.0,0.0,3.0,-25.34443509578705
ucb_b0,208.0,0.0,3.0,-35.65962362289429
ucb_b0,209.0,0.0,3.0,-47.41918420791626
ucb_b0,210.0,0.0,3.0,-15.716815173625946
ucb_b0,211.0,0.0,3.0,-26.318191409111023
ucb_b0,212.0,0.0,3.0,-43.10819172859192
ucb_b0,213.0,0.0,3.0,-35.3334344625473
ucb_b0,214.0,0.0,3.0,-41.37816643714905
ucb_b0,215.0,0.0,3.0,-37.44510352611542
ucb_b0,216.0,0.0,3.0,-15.697047293186188
ucb_b0,217.0,0.0,3.0,-35.71910986304283
ucb_b0,218.0,0.0,3.0,-28.354928731918335
ucb_b0,219.0,0.0,3.0,-28.879653334617615
ucb_b0,220.0,0.0,3.0,-20.680959582328796
ucb_b0,221.0,0.0,3.0,-23.216098457574844
ucb_b0,222.0,0.0,3.0,-28.995254278182983
ucb_b0,223.0,0.0,3.0,-22.195197701454163
ucb_b0,224.0,0.0,3.0,-10.23667287826538
ucb_b0,225.0,0.0,3.0,-40.60398459434509
ucb_b0,226.0,0.0,3.0,-33.36671334505081
ucb_b0,227.0,0.0,3.0,-27.30798041820526
ucb_b0,228.0,0.0,3.0,-35.020365953445435
ucb_b0,229.0,0.0,3.0,-1.0193505510687828
ucb_b0,230.0,0.0,3.0,-44.67423868179321
ucb_b0,231.0,0.0,3.0,-23.916556358337402
ucb_b0,232.0,0.0,3.0,-32.690573930740356
ucb_b0,233.0,0.0,3.0,-17.522732973098755
ucb_b0,234.0,0.0,3.0,-41.89343738555908
ucb_b0,236.0,0.0,3.0,-25.885348081588745
ucb_b0,237.0,0.0,3.0,-45.33341336250305
ucb_b0,239.0,0.0,3.0,-34.814982414245605
ucb_b0,240.0,0.0,3.0,-26.005491018295288
ucb_b0,241.0,0.0,3.0,-39.1217577457428
ucb_b0,242.0,0.0,3.0,-48.28890872001648
ucb_b0,243.0,0.0,3.0,-26.05600666999817
ucb_b0,244.0,0.0,3.0,-34.51634705066681
ucb_b0,245.0,0.0,3.0,-19.864481508731842
ucb_b0,246.0,0.0,3.0,-25.987934231758118
ucb_b0,247.0,0.0,3.0,-18.537193775177002
ucb_b0,248.0,0.0,3.0,-36.77714562416077
ucb_b0,249.0,0.0,3.0,-31.981277465820312
ucb_b0,250.0,0.0,3.0,-32.11684823036194
ucb_b0,252.0,0.0,3.0,-35.913854002952576
ucb_b0,253.0,0.0,3.0,-28.26685104891658
ucb_b0,254.0,0.0,3.0,-44.495389342308044
ucb_b0,255.0,0.0,3.0,-18.05486959218979
ucb_b0,257.0,0.0,3.0,-38.700565338134766
ucb_b0,258.0,0.0,3.0,-38.87432408332825
ucb_b0,259.0,0.0,3.0,-27.893017053604126
ucb_b0,260.0,0.0,3.0,-42.07257127761841
ucb_b0,261.0,0.0,3.0,0.0
ucb_b0,262.0,0.0,3.0,-53.14407205581665
ucb_b0,263.0,0.0,3.0,-43.83126974105835
ucb_b0,264.0,0.0,3.0,-39.91359806060791
ucb_b0,266.0,0.0,3.0,-45.081897020339966
ucb_b0,267.0,0.0,3.0,-35.09508717060089
ucb_b0,268.0,0.0,3.0,-4.86956924200058
ucb_b0,269.0,0.0,3.0,-41.21242296695709
ucb_b0,270.0,0.0,3.0,-26.18893253803253
ucb_b0,271.0,0.0,3.0,-34.51056480407715
ucb_b0,272.0,0.0,3.0,-26.162968516349792
ucb_b0,273.0,0.0,3.0,-34.14534556865692
ucb_b0,274.0,0.0,3.0,-44.33346605300903
ucb_b0,275.0,0.0,3.0,-1.1310392022132874
ucb_b0,276.0,0.0,3.0,-41.7134370803833
ucb_b0,277.0,0.0,3.0,-1.516322061419487
ucb_b0,278.0,0.0,3.0,-42.75272750854492
ucb_b0,279.0,0.0,3.0,-13.802004337310791
ucb_b0,280.0,0.0,3.0,-45.60464954376221
ucb_b0,282.0,0.0,3.0,-41.87517166137695
ucb_b0,283.0,0.0,3.0,-32.67599821090698
ucb_b0,284.0,0.0,3.0,-48.48641777038574
ucb_b0,285.0,0.0,3.0,-47.35275459289551
ucb_b0,286.0,0.0,3.0,-20.49475657939911
ucb_b0,287.0,0.0,3.0,-34.744046211242676
ucb_b0,288.0,0.0,3.0,-50.955037117004395
ucb_b0,289.0,0.0,3.0,-43.0711612701416
ucb_b0,290.0,0.0,3.0,-27.76008379459381
ucb_b0,291.0,0.0,3.0,-28.713143706321716
ucb_b0,292.0,0.0,3.0,-23.76797378063202
ucb_b0,293.0,0.0,3.0,-42.57708811759949
ucb_b0,294.0,0.0,3.0,-12.295787692070007
ucb_b0,295.0,0.0,3.0,-34.879756450653076
ucb_b0,296.0,0.0,3.0,-35.17620527744293
ucb_b0,297.0,0.0,3.0,-22.828774213790894
ucb_b0,298.0,0.0,3.0,-36.930110573768616
ucb_b0,299.0,0.0,3.0,0.0
ucb_b0,300.0,0.0,3.0,-23.194502264261246
ucb_b0,301.0,0.0,3.0,-18.830688953399658
ucb_b0,302.0,0.0,3.0,-34.03032875061035
ucb_b0,303.0,0.0,3.0,-27.386586785316467
ucb_b0,304.0,0.0,3.0,-37.19085371494293
ucb_b0,305.0,0.0,3.0,-32.20357221364975
ucb_b0,306.0,0.0,3.0,-32.61134386062622
ucb_b0,307.0,0.0,3.0,-28.28975486755371
ucb_b0,308.0,0.0,3.0,-29.7802152633667
ucb_b0,309.0,0.0,3.0,-24.55788815021515
ucb_b0,310.0,0.0,3.0,-27.338961720466614
ucb_b0,311.0,0.0,3.0,-32.23217177391052
ucb_b0,312.0,0.0,3.0,-22.93455359339714
ucb_b0,313.0,0.0,3.0,-36.477684020996094
ucb_b0,314.0,0.0,3.0,-36.8049681186676
ucb_b0,315.0,0.0,3.0,-24.630012691020966
ucb_b0,316.0,0.0,3.0,-25.2875594496727
ucb_b0,317.0,0.0,3.0,-36.37075066566467
ucb_b0,318.0,0.0,3.0,-24.67372214794159
ucb_b0,319.0,0.0,3.0,-40.88032341003418
ucb_b0,320.0,0.0,3.0,-44.688716888427734
ucb_b0,321.0,0.0,3.0,-38.898502826690674
ucb_b0,322.0,0.0,3.0,-41.469924092292786
ucb_b0,323.0,0.0,3.0,-18.716814160346985
ucb_b0,324.0,0.0,3.0,-59.03509211540222
ucb_b0,325.0,0.0,3.0,-38.60329747200012
ucb_b0,326.0,0.0,3.0,-13.124459058046341
ucb_b0,327.0,0.0,3.0,-12.162929862737656
ucb_b0,328.0,0.0,3.0,-29.174654603004456
ucb_b0,329.0,0.0,3.0,-23.528656244277954
ucb_b0,330.0,0.0,3.0,-29.86159920692444
ucb_b0,331.0,0.0,3.0,-43.884500324726105
ucb_b0,332.0,0.0,3.0,-25.135514736175537
ucb_b0,333.0,0.0,3.0,-35.52132058143616
ucb_b0,334.0,0.0,3.0,-28.730581760406494
ucb_b0,336.0,0.0,3.0,-17.475884675979614
ucb_b0,337.0,0.0,3.0,-22.301087975502014
ucb_b0,338.0,0.0,3.0,-41.85579562187195
ucb_b0,340.0,0.0,3.0,-34.58217465877533
ucb_b0,341.0,0.0,3.0,-22.203920602798462
ucb_b0,342.0,0.0,3.0,-24.511065125465393
ucb_b0,343.0,0.0,3.0,-17.755984663963318
ucb_b0,344.0,0.0,3.0,-44.204339265823364
ucb_b0,346.0,0.0,3.0,-49.194784283638
ucb_b0,347.0,0.0,3.0,-33.87609243392944
ucb_b0,348.0,0.0,3.0,-43.89185839891434
ucb_b0,350.0,0.0,3.0,-36.2107869386673
ucb_b0,351.0,0.0,3.0,-21.970573782920837
ucb_b0,352.0,0.0,3.0,-31.04291260242462
ucb_b0,353.0,0.0,3.0,-44.80000877380371
ucb_b0,354.0,0.0,3.0,-28.008899807929993
ucb_b0,355.0,0.0,3.0,-50.11496448516846
ucb_b0,356.0,0.0,3.0,-31.072396278381348
ucb_b0,357.0,0.0,3.0,-23.16867035627365
ucb_b0,358.0,0.0,3.0,-31.168349146842957
ucb_b0,359.0,0.0,3.0,-45.06692096590996
ucb_b0,361.0,0.0,3.0,-33.78886353969574
ucb_b0,362.0,0.0,3.0,-30.369598269462585
ucb_b0,363.0,0.0,3.0,-31.004883527755737
ucb_b0,364.0,0.0,3.0,-42.22874116897583
ucb_b0,365.0,0.0,3.0,-30.982764959335327
ucb_b0,367.0,0.0,3.0,-35.548091530799866
ucb_b0,368.0,0.0,3.0,-30.073315382003784
ucb_b0,369.0,0.0,3.0,-31.20804524421692
ucb_b0,371.0,0.0,3.0,-44.74970602989197
ucb_b0,372.0,0.0,3.0,-43.07219672203064
ucb_b0,373.0,0.0,3.0,-33.57236570119858
ucb_b0,374.0,0.0,3.0,-34.02718162536621
ucb_b0,375.0,0.0,3.0,-47.84801268577576
ucb_b0,376.0,0.0,3.0,-30.89025866985321
ucb_b0,377.0,0.0,3.0,-7.0446736216545105
ucb_b0,378.0,0.0,3.0,-21.37190580368042
ucb_b0,379.0,0.0,3.0,-28.780430793762207
ucb_b0,380.0,0.0,3.0,-33.18490552902222
ucb_b0,381.0,0.0,3.0,-33.73845249414444
ucb_b0,382.0,0.0,3.0,-49.199034214019775
ucb_b0,383.0,0.0,3.0,-31.23077468574047
ucb_b0,384.0,0.0,3.0,-29.871198892593384
ucb_b0,385.0,0.0,3.0,-33.766763746738434
ucb_b0,386.0,0.0,3.0,0.0
ucb_b0,387.0,0.0,3.0,-41.21664476394653
ucb_b0,388.0,0.0,3.0,-28.509699523448944
ucb_b0,389.0,0.0,3.0,-31.80173683166504
ucb_b0,390.0,0.0,3.0,-27.705267548561096
ucb_b0,391.0,0.0,3.0,-26.574213981628418
ucb_b0,392.0,0.0,3.0,-16.13260978460312
ucb_b0,393.0,0.0,3.0,-25.336916506290436
ucb_b0,394.0,0.0,3.0,-41.9808309674263
ucb_b0,395.0,0.0,3.0,-4.205559402704239
ucb_b0,396.0,0.0,3.0,-33.46850824356079
ucb_b0,397.0,0.0,3.0,-30.630086362361908
ucb_b0,398.0,0.0,3.0,-26.241504669189453
ucb_b0,399.0,0.0,3.0,-41.89536714553833
ucb_b0,400.0,0.0,3.0,-37.928561210632324
ucb_b0,401.0,0.0,3.0,-28.150899350643158
ucb_b0,402.0,0.0,3.0,-50.84623861312866
ucb_b0,403.0,0.0,3.0,-32.49212384223938
ucb_b0,404.0,0.0,3.0,-36.26666188240051
ucb_b0,405.0,0.0,3.0,-37.834388732910156
ucb_b0,407.0,0.0,3.0,-22.21573519706726
ucb_b0,408.0,0.0,3.0,-31.57596606016159
ucb_b0,409.0,0.0,3.0,-22.618151396512985
ucb_b0,410.0,0.0,3.0,-38.02082943916321
ucb_b0,412.0,0.0,3.0,-37.86879801750183
ucb_b0,413.0,0.0,3.0,-40.80545616149902
ucb_b0,414.0,0.0,3.0,-19.870378732681274
ucb_b0,415.0,0.0,3.0,-42.793243408203125
ucb_b0,416.0,0.0,3.0,-31.188263773918152
ucb_b0,417.0,0.0,3.0,-46.70090675354004
ucb_b0,418.0,0.0,3.0,-19.862182408571243
ucb_b0,419.0,0.0,3.0,-41.26695227622986
ucb_b0,420.0,0.0,3.0,0.0
ucb_b0,421.0,0.0,3.0,-11.100789159536362
ucb_b0,422.0,0.0,3.0,-40.06752645969391
ucb_b0,424.0,0.0,3.0,-6.810226500034332
ucb_b0,425.0,0.0,3.0,-18.29106295108795
ucb_b0,426.0,0.0,3.0,-24.702603936195374
ucb_b0,428.0,0.0,3.0,-25.021527886390686
ucb_b0,429.0,0.0,3.0,-11.064124956727028
ucb_b0,430.0,0.0,3.0,-37.038278341293335
ucb_b0,431.0,0.0,3.0,-25.84881218150258
ucb_b0,432.0,0.0,3.0,-18.3577698469162
ucb_b0,433.0,0.0,3.0,-44.682634592056274
ucb_b0,434.0,0.0,3.0,-39.1724488735199
ucb_b0,435.0,0.0,3.0,-24.885037004947662
ucb_b0,436.0,0.0,3.0,-33.45947813987732
ucb_b0,437.0,0.0,3.0,-32.01357889175415
ucb_b0,438.0,0.0,3.0,-35.016989946365356
ucb_b0,439.0,0.0,3.0,-42.21655583381653
ucb_b0,440.0,0.0,3.0,-35.14842975139618
ucb_b0,441.0,0.0,3.0,-16.55178213119507
ucb_b0,442.0,0.0,3.0,-0.03677223902195692
ucb_b0,443.0,0.0,3.0,-0.0010002159251598641
ucb_b0,444.0,0.0,3.0,-34.62536996603012
ucb_b0,445.0,0.0,3.0,-31.210328578948975
ucb_b0,446.0,0.0,3.0,-34.3432822227478
ucb_b0,447.0,0.0,3.0,-30.041483521461487
ucb_b0,448.0,0.0,3.0,-34.4901008605957
ucb_b0,449.0,0.0,3.0,-55.571574211120605
ucb_b0,450.0,0.0,3.0,-37.296594977378845
ucb_b0,451.0,0.0,3.0,-24.795270681381226
ucb_b0,452.0,0.0,3.0,-26.563344359397888
ucb_b0,453.0,0.0,3.0,-38.222562193870544
ucb_b0,454.0,0.0,3.0,-35.7193957567215
ucb_b0,455.0,0.0,3.0,-39.14275121688843
ucb_b0,456.0,0.0,3.0,-45.99691104888916
ucb_b0,457.0,0.0,3.0,-44.34009790420532
ucb_b0,458.0,0.0,3.0,-31.730824947357178
ucb_b0,459.0,0.0,3.0,-39.4461966753006
ucb_b0,460.0,0.0,3.0,-29.676864624023438
ucb_b0,461.0,0.0,3.0,-28.787733793258667
ucb_b0,462.0,0.0,3.0,-18.549986481666565
ucb_b0,463.0,0.0,3.0,-24.929409384727478
ucb_b0,464.0,0.0,3.0,-34.72657513618469
ucb_b0,465.0,0.0,3.0,-22.23936629295349
ucb_b0,466.0,0.0,3.0,-41.47188901901245
ucb_b0,467.0,0.0,3.0,-24.658929347991943
ucb_b0,468.0,0.0,3.0,-0.010452453861944377
ucb_b0,469.0,0.0,3.0,-28.74797546863556
ucb_b0,470.0,0.0,3.0,-38.331804037094116
ucb_b0,471.0,0.0,3.0,-36.34048867225647
ucb_b0,472.0,0.0,3.0,-28.486652135849
ucb_b0,473.0,0.0,3.0,-39.89108490943909
ucb_b0,474.0,0.0,3.0,-40.17306852340698
ucb_b0,475.0,0.0,3.0,-28.60098671913147
ucb_b0,476.0,0.0,3.0,-0.05564497597515583
ucb_b0,477.0,0.0,3.0,-38.256206035614014
ucb_b0,478.0,0.0,3.0,-41.87999725341797
ucb_b0,479.0,0.0,3.0,-44.824301958084106
ucb_b0,480.0,0.0,3.0,-43.612308859825134
ucb_b0,481.0,0.0,3.0,-16.648872077465057
ucb_b0,482.0,0.0,3.0,-24.72030621767044
ucb_b0,483.0,0.0,3.0,-28.135360836982727
ucb_b0,484.0,0.0,3.0,-22.315520524978638
ucb_b0,485.0,0.0,3.0,-44.72407937049866
ucb_b0,486.0,0.0,3.0,-48.38185119628906
ucb_b0,487.0,0.0,3.0,-43.40312600135803
ucb_b0,488.0,0.0,3.0,-31.575461864471436
ucb_b0,490.0,0.0,3.0,-46.46311855316162
ucb_b0,491.0,0.0,3.0,-9.99409395456314
ucb_b0,492.0,0.0,3.0,-22.89844012260437
ucb_b0,493.0,0.0,3.0,-45.02505087852478
ucb_b0,494.0,0.0,3.0,-48.83847236633301
ucb_b0,495.0,0.0,3.0,-18.47866129875183
ucb_b0,496.0,0.0,3.0,-21.19898897409439
random,1.0,0.0,3.0,-47.95790672302246
random,2.0,0.0,3.0,-47.95790672302246
random,3.0,0.0,3.0,0.0
random,4.0,0.0,3.0,-47.95790672302246
random,5.0,0.0,3.0,-47.95790672302246
random,6.0,0.0,3.0,-47.95790672302246
random,7.0,0.0,3.0,-47.95790672302246
random,8.0,0.0,3.0,-47.95790672302246
random,9.0,0.0,3.0,-47.95790672302246
random,10.0,0.0,3.0,-47.95790672302246
random,11.0,0.0,3.0,-47.95790672302246
random,12.0,0.0,3.0,-47.95790672302246
random,13.0,0.0,3.0,-47.95790672302246
random,14.0,0.0,3.0,-47.95790672302246
random,15.0,0.0,3.0,-47.95790672302246
random,16.0,0.0,3.0,0.0
random,17.0,0.0,3.0,-47.95790672302246
random,18.0,0.0,3.0,-47.95790672302246
random,19.0,0.0,3.0,-47.95790672302246
random,20.0,0.0,3.0,-47.95790672302246
random,21.0,0.0,3.0,-47.95790672302246
random,22.0,0.0,3.0,-47.95790672302246
random,23.0,0.0,3.0,-47.95790672302246
random,24.0,0.0,3.0,-47.95790672302246
random,25.0,0.0,3.0,-47.95790672302246
random,26.0,0.0,3.0,-47.95790672302246
random,27.0,0.0,3.0,-47.95790672302246
random,28.0,0.0,3.0,-47.95790672302246
random,29.0,0.0,3.0,-47.95790672302246
random,30.0,0.0,3.0,-47.95790672302246
random,32.0,0.0,3.0,-47.95790672302246
random,33.0,0.0,3.0,-47.95790672302246
random,34.0,0.0,3.0,-47.95790672302246
random,35.0,0.0,3.0,-47.95790672302246
random,36.0,0.0,3.0,-47.95790672302246
random,37.0,0.0,3.0,-47.95790672302246
random,38.0,0.0,3.0,-47.95790672302246
random,39.0,0.0,3.0,-47.95790672302246
random,40.0,0.0,3.0,-47.95790672302246
random,41.0,0.0,3.0,-47.95790672302246
random,42.0,0.0,3.0,-47.95790672302246
random,43.0,0.0,3.0,-47.95790672302246
random,45.0,0.0,3.0,-47.95790672302246
random,46.0,0.0,3.0,-47.95790672302246
random,47.0,0.0,3.0,0.0
random,48.0,0.0,3.0,-47.95790672302246
random,49.0,0.0,3.0,-47.95790672302246
random,50.0,0.0,3.0,-47.95790672302246
random,51.0,0.0,3.0,-47.95790672302246
random,52.0,0.0,3.0,-47.95790672302246
random,53.0,0.0,3.0,-47.95790672302246
random,54.0,0.0,3.0,-47.95790672302246
random,55.0,0.0,3.0,-47.95790672302246
random,56.0,0.0,3.0,-47.95790672302246
random,58.0,0.0,3.0,-47.95790672302246
random,59.0,0.0,3.0,-47.95790672302246
random,60.0,0.0,3.0,-47.95790672302246
random,61.0,0.0,3.0,-47.95790672302246
random,64.0,0.0,3.0,-47.95790672302246
random,65.0,0.0,3.0,-47.95790672302246
random,66.0,0.0,3.0,-47.95790672302246
random,67.0,0.0,3.0,-47.95790672302246
random,68.0,0.0,3.0,-47.95790672302246
random,69.0,0.0,3.0,-47.95790672302246
random,70.0,0.0,3.0,-47.95790672302246
random,71.0,0.0,3.0,-47.95790672302246
random,72.0,0.0,3.0,-47.95790672302246
random,73.0,0.0,3.0,-47.95790672302246
random,74.0,0.0,3.0,-47.95790672302246
random,75.0,0.0,3.0,-47.95790672302246
random,76.0,0.0,3.0,-47.95790672302246
random,77.0,0.0,3.0,-47.95790672302246
random,78.0,0.0,3.0,-47.95790672302246
random,79.0,0.0,3.0,-47.95790672302246
random,80.0,0.0,3.0,-47.95790672302246
random,81.0,0.0,3.0,-47.95790672302246
random,82.0,0.0,3.0,-47.95790672302246
random,83.0,0.0,3.0,-47.95790672302246
random,84.0,0.0,3.0,-47.95790672302246
random,85.0,0.0,3.0,-47.95790672302246
random,87.0,0.0,3.0,-47.95790672302246
random,88.0,0.0,3.0,-47.95790672302246
random,89.0,0.0,3.0,-47.95790672302246
random,90.0,0.0,3.0,0.0
random,91.0,0.0,3.0,-47.95790672302246
random,92.0,0.0,3.0,-47.95790672302246
random,93.0,0.0,3.0,-47.95790672302246
random,94.0,0.0,3.0,-47.95790672302246
random,95.0,0.0,3.0,-47.95790672302246
random,96.0,0.0,3.0,-47.95790672302246
random,98.0,0.0,3.0,-47.95790672302246
random,99.0,0.0,3.0,-47.95790672302246
random,101.0,0.0,3.0,-47.95790672302246
random,102.0,0.0,3.0,-47.95790672302246
random,103.0,0.0,3.0,-47.95790672302246
random,104.0,0.0,3.0,-47.95790672302246
random,105.0,0.0,3.0,-47.95790672302246
random,106.0,0.0,3.0,-47.95790672302246
random,107.0,0.0,3.0,-47.95790672302246
random,108.0,0.0,3.0,-47.95790672302246
random,109.0,0.0,3.0,-47.95790672302246
random,111.0,0.0,3.0,-47.95790672302246
random,112.0,0.0,3.0,-47.95790672302246
random,113.0,0.0,3.0,-47.95790672302246
random,114.0,0.0,3.0,-47.95790672302246
random,115.0,0.0,3.0,-47.95790672302246
random,116.0,0.0,3.0,-47.95790672302246
random,117.0,0.0,3.0,-47.95790672302246
random,118.0,0.0,3.0,-47.95790672302246
random,119.0,0.0,3.0,-47.95790672302246
random,120.0,0.0,3.0,-47.95790672302246
random,121.0,0.0,3.0,-47.95790672302246
random,122.0,0.0,3.0,-47.95790672302246
random,123.0,0.0,3.0,-47.95790672302246
random,124.0,0.0,3.0,-47.95790672302246
random,125.0,0.0,3.0,-47.95790672302246
random,126.0,0.0,3.0,-47.95790672302246
random,128.0,0.0,3.0,-47.95790672302246
random,130.0,0.0,3.0,-47.95790672302246
random,131.0,0.0,3.0,-47.95790672302246
random,132.0,0.0,3.0,-47.95790672302246
random,133.0,0.0,3.0,-47.95790672302246
random,134.0,0.0,3.0,-47.95790672302246
random,135.0,0.0,3.0,-47.95790672302246
random,136.0,0.0,3.0,-47.95790672302246
random,137.0,0.0,3.0,-47.95790672302246
random,138.0,0.0,3.0,-47.95790672302246
random,139.0,0.0,3.0,0.0
random,140.0,0.0,3.0,-47.95790672302246
random,141.0,0.0,3.0,-47.95790672302246
random,142.0,0.0,3.0,-47.95790672302246
random,143.0,0.0,3.0,-47.95790672302246
random,144.0,0.0,3.0,-47.95790672302246
random,145.0,0.0,3.0,-47.95790672302246
random,146.0,0.0,3.0,-47.95790672302246
random,147.0,0.0,3.0,-47.95790672302246
random,148.0,0.0,3.0,-47.95790672302246
random,149.0,0.0,3.0,-47.95790672302246
random,150.0,0.0,3.0,-47.95790672302246
random,151.0,0.0,3.0,-47.95790672302246
random,152.0,0.0,3.0,-47.95790672302246
random,153.0,0.0,3.0,-47.95790672302246
random,154.0,0.0,3.0,-47.95790672302246
random,155.0,0.0,3.0,-47.95790672302246
random,156.0,0.0,3.0,-47.95790672302246
random,158.0,0.0,3.0,-47.95790672302246
random,159.0,0.0,3.0,-47.95790672302246
random,160.0,0.0,3.0,-47.95790672302246
random,161.0,0.0,3.0,-47.95790672302246
random,162.0,0.0,3.0,-47.95790672302246
random,163.0,0.0,3.0,-47.95790672302246
random,165.0,0.0,3.0,-47.95790672302246
random,166.0,0.0,3.0,-47.95790672302246
random,167.0,0.0,3.0,-47.95790672302246
random,168.0,0.0,3.0,-47.95790672302246
random,169.0,0.0,3.0,-47.95790672302246
random,170.0,0.0,3.0,-47.95790672302246
random,171.0,0.0,3.0,-47.95790672302246
random,172.0,0.0,3.0,-47.95790672302246
random,173.0,0.0,3.0,-47.95790672302246
random,174.0,0.0,3.0,-47.95790672302246
random,175.0,0.0,3.0,-47.95790672302246
random,176.0,0.0,3.0,-47.95790672302246
random,177.0,0.0,3.0,-47.95790672302246
random,178.0,0.0,3.0,-47.95790672302246
random,179.0,0.0,3.0,-47.95790672302246
random,180.0,0.0,3.0,-47.95790672302246
random,181.0,0.0,3.0,-47.95790672302246
random,182.0,0.0,3.0,-47.95790672302246
random,183.0,0.0,3.0,-47.95790672302246
random,185.0,0.0,3.0,-47.95790672302246
random,186.0,0.0,3.0,-47.95790672302246
random,187.0,0.0,3.0,-47.95790672302246
random,188.0,0.0,3.0,-47.95790672302246
random,190.0,0.0,3.0,-47.95790672302246
random,191.0,0.0,3.0,-47.95790672302246
random,192.0,0.0,3.0,-47.95790672302246
random,193.0,0.0,3.0,-47.95790672302246
random,195.0,0.0,3.0,-47.95790672302246
random,196.0,0.0,3.0,-47.95790672302246
random,197.0,0.0,3.0,-47.95790672302246
random,198.0,0.0,3.0,-47.95790672302246
random,199.0,0.0,3.0,-47.95790672302246
random,200.0,0.0,3.0,-47.95790672302246
random,201.0,0.0,3.0,-47.95790672302246
random,202.0,0.0,3.0,-47.95790672302246
random,203.0,0.0,3.0,-47.95790672302246
random,204.0,0.0,3.0,-47.95790672302246
random,205.0,0.0,3.0,-47.95790672302246
random,206.0,0.0,3.0,-47.95790672302246
random,207.0,0.0,3.0,-47.95790672302246
random,208.0,0.0,3.0,-47.95790672302246
random,209.0,0.0,3.0,-47.95790672302246
random,210.0,0.0,3.0,-47.95790672302246
random,211.0,0.0,3.0,-47.95790672302246
random,212.0,0.0,3.0,-47.95790672302246
random,213.0,0.0,3.0,-47.95790672302246
random,214.0,0.0,3.0,-47.95790672302246
random,215.0,0.0,3.0,-47.95790672302246
random,216.0,0.0,3.0,-47.95790672302246
random,217.0,0.0,3.0,-47.95790672302246
random,218.0,0.0,3.0,-47.95790672302246
random,219.0,0.0,3.0,-47.95790672302246
random,220.0,0.0,3.0,-47.95790672302246
random,221.0,0.0,3.0,-47.95790672302246
random,222.0,0.0,3.0,-47.95790672302246
random,223.0,0.0,3.0,-47.95790672302246
random,224.0,0.0,3.0,-47.95790672302246
random,225.0,0.0,3.0,-47.95790672302246
random,226.0,0.0,3.0,-47.95790672302246
random,227.0,0.0,3.0,-47.95790672302246
random,228.0,0.0,3.0,-47.95790672302246
random,229.0,0.0,3.0,-47.95790672302246
random,230.0,0.0,3.0,-47.95790672302246
random,231.0,0.0,3.0,-47.95790672302246
random,232.0,0.0,3.0,-47.95790672302246
random,233.0,0.0,3.0,-47.95790672302246
random,234.0,0.0,3.0,-47.95790672302246
random,236.0,0.0,3.0,-47.95790672302246
random,237.0,0.0,3.0,-47.95790672302246
random,239.0,0.0,3.0,-47.95790672302246
random,240.0,0.0,3.0,-47.95790672302246
random,241.0,0.0,3.0,-47.95790672302246
random,242.0,0.0,3.0,-47.95790672302246
random,243.0,0.0,3.0,-47.95790672302246
random,244.0,0.0,3.0,-47.95790672302246
random,245.0,0.0,3.0,-47.95790672302246
random,246.0,0.0,3.0,-47.95790672302246
random,247.0,0.0,3.0,-47.95790672302246
random,248.0,0.0,3.0,-47.95790672302246
random,249.0,0.0,3.0,-47.95790672302246
random,250.0,0.0,3.0,-47.95790672302246
random,252.0,0.0,3.0,-47.95790672302246
random,253.0,0.0,3.0,-47.95790672302246
random,254.0,0.0,3.0,-47.95790672302246
random,255.0,0.0,3.0,-47.95790672302246
random,257.0,0.0,3.0,-47.95790672302246
random,258.0,0.0,3.0,-47.95790672302246
random,259.0,0.0,3.0,-47.95790672302246
random,260.0,0.0,3.0,-47.95790672302246
random,261.0,0.0,3.0,0.0
random,262.0,0.0,3.0,-47.95790672302246
random,263.0,0.0,3.0,-47.95790672302246
random,264.0,0.0,3.0,-47.95790672302246
random,266.0,0.0,3.0,-47.95790672302246
random,267.0,0.0,3.0,-47.95790672302246
random,268.0,0.0,3.0,-47.95790672302246
random,269.0,0.0,3.0,-47.95790672302246
random,270.0,0.0,3.0,-47.95790672302246
random,271.0,0.0,3.0,-47.95790672302246
random,272.0,0.0,3.0,-47.95790672302246
random,273.0,0.0,3.0,-47.95790672302246
random,274.0,0.0,3.0,-47.95790672302246
random,275.0,0.0,3.0,-47.95790672302246
random,276.0,0.0,3.0,-47.95790672302246
random,277.0,0.0,3.0,-47.95790672302246
random,278.0,0.0,3.0,-47.95790672302246
random,279.0,0.0,3.0,-47.95790672302246
random,280.0,0.0,3.0,-47.95790672302246
random,282.0,0.0,3.0,-47.95790672302246
random,283.0,0.0,3.0,-47.95790672302246
random,284.0,0.0,3.0,-47.95790672302246
random,285.0,0.0,3.0,-47.95790672302246
random,286.0,0.0,3.0,-47.95790672302246
random,287.0,0.0,3.0,-47.95790672302246
random,288.0,0.0,3.0,-47.95790672302246
random,289.0,0.0,3.0,-47.95790672302246
random,290.0,0.0,3.0,-47.95790672302246
random,291.0,0.0,3.0,-47.95790672302246
random,292.0,0.0,3.0,-47.95790672302246
random,293.0,0.0,3.0,-47.95790672302246
random,294.0,0.0,3.0,-47.95790672302246
random,295.0,0.0,3.0,-47.95790672302246
random,296.0,0.0,3.0,-47.95790672302246
random,297.0,0.0,3.0,-47.95790672302246
random,298.0,0.0,3.0,-47.95790672302246
random,299.0,0.0,3.0,0.0
random,300.0,0.0,3.0,-47.95790672302246
random,301.0,0.0,3.0,-47.95790672302246
random,302.0,0.0,3.0,-47.95790672302246
random,303.0,0.0,3.0,-47.95790672302246
random,304.0,0.0,3.0,-47.95790672302246
random,305.0,0.0,3.0,-47.95790672302246
random,306.0,0.0,3.0,-47.95790672302246
random,307.0,0.0,3.0,-47.95790672302246
random,308.0,0.0,3.0,-47.95790672302246
random,309.0,0.0,3.0,-47.95790672302246
random,310.0,0.0,3.0,-47.95790672302246
random,311.0,0.0,3.0,-47.95790672302246
random,312.0,0.0,3.0,-47.95790672302246
random,313.0,0.0,3.0,-47.95790672302246
random,314.0,0.0,3.0,-47.95790672302246
random,315.0,0.0,3.0,-47.95790672302246
random,316.0,0.0,3.0,-47.95790672302246
random,317.0,0.0,3.0,-47.95790672302246
random,318.0,0.0,3.0,-47.95790672302246
random,319.0,0.0,3.0,-47.95790672302246
random,320.0,0.0,3.0,-47.95790672302246
random,321.0,0.0,3.0,-47.95790672302246
random,322.0,0.0,3.0,-47.95790672302246
random,323.0,0.0,3.0,-47.95790672302246
random,324.0,0.0,3.0,-47.95790672302246
random,325.0,0.0,3.0,-47.95790672302246
random,326.0,0.0,3.0,-47.95790672302246
random,327.0,0.0,3.0,-47.95790672302246
random,328.0,0.0,3.0,-47.95790672302246
random,329.0,0.0,3.0,-47.95790672302246
random,330.0,0.0,3.0,-47.95790672302246
random,331.0,0.0,3.0,-47.95790672302246
random,332.0,0.0,3.0,-47.95790672302246
random,333.0,0.0,3.0,-47.95790672302246
random,334.0,0.0,3.0,-47.95790672302246
random,336.0,0.0,3.0,-47.95790672302246
random,337.0,0.0,3.0,-47.95790672302246
random,338.0,0.0,3.0,-47.95790672302246
random,340.0,0.0,3.0,-47.95790672302246
random,341.0,0.0,3.0,-47.95790672302246
random,342.0,0.0,3.0,-47.95790672302246
random,343.0,0.0,3.0,-47.95790672302246
random,344.0,0.0,3.0,-47.95790672302246
random,346.0,0.0,3.0,-47.95790672302246
random,347.0,0.0,3.0,-47.95790672302246
random,348.0,0.0,3.0,-47.95790672302246
random,350.0,0.0,3.0,-47.95790672302246
random,351.0,0.0,3.0,-47.95790672302246
random,352.0,0.0,3.0,-47.95790672302246
random,353.0,0.0,3.0,-47.95790672302246
random,354.0,0.0,3.0,-47.95790672302246
random,355.0,0.0,3.0,-47.95790672302246
random,356.0,0.0,3.0,-47.95790672302246
random,357.0,0.0,3.0,-47.95790672302246
random,358.0,0.0,3.0,-47.95790672302246
random,359.0,0.0,3.0,-47.95790672302246
random,361.0,0.0,3.0,-47.95790672302246
random,362.0,0.0,3.0,-47.95790672302246
random,363.0,0.0,3.0,-47.95790672302246
random,364.0,0.0,3.0,-47.95790672302246
random,365.0,0.0,3.0,-47.95790672302246
random,367.0,0.0,3.0,-47.95790672302246
random,368.0,0.0,3.0,-47.95790672302246
random,369.0,0.0,3.0,-47.95790672302246
random,371.0,0.0,3.0,-47.95790672302246
random,372.0,0.0,3.0,-47.95790672302246
random,373.0,0.0,3.0,-47.95790672302246
random,374.0,0.0,3.0,-47.95790672302246
random,375.0,0.0,3.0,-47.95790672302246
random,376.0,0.0,3.0,-47.95790672302246
random,377.0,0.0,3.0,-47.95790672302246
random,378.0,0.0,3.0,-47.95790672302246
random,379.0,0.0,3.0,-47.95790672302246
random,380.0,0.0,3.0,-47.95790672302246
random,381.0,0.0,3.0,-47.95790672302246
random,382.0,0.0,3.0,-47.95790672302246
random,383.0,0.0,3.0,-47.95790672302246
random,384.0,0.0,3.0,-47.95790672302246
random,385.0,0.0,3.0,-47.95790672302246
random,386.0,0.0,3.0,0.0
random,387.0,0.0,3.0,-47.95790672302246
random,388.0,0.0,3.0,-47.95790672302246
random,389.0,0.0,3.0,-47.95790672302246
random,390.0,0.0,3.0,-47.95790672302246
random,391.0,0.0,3.0,-47.95790672302246
random,392.0,0.0,3.0,-47.95790672302246
random,393.0,0.0,3.0,-47.95790672302246
random,394.0,0.0,3.0,-47.95790672302246
random,395.0,0.0,3.0,-47.95790672302246
random,396.0,0.0,3.0,-47.95790672302246
random,397.0,0.0,3.0,-47.95790672302246
random,398.0,0.0,3.0,-47.95790672302246
random,399.0,0.0,3.0,-47.95790672302246
random,400.0,0.0,3.0,-47.95790672302246
random,401.0,0.0,3.0,-47.95790672302246
random,402.0,0.0,3.0,-47.95790672302246
random,403.0,0.0,3.0,-47.95790672302246
random,404.0,0.0,3.0,-47.95790672302246
random,405.0,0.0,3.0,-47.95790672302246
random,407.0,0.0,3.0,-47.95790672302246
random,408.0,0.0,3.0,-47.95790672302246
random,409.0,0.0,3.0,-47.95790672302246
random,410.0,0.0,3.0,-47.95790672302246
random,412.0,0.0,3.0,-47.95790672302246
random,413.0,0.0,3.0,-47.95790672302246
random,414.0,0.0,3.0,-47.95790672302246
random,415.0,0.0,3.0,-47.95790672302246
random,416.0,0.0,3.0,-47.95790672302246
random,417.0,0.0,3.0,-47.95790672302246
random,418.0,0.0,3.0,-47.95790672302246
random,419.0,0.0,3.0,-47.95790672302246
random,420.0,0.0,3.0,0.0
random,421.0,0.0,3.0,-47.95790672302246
random,422.0,0.0,3.0,-47.95790672302246
random,424.0,0.0,3.0,-47.95790672302246
random,425.0,0.0,3.0,-47.95790672302246
random,426.0,0.0,3.0,-47.95790672302246
random,428.0,0.0,3.0,-47.95790672302246
random,429.0,0.0,3.0,-47.95790672302246
random,430.0,0.0,3.0,-47.95790672302246
random,431.0,0.0,3.0,-47.95790672302246
random,432.0,0.0,3.0,-47.95790672302246
random,433.0,0.0,3.0,-47.95790672302246
random,434.0,0.0,3.0,-47.95790672302246
random,435.0,0.0,3.0,-47.95790672302246
random,436.0,0.0,3.0,-47.95790672302246
random,437.0,0.0,3.0,-47.95790672302246
random,438.0,0.0,3.0,-47.95790672302246
random,439.0,0.0,3.0,-47.95790672302246
random,440.0,0.0,3.0,-47.95790672302246
random,441.0,0.0,3.0,-47.95790672302246
random,442.0,0.0,3.0,-47.95790672302246
random,443.0,0.0,3.0,-47.95790672302246
random,444.0,0.0,3.0,-47.95790672302246
random,445.0,0.0,3.0,-47.95790672302246
random,446.0,0.0,3.0,-47.95790672302246
random,447.0,0.0,3.0,-47.95790672302246
random,448.0,0.0,3.0,-47.95790672302246
random,449.0,0.0,3.0,-47.95790672302246
random,450.0,0.0,3.0,-47.95790672302246
random,451.0,0.0,3.0,-47.95790672302246
random,452.0,0.0,3.0,-47.95790672302246
random,453.0,0.0,3.0,-47.95790672302246
random,454.0,0.0,3.0,-47.95790672302246
random,455.0,0.0,3.0,-47.95790672302246
random,456.0,0.0,3.0,-47.95790672302246
random,457.0,0.0,3.0,-47.95790672302246
random,458.0,0.0,3.0,-47.95790672302246
random,459.0,0.0,3.0,-47.95790672302246
random,460.0,0.0,3.0,-47.95790672302246
random,461.0,0.0,3.0,-47.95790672302246
random,462.0,0.0,3.0,-47.95790672302246
random,463.0,0.0,3.0,-47.95790672302246
random,464.0,0.0,3.0,-47.95790672302246
random,465.0,0.0,3.0,-47.95790672302246
random,466.0,0.0,3.0,-47.95790672302246
random,467.0,0.0,3.0,-47.95790672302246
random,468.0,0.0,3.0,-47.95790672302246
random,469.0,0.0,3.0,-47.95790672302246
random,470.0,0.0,3.0,-47.95790672302246
random,471.0,0.0,3.0,-47.95790672302246
random,472.0,0.0,3.0,-47.95790672302246
random,473.0,0.0,3.0,-47.95790672302246
random,474.0,0.0,3.0,-47.95790672302246
random,475.0,0.0,3.0,-47.95790672302246
random,476.0,0.0,3.0,-47.95790672302246
random,477.0,0.0,3.0,-47.95790672302246
random,478.0,0.0,3.0,-47.95790672302246
random,479.0,0.0,3.0,-47.95790672302246
random,480.0,0.0,3.0,-47.95790672302246
random,481.0,0.0,3.0,-47.95790672302246
random,482.0,0.0,3.0,-47.95790672302246
random,483.0,0.0,3.0,-47.95790672302246
random,484.0,0.0,3.0,-47.95790672302246
random,485.0,0.0,3.0,-47.95790672302246
random,486.0,0.0,3.0,-47.95790672302246
random,487.0,0.0,3.0,-47.95790672302246
random,488.0,0.0,3.0,-47.95790672302246
random,490.0,0.0,3.0,-47.95790672302246
random,491.0,0.0,3.0,-47.95790672302246
random,492.0,0.0,3.0,-47.95790672302246
random,493.0,0.0,3.0,-47.95790672302246
random,494.0,0.0,3.0,-47.95790672302246
random,495.0,0.0,3.0,-47.95790672302246
random,496.0,0.0,3.0,-47.95790672302246
ucb_lcb_n,1.0,0.0,4.0,-44.69970726966858
ucb_lcb_n,2.0,0.0,4.0,-30.68368309736252
ucb_lcb_n,3.0,0.0,4.0,-47.01869857311249
ucb_lcb_n,4.0,0.0,4.0,-41.539554834365845
ucb_lcb_n,5.0,0.0,4.0,-24.933539360761642
ucb_lcb_n,6.0,0.0,4.0,-38.08103883266449
ucb_lcb_n,7.0,0.0,4.0,-25.927349351346493
ucb_lcb_n,8.0,0.0,4.0,-8.179286897182465
ucb_lcb_n,9.0,0.0,4.0,-16.3386789560318
ucb_lcb_n,10.0,0.0,4.0,-47.61474370956421
ucb_lcb_n,11.0,0.0,4.0,-22.348911225795746
ucb_lcb_n,12.0,0.0,4.0,-21.737654842436314
ucb_lcb_n,13.0,0.0,4.0,-14.295110642910004
ucb_lcb_n,14.0,0.0,4.0,-36.53756511211395
ucb_lcb_n,15.0,0.0,4.0,-26.642414093017578
ucb_lcb_n,16.0,0.0,4.0,-42.05857264995575
ucb_lcb_n,17.0,0.0,4.0,-15.134211093187332
ucb_lcb_n,18.0,0.0,4.0,-30.46883961558342
ucb_lcb_n,19.0,0.0,4.0,-8.49025822430849
ucb_lcb_n,20.0,0.0,4.0,-12.927507042884827
ucb_lcb_n,21.0,0.0,4.0,-13.665850281715393
ucb_lcb_n,22.0,0.0,4.0,-14.337262451648712
ucb_lcb_n,23.0,0.0,4.0,-44.23574137687683
ucb_lcb_n,24.0,0.0,4.0,-20.336309179663658
ucb_lcb_n,25.0,0.0,4.0,-22.209260687232018
ucb_lcb_n,26.0,0.0,4.0,-38.83258330821991
ucb_lcb_n,27.0,0.0,4.0,-25.48424407839775
ucb_lcb_n,28.0,0.0,4.0,-55.091174840927124
ucb_lcb_n,29.0,0.0,4.0,-16.954169631004333
ucb_lcb_n,30.0,0.0,4.0,-32.68445587158203
ucb_lcb_n,32.0,0.0,4.0,-14.085535526275635
ucb_lcb_n,33.0,0.0,4.0,-33.98882448673248
ucb_lcb_n,34.0,0.0,4.0,-6.311897933483124
ucb_lcb_n,35.0,0.0,4.0,-31.154317647218704
ucb_lcb_n,36.0,0.0,4.0,-58.09273719787598
ucb_lcb_n,37.0,0.0,4.0,-42.578731298446655
ucb_lcb_n,38.0,0.0,4.0,-13.143269568681717
ucb_lcb_n,39.0,0.0,4.0,-26.80378520488739
ucb_lcb_n,40.0,0.0,4.0,-23.07665468007326
ucb_lcb_n,41.0,0.0,4.0,-31.058339416980743
ucb_lcb_n,42.0,0.0,4.0,-23.361141622066498
ucb_lcb_n,43.0,0.0,4.0,-40.91451185941696
ucb_lcb_n,45.0,0.0,4.0,-29.69366966187954
ucb_lcb_n,46.0,0.0,4.0,-32.26710617542267
ucb_lcb_n,47.0,0.0,4.0,-28.36290991306305
ucb_lcb_n,48.0,0.0,4.0,-28.01953187584877
ucb_lcb_n,49.0,0.0,4.0,-41.833271503448486
ucb_lcb_n,50.0,0.0,4.0,-40.9019318819046
ucb_lcb_n,51.0,0.0,4.0,-29.784184336662292
ucb_lcb_n,52.0,0.0,4.0,-30.0099196434021
ucb_lcb_n,53.0,0.0,4.0,-27.489907026290894
ucb_lcb_n,54.0,0.0,4.0,-28.291494071483612
ucb_lcb_n,55.0,0.0,4.0,-41.35748994350433
ucb_lcb_n,56.0,0.0,4.0,-11.890353824943304
ucb_lcb_n,58.0,0.0,4.0,-43.189653396606445
ucb_lcb_n,59.0,0.0,4.0,-40.85048055648804
ucb_lcb_n,60.0,0.0,4.0,-29.288199424743652
ucb_lcb_n,61.0,0.0,4.0,-58.24056285619736
ucb_lcb_n,64.0,0.0,4.0,-15.657908037304878
ucb_lcb_n,65.0,0.0,4.0,-41.40133202075958
ucb_lcb_n,66.0,0.0,4.0,-36.662805795669556
ucb_lcb_n,67.0,0.0,4.0,-23.796766340732574
ucb_lcb_n,68.0,0.0,4.0,-42.586225271224976
ucb_lcb_n,69.0,0.0,4.0,-37.841945707798004
ucb_lcb_n,70.0,0.0,4.0,-24.188252449035645
ucb_lcb_n,71.0,0.0,4.0,-28.154589965939522
ucb_lcb_n,72.0,0.0,4.0,-32.67067302763462
ucb_lcb_n,73.0,0.0,4.0,-38.34063696861267
ucb_lcb_n,74.0,0.0,4.0,-22.30311679840088
ucb_lcb_n,75.0,0.0,4.0,-41.0989231467247
ucb_lcb_n,76.0,0.0,4.0,-20.73919153213501
ucb_lcb_n,77.0,0.0,4.0,-26.253676772117615
ucb_lcb_n,78.0,0.0,4.0,-32.91830891370773
ucb_lcb_n,79.0,0.0,4.0,-26.207451939582825
ucb_lcb_n,80.0,0.0,4.0,-34.05477595329285
ucb_lcb_n,81.0,0.0,4.0,-29.332332134246826
ucb_lcb_n,82.0,0.0,4.0,-71.94262170791626
ucb_lcb_n,83.0,0.0,4.0,-40.32226824760437
ucb_lcb_n,84.0,0.0,4.0,-39.88703799247742
ucb_lcb_n,85.0,0.0,4.0,-58.3350705653429
ucb_lcb_n,87.0,0.0,4.0,-44.53842771053314
ucb_lcb_n,88.0,0.0,4.0,-51.60949778556824
ucb_lcb_n,89.0,0.0,4.0,-25.560267508029938
ucb_lcb_n,90.0,0.0,4.0,-44.62974429130554
ucb_lcb_n,91.0,0.0,4.0,-44.312108516693115
ucb_lcb_n,92.0,0.0,4.0,-47.7000013589859
ucb_lcb_n,93.0,0.0,4.0,-21.566378355026245
ucb_lcb_n,94.0,0.0,4.0,0.0
ucb_lcb_n,95.0,0.0,4.0,-0.8606040254235268
ucb_lcb_n,96.0,0.0,4.0,-32.92789500951767
ucb_lcb_n,98.0,0.0,4.0,-35.75147294998169
ucb_lcb_n,99.0,0.0,4.0,-35.92727601528168
ucb_lcb_n,101.0,0.0,4.0,-40.34704315662384
ucb_lcb_n,102.0,0.0,4.0,-37.82421511411667
ucb_lcb_n,103.0,0.0,4.0,-23.549811363220215
ucb_lcb_n,104.0,0.0,4.0,-49.224600315093994
ucb_lcb_n,105.0,0.0,4.0,-46.380544662475586
ucb_lcb_n,106.0,0.0,4.0,-26.673873782157898
ucb_lcb_n,107.0,0.0,4.0,0.0
ucb_lcb_n,108.0,0.0,4.0,-26.845969915390015
ucb_lcb_n,109.0,0.0,4.0,-12.516581813804805
ucb_lcb_n,111.0,0.0,4.0,-36.60882067680359
ucb_lcb_n,112.0,0.0,4.0,-25.167978942394257
ucb_lcb_n,113.0,0.0,4.0,-24.303160153329372
ucb_lcb_n,114.0,0.0,4.0,-24.214240312576294
ucb_lcb_n,115.0,0.0,4.0,-21.25601565092802
ucb_lcb_n,116.0,0.0,4.0,-39.525105476379395
ucb_lcb_n,117.0,0.0,4.0,-24.493110343813896
ucb_lcb_n,118.0,0.0,4.0,-12.634768724441528
ucb_lcb_n,119.0,0.0,4.0,-15.531784564256668
ucb_lcb_n,120.0,0.0,4.0,-27.935911655426025
ucb_lcb_n,121.0,0.0,4.0,-34.494723439216614
ucb_lcb_n,122.0,0.0,4.0,-14.36531138420105
ucb_lcb_n,123.0,0.0,4.0,-19.572102048434317
ucb_lcb_n,124.0,0.0,4.0,-26.93984591960907
ucb_lcb_n,125.0,0.0,4.0,-41.66974687576294
ucb_lcb_n,126.0,0.0,4.0,-25.58482253551483
ucb_lcb_n,128.0,0.0,4.0,-19.19848670065403
ucb_lcb_n,130.0,0.0,4.0,-41.41149091720581
ucb_lcb_n,131.0,0.0,4.0,-6.151856534183025
ucb_lcb_n,132.0,0.0,4.0,-17.288421258330345
ucb_lcb_n,133.0,0.0,4.0,-18.70721995830536
ucb_lcb_n,134.0,0.0,4.0,-24.744192957878113
ucb_lcb_n,135.0,0.0,4.0,-17.928602695465088
ucb_lcb_n,136.0,0.0,4.0,-18.497356241568923
ucb_lcb_n,137.0,0.0,4.0,-37.30398893356323
ucb_lcb_n,138.0,0.0,4.0,-23.129858791828156
ucb_lcb_n,139.0,0.0,4.0,-30.660494804382324
ucb_lcb_n,140.0,0.0,4.0,-20.882540941238403
ucb_lcb_n,141.0,0.0,4.0,-43.879281520843506
ucb_lcb_n,142.0,0.0,4.0,-20.900765776634216
ucb_lcb_n,143.0,0.0,4.0,-31.73303508758545
ucb_lcb_n,144.0,0.0,4.0,-15.561272948980331
ucb_lcb_n,145.0,0.0,4.0,-36.027801141142845
ucb_lcb_n,146.0,0.0,4.0,-53.637518644332886
ucb_lcb_n,147.0,0.0,4.0,-16.430679470300674
ucb_lcb_n,148.0,0.0,4.0,-36.76100397109985
ucb_lcb_n,149.0,0.0,4.0,-32.87463569641113
ucb_lcb_n,150.0,0.0,4.0,-24.6216017305851
ucb_lcb_n,151.0,0.0,4.0,-39.84765803813934
ucb_lcb_n,152.0,0.0,4.0,-49.556151390075684
ucb_lcb_n,153.0,0.0,4.0,-7.446485536522232
ucb_lcb_n,154.0,0.0,4.0,-47.51650142669678
ucb_lcb_n,155.0,0.0,4.0,-23.36823844909668
ucb_lcb_n,156.0,0.0,4.0,-12.363496661186218
ucb_lcb_n,158.0,0.0,4.0,-23.455137252807617
ucb_lcb_n,159.0,0.0,4.0,-30.553654193878174
ucb_lcb_n,160.0,0.0,4.0,-37.25480234622955
ucb_lcb_n,161.0,0.0,4.0,-30.361667156219482
ucb_lcb_n,162.0,0.0,4.0,-14.829114287160337
ucb_lcb_n,163.0,0.0,4.0,-47.04132652282715
ucb_lcb_n,165.0,0.0,4.0,-22.642757296562195
ucb_lcb_n,166.0,0.0,4.0,0.0
ucb_lcb_n,167.0,0.0,4.0,0.0
ucb_lcb_n,168.0,0.0,4.0,-55.86246919631958
ucb_lcb_n,169.0,0.0,4.0,-28.08365362882614
ucb_lcb_n,170.0,0.0,4.0,-29.586593985557556
ucb_lcb_n,171.0,0.0,4.0,-21.70269787311554
ucb_lcb_n,172.0,0.0,4.0,-49.80064940452576
ucb_lcb_n,173.0,0.0,4.0,-39.414790391922
ucb_lcb_n,174.0,0.0,4.0,-18.338931918144226
ucb_lcb_n,175.0,0.0,4.0,-20.4291473031044
ucb_lcb_n,176.0,0.0,4.0,-12.569138988852501
ucb_lcb_n,177.0,0.0,4.0,-27.84367400407791
ucb_lcb_n,178.0,0.0,4.0,-32.27899384498596
ucb_lcb_n,179.0,0.0,4.0,-37.93470358848572
ucb_lcb_n,180.0,0.0,4.0,-38.3046019077301
ucb_lcb_n,181.0,0.0,4.0,-27.377299427986145
ucb_lcb_n,182.0,0.0,4.0,-22.611088126897812
ucb_lcb_n,183.0,0.0,4.0,-48.71548843383789
ucb_lcb_n,185.0,0.0,4.0,-17.779695510864258
ucb_lcb_n,186.0,0.0,4.0,-12.912674779072404
ucb_lcb_n,187.0,0.0,4.0,-31.274577021598816
ucb_lcb_n,188.0,0.0,4.0,-24.110638737678528
ucb_lcb_n,190.0,0.0,4.0,-31.514896981418133
ucb_lcb_n,191.0,0.0,4.0,-30.685187086462975
ucb_lcb_n,192.0,0.0,4.0,-19.931967735290527
ucb_lcb_n,193.0,0.0,4.0,-25.4866364300251
ucb_lcb_n,195.0,0.0,4.0,-8.46516602486372
ucb_lcb_n,196.0,0.0,4.0,-15.446246147155762
ucb_lcb_n,197.0,0.0,4.0,-22.23914086818695
ucb_lcb_n,198.0,0.0,4.0,-21.475252345204353
ucb_lcb_n,199.0,0.0,4.0,-20.041716277599335
ucb_lcb_n,200.0,0.0,4.0,-15.657620668411255
ucb_lcb_n,201.0,0.0,4.0,-25.20382857322693
ucb_lcb_n,202.0,0.0,4.0,-13.186721492558718
ucb_lcb_n,203.0,0.0,4.0,-35.982641875743866
ucb_lcb_n,204.0,0.0,4.0,-29.945481717586517
ucb_lcb_n,205.0,0.0,4.0,-14.468131259083748
ucb_lcb_n,206.0,0.0,4.0,-37.38607323169708
ucb_lcb_n,207.0,0.0,4.0,-31.615638494491577
ucb_lcb_n,208.0,0.0,4.0,-44.52732706069946
ucb_lcb_n,209.0,0.0,4.0,-47.73380994796753
ucb_lcb_n,210.0,0.0,4.0,-20.149622440338135
ucb_lcb_n,211.0,0.0,4.0,-41.53575420379639
ucb_lcb_n,212.0,0.0,4.0,-16.1261824965477
ucb_lcb_n,213.0,0.0,4.0,-14.091007316485047
ucb_lcb_n,214.0,0.0,4.0,-50.66622495651245
ucb_lcb_n,215.0,0.0,4.0,-16.350583910942078
ucb_lcb_n,216.0,0.0,4.0,-19.348305344581604
ucb_lcb_n,217.0,0.0,4.0,-36.09644794464111
ucb_lcb_n,218.0,0.0,4.0,-17.91497839987278
ucb_lcb_n,219.0,0.0,4.0,-40.647509813308716
ucb_lcb_n,220.0,0.0,4.0,-32.470035672187805
ucb_lcb_n,221.0,0.0,4.0,-16.119404077529907
ucb_lcb_n,222.0,0.0,4.0,-25.749714851379395
ucb_lcb_n,223.0,0.0,4.0,-22.730222821235657
ucb_lcb_n,224.0,0.0,4.0,-37.52002787590027
ucb_lcb_n,225.0,0.0,4.0,-34.219551503658295
ucb_lcb_n,226.0,0.0,4.0,-43.29259252548218
ucb_lcb_n,227.0,0.0,4.0,-17.345338106155396
ucb_lcb_n,228.0,0.0,4.0,-36.36708378791809
ucb_lcb_n,229.0,0.0,4.0,-0.0010002159251598641
ucb_lcb_n,230.0,0.0,4.0,-22.921118773519993
ucb_lcb_n,231.0,0.0,4.0,-41.81381559371948
ucb_lcb_n,232.0,0.0,4.0,-26.785028398036957
ucb_lcb_n,233.0,0.0,4.0,-36.490065932273865
ucb_lcb_n,234.0,0.0,4.0,-46.82172465324402
ucb_lcb_n,236.0,0.0,4.0,-16.76351496577263
ucb_lcb_n,237.0,0.0,4.0,-32.10993850231171
ucb_lcb_n,239.0,0.0,4.0,-37.74051912128925
ucb_lcb_n,240.0,0.0,4.0,-29.652045845985413
ucb_lcb_n,241.0,0.0,4.0,-46.29794478416443
ucb_lcb_n,242.0,0.0,4.0,-35.008280754089355
ucb_lcb_n,243.0,0.0,4.0,-30.4814350605011
ucb_lcb_n,244.0,0.0,4.0,0.0
ucb_lcb_n,245.0,0.0,4.0,-8.666841924190521
ucb_lcb_n,246.0,0.0,4.0,-27.734590649604797
ucb_lcb_n,247.0,0.0,4.0,-39.648998856544495
ucb_lcb_n,248.0,0.0,4.0,-17.09084053337574
ucb_lcb_n,249.0,0.0,4.0,-49.29012095928192
ucb_lcb_n,250.0,0.0,4.0,-39.8221777677536
ucb_lcb_n,252.0,0.0,4.0,-63.53549778461456
ucb_lcb_n,253.0,0.0,4.0,-26.094883918762207
ucb_lcb_n,254.0,0.0,4.0,-26.43848529458046
ucb_lcb_n,255.0,0.0,4.0,-18.279404044151306
ucb_lcb_n,257.0,0.0,4.0,-48.31797981262207
ucb_lcb_n,258.0,0.0,4.0,-58.55222845077515
ucb_lcb_n,259.0,0.0,4.0,-30.2844540476799
ucb_lcb_n,260.0,0.0,4.0,-38.17924427986145
ucb_lcb_n,261.0,0.0,4.0,-41.91391497850418
ucb_lcb_n,262.0,0.0,4.0,-17.958494782447815
ucb_lcb_n,263.0,0.0,4.0,-17.789373755455017
ucb_lcb_n,264.0,0.0,4.0,-14.219913087785244
ucb_lcb_n,266.0,0.0,4.0,-26.05535590648651
ucb_lcb_n,267.0,0.0,4.0,-36.66349273920059
ucb_lcb_n,268.0,0.0,4.0,-8.426293551921844
ucb_lcb_n,269.0,0.0,4.0,-43.056396543979645
ucb_lcb_n,270.0,0.0,4.0,-9.395951122045517
ucb_lcb_n,271.0,0.0,4.0,-48.972593545913696
ucb_lcb_n,272.0,0.0,4.0,0.0
ucb_lcb_n,273.0,0.0,4.0,-22.430089712142944
ucb_lcb_n,274.0,0.0,4.0,-12.810631275177002
ucb_lcb_n,275.0,0.0,4.0,-13.493351519107819
ucb_lcb_n,276.0,0.0,4.0,-26.974105954170227
ucb_lcb_n,277.0,0.0,4.0,-15.534294307231903
ucb_lcb_n,278.0,0.0,4.0,-39.67394280433655
ucb_lcb_n,279.0,0.0,4.0,-42.90133237838745
ucb_lcb_n,280.0,0.0,4.0,-23.351597726345062
ucb_lcb_n,282.0,0.0,4.0,-28.994445085525513
ucb_lcb_n,283.0,0.0,4.0,-16.631040513515472
ucb_lcb_n,284.0,0.0,4.0,-39.19735336303711
ucb_lcb_n,285.0,0.0,4.0,-26.4922935962677
ucb_lcb_n,286.0,0.0,4.0,-25.70137667655945
ucb_lcb_n,287.0,0.0,4.0,-8.696708178147674
ucb_lcb_n,288.0,0.0,4.0,-50.08184218406677
ucb_lcb_n,289.0,0.0,4.0,-37.008894711732864
ucb_lcb_n,290.0,0.0,4.0,-30.12608589231968
ucb_lcb_n,291.0,0.0,4.0,-33.73127567768097
ucb_lcb_n,292.0,0.0,4.0,-28.6689555644989
ucb_lcb_n,293.0,0.0,4.0,-36.26546764373779
ucb_lcb_n,294.0,0.0,4.0,-20.84048867225647
ucb_lcb_n,295.0,0.0,4.0,-40.93836545944214
ucb_lcb_n,296.0,0.0,4.0,-21.72063899040222
ucb_lcb_n,297.0,0.0,4.0,-35.92334294319153
ucb_lcb_n,298.0,0.0,4.0,-19.21156507730484
ucb_lcb_n,299.0,0.0,4.0,-49.3846321105957
ucb_lcb_n,300.0,0.0,4.0,-3.9850142896175385
ucb_lcb_n,301.0,0.0,4.0,-16.16698384284973
ucb_lcb_n,302.0,0.0,4.0,-20.42077910900116
ucb_lcb_n,303.0,0.0,4.0,-12.159908324480057
ucb_lcb_n,304.0,0.0,4.0,-25.482314854860306
ucb_lcb_n,305.0,0.0,4.0,-18.06639052927494
ucb_lcb_n,306.0,0.0,4.0,-19.039329916238785
ucb_lcb_n,307.0,0.0,4.0,-41.75742053985596
ucb_lcb_n,308.0,0.0,4.0,-27.2374427318573
ucb_lcb_n,309.0,0.0,4.0,-18.022656947374344
ucb_lcb_n,310.0,0.0,4.0,-22.942437410354614
ucb_lcb_n,311.0,0.0,4.0,-29.599469423294067
ucb_lcb_n,312.0,0.0,4.0,-19.914246201515198
ucb_lcb_n,313.0,0.0,4.0,-13.83017997443676
ucb_lcb_n,314.0,0.0,4.0,-37.691428899765015
ucb_lcb_n,315.0,0.0,4.0,-34.68280494213104
ucb_lcb_n,316.0,0.0,4.0,-17.02582949399948
ucb_lcb_n,317.0,0.0,4.0,-31.748952388763428
ucb_lcb_n,318.0,0.0,4.0,-16.252032697200775
ucb_lcb_n,319.0,0.0,4.0,-33.51443764939904
ucb_lcb_n,320.0,0.0,4.0,-26.84156283736229
ucb_lcb_n,321.0,0.0,4.0,-29.427168250083923
ucb_lcb_n,322.0,0.0,4.0,-17.74647900299169
ucb_lcb_n,323.0,0.0,4.0,-34.420758962631226
ucb_lcb_n,324.0,0.0,4.0,-26.79345938563347
ucb_lcb_n,325.0,0.0,4.0,-46.80154573917389
ucb_lcb_n,326.0,0.0,4.0,-27.295199632644653
ucb_lcb_n,327.0,0.0,4.0,-27.778770625591278
ucb_lcb_n,328.0,0.0,4.0,-42.88067317008972
ucb_lcb_n,329.0,0.0,4.0,-25.327872276306152
ucb_lcb_n,330.0,0.0,4.0,-29.929508566856384
ucb_lcb_n,331.0,0.0,4.0,-37.10258150100708
ucb_lcb_n,332.0,0.0,4.0,-43.74959683418274
ucb_lcb_n,333.0,0.0,4.0,-41.352473735809326
ucb_lcb_n,334.0,0.0,4.0,-22.495608031749725
ucb_lcb_n,336.0,0.0,4.0,-36.509802729589865
ucb_lcb_n,337.0,0.0,4.0,-81.35480499267578
ucb_lcb_n,338.0,0.0,4.0,-54.760193824768066
ucb_lcb_n,340.0,0.0,4.0,-34.59311878681183
ucb_lcb_n,341.0,0.0,4.0,-14.825434505939484
ucb_lcb_n,342.0,0.0,4.0,-24.241151988506317
ucb_lcb_n,343.0,0.0,4.0,-27.712124943733215
ucb_lcb_n,344.0,0.0,4.0,-12.13756674528122
ucb_lcb_n,346.0,0.0,4.0,-39.415851354599
ucb_lcb_n,347.0,0.0,4.0,-27.34603989124298
ucb_lcb_n,348.0,0.0,4.0,-28.813016653060913
ucb_lcb_n,350.0,0.0,4.0,-11.773816704750061
ucb_lcb_n,351.0,0.0,4.0,-19.71501386165619
ucb_lcb_n,352.0,0.0,4.0,-31.6052148938179
ucb_lcb_n,353.0,0.0,4.0,-20.63283497095108
ucb_lcb_n,354.0,0.0,4.0,-81.14605903625488
ucb_lcb_n,355.0,0.0,4.0,-48.42225646972656
ucb_lcb_n,356.0,0.0,4.0,-17.049539387226105
ucb_lcb_n,357.0,0.0,4.0,-19.440856158733368
ucb_lcb_n,358.0,0.0,4.0,-29.259189650416374
ucb_lcb_n,359.0,0.0,4.0,-25.186251878738403
ucb_lcb_n,361.0,0.0,4.0,-17.393240705132484
ucb_lcb_n,362.0,0.0,4.0,-48.93508434295654
ucb_lcb_n,363.0,0.0,4.0,-31.289117217063904
ucb_lcb_n,364.0,0.0,4.0,-36.39369308948517
ucb_lcb_n,365.0,0.0,4.0,-12.019946694374084
ucb_lcb_n,367.0,0.0,4.0,-52.66179585456848
ucb_lcb_n,368.0,0.0,4.0,-39.13888547196984
ucb_lcb_n,369.0,0.0,4.0,-37.823291301727295
ucb_lcb_n,371.0,0.0,4.0,-47.49106192588806
ucb_lcb_n,372.0,0.0,4.0,-42.10575079917908
ucb_lcb_n,373.0,0.0,4.0,-24.874872267246246
ucb_lcb_n,374.0,0.0,4.0,-43.01396679878235
ucb_lcb_n,375.0,0.0,4.0,-40.497084617614746
ucb_lcb_n,376.0,0.0,4.0,-40.86920118331909
ucb_lcb_n,377.0,0.0,4.0,-14.492222011089325
ucb_lcb_n,378.0,0.0,4.0,-32.187891721725464
ucb_lcb_n,379.0,0.0,4.0,0.0
ucb_lcb_n,380.0,0.0,4.0,-52.30995577573776
ucb_lcb_n,381.0,0.0,4.0,-34.25356978178024
ucb_lcb_n,382.0,0.0,4.0,-52.223801612854004
ucb_lcb_n,383.0,0.0,4.0,-11.140919965691864
ucb_lcb_n,384.0,0.0,4.0,-35.36746644973755
ucb_lcb_n,385.0,0.0,4.0,-39.416325092315674
ucb_lcb_n,386.0,0.0,4.0,-47.274420738220215
ucb_lcb_n,387.0,0.0,4.0,-41.95981419086456
ucb_lcb_n,388.0,0.0,4.0,-29.373424649238586
ucb_lcb_n,389.0,0.0,4.0,-28.22255277633667
ucb_lcb_n,390.0,0.0,4.0,-55.614237785339355
ucb_lcb_n,391.0,0.0,4.0,-42.23352599143982
ucb_lcb_n,392.0,0.0,4.0,-12.630238361656666
ucb_lcb_n,393.0,0.0,4.0,-29.41200566291809
ucb_lcb_n,394.0,0.0,4.0,-12.855011284351349
ucb_lcb_n,395.0,0.0,4.0,-24.57554842531681
ucb_lcb_n,396.0,0.0,4.0,-27.16445428133011
ucb_lcb_n,397.0,0.0,4.0,-31.003878712654114
ucb_lcb_n,398.0,0.0,4.0,-34.04656636714935
ucb_lcb_n,399.0,0.0,4.0,-46.015246510505676
ucb_lcb_n,400.0,0.0,4.0,-36.723090410232544
ucb_lcb_n,401.0,0.0,4.0,-14.848497450351715
ucb_lcb_n,402.0,0.0,4.0,-53.643901348114014
ucb_lcb_n,403.0,0.0,4.0,-24.875618785619736
ucb_lcb_n,404.0,0.0,4.0,-13.702885281294584
ucb_lcb_n,405.0,0.0,4.0,-36.43010926246643
ucb_lcb_n,407.0,0.0,4.0,-35.69096899032593
ucb_lcb_n,408.0,0.0,4.0,-23.067111313343048
ucb_lcb_n,409.0,0.0,4.0,-16.275163799524307
ucb_lcb_n,410.0,0.0,4.0,-30.775178134441376
ucb_lcb_n,412.0,0.0,4.0,-35.30868262052536
ucb_lcb_n,413.0,0.0,4.0,-19.292214512825012
ucb_lcb_n,414.0,0.0,4.0,-13.677635371685028
ucb_lcb_n,415.0,0.0,4.0,-31.425386548042297
ucb_lcb_n,416.0,0.0,4.0,-26.58855301141739
ucb_lcb_n,417.0,0.0,4.0,-33.370153188705444
ucb_lcb_n,418.0,0.0,4.0,-38.36099970340729
ucb_lcb_n,419.0,0.0,4.0,-27.25232195854187
ucb_lcb_n,420.0,0.0,4.0,-54.31191921234131
ucb_lcb_n,421.0,0.0,4.0,-19.256063997745514
ucb_lcb_n,422.0,0.0,4.0,-36.348949790000916
ucb_lcb_n,424.0,0.0,4.0,-34.061214864254
ucb_lcb_n,425.0,0.0,4.0,-23.156513646245003
ucb_lcb_n,426.0,0.0,4.0,-33.3765172958374
ucb_lcb_n,428.0,0.0,4.0,-23.809779584407806
ucb_lcb_n,429.0,0.0,4.0,-23.07951518893242
ucb_lcb_n,430.0,0.0,4.0,-46.40841722488403
ucb_lcb_n,431.0,0.0,4.0,-41.09044247865677
ucb_lcb_n,432.0,0.0,4.0,-19.290041387081146
ucb_lcb_n,433.0,0.0,4.0,-25.24410843849182
ucb_lcb_n,434.0,0.0,4.0,-30.3704534471035
ucb_lcb_n,435.0,0.0,4.0,-15.695784330368042
ucb_lcb_n,436.0,0.0,4.0,-31.966337382793427
ucb_lcb_n,437.0,0.0,4.0,-30.601280450820923
ucb_lcb_n,438.0,0.0,4.0,-21.205188035964966
ucb_lcb_n,439.0,0.0,4.0,-26.763519287109375
ucb_lcb_n,440.0,0.0,4.0,-28.69552379846573
ucb_lcb_n,441.0,0.0,4.0,-18.604005098342896
ucb_lcb_n,442.0,0.0,4.0,-0.0020298636954976246
ucb_lcb_n,443.0,0.0,4.0,-0.7438919246196747
ucb_lcb_n,444.0,0.0,4.0,-27.5768833309412
ucb_lcb_n,445.0,0.0,4.0,-26.676089227199554
ucb_lcb_n,446.0,0.0,4.0,-37.751394748687744
ucb_lcb_n,447.0,0.0,4.0,-28.23325800895691
ucb_lcb_n,448.0,0.0,4.0,-13.780409693717957
ucb_lcb_n,449.0,0.0,4.0,-45.308820724487305
ucb_lcb_n,450.0,0.0,4.0,-51.87675404548645
ucb_lcb_n,451.0,0.0,4.0,-15.420475363731384
ucb_lcb_n,452.0,0.0,4.0,-32.59577029943466
ucb_lcb_n,453.0,0.0,4.0,-35.408031582832336
ucb_lcb_n,454.0,0.0,4.0,-14.796470195055008
ucb_lcb_n,455.0,0.0,4.0,-15.118018120527267
ucb_lcb_n,456.0,0.0,4.0,-31.36734776198864
ucb_lcb_n,457.0,0.0,4.0,-52.93839907646179
ucb_lcb_n,458.0,0.0,4.0,-14.540331900119781
ucb_lcb_n,459.0,0.0,4.0,-35.581090807914734
ucb_lcb_n,460.0,0.0,4.0,-26.03507649898529
ucb_lcb_n,461.0,0.0,4.0,-10.999870121479034
ucb_lcb_n,462.0,0.0,4.0,-39.28441572189331
ucb_lcb_n,463.0,0.0,4.0,-29.87574582453817
ucb_lcb_n,464.0,0.0,4.0,-49.49744963645935
ucb_lcb_n,465.0,0.0,4.0,-10.28940451797098
ucb_lcb_n,466.0,0.0,4.0,-33.31093347072601
ucb_lcb_n,467.0,0.0,4.0,-18.83370389789343
ucb_lcb_n,468.0,0.0,4.0,-10.984226769767702
ucb_lcb_n,469.0,0.0,4.0,0.0
ucb_lcb_n,470.0,0.0,4.0,-21.13879805803299
ucb_lcb_n,471.0,0.0,4.0,-17.19837722182274
ucb_lcb_n,472.0,0.0,4.0,-21.349570155143738
ucb_lcb_n,473.0,0.0,4.0,-19.19428986310959
ucb_lcb_n,474.0,0.0,4.0,-37.3871551156044
ucb_lcb_n,475.0,0.0,4.0,-29.529664397239685
ucb_lcb_n,476.0,0.0,4.0,-32.42314681969583
ucb_lcb_n,477.0,0.0,4.0,-22.22563284635544
ucb_lcb_n,478.0,0.0,4.0,-56.381540298461914
ucb_lcb_n,479.0,0.0,4.0,-19.322631992399693
ucb_lcb_n,480.0,0.0,4.0,-17.842908173799515
ucb_lcb_n,481.0,0.0,4.0,-23.57079815864563
ucb_lcb_n,482.0,0.0,4.0,-48.78886067867279
ucb_lcb_n,483.0,0.0,4.0,-13.091149531304836
ucb_lcb_n,484.0,0.0,4.0,-37.19429823756218
ucb_lcb_n,485.0,0.0,4.0,-50.30398645438254
ucb_lcb_n,486.0,0.0,4.0,-36.43164300918579
ucb_lcb_n,487.0,0.0,4.0,-47.70386600494385
ucb_lcb_n,488.0,0.0,4.0,-25.247921034693718
ucb_lcb_n,490.0,0.0,4.0,-32.21801954507828
ucb_lcb_n,491.0,0.0,4.0,-0.34135990403592587
ucb_lcb_n,492.0,0.0,4.0,-24.833632946014404
ucb_lcb_n,493.0,0.0,4.0,-44.43053913116455
ucb_lcb_n,494.0,0.0,4.0,-37.64654088020325
ucb_lcb_n,495.0,0.0,4.0,-20.25898241996765
ucb_lcb_n,496.0,0.0,4.0,-3.8081538528203964
ucb_lcb,1.0,0.0,4.0,-42.229779958724976
ucb_lcb,2.0,0.0,4.0,-38.33981204032898
ucb_lcb,3.0,0.0,4.0,-48.51445597410202
ucb_lcb,4.0,0.0,4.0,-43.60815072059631
ucb_lcb,5.0,0.0,4.0,-24.92125964164734
ucb_lcb,6.0,0.0,4.0,-41.343958616256714
ucb_lcb,7.0,0.0,4.0,-22.885147154331207
ucb_lcb,8.0,0.0,4.0,-7.107404828071594
ucb_lcb,9.0,0.0,4.0,-25.065006494522095
ucb_lcb,10.0,0.0,4.0,-41.44145083427429
ucb_lcb,11.0,0.0,4.0,-30.170594215393066
ucb_lcb,12.0,0.0,4.0,-31.31268286705017
ucb_lcb,13.0,0.0,4.0,-14.875685274600983
ucb_lcb,14.0,0.0,4.0,-25.831250071525574
ucb_lcb,15.0,0.0,4.0,-28.863498330116272
ucb_lcb,16.0,0.0,4.0,-46.54154706001282
ucb_lcb,17.0,0.0,4.0,-15.225715950131416
ucb_lcb,18.0,0.0,4.0,-33.86593043804169
ucb_lcb,19.0,0.0,4.0,-9.946846961975098
ucb_lcb,20.0,0.0,4.0,-11.01436311006546
ucb_lcb,21.0,0.0,4.0,-14.985480666160583
ucb_lcb,22.0,0.0,4.0,-17.74797022342682
ucb_lcb,23.0,0.0,4.0,-43.90426862239838
ucb_lcb,24.0,0.0,4.0,-21.42902174592018
ucb_lcb,25.0,0.0,4.0,-19.596730023622513
ucb_lcb,26.0,0.0,4.0,-36.35312533378601
ucb_lcb,27.0,0.0,4.0,-26.974610149860382
ucb_lcb,28.0,0.0,4.0,-54.56155610084534
ucb_lcb,29.0,0.0,4.0,-22.65519493818283
ucb_lcb,30.0,0.0,4.0,-28.9036363363266
ucb_lcb,32.0,0.0,4.0,-16.757513880729675
ucb_lcb,33.0,0.0,4.0,-34.301510870456696
ucb_lcb,34.0,0.0,4.0,-6.419426545500755
ucb_lcb,35.0,0.0,4.0,-31.47212029993534
ucb_lcb,36.0,0.0,4.0,-68.94459748268127
ucb_lcb,37.0,0.0,4.0,-41.249523401260376
ucb_lcb,38.0,0.0,4.0,-13.178063243627548
ucb_lcb,39.0,0.0,4.0,-28.77517068386078
ucb_lcb,40.0,0.0,4.0,-29.291857481002808
ucb_lcb,41.0,0.0,4.0,-32.11727845668793
ucb_lcb,42.0,0.0,4.0,-22.74520355463028
ucb_lcb,43.0,0.0,4.0,-40.689957439899445
ucb_lcb,45.0,0.0,4.0,-41.76421846449375
ucb_lcb,46.0,0.0,4.0,-33.40598076581955
ucb_lcb,47.0,0.0,4.0,-27.10989809036255
ucb_lcb,48.0,0.0,4.0,-36.1177339553833
ucb_lcb,49.0,0.0,4.0,-41.15850234031677
ucb_lcb,50.0,0.0,4.0,-42.496898889541626
ucb_lcb,51.0,0.0,4.0,-29.07938301563263
ucb_lcb,52.0,0.0,4.0,-45.34598004817963
ucb_lcb,53.0,0.0,4.0,-25.627546429634094
ucb_lcb,54.0,0.0,4.0,-38.48584842681885
ucb_lcb,55.0,0.0,4.0,-32.128597259521484
ucb_lcb,56.0,0.0,4.0,-29.555086135864258
ucb_lcb,58.0,0.0,4.0,-48.945547580718994
ucb_lcb,59.0,0.0,4.0,-40.583815693855286
ucb_lcb,60.0,0.0,4.0,-30.42155694961548
ucb_lcb,61.0,0.0,4.0,-58.11517930030823
ucb_lcb,64.0,0.0,4.0,-33.79022151231766
ucb_lcb,65.0,0.0,4.0,-43.00971817970276
ucb_lcb,66.0,0.0,4.0,-31.51999807357788
ucb_lcb,67.0,0.0,4.0,-40.536561012268066
ucb_lcb,68.0,0.0,4.0,-36.94674015045166
ucb_lcb,69.0,0.0,4.0,-39.816388726234436
ucb_lcb,70.0,0.0,4.0,-27.08597457408905
ucb_lcb,71.0,0.0,4.0,-25.43493354320526
ucb_lcb,72.0,0.0,4.0,-30.48774242401123
ucb_lcb,73.0,0.0,4.0,-36.372169971466064
ucb_lcb,74.0,0.0,4.0,-23.93404996395111
ucb_lcb,75.0,0.0,4.0,-39.57499623298645
ucb_lcb,76.0,0.0,4.0,-28.1725652217865
ucb_lcb,77.0,0.0,4.0,-26.14108955860138
ucb_lcb,78.0,0.0,4.0,-33.3217493891716
ucb_lcb,79.0,0.0,4.0,-26.82656168937683
ucb_lcb,80.0,0.0,4.0,-25.853058397769928
ucb_lcb,81.0,0.0,4.0,-44.22578763961792
ucb_lcb,82.0,0.0,4.0,-92.1034049987793
ucb_lcb,83.0,0.0,4.0,-40.6933708190918
ucb_lcb,84.0,0.0,4.0,-36.62578892707825
ucb_lcb,85.0,0.0,4.0,-14.389411568641663
ucb_lcb,87.0,0.0,4.0,-43.80198276042938
ucb_lcb,88.0,0.0,4.0,-46.36307454109192
ucb_lcb,89.0,0.0,4.0,-25.225836545228958
ucb_lcb,90.0,0.0,4.0,-43.341737270355225
ucb_lcb,91.0,0.0,4.0,-42.763843059539795
ucb_lcb,92.0,0.0,4.0,-47.01047396659851
ucb_lcb,93.0,0.0,4.0,-22.054457783699036
ucb_lcb,94.0,0.0,4.0,0.0
ucb_lcb,95.0,0.0,4.0,-0.5997674986720085
ucb_lcb,96.0,0.0,4.0,-34.55937576293945
ucb_lcb,98.0,0.0,4.0,-30.705379962921143
ucb_lcb,99.0,0.0,4.0,-43.0310218334198
ucb_lcb,101.0,0.0,4.0,-40.033123433589935
ucb_lcb,102.0,0.0,4.0,-38.99679172039032
ucb_lcb,103.0,0.0,4.0,-22.67891353368759
ucb_lcb,104.0,0.0,4.0,-49.77966046333313
ucb_lcb,105.0,0.0,4.0,-46.855353355407715
ucb_lcb,106.0,0.0,4.0,-38.72121475636959
ucb_lcb,107.0,0.0,4.0,0.0
ucb_lcb,108.0,0.0,4.0,-27.022185802459717
ucb_lcb,109.0,0.0,4.0,-28.54462558031082
ucb_lcb,111.0,0.0,4.0,-36.859349966049194
ucb_lcb,112.0,0.0,4.0,-29.2950257062912
ucb_lcb,113.0,0.0,4.0,-42.14422059059143
ucb_lcb,114.0,0.0,4.0,-29.199684143066406
ucb_lcb,115.0,0.0,4.0,-28.186065435409546
ucb_lcb,116.0,0.0,4.0,-27.115392684936523
ucb_lcb,117.0,0.0,4.0,-30.376725994050503
ucb_lcb,118.0,0.0,4.0,-11.496485501527786
ucb_lcb,119.0,0.0,4.0,-15.233066752552986
ucb_lcb,120.0,0.0,4.0,-28.96154534816742
ucb_lcb,121.0,0.0,4.0,-39.76593542098999
ucb_lcb,122.0,0.0,4.0,-14.211608111858368
ucb_lcb,123.0,0.0,4.0,-18.630518451333046
ucb_lcb,124.0,0.0,4.0,-24.463039994239807
ucb_lcb,125.0,0.0,4.0,-43.48804032802582
ucb_lcb,126.0,0.0,4.0,-32.30718582868576
ucb_lcb,128.0,0.0,4.0,-17.355493918061256
ucb_lcb,130.0,0.0,4.0,-38.501588344573975
ucb_lcb,131.0,0.0,4.0,-6.263592213392258
ucb_lcb,132.0,0.0,4.0,-29.26599931716919
ucb_lcb,133.0,0.0,4.0,-20.226138710975647
ucb_lcb,134.0,0.0,4.0,-27.619421243667603
ucb_lcb,135.0,0.0,4.0,-18.448610544204712
ucb_lcb,136.0,0.0,4.0,-18.457421036437154
ucb_lcb,137.0,0.0,4.0,-33.03684449195862
ucb_lcb,138.0,0.0,4.0,-26.436519905924797
ucb_lcb,139.0,0.0,4.0,-30.216274857521057
ucb_lcb,140.0,0.0,4.0,-28.288214802742004
ucb_lcb,141.0,0.0,4.0,-47.110456705093384
ucb_lcb,142.0,0.0,4.0,-21.010830760002136
ucb_lcb,143.0,0.0,4.0,-30.729655504226685
ucb_lcb,144.0,0.0,4.0,-28.27406132593751
ucb_lcb,145.0,0.0,4.0,-32.695857882499695
ucb_lcb,146.0,0.0,4.0,-43.44219923019409
ucb_lcb,147.0,0.0,4.0,-16.32351291179657
ucb_lcb,148.0,0.0,4.0,-32.905354499816895
ucb_lcb,149.0,0.0,4.0,-31.137900352478027
ucb_lcb,150.0,0.0,4.0,-26.96621573716402
ucb_lcb,151.0,0.0,4.0,-40.177327394485474
ucb_lcb,152.0,0.0,4.0,-52.10397028923035
ucb_lcb,153.0,0.0,4.0,-7.059245066251606
ucb_lcb,154.0,0.0,4.0,-48.80152988433838
ucb_lcb,155.0,0.0,4.0,-24.679144382476807
ucb_lcb,156.0,0.0,4.0,-11.459308086428791
ucb_lcb,158.0,0.0,4.0,-24.727171182632446
ucb_lcb,159.0,0.0,4.0,-29.444325268268585
ucb_lcb,160.0,0.0,4.0,-35.664788126945496
ucb_lcb,161.0,0.0,4.0,-37.18325138092041
ucb_lcb,162.0,0.0,4.0,-15.194463160820305
ucb_lcb,163.0,0.0,4.0,-46.4096155166626
ucb_lcb,165.0,0.0,4.0,-22.78048539161682
ucb_lcb,166.0,0.0,4.0,0.0
ucb_lcb,167.0,0.0,4.0,0.0
ucb_lcb,168.0,0.0,4.0,-49.24294972419739
ucb_lcb,169.0,0.0,4.0,-34.66287350654602
ucb_lcb,170.0,0.0,4.0,-31.06930112838745
ucb_lcb,171.0,0.0,4.0,-31.937196016311646
ucb_lcb,172.0,0.0,4.0,-37.67556190490723
ucb_lcb,173.0,0.0,4.0,-40.64074087142944
ucb_lcb,174.0,0.0,4.0,-16.878087043762207
ucb_lcb,175.0,0.0,4.0,-30.401280641555786
ucb_lcb,176.0,0.0,4.0,-30.433071613311768
ucb_lcb,177.0,0.0,4.0,-28.641966700553894
ucb_lcb,178.0,0.0,4.0,-27.92192852497101
ucb_lcb,179.0,0.0,4.0,-42.12743949890137
ucb_lcb,180.0,0.0,4.0,-34.992642402648926
ucb_lcb,181.0,0.0,4.0,-27.92109704017639
ucb_lcb,182.0,0.0,4.0,-24.64241471886635
ucb_lcb,183.0,0.0,4.0,-48.61071848869324
ucb_lcb,185.0,0.0,4.0,-16.66203334927559
ucb_lcb,186.0,0.0,4.0,-28.268847227096558
ucb_lcb,187.0,0.0,4.0,-31.343144059181213
ucb_lcb,188.0,0.0,4.0,-29.822035312652588
ucb_lcb,190.0,0.0,4.0,-30.758903235197067
ucb_lcb,191.0,0.0,4.0,-23.50277268886566
ucb_lcb,192.0,0.0,4.0,-19.42016887664795
ucb_lcb,193.0,0.0,4.0,-28.484822273254395
ucb_lcb,195.0,0.0,4.0,-11.80375893972814
ucb_lcb,196.0,0.0,4.0,-22.293082237243652
ucb_lcb,197.0,0.0,4.0,-23.680851191282272
ucb_lcb,198.0,0.0,4.0,-34.12521755695343
ucb_lcb,199.0,0.0,4.0,-19.882073178887367
ucb_lcb,200.0,0.0,4.0,-14.426411986351013
ucb_lcb,201.0,0.0,4.0,-23.7909939289093
ucb_lcb,202.0,0.0,4.0,-11.977304577827454
ucb_lcb,203.0,0.0,4.0,-32.478146612644196
ucb_lcb,204.0,0.0,4.0,-30.67155885696411
ucb_lcb,205.0,0.0,4.0,-14.744360491633415
ucb_lcb,206.0,0.0,4.0,-42.74930143356323
ucb_lcb,207.0,0.0,4.0,-29.3220317363739
ucb_lcb,208.0,0.0,4.0,-42.64381170272827
ucb_lcb,209.0,0.0,4.0,-43.20673871040344
ucb_lcb,210.0,0.0,4.0,-22.288528978824615
ucb_lcb,211.0,0.0,4.0,-41.978193044662476
ucb_lcb,212.0,0.0,4.0,-16.843250036239624
ucb_lcb,213.0,0.0,4.0,-31.990022778511047
ucb_lcb,214.0,0.0,4.0,-50.9691219329834
ucb_lcb,215.0,0.0,4.0,-20.33698859810829
ucb_lcb,216.0,0.0,4.0,-19.596923053264618
ucb_lcb,217.0,0.0,4.0,-34.17405343055725
ucb_lcb,218.0,0.0,4.0,-27.81715500354767
ucb_lcb,219.0,0.0,4.0,-15.225247025489807
ucb_lcb,220.0,0.0,4.0,-32.50988960266113
ucb_lcb,221.0,0.0,4.0,-17.33662462234497
ucb_lcb,222.0,0.0,4.0,-27.12842309474945
ucb_lcb,223.0,0.0,4.0,-26.6930890083313
ucb_lcb,224.0,0.0,4.0,-38.24401652812958
ucb_lcb,225.0,0.0,4.0,-33.737521171569824
ucb_lcb,226.0,0.0,4.0,-43.5061137676239
ucb_lcb,227.0,0.0,4.0,-17.051250517368317
ucb_lcb,228.0,0.0,4.0,-28.447545289993286
ucb_lcb,229.0,0.0,4.0,-0.0010002159251598641
ucb_lcb,230.0,0.0,4.0,-35.277726888656616
ucb_lcb,231.0,0.0,4.0,-42.253843784332275
ucb_lcb,232.0,0.0,4.0,-26.29541329294443
ucb_lcb,233.0,0.0,4.0,-40.31307101249695
ucb_lcb,234.0,0.0,4.0,-34.226086139678955
ucb_lcb,236.0,0.0,4.0,-20.151423454284668
ucb_lcb,237.0,0.0,4.0,-32.41559290885925
ucb_lcb,239.0,0.0,4.0,-36.454747438430786
ucb_lcb,240.0,0.0,4.0,-27.43352508544922
ucb_lcb,241.0,0.0,4.0,-46.082151889801025
ucb_lcb,242.0,0.0,4.0,-72.2798216342926
ucb_lcb,243.0,0.0,4.0,-31.783319413661957
ucb_lcb,244.0,0.0,4.0,0.0
ucb_lcb,245.0,0.0,4.0,-7.642312049865723
ucb_lcb,246.0,0.0,4.0,-31.151324152946472
ucb_lcb,247.0,0.0,4.0,-33.76732933521271
ucb_lcb,248.0,0.0,4.0,-17.884234967292286
ucb_lcb,249.0,0.0,4.0,-22.777889013290405
ucb_lcb,250.0,0.0,4.0,-52.67738127708435
ucb_lcb,252.0,0.0,4.0,-65.65976417064667
ucb_lcb,253.0,0.0,4.0,-27.18175959587097
ucb_lcb,254.0,0.0,4.0,-26.353797137737274
ucb_lcb,255.0,0.0,4.0,-17.568367958068848
ucb_lcb,257.0,0.0,4.0,-46.44839000701904
ucb_lcb,258.0,0.0,4.0,-44.62138557434082
ucb_lcb,259.0,0.0,4.0,-30.17809820175171
ucb_lcb,260.0,0.0,4.0,-43.74888873100281
ucb_lcb,261.0,0.0,4.0,-45.66348493099213
ucb_lcb,262.0,0.0,4.0,-12.426973462104797
ucb_lcb,263.0,0.0,4.0,-16.7325319647789
ucb_lcb,264.0,0.0,4.0,-17.155246943235397
ucb_lcb,266.0,0.0,4.0,-29.134847164154053
ucb_lcb,267.0,0.0,4.0,-35.65458846092224
ucb_lcb,268.0,0.0,4.0,-8.54248595237732
ucb_lcb,269.0,0.0,4.0,-42.40494477748871
ucb_lcb,270.0,0.0,4.0,-9.481779634952545
ucb_lcb,271.0,0.0,4.0,-26.812716484069824
ucb_lcb,272.0,0.0,4.0,0.0
ucb_lcb,273.0,0.0,4.0,-26.31866681575775
ucb_lcb,274.0,0.0,4.0,-13.171132028102875
ucb_lcb,275.0,0.0,4.0,-13.716404378414154
ucb_lcb,276.0,0.0,4.0,-27.00972306728363
ucb_lcb,277.0,0.0,4.0,-16.23645567893982
ucb_lcb,278.0,0.0,4.0,-39.028064012527466
ucb_lcb,279.0,0.0,4.0,-40.59945321083069
ucb_lcb,280.0,0.0,4.0,-33.88931965827942
ucb_lcb,282.0,0.0,4.0,-33.005056619644165
ucb_lcb,283.0,0.0,4.0,-14.771246910095215
ucb_lcb,284.0,0.0,4.0,-36.45631289482117
ucb_lcb,285.0,0.0,4.0,-28.612213730812073
ucb_lcb,286.0,0.0,4.0,-24.50410747528076
ucb_lcb,287.0,0.0,4.0,-29.783436059951782
ucb_lcb,288.0,0.0,4.0,-41.309160351753235
ucb_lcb,289.0,0.0,4.0,-31.16211175918579
ucb_lcb,290.0,0.0,4.0,-31.962895154953003
ucb_lcb,291.0,0.0,4.0,-38.68394613265991
ucb_lcb,292.0,0.0,4.0,-30.37002182006836
ucb_lcb,293.0,0.0,4.0,-35.4897426366806
ucb_lcb,294.0,0.0,4.0,-25.132306575775146
ucb_lcb,295.0,0.0,4.0,-41.11832880973816
ucb_lcb,296.0,0.0,4.0,-23.795503616333008
ucb_lcb,297.0,0.0,4.0,-35.60472500324249
ucb_lcb,298.0,0.0,4.0,-30.049330234527588
ucb_lcb,299.0,0.0,4.0,-54.889244556427
ucb_lcb,300.0,0.0,4.0,-4.277378052473068
ucb_lcb,301.0,0.0,4.0,-15.640959203243256
ucb_lcb,302.0,0.0,4.0,-20.952905654907227
ucb_lcb,303.0,0.0,4.0,-24.72360385209322
ucb_lcb,304.0,0.0,4.0,-32.571476459503174
ucb_lcb,305.0,0.0,4.0,-25.096461474895477
ucb_lcb,306.0,0.0,4.0,-22.5755974650383
ucb_lcb,307.0,0.0,4.0,-46.50203275680542
ucb_lcb,308.0,0.0,4.0,-40.212453842163086
ucb_lcb,309.0,0.0,4.0,-22.27187565714121
ucb_lcb,310.0,0.0,4.0,-21.152064442634583
ucb_lcb,311.0,0.0,4.0,-27.5975284576416
ucb_lcb,312.0,0.0,4.0,-19.80115818977356
ucb_lcb,313.0,0.0,4.0,-25.99052407965064
ucb_lcb,314.0,0.0,4.0,-31.476001888513565
ucb_lcb,315.0,0.0,4.0,-31.88647997379303
ucb_lcb,316.0,0.0,4.0,-16.675617933273315
ucb_lcb,317.0,0.0,4.0,-32.235690236091614
ucb_lcb,318.0,0.0,4.0,-20.47749423980713
ucb_lcb,319.0,0.0,4.0,-31.5217365026474
ucb_lcb,320.0,0.0,4.0,-39.00443911552429
ucb_lcb,321.0,0.0,4.0,-38.754435300827026
ucb_lcb,322.0,0.0,4.0,-28.91701102256775
ucb_lcb,323.0,0.0,4.0,-34.825145959854126
ucb_lcb,324.0,0.0,4.0,-27.42308473587036
ucb_lcb,325.0,0.0,4.0,-45.858025670051575
ucb_lcb,326.0,0.0,4.0,-20.556464672088623
ucb_lcb,327.0,0.0,4.0,-28.645856857299805
ucb_lcb,328.0,0.0,4.0,-29.622487664222717
ucb_lcb,329.0,0.0,4.0,-32.86665153503418
ucb_lcb,330.0,0.0,4.0,-29.757547318935394
ucb_lcb,331.0,0.0,4.0,-28.40080690383911
ucb_lcb,332.0,0.0,4.0,-43.52231311798096
ucb_lcb,333.0,0.0,4.0,-31.69031286239624
ucb_lcb,334.0,0.0,4.0,-25.629900336265564
ucb_lcb,336.0,0.0,4.0,-53.55320951784961
ucb_lcb,337.0,0.0,4.0,-68.00842046737671
ucb_lcb,338.0,0.0,4.0,-40.527873516082764
ucb_lcb,340.0,0.0,4.0,-36.23775625228882
ucb_lcb,341.0,0.0,4.0,-14.953626573085785
ucb_lcb,342.0,0.0,4.0,-22.407804548740387
ucb_lcb,343.0,0.0,4.0,-31.74978196620941
ucb_lcb,344.0,0.0,4.0,-28.926037073135376
ucb_lcb,346.0,0.0,4.0,-40.93548917770386
ucb_lcb,347.0,0.0,4.0,-32.2168083190918
ucb_lcb,348.0,0.0,4.0,-34.10333824157715
ucb_lcb,350.0,0.0,4.0,-9.197814613580704
ucb_lcb,351.0,0.0,4.0,-19.608884871006012
ucb_lcb,352.0,0.0,4.0,-34.44078612327576
ucb_lcb,353.0,0.0,4.0,-32.18458700180054
ucb_lcb,354.0,0.0,4.0,-76.09982824325562
ucb_lcb,355.0,0.0,4.0,-47.8135085105896
ucb_lcb,356.0,0.0,4.0,-17.083771646022797
ucb_lcb,357.0,0.0,4.0,-24.181039333343506
ucb_lcb,358.0,0.0,4.0,-27.48513548821211
ucb_lcb,359.0,0.0,4.0,-24.735594153404236
ucb_lcb,361.0,0.0,4.0,-29.966663360595703
ucb_lcb,362.0,0.0,4.0,-48.399104595184326
ucb_lcb,363.0,0.0,4.0,-30.73126745223999
ucb_lcb,364.0,0.0,4.0,-43.12574791908264
ucb_lcb,365.0,0.0,4.0,-10.904040575027466
ucb_lcb,367.0,0.0,4.0,-47.22100639343262
ucb_lcb,368.0,0.0,4.0,-44.08300697803497
ucb_lcb,369.0,0.0,4.0,-40.88460314273834
ucb_lcb,371.0,0.0,4.0,-46.80103802680969
ucb_lcb,372.0,0.0,4.0,-48.08568024635315
ucb_lcb,373.0,0.0,4.0,-20.39178431034088
ucb_lcb,374.0,0.0,4.0,-48.529101848602295
ucb_lcb,375.0,0.0,4.0,-40.07014799118042
ucb_lcb,376.0,0.0,4.0,-42.22555184364319
ucb_lcb,377.0,0.0,4.0,-14.096309214830399
ucb_lcb,378.0,0.0,4.0,-28.314993739128113
ucb_lcb,379.0,0.0,4.0,0.0
ucb_lcb,380.0,0.0,4.0,-40.16288769245148
ucb_lcb,381.0,0.0,4.0,-34.74824529886246
ucb_lcb,382.0,0.0,4.0,-45.37224888801575
ucb_lcb,383.0,0.0,4.0,-10.759529889561236
ucb_lcb,384.0,0.0,4.0,-35.550049781799316
ucb_lcb,385.0,0.0,4.0,-39.48061728477478
ucb_lcb,386.0,0.0,4.0,-46.96668004989624
ucb_lcb,387.0,0.0,4.0,-45.78499972820282
ucb_lcb,388.0,0.0,4.0,-31.278473138809204
ucb_lcb,389.0,0.0,4.0,-33.591972172260284
ucb_lcb,390.0,0.0,4.0,-26.46482491493225
ucb_lcb,391.0,0.0,4.0,-41.6803514957428
ucb_lcb,392.0,0.0,4.0,-12.723822396248579
ucb_lcb,393.0,0.0,4.0,-21.669197916984558
ucb_lcb,394.0,0.0,4.0,-15.641575038433075
ucb_lcb,395.0,0.0,4.0,-28.469409942626953
ucb_lcb,396.0,0.0,4.0,-26.89126753807068
ucb_lcb,397.0,0.0,4.0,-30.877506017684937
ucb_lcb,398.0,0.0,4.0,-41.662933707237244
ucb_lcb,399.0,0.0,4.0,-34.9664568901062
ucb_lcb,400.0,0.0,4.0,-39.20242118835449
ucb_lcb,401.0,0.0,4.0,-19.77540558576584
ucb_lcb,402.0,0.0,4.0,-56.58666443824768
ucb_lcb,403.0,0.0,4.0,-22.64564268104732
ucb_lcb,404.0,0.0,4.0,-13.896780142560601
ucb_lcb,405.0,0.0,4.0,-30.732547640800476
ucb_lcb,407.0,0.0,4.0,-34.11007571220398
ucb_lcb,408.0,0.0,4.0,-26.952183961868286
ucb_lcb,409.0,0.0,4.0,-15.592211082577705
ucb_lcb,410.0,0.0,4.0,-33.9171347618103
ucb_lcb,412.0,0.0,4.0,-30.233547568321228
ucb_lcb,413.0,0.0,4.0,-26.569427013397217
ucb_lcb,414.0,0.0,4.0,-13.890513002872467
ucb_lcb,415.0,0.0,4.0,-33.295778036117554
ucb_lcb,416.0,0.0,4.0,-31.379190921783447
ucb_lcb,417.0,0.0,4.0,-33.48126459121704
ucb_lcb,418.0,0.0,4.0,-37.949934244155884
ucb_lcb,419.0,0.0,4.0,-17.218417525291443
ucb_lcb,420.0,0.0,4.0,-54.327181339263916
ucb_lcb,421.0,0.0,4.0,-19.678707242012024
ucb_lcb,422.0,0.0,4.0,-36.323207795619965
ucb_lcb,424.0,0.0,4.0,-35.765085339546204
ucb_lcb,425.0,0.0,4.0,-27.943706646561623
ucb_lcb,426.0,0.0,4.0,-35.40894562005997
ucb_lcb,428.0,0.0,4.0,-24.123425245285034
ucb_lcb,429.0,0.0,4.0,-23.696543097496033
ucb_lcb,430.0,0.0,4.0,-41.384671449661255
ucb_lcb,431.0,0.0,4.0,-41.928046464920044
ucb_lcb,432.0,0.0,4.0,-20.40218436717987
ucb_lcb,433.0,0.0,4.0,-24.557303845882416
ucb_lcb,434.0,0.0,4.0,-32.42262127995491
ucb_lcb,435.0,0.0,4.0,-16.50716345012188
ucb_lcb,436.0,0.0,4.0,-37.657570242881775
ucb_lcb,437.0,0.0,4.0,-35.55167484283447
ucb_lcb,438.0,0.0,4.0,-26.446121335029602
ucb_lcb,439.0,0.0,4.0,-33.27230840921402
ucb_lcb,440.0,0.0,4.0,-28.505431313067675
ucb_lcb,441.0,0.0,4.0,-13.454152226448059
ucb_lcb,442.0,0.0,4.0,-0.0010002159251598641
ucb_lcb,443.0,0.0,4.0,-0.7331259027123451
ucb_lcb,444.0,0.0,4.0,-27.304971575737
ucb_lcb,445.0,0.0,4.0,-28.461622953414917
ucb_lcb,446.0,0.0,4.0,-35.616965770721436
ucb_lcb,447.0,0.0,4.0,-31.458459973335266
ucb_lcb,448.0,0.0,4.0,-14.169467680156231
ucb_lcb,449.0,0.0,4.0,-53.34060478210449
ucb_lcb,450.0,0.0,4.0,-37.582539319992065
ucb_lcb,451.0,0.0,4.0,-13.622785925865173
ucb_lcb,452.0,0.0,4.0,-32.857641875743866
ucb_lcb,453.0,0.0,4.0,-34.470085829496384
ucb_lcb,454.0,0.0,4.0,-26.351269960403442
ucb_lcb,455.0,0.0,4.0,-16.098672091960907
ucb_lcb,456.0,0.0,4.0,-34.69123863428831
ucb_lcb,457.0,0.0,4.0,-34.274659395217896
ucb_lcb,458.0,0.0,4.0,-28.45357060432434
ucb_lcb,459.0,0.0,4.0,-30.452723741531372
ucb_lcb,460.0,0.0,4.0,-26.628135681152344
ucb_lcb,461.0,0.0,4.0,-11.18457317352295
ucb_lcb,462.0,0.0,4.0,-40.71274018287659
ucb_lcb,463.0,0.0,4.0,-29.221107022836804
ucb_lcb,464.0,0.0,4.0,-44.77302232384682
ucb_lcb,465.0,0.0,4.0,-10.234843520447612
ucb_lcb,466.0,0.0,4.0,-34.98114264011383
ucb_lcb,467.0,0.0,4.0,-18.978824330493808
ucb_lcb,468.0,0.0,4.0,-13.093723791884258
ucb_lcb,469.0,0.0,4.0,0.0
ucb_lcb,470.0,0.0,4.0,-35.237342834472656
ucb_lcb,471.0,0.0,4.0,-28.57846963405609
ucb_lcb,472.0,0.0,4.0,-20.374266147613525
ucb_lcb,473.0,0.0,4.0,-25.432731926441193
ucb_lcb,474.0,0.0,4.0,-44.59860920906067
ucb_lcb,475.0,0.0,4.0,-29.68963384628296
ucb_lcb,476.0,0.0,4.0,-51.31656657345593
ucb_lcb,477.0,0.0,4.0,-25.87085372209549
ucb_lcb,478.0,0.0,4.0,-46.9687602519989
ucb_lcb,479.0,0.0,4.0,-34.06105959415436
ucb_lcb,480.0,0.0,4.0,-30.540598392486572
ucb_lcb,481.0,0.0,4.0,-23.020917415618896
ucb_lcb,482.0,0.0,4.0,-44.96394670009613
ucb_lcb,483.0,0.0,4.0,-18.78685963153839
ucb_lcb,484.0,0.0,4.0,-46.59542798995972
ucb_lcb,485.0,0.0,4.0,-35.62672281265259
ucb_lcb,486.0,0.0,4.0,-44.798848390579224
ucb_lcb,487.0,0.0,4.0,-49.58887505531311
ucb_lcb,488.0,0.0,4.0,-24.708910815417767
ucb_lcb,490.0,0.0,4.0,-31.79910784959793
ucb_lcb,491.0,0.0,4.0,-0.0478840961586684
ucb_lcb,492.0,0.0,4.0,-25.016729831695557
ucb_lcb,493.0,0.0,4.0,-54.31522536277771
ucb_lcb,494.0,0.0,4.0,-38.146095514297485
ucb_lcb,495.0,0.0,4.0,-20.08386206626892
ucb_lcb,496.0,0.0,4.0,-3.925177201628685
ucb_b0,1.0,0.0,4.0,-43.44610130786896
ucb_b0,2.0,0.0,4.0,-35.23812198638916
ucb_b0,3.0,0.0,4.0,-51.03178930282593
ucb_b0,4.0,0.0,4.0,-43.3322057723999
ucb_b0,5.0,0.0,4.0,-25.285227119922638
ucb_b0,6.0,0.0,4.0,-38.02155411243439
ucb_b0,7.0,0.0,4.0,-27.668143272399902
ucb_b0,8.0,0.0,4.0,-6.998384177684784
ucb_b0,9.0,0.0,4.0,-23.832799792289734
ucb_b0,10.0,0.0,4.0,-48.8250789642334
ucb_b0,11.0,0.0,4.0,-29.88271915912628
ucb_b0,12.0,0.0,4.0,-38.97584581375122
ucb_b0,13.0,0.0,4.0,-17.42592829465866
ucb_b0,14.0,0.0,4.0,-35.3888418674469
ucb_b0,15.0,0.0,4.0,-26.660329818725586
ucb_b0,16.0,0.0,4.0,-36.76136231422424
ucb_b0,17.0,0.0,4.0,-15.206950187683105
ucb_b0,18.0,0.0,4.0,-34.98669970035553
ucb_b0,19.0,0.0,4.0,-29.898456692695618
ucb_b0,20.0,0.0,4.0,-13.047745108604431
ucb_b0,21.0,0.0,4.0,-17.450305104255676
ucb_b0,22.0,0.0,4.0,-15.07820338010788
ucb_b0,23.0,0.0,4.0,-44.07416796684265
ucb_b0,24.0,0.0,4.0,-20.894973441958427
ucb_b0,25.0,0.0,4.0,-25.93294257298112
ucb_b0,26.0,0.0,4.0,-40.215930104255676
ucb_b0,27.0,0.0,4.0,-26.19484829902649
ucb_b0,28.0,0.0,4.0,-48.37968063354492
ucb_b0,29.0,0.0,4.0,-21.09830641746521
ucb_b0,30.0,0.0,4.0,-36.292057037353516
ucb_b0,32.0,0.0,4.0,-26.880626320838928
ucb_b0,33.0,0.0,4.0,-35.107452750205994
ucb_b0,34.0,0.0,4.0,-9.917862176895142
ucb_b0,35.0,0.0,4.0,-30.306827060878277
ucb_b0,36.0,0.0,4.0,-42.445778608322144
ucb_b0,37.0,0.0,4.0,-45.227810859680176
ucb_b0,38.0,0.0,4.0,-12.85437697172165
ucb_b0,39.0,0.0,4.0,-27.11817979812622
ucb_b0,40.0,0.0,4.0,-30.903570413589478
ucb_b0,41.0,0.0,4.0,-32.43458831310272
ucb_b0,42.0,0.0,4.0,-24.61433184146881
ucb_b0,43.0,0.0,4.0,-35.86592483520508
ucb_b0,45.0,0.0,4.0,-18.86148428916931
ucb_b0,46.0,0.0,4.0,-34.53184622526169
ucb_b0,47.0,0.0,4.0,-37.378079652786255
ucb_b0,48.0,0.0,4.0,-37.03729271888733
ucb_b0,49.0,0.0,4.0,-37.659233808517456
ucb_b0,50.0,0.0,4.0,-44.025007009506226
ucb_b0,51.0,0.0,4.0,-29.899783849716187
ucb_b0,52.0,0.0,4.0,-27.752848148345947
ucb_b0,53.0,0.0,4.0,-26.65656328201294
ucb_b0,54.0,0.0,4.0,-33.47053265571594
ucb_b0,55.0,0.0,4.0,-33.46074652671814
ucb_b0,56.0,0.0,4.0,-27.004936695098877
ucb_b0,58.0,0.0,4.0,-40.314897656440735
ucb_b0,59.0,0.0,4.0,-41.00740098953247
ucb_b0,60.0,0.0,4.0,-34.330748200416565
ucb_b0,61.0,0.0,4.0,-57.480064153671265
ucb_b0,64.0,0.0,4.0,-31.764273762702942
ucb_b0,65.0,0.0,4.0,-42.773847699165344
ucb_b0,66.0,0.0,4.0,-41.01128005981445
ucb_b0,67.0,0.0,4.0,-32.65795695781708
ucb_b0,68.0,0.0,4.0,-37.47123575210571
ucb_b0,69.0,0.0,4.0,-20.82168197631836
ucb_b0,70.0,0.0,4.0,-26.768293142318726
ucb_b0,71.0,0.0,4.0,-33.34198606014252
ucb_b0,72.0,0.0,4.0,-34.80890345573425
ucb_b0,73.0,0.0,4.0,-31.66518473625183
ucb_b0,74.0,0.0,4.0,-23.416971802711487
ucb_b0,75.0,0.0,4.0,-38.17910289764404
ucb_b0,76.0,0.0,4.0,-31.016591429710388
ucb_b0,77.0,0.0,4.0,-26.07118535041809
ucb_b0,78.0,0.0,4.0,-32.69074273109436
ucb_b0,79.0,0.0,4.0,-26.7038711309433
ucb_b0,80.0,0.0,4.0,-28.525489687919617
ucb_b0,81.0,0.0,4.0,-36.11754649877548
ucb_b0,82.0,0.0,4.0,-31.386690616607666
ucb_b0,83.0,0.0,4.0,-41.302310943603516
ucb_b0,84.0,0.0,4.0,-36.34162187576294
ucb_b0,85.0,0.0,4.0,-13.684357285499573
ucb_b0,87.0,0.0,4.0,-44.5453759431839
ucb_b0,88.0,0.0,4.0,-46.12815761566162
ucb_b0,89.0,0.0,4.0,-26.491287291049957
ucb_b0,90.0,0.0,4.0,-44.55380439758301
ucb_b0,91.0,0.0,4.0,-44.2092387676239
ucb_b0,92.0,0.0,4.0,-47.759408712387085
ucb_b0,93.0,0.0,4.0,-19.142876088619232
ucb_b0,94.0,0.0,4.0,0.0
ucb_b0,95.0,0.0,4.0,-3.9234827160835266
ucb_b0,96.0,0.0,4.0,-33.66588866710663
ucb_b0,98.0,0.0,4.0,-40.59905409812927
ucb_b0,99.0,0.0,4.0,-40.06111216545105
ucb_b0,101.0,0.0,4.0,-40.65029036998749
ucb_b0,102.0,0.0,4.0,-37.00490075349808
ucb_b0,103.0,0.0,4.0,-23.71198296546936
ucb_b0,104.0,0.0,4.0,-48.32199716567993
ucb_b0,105.0,0.0,4.0,-44.356173515319824
ucb_b0,106.0,0.0,4.0,-26.97664761543274
ucb_b0,107.0,0.0,4.0,0.0
ucb_b0,108.0,0.0,4.0,-25.26006656885147
ucb_b0,109.0,0.0,4.0,-31.557239055633545
ucb_b0,111.0,0.0,4.0,-37.4162175655365
ucb_b0,112.0,0.0,4.0,-34.38678789138794
ucb_b0,113.0,0.0,4.0,-45.66236472129822
ucb_b0,114.0,0.0,4.0,-25.271542012691498
ucb_b0,115.0,0.0,4.0,-27.26999545097351
ucb_b0,116.0,0.0,4.0,-39.947107791900635
ucb_b0,117.0,0.0,4.0,-36.48464024066925
ucb_b0,118.0,0.0,4.0,-17.176990807056427
ucb_b0,119.0,0.0,4.0,-15.264025926589966
ucb_b0,120.0,0.0,4.0,-33.341607093811035
ucb_b0,121.0,0.0,4.0,-37.8913037776947
ucb_b0,122.0,0.0,4.0,-15.185106337070465
ucb_b0,123.0,0.0,4.0,-20.174608509987593
ucb_b0,124.0,0.0,4.0,-26.352511882781982
ucb_b0,125.0,0.0,4.0,-43.78567457199097
ucb_b0,126.0,0.0,4.0,-32.46583795547485
ucb_b0,128.0,0.0,4.0,-17.99844567477703
ucb_b0,130.0,0.0,4.0,-43.273892402648926
ucb_b0,131.0,0.0,4.0,-6.652057632803917
ucb_b0,132.0,0.0,4.0,-30.655550003051758
ucb_b0,133.0,0.0,4.0,-18.919429183006287
ucb_b0,134.0,0.0,4.0,-28.9070246219635
ucb_b0,135.0,0.0,4.0,-17.060608863830566
ucb_b0,136.0,0.0,4.0,-18.468882265500724
ucb_b0,137.0,0.0,4.0,-32.41447949409485
ucb_b0,138.0,0.0,4.0,-25.86672794818878
ucb_b0,139.0,0.0,4.0,-27.700442910194397
ucb_b0,140.0,0.0,4.0,-27.8319970369339
ucb_b0,141.0,0.0,4.0,-41.01887392997742
ucb_b0,142.0,0.0,4.0,-20.906848073005676
ucb_b0,143.0,0.0,4.0,-28.829402089118958
ucb_b0,144.0,0.0,4.0,-29.766870617866516
ucb_b0,145.0,0.0,4.0,-38.68660444021225
ucb_b0,146.0,0.0,4.0,-52.477824449539185
ucb_b0,147.0,0.0,4.0,-16.462339401245117
ucb_b0,148.0,0.0,4.0,-31.45958948135376
ucb_b0,149.0,0.0,4.0,-32.24022853374481
ucb_b0,150.0,0.0,4.0,-35.69324231147766
ucb_b0,151.0,0.0,4.0,-41.515008211135864
ucb_b0,152.0,0.0,4.0,-51.06632208824158
ucb_b0,153.0,0.0,4.0,-7.082976995268837
ucb_b0,154.0,0.0,4.0,-47.983906269073486
ucb_b0,155.0,0.0,4.0,-22.14674711227417
ucb_b0,156.0,0.0,4.0,-30.692235112190247
ucb_b0,158.0,0.0,4.0,-24.042099118232727
ucb_b0,159.0,0.0,4.0,-32.65089523792267
ucb_b0,160.0,0.0,4.0,-38.24833655357361
ucb_b0,161.0,0.0,4.0,-36.8118896484375
ucb_b0,162.0,0.0,4.0,-14.483622893691063
ucb_b0,163.0,0.0,4.0,-47.3749144077301
ucb_b0,165.0,0.0,4.0,-23.73712706565857
ucb_b0,166.0,0.0,4.0,0.0
ucb_b0,167.0,0.0,4.0,0.0
ucb_b0,168.0,0.0,4.0,-45.71083736419678
ucb_b0,169.0,0.0,4.0,-35.92734110355377
ucb_b0,170.0,0.0,4.0,-33.88689303398132
ucb_b0,171.0,0.0,4.0,-23.058545231819153
ucb_b0,172.0,0.0,4.0,-50.68932008743286
ucb_b0,173.0,0.0,4.0,-44.611655473709106
ucb_b0,174.0,0.0,4.0,-15.60350751876831
ucb_b0,175.0,0.0,4.0,-29.15525245666504
ucb_b0,176.0,0.0,4.0,-31.97057056427002
ucb_b0,177.0,0.0,4.0,-35.00276577472687
ucb_b0,178.0,0.0,4.0,-31.149504899978638
ucb_b0,179.0,0.0,4.0,-40.96844005584717
ucb_b0,180.0,0.0,4.0,-40.97274613380432
ucb_b0,181.0,0.0,4.0,-28.07631278038025
ucb_b0,182.0,0.0,4.0,-32.29418134689331
ucb_b0,183.0,0.0,4.0,-48.606308817863464
ucb_b0,185.0,0.0,4.0,-18.85899418592453
ucb_b0,186.0,0.0,4.0,-27.709113240242004
ucb_b0,187.0,0.0,4.0,-35.3980073928833
ucb_b0,188.0,0.0,4.0,-30.391738891601562
ucb_b0,190.0,0.0,4.0,-31.27397884428501
ucb_b0,191.0,0.0,4.0,-29.005164623260498
ucb_b0,192.0,0.0,4.0,-20.111218214035034
ucb_b0,193.0,0.0,4.0,-31.576065182685852
ucb_b0,195.0,0.0,4.0,-23.770634412765503
ucb_b0,196.0,0.0,4.0,-30.27386975288391
ucb_b0,197.0,0.0,4.0,-21.583992421627045
ucb_b0,198.0,0.0,4.0,-39.710974276065826
ucb_b0,199.0,0.0,4.0,-21.092687040567398
ucb_b0,200.0,0.0,4.0,-14.959059298038483
ucb_b0,201.0,0.0,4.0,-25.217328429222107
ucb_b0,202.0,0.0,4.0,-14.784222572110593
ucb_b0,203.0,0.0,4.0,-38.028831005096436
ucb_b0,204.0,0.0,4.0,-32.69201612472534
ucb_b0,205.0,0.0,4.0,-15.38865801692009
ucb_b0,206.0,0.0,4.0,-43.59748959541321
ucb_b0,207.0,0.0,4.0,-31.110134780406952
ucb_b0,208.0,0.0,4.0,-45.0144739151001
ucb_b0,209.0,0.0,4.0,-48.751582622528076
ucb_b0,210.0,0.0,4.0,-20.38157594203949
ucb_b0,211.0,0.0,4.0,-41.90241360664368
ucb_b0,212.0,0.0,4.0,-16.05285394191742
ucb_b0,213.0,0.0,4.0,-35.795398473739624
ucb_b0,214.0,0.0,4.0,-51.279090881347656
ucb_b0,215.0,0.0,4.0,-24.737914085388184
ucb_b0,216.0,0.0,4.0,-19.355143189430237
ucb_b0,217.0,0.0,4.0,-32.265098214149475
ucb_b0,218.0,0.0,4.0,-27.430341243743896
ucb_b0,219.0,0.0,4.0,-16.376404404640198
ucb_b0,220.0,0.0,4.0,-33.52731001377106
ucb_b0,221.0,0.0,4.0,-16.602441728115082
ucb_b0,222.0,0.0,4.0,-28.608720541000366
ucb_b0,223.0,0.0,4.0,-28.981653213500977
ucb_b0,224.0,0.0,4.0,-33.674808621406555
ucb_b0,225.0,0.0,4.0,-41.79432249069214
ucb_b0,226.0,0.0,4.0,-43.237173080444336
ucb_b0,227.0,0.0,4.0,-19.67657744884491
ucb_b0,228.0,0.0,4.0,-27.173796892166138
ucb_b0,229.0,0.0,4.0,-0.0010002159251598641
ucb_b0,230.0,0.0,4.0,-39.52749991416931
ucb_b0,231.0,0.0,4.0,-42.50049042701721
ucb_b0,232.0,0.0,4.0,-27.57705521583557
ucb_b0,233.0,0.0,4.0,-41.1600775718689
ucb_b0,234.0,0.0,4.0,-47.37594532966614
ucb_b0,236.0,0.0,4.0,-20.08409720659256
ucb_b0,237.0,0.0,4.0,-28.045613527297974
ucb_b0,239.0,0.0,4.0,-33.850884437561035
ucb_b0,240.0,0.0,4.0,-27.154057025909424
ucb_b0,241.0,0.0,4.0,-47.15043616294861
ucb_b0,242.0,0.0,4.0,-33.68179273605347
ucb_b0,243.0,0.0,4.0,-30.431011080741882
ucb_b0,244.0,0.0,4.0,0.0
ucb_b0,245.0,0.0,4.0,-11.400054275989532
ucb_b0,246.0,0.0,4.0,-30.578469276428223
ucb_b0,247.0,0.0,4.0,-36.043541431427
ucb_b0,248.0,0.0,4.0,-32.16883075237274
ucb_b0,249.0,0.0,4.0,-30.719292163848877
ucb_b0,250.0,0.0,4.0,-42.60573744773865
ucb_b0,252.0,0.0,4.0,-24.20334792137146
ucb_b0,253.0,0.0,4.0,-40.369585037231445
ucb_b0,254.0,0.0,4.0,-24.598949790000916
ucb_b0,255.0,0.0,4.0,-11.860999584197998
ucb_b0,257.0,0.0,4.0,-46.535566091537476
ucb_b0,258.0,0.0,4.0,-46.03861951828003
ucb_b0,259.0,0.0,4.0,-30.54938042163849
ucb_b0,260.0,0.0,4.0,-40.88692486286163
ucb_b0,261.0,0.0,4.0,-39.0471978187561
ucb_b0,262.0,0.0,4.0,-17.489672303199768
ucb_b0,263.0,0.0,4.0,-16.518585681915283
ucb_b0,264.0,0.0,4.0,-31.00959873199463
ucb_b0,266.0,0.0,4.0,-33.19906401634216
ucb_b0,267.0,0.0,4.0,-40.33316767215729
ucb_b0,268.0,0.0,4.0,-7.778702437877655
ucb_b0,269.0,0.0,4.0,-42.39389526844025
ucb_b0,270.0,0.0,4.0,-11.473734065890312
ucb_b0,271.0,0.0,4.0,-31.550193786621094
ucb_b0,272.0,0.0,4.0,0.0
ucb_b0,273.0,0.0,4.0,-29.270036220550537
ucb_b0,274.0,0.0,4.0,-13.0489501953125
ucb_b0,275.0,0.0,4.0,-13.948396146297455
ucb_b0,276.0,0.0,4.0,-14.305277585983276
ucb_b0,277.0,0.0,4.0,-15.427578181028366
ucb_b0,278.0,0.0,4.0,-38.88301491737366
ucb_b0,279.0,0.0,4.0,-41.55672311782837
ucb_b0,280.0,0.0,4.0,-34.69082736968994
ucb_b0,282.0,0.0,4.0,-36.66295266151428
ucb_b0,283.0,0.0,4.0,-14.399017095565796
ucb_b0,284.0,0.0,4.0,-45.56520891189575
ucb_b0,285.0,0.0,4.0,-19.69184696674347
ucb_b0,286.0,0.0,4.0,-26.778059601783752
ucb_b0,287.0,0.0,4.0,-29.171284437179565
ucb_b0,288.0,0.0,4.0,-39.02933931350708
ucb_b0,289.0,0.0,4.0,-42.65469002723694
ucb_b0,290.0,0.0,4.0,-38.04013013839722
ucb_b0,291.0,0.0,4.0,-38.49728584289551
ucb_b0,292.0,0.0,4.0,-31.320448875427246
ucb_b0,293.0,0.0,4.0,-33.995901226997375
ucb_b0,294.0,0.0,4.0,-22.76713478565216
ucb_b0,295.0,0.0,4.0,-41.04047894477844
ucb_b0,296.0,0.0,4.0,-24.321102142333984
ucb_b0,297.0,0.0,4.0,-41.58433437347412
ucb_b0,298.0,0.0,4.0,-29.724912524223328
ucb_b0,299.0,0.0,4.0,-48.78681921958923
ucb_b0,300.0,0.0,4.0,-4.537969172000885
ucb_b0,301.0,0.0,4.0,-15.987770855426788
ucb_b0,302.0,0.0,4.0,-21.0445317029953
ucb_b0,303.0,0.0,4.0,-34.33986842632294
ucb_b0,304.0,0.0,4.0,-30.45949077606201
ucb_b0,305.0,0.0,4.0,-28.584528267383575
ucb_b0,306.0,0.0,4.0,-30.90369975566864
ucb_b0,307.0,0.0,4.0,-43.70734119415283
ucb_b0,308.0,0.0,4.0,-34.80456876754761
ucb_b0,309.0,0.0,4.0,-27.722645163536072
ucb_b0,310.0,0.0,4.0,-20.695342302322388
ucb_b0,311.0,0.0,4.0,-30.134525537490845
ucb_b0,312.0,0.0,4.0,-19.29423624277115
ucb_b0,313.0,0.0,4.0,-29.857060968875885
ucb_b0,314.0,0.0,4.0,-40.390217423439026
ucb_b0,315.0,0.0,4.0,-30.197425723075867
ucb_b0,316.0,0.0,4.0,-17.031392216682434
ucb_b0,317.0,0.0,4.0,-33.18196201324463
ucb_b0,318.0,0.0,4.0,-20.46224284172058
ucb_b0,319.0,0.0,4.0,-36.94083642959595
ucb_b0,320.0,0.0,4.0,-39.00363898277283
ucb_b0,321.0,0.0,4.0,-35.08185124397278
ucb_b0,322.0,0.0,4.0,-28.746921002864838
ucb_b0,323.0,0.0,4.0,-34.684452056884766
ucb_b0,324.0,0.0,4.0,-36.317418456077576
ucb_b0,325.0,0.0,4.0,-46.84304130077362
ucb_b0,326.0,0.0,4.0,-21.625259399414062
ucb_b0,327.0,0.0,4.0,-27.53689968585968
ucb_b0,328.0,0.0,4.0,-39.80578970909119
ucb_b0,329.0,0.0,4.0,-28.73538637161255
ucb_b0,330.0,0.0,4.0,-30.526802837848663
ucb_b0,331.0,0.0,4.0,-36.72073793411255
ucb_b0,332.0,0.0,4.0,-42.566174030303955
ucb_b0,333.0,0.0,4.0,-44.96097755432129
ucb_b0,334.0,0.0,4.0,-24.90233063697815
ucb_b0,336.0,0.0,4.0,-37.35792141733691
ucb_b0,337.0,0.0,4.0,-76.92784929275513
ucb_b0,338.0,0.0,4.0,-55.358694553375244
ucb_b0,340.0,0.0,4.0,-27.71393084526062
ucb_b0,341.0,0.0,4.0,-14.862218260765076
ucb_b0,342.0,0.0,4.0,-21.900871455669403
ucb_b0,343.0,0.0,4.0,-30.112517714500427
ucb_b0,344.0,0.0,4.0,-28.92193579673767
ucb_b0,346.0,0.0,4.0,-39.22358167171478
ucb_b0,347.0,0.0,4.0,-32.14340806007385
ucb_b0,348.0,0.0,4.0,-26.23460614681244
ucb_b0,350.0,0.0,4.0,-9.361989319324493
ucb_b0,351.0,0.0,4.0,-19.54780548810959
ucb_b0,352.0,0.0,4.0,-41.24321734905243
ucb_b0,353.0,0.0,4.0,-33.003546476364136
ucb_b0,354.0,0.0,4.0,-71.18739223480225
ucb_b0,355.0,0.0,4.0,-49.37589168548584
ucb_b0,356.0,0.0,4.0,-17.53623253107071
ucb_b0,357.0,0.0,4.0,-20.64813858270645
ucb_b0,358.0,0.0,4.0,-41.42961013317108
ucb_b0,359.0,0.0,4.0,-24.11086857318878
ucb_b0,361.0,0.0,4.0,-31.699993014335632
ucb_b0,362.0,0.0,4.0,-48.68951892852783
ucb_b0,363.0,0.0,4.0,-35.02669596672058
ucb_b0,364.0,0.0,4.0,-37.02615785598755
ucb_b0,365.0,0.0,4.0,-11.883537948131561
ucb_b0,367.0,0.0,4.0,-51.62705183029175
ucb_b0,368.0,0.0,4.0,-42.70955002307892
ucb_b0,369.0,0.0,4.0,-43.94143605232239
ucb_b0,371.0,0.0,4.0,-48.3884801864624
ucb_b0,372.0,0.0,4.0,-41.69790172576904
ucb_b0,373.0,0.0,4.0,-20.44555252790451
ucb_b0,374.0,0.0,4.0,-44.73365020751953
ucb_b0,375.0,0.0,4.0,-42.018457889556885
ucb_b0,376.0,0.0,4.0,-41.55282163619995
ucb_b0,377.0,0.0,4.0,-16.93417316675186
ucb_b0,378.0,0.0,4.0,-28.676405668258667
ucb_b0,379.0,0.0,4.0,0.0
ucb_b0,380.0,0.0,4.0,-47.409767627716064
ucb_b0,381.0,0.0,4.0,-35.69970762729645
ucb_b0,382.0,0.0,4.0,-49.555893421173096
ucb_b0,383.0,0.0,4.0,-11.671936585567892
ucb_b0,384.0,0.0,4.0,-36.34275710582733
ucb_b0,385.0,0.0,4.0,-37.94820761680603
ucb_b0,386.0,0.0,4.0,-48.153342723846436
ucb_b0,387.0,0.0,4.0,-43.9128782749176
ucb_b0,388.0,0.0,4.0,-39.27139592170715
ucb_b0,389.0,0.0,4.0,-33.28197121620178
ucb_b0,390.0,0.0,4.0,-35.39656710624695
ucb_b0,391.0,0.0,4.0,-39.01111125946045
ucb_b0,392.0,0.0,4.0,-13.454699501395226
ucb_b0,393.0,0.0,4.0,-23.588886737823486
ucb_b0,394.0,0.0,4.0,-17.27239817380905
ucb_b0,395.0,0.0,4.0,-25.94453540444374
ucb_b0,396.0,0.0,4.0,-29.2396040558815
ucb_b0,397.0,0.0,4.0,-31.766472101211548
ucb_b0,398.0,0.0,4.0,-38.98221969604492
ucb_b0,399.0,0.0,4.0,-46.89924931526184
ucb_b0,400.0,0.0,4.0,-39.19070100784302
ucb_b0,401.0,0.0,4.0,-18.223606169223785
ucb_b0,402.0,0.0,4.0,-50.115909576416016
ucb_b0,403.0,0.0,4.0,-30.74966549873352
ucb_b0,404.0,0.0,4.0,-34.655765652656555
ucb_b0,405.0,0.0,4.0,-40.338513135910034
ucb_b0,407.0,0.0,4.0,-33.78913927078247
ucb_b0,408.0,0.0,4.0,-26.44178283214569
ucb_b0,409.0,0.0,4.0,-15.227224171161652
ucb_b0,410.0,0.0,4.0,-40.10977506637573
ucb_b0,412.0,0.0,4.0,-39.01583206653595
ucb_b0,413.0,0.0,4.0,-26.928128719329834
ucb_b0,414.0,0.0,4.0,-19.06054139137268
ucb_b0,415.0,0.0,4.0,-34.455689907073975
ucb_b0,416.0,0.0,4.0,-29.423741102218628
ucb_b0,417.0,0.0,4.0,-34.99144744873047
ucb_b0,418.0,0.0,4.0,-36.946582317352295
ucb_b0,419.0,0.0,4.0,-25.25685429573059
ucb_b0,420.0,0.0,4.0,-55.32640504837036
ucb_b0,421.0,0.0,4.0,-19.780035853385925
ucb_b0,422.0,0.0,4.0,-36.43526899814606
ucb_b0,424.0,0.0,4.0,-31.929941415786743
ucb_b0,425.0,0.0,4.0,-27.63065367937088
ucb_b0,426.0,0.0,4.0,-38.10574555397034
ucb_b0,428.0,0.0,4.0,-25.48229730129242
ucb_b0,429.0,0.0,4.0,-21.287332594394684
ucb_b0,430.0,0.0,4.0,-45.377341985702515
ucb_b0,431.0,0.0,4.0,-41.54750311374664
ucb_b0,432.0,0.0,4.0,-20.030495703220367
ucb_b0,433.0,0.0,4.0,-24.796953916549683
ucb_b0,434.0,0.0,4.0,-34.39728021621704
ucb_b0,435.0,0.0,4.0,-16.743495732545853
ucb_b0,436.0,0.0,4.0,-35.515127658843994
ucb_b0,437.0,0.0,4.0,-33.72853422164917
ucb_b0,438.0,0.0,4.0,-22.160159826278687
ucb_b0,439.0,0.0,4.0,-35.2639799118042
ucb_b0,440.0,0.0,4.0,-29.27608758211136
ucb_b0,441.0,0.0,4.0,-13.832014203071594
ucb_b0,442.0,0.0,4.0,-0.010297715081833303
ucb_b0,443.0,0.0,4.0,-0.185072747990489
ucb_b0,444.0,0.0,4.0,-27.310441434383392
ucb_b0,445.0,0.0,4.0,-31.84598398208618
ucb_b0,446.0,0.0,4.0,-35.07417905330658
ucb_b0,447.0,0.0,4.0,-30.284016132354736
ucb_b0,448.0,0.0,4.0,-10.565409749746323
ucb_b0,449.0,0.0,4.0,-46.80492687225342
ucb_b0,450.0,0.0,4.0,-41.39123487472534
ucb_b0,451.0,0.0,4.0,-13.923689603805542
ucb_b0,452.0,0.0,4.0,-33.04278868436813
ucb_b0,453.0,0.0,4.0,-42.67685604095459
ucb_b0,454.0,0.0,4.0,-26.712068915367126
ucb_b0,455.0,0.0,4.0,-20.38559651374817
ucb_b0,456.0,0.0,4.0,-36.420023918151855
ucb_b0,457.0,0.0,4.0,-52.2711296081543
ucb_b0,458.0,0.0,4.0,-27.455509781837463
ucb_b0,459.0,0.0,4.0,-37.28124022483826
ucb_b0,460.0,0.0,4.0,-26.74774420261383
ucb_b0,461.0,0.0,4.0,-11.320576667785645
ucb_b0,462.0,0.0,4.0,-40.61913466453552
ucb_b0,463.0,0.0,4.0,-31.780302584171295
ucb_b0,464.0,0.0,4.0,-46.12994050979614
ucb_b0,465.0,0.0,4.0,-10.237765589728951
ucb_b0,466.0,0.0,4.0,-37.59751224517822
ucb_b0,467.0,0.0,4.0,-17.09261818602681
ucb_b0,468.0,0.0,4.0,-9.78892832621932
ucb_b0,469.0,0.0,4.0,0.0
ucb_b0,470.0,0.0,4.0,-34.14368414878845
ucb_b0,471.0,0.0,4.0,-30.561458945274353
ucb_b0,472.0,0.0,4.0,-21.669950008392334
ucb_b0,473.0,0.0,4.0,-31.179054021835327
ucb_b0,474.0,0.0,4.0,-42.1926052570343
ucb_b0,475.0,0.0,4.0,-30.339266002178192
ucb_b0,476.0,0.0,4.0,-38.67189861834049
ucb_b0,477.0,0.0,4.0,-25.67849326133728
ucb_b0,478.0,0.0,4.0,-46.7643461227417
ucb_b0,479.0,0.0,4.0,-31.993675589561462
ucb_b0,480.0,0.0,4.0,-32.183998346328735
ucb_b0,481.0,0.0,4.0,-19.473172426223755
ucb_b0,482.0,0.0,4.0,-47.208680152893066
ucb_b0,483.0,0.0,4.0,-14.377067029476166
ucb_b0,484.0,0.0,4.0,-44.92622494697571
ucb_b0,485.0,0.0,4.0,-46.33398461341858
ucb_b0,486.0,0.0,4.0,-41.03682470321655
ucb_b0,487.0,0.0,4.0,-45.22907853126526
ucb_b0,488.0,0.0,4.0,-28.211694955825806
ucb_b0,490.0,0.0,4.0,-32.9787734746933
ucb_b0,491.0,0.0,4.0,-1.9280985593795776
ucb_b0,492.0,0.0,4.0,-24.82063126564026
ucb_b0,493.0,0.0,4.0,-35.98325705528259
ucb_b0,494.0,0.0,4.0,-40.49610209465027
ucb_b0,495.0,0.0,4.0,-20.765782594680786
ucb_b0,496.0,0.0,4.0,-4.696285828948021
random,1.0,0.0,4.0,-47.95790672302246
random,2.0,0.0,4.0,-47.95790672302246
random,3.0,0.0,4.0,-47.95790672302246
random,4.0,0.0,4.0,-47.95790672302246
random,5.0,0.0,4.0,-47.95790672302246
random,6.0,0.0,4.0,-47.95790672302246
random,7.0,0.0,4.0,-47.95790672302246
random,8.0,0.0,4.0,-47.95790672302246
random,9.0,0.0,4.0,-47.95790672302246
random,10.0,0.0,4.0,-47.95790672302246
random,11.0,0.0,4.0,-47.95790672302246
random,12.0,0.0,4.0,-47.95790672302246
random,13.0,0.0,4.0,-47.95790672302246
random,14.0,0.0,4.0,-47.95790672302246
random,15.0,0.0,4.0,-47.95790672302246
random,16.0,0.0,4.0,-47.95790672302246
random,17.0,0.0,4.0,-47.95790672302246
random,18.0,0.0,4.0,-47.95790672302246
random,19.0,0.0,4.0,-47.95790672302246
random,20.0,0.0,4.0,-47.95790672302246
random,21.0,0.0,4.0,-47.95790672302246
random,22.0,0.0,4.0,-47.95790672302246
random,23.0,0.0,4.0,-47.95790672302246
random,24.0,0.0,4.0,-47.95790672302246
random,25.0,0.0,4.0,-47.95790672302246
random,26.0,0.0,4.0,-47.95790672302246
random,27.0,0.0,4.0,-47.95790672302246
random,28.0,0.0,4.0,-47.95790672302246
random,29.0,0.0,4.0,-47.95790672302246
random,30.0,0.0,4.0,-47.95790672302246
random,32.0,0.0,4.0,-47.95790672302246
random,33.0,0.0,4.0,-47.95790672302246
random,34.0,0.0,4.0,-47.95790672302246
random,35.0,0.0,4.0,-47.95790672302246
random,36.0,0.0,4.0,-47.95790672302246
random,37.0,0.0,4.0,-47.95790672302246
random,38.0,0.0,4.0,-47.95790672302246
random,39.0,0.0,4.0,-47.95790672302246
random,40.0,0.0,4.0,-47.95790672302246
random,41.0,0.0,4.0,-47.95790672302246
random,42.0,0.0,4.0,-47.95790672302246
random,43.0,0.0,4.0,-47.95790672302246
random,45.0,0.0,4.0,-47.95790672302246
random,46.0,0.0,4.0,-47.95790672302246
random,47.0,0.0,4.0,-47.95790672302246
random,48.0,0.0,4.0,-47.95790672302246
random,49.0,0.0,4.0,-47.95790672302246
random,50.0,0.0,4.0,-47.95790672302246
random,51.0,0.0,4.0,-47.95790672302246
random,52.0,0.0,4.0,-47.95790672302246
random,53.0,0.0,4.0,-47.95790672302246
random,54.0,0.0,4.0,-47.95790672302246
random,55.0,0.0,4.0,-47.95790672302246
random,56.0,0.0,4.0,-47.95790672302246
random,58.0,0.0,4.0,-47.95790672302246
random,59.0,0.0,4.0,-47.95790672302246
random,60.0,0.0,4.0,-47.95790672302246
random,61.0,0.0,4.0,-47.95790672302246
random,64.0,0.0,4.0,-47.95790672302246
random,65.0,0.0,4.0,-47.95790672302246
random,66.0,0.0,4.0,-47.95790672302246
random,67.0,0.0,4.0,-47.95790672302246
random,68.0,0.0,4.0,-47.95790672302246
random,69.0,0.0,4.0,-47.95790672302246
random,70.0,0.0,4.0,-47.95790672302246
random,71.0,0.0,4.0,-47.95790672302246
random,72.0,0.0,4.0,-47.95790672302246
random,73.0,0.0,4.0,-47.95790672302246
random,74.0,0.0,4.0,-47.95790672302246
random,75.0,0.0,4.0,-47.95790672302246
random,76.0,0.0,4.0,-47.95790672302246
random,77.0,0.0,4.0,-47.95790672302246
random,78.0,0.0,4.0,-47.95790672302246
random,79.0,0.0,4.0,-47.95790672302246
random,80.0,0.0,4.0,-47.95790672302246
random,81.0,0.0,4.0,-47.95790672302246
random,82.0,0.0,4.0,-47.95790672302246
random,83.0,0.0,4.0,-47.95790672302246
random,84.0,0.0,4.0,-47.95790672302246
random,85.0,0.0,4.0,-47.95790672302246
random,87.0,0.0,4.0,-47.95790672302246
random,88.0,0.0,4.0,-47.95790672302246
random,89.0,0.0,4.0,-47.95790672302246
random,90.0,0.0,4.0,-47.95790672302246
random,91.0,0.0,4.0,-47.95790672302246
random,92.0,0.0,4.0,-47.95790672302246
random,93.0,0.0,4.0,-47.95790672302246
random,94.0,0.0,4.0,0.0
random,95.0,0.0,4.0,-47.95790672302246
random,96.0,0.0,4.0,-47.95790672302246
random,98.0,0.0,4.0,-47.95790672302246
random,99.0,0.0,4.0,-47.95790672302246
random,101.0,0.0,4.0,-47.95790672302246
random,102.0,0.0,4.0,-47.95790672302246
random,103.0,0.0,4.0,-47.95790672302246
random,104.0,0.0,4.0,-47.95790672302246
random,105.0,0.0,4.0,-47.95790672302246
random,106.0,0.0,4.0,-47.95790672302246
random,107.0,0.0,4.0,0.0
random,108.0,0.0,4.0,-47.95790672302246
random,109.0,0.0,4.0,-47.95790672302246
random,111.0,0.0,4.0,-47.95790672302246
random,112.0,0.0,4.0,-47.95790672302246
random,113.0,0.0,4.0,-47.95790672302246
random,114.0,0.0,4.0,-47.95790672302246
random,115.0,0.0,4.0,-47.95790672302246
random,116.0,0.0,4.0,-47.95790672302246
random,117.0,0.0,4.0,-47.95790672302246
random,118.0,0.0,4.0,-47.95790672302246
random,119.0,0.0,4.0,-47.95790672302246
random,120.0,0.0,4.0,-47.95790672302246
random,121.0,0.0,4.0,-47.95790672302246
random,122.0,0.0,4.0,-47.95790672302246
random,123.0,0.0,4.0,-47.95790672302246
random,124.0,0.0,4.0,-47.95790672302246
random,125.0,0.0,4.0,-47.95790672302246
random,126.0,0.0,4.0,-47.95790672302246
random,128.0,0.0,4.0,-47.95790672302246
random,130.0,0.0,4.0,-47.95790672302246
random,131.0,0.0,4.0,-47.95790672302246
random,132.0,0.0,4.0,-47.95790672302246
random,133.0,0.0,4.0,-47.95790672302246
random,134.0,0.0,4.0,-47.95790672302246
random,135.0,0.0,4.0,-47.95790672302246
random,136.0,0.0,4.0,-47.95790672302246
random,137.0,0.0,4.0,-47.95790672302246
random,138.0,0.0,4.0,-47.95790672302246
random,139.0,0.0,4.0,-47.95790672302246
random,140.0,0.0,4.0,-47.95790672302246
random,141.0,0.0,4.0,-47.95790672302246
random,142.0,0.0,4.0,-47.95790672302246
random,143.0,0.0,4.0,-47.95790672302246
random,144.0,0.0,4.0,-47.95790672302246
random,145.0,0.0,4.0,-47.95790672302246
random,146.0,0.0,4.0,-47.95790672302246
random,147.0,0.0,4.0,-47.95790672302246
random,148.0,0.0,4.0,-47.95790672302246
random,149.0,0.0,4.0,-47.95790672302246
random,150.0,0.0,4.0,-47.95790672302246
random,151.0,0.0,4.0,-47.95790672302246
random,152.0,0.0,4.0,-47.95790672302246
random,153.0,0.0,4.0,-47.95790672302246
random,154.0,0.0,4.0,-47.95790672302246
random,155.0,0.0,4.0,-47.95790672302246
random,156.0,0.0,4.0,-47.95790672302246
random,158.0,0.0,4.0,-47.95790672302246
random,159.0,0.0,4.0,-47.95790672302246
random,160.0,0.0,4.0,-47.95790672302246
random,161.0,0.0,4.0,-47.95790672302246
random,162.0,0.0,4.0,-47.95790672302246
random,163.0,0.0,4.0,-47.95790672302246
random,165.0,0.0,4.0,-47.95790672302246
random,166.0,0.0,4.0,0.0
random,167.0,0.0,4.0,0.0
random,168.0,0.0,4.0,-47.95790672302246
random,169.0,0.0,4.0,-47.95790672302246
random,170.0,0.0,4.0,-47.95790672302246
random,171.0,0.0,4.0,-47.95790672302246
random,172.0,0.0,4.0,-47.95790672302246
random,173.0,0.0,4.0,-47.95790672302246
random,174.0,0.0,4.0,-47.95790672302246
random,175.0,0.0,4.0,-47.95790672302246
random,176.0,0.0,4.0,-47.95790672302246
random,177.0,0.0,4.0,-47.95790672302246
random,178.0,0.0,4.0,-47.95790672302246
random,179.0,0.0,4.0,-47.95790672302246
random,180.0,0.0,4.0,-47.95790672302246
random,181.0,0.0,4.0,-47.95790672302246
random,182.0,0.0,4.0,-47.95790672302246
random,183.0,0.0,4.0,-47.95790672302246
random,185.0,0.0,4.0,-47.95790672302246
random,186.0,0.0,4.0,-47.95790672302246
random,187.0,0.0,4.0,-47.95790672302246
random,188.0,0.0,4.0,-47.95790672302246
random,190.0,0.0,4.0,-47.95790672302246
random,191.0,0.0,4.0,-47.95790672302246
random,192.0,0.0,4.0,-47.95790672302246
random,193.0,0.0,4.0,-47.95790672302246
random,195.0,0.0,4.0,-47.95790672302246
random,196.0,0.0,4.0,-47.95790672302246
random,197.0,0.0,4.0,-47.95790672302246
random,198.0,0.0,4.0,-47.95790672302246
random,199.0,0.0,4.0,-47.95790672302246
random,200.0,0.0,4.0,-47.95790672302246
random,201.0,0.0,4.0,-47.95790672302246
random,202.0,0.0,4.0,-47.95790672302246
random,203.0,0.0,4.0,-47.95790672302246
random,204.0,0.0,4.0,-47.95790672302246
random,205.0,0.0,4.0,-47.95790672302246
random,206.0,0.0,4.0,-47.95790672302246
random,207.0,0.0,4.0,-47.95790672302246
random,208.0,0.0,4.0,-47.95790672302246
random,209.0,0.0,4.0,-47.95790672302246
random,210.0,0.0,4.0,-47.95790672302246
random,211.0,0.0,4.0,-47.95790672302246
random,212.0,0.0,4.0,-47.95790672302246
random,213.0,0.0,4.0,-47.95790672302246
random,214.0,0.0,4.0,-47.95790672302246
random,215.0,0.0,4.0,-47.95790672302246
random,216.0,0.0,4.0,-47.95790672302246
random,217.0,0.0,4.0,-47.95790672302246
random,218.0,0.0,4.0,-47.95790672302246
random,219.0,0.0,4.0,-47.95790672302246
random,220.0,0.0,4.0,-47.95790672302246
random,221.0,0.0,4.0,-47.95790672302246
random,222.0,0.0,4.0,-47.95790672302246
random,223.0,0.0,4.0,-47.95790672302246
random,224.0,0.0,4.0,-47.95790672302246
random,225.0,0.0,4.0,-47.95790672302246
random,226.0,0.0,4.0,-47.95790672302246
random,227.0,0.0,4.0,-47.95790672302246
random,228.0,0.0,4.0,-47.95790672302246
random,229.0,0.0,4.0,-47.95790672302246
random,230.0,0.0,4.0,-47.95790672302246
random,231.0,0.0,4.0,-47.95790672302246
random,232.0,0.0,4.0,-47.95790672302246
random,233.0,0.0,4.0,-47.95790672302246
random,234.0,0.0,4.0,-47.95790672302246
random,236.0,0.0,4.0,-47.95790672302246
random,237.0,0.0,4.0,-47.95790672302246
random,239.0,0.0,4.0,-47.95790672302246
random,240.0,0.0,4.0,-47.95790672302246
random,241.0,0.0,4.0,-47.95790672302246
random,242.0,0.0,4.0,-47.95790672302246
random,243.0,0.0,4.0,-47.95790672302246
random,244.0,0.0,4.0,0.0
random,245.0,0.0,4.0,-47.95790672302246
random,246.0,0.0,4.0,-47.95790672302246
random,247.0,0.0,4.0,-47.95790672302246
random,248.0,0.0,4.0,-47.95790672302246
random,249.0,0.0,4.0,-47.95790672302246
random,250.0,0.0,4.0,-47.95790672302246
random,252.0,0.0,4.0,-47.95790672302246
random,253.0,0.0,4.0,-47.95790672302246
random,254.0,0.0,4.0,-47.95790672302246
random,255.0,0.0,4.0,-47.95790672302246
random,257.0,0.0,4.0,-47.95790672302246
random,258.0,0.0,4.0,-47.95790672302246
random,259.0,0.0,4.0,-47.95790672302246
random,260.0,0.0,4.0,-47.95790672302246
random,261.0,0.0,4.0,-47.95790672302246
random,262.0,0.0,4.0,-47.95790672302246
random,263.0,0.0,4.0,-47.95790672302246
random,264.0,0.0,4.0,-47.95790672302246
random,266.0,0.0,4.0,-47.95790672302246
random,267.0,0.0,4.0,-47.95790672302246
random,268.0,0.0,4.0,-47.95790672302246
random,269.0,0.0,4.0,-47.95790672302246
random,270.0,0.0,4.0,-47.95790672302246
random,271.0,0.0,4.0,-47.95790672302246
random,272.0,0.0,4.0,0.0
random,273.0,0.0,4.0,-47.95790672302246
random,274.0,0.0,4.0,-47.95790672302246
random,275.0,0.0,4.0,-47.95790672302246
random,276.0,0.0,4.0,-47.95790672302246
random,277.0,0.0,4.0,-47.95790672302246
random,278.0,0.0,4.0,-47.95790672302246
random,279.0,0.0,4.0,-47.95790672302246
random,280.0,0.0,4.0,-47.95790672302246
random,282.0,0.0,4.0,-47.95790672302246
random,283.0,0.0,4.0,-47.95790672302246
random,284.0,0.0,4.0,-47.95790672302246
random,285.0,0.0,4.0,-47.95790672302246
random,286.0,0.0,4.0,-47.95790672302246
random,287.0,0.0,4.0,-47.95790672302246
random,288.0,0.0,4.0,-47.95790672302246
random,289.0,0.0,4.0,-47.95790672302246
random,290.0,0.0,4.0,-47.95790672302246
random,291.0,0.0,4.0,-47.95790672302246
random,292.0,0.0,4.0,-47.95790672302246
random,293.0,0.0,4.0,-47.95790672302246
random,294.0,0.0,4.0,-47.95790672302246
random,295.0,0.0,4.0,-47.95790672302246
random,296.0,0.0,4.0,-47.95790672302246
random,297.0,0.0,4.0,-47.95790672302246
random,298.0,0.0,4.0,-47.95790672302246
random,299.0,0.0,4.0,-47.95790672302246
random,300.0,0.0,4.0,-47.95790672302246
random,301.0,0.0,4.0,-47.95790672302246
random,302.0,0.0,4.0,-47.95790672302246
random,303.0,0.0,4.0,-47.95790672302246
random,304.0,0.0,4.0,-47.95790672302246
random,305.0,0.0,4.0,-47.95790672302246
random,306.0,0.0,4.0,-47.95790672302246
random,307.0,0.0,4.0,-47.95790672302246
random,308.0,0.0,4.0,-47.95790672302246
random,309.0,0.0,4.0,-47.95790672302246
random,310.0,0.0,4.0,-47.95790672302246
random,311.0,0.0,4.0,-47.95790672302246
random,312.0,0.0,4.0,-47.95790672302246
random,313.0,0.0,4.0,-47.95790672302246
random,314.0,0.0,4.0,-47.95790672302246
random,315.0,0.0,4.0,-47.95790672302246
random,316.0,0.0,4.0,-47.95790672302246
random,317.0,0.0,4.0,-47.95790672302246
random,318.0,0.0,4.0,-47.95790672302246
random,319.0,0.0,4.0,-47.95790672302246
random,320.0,0.0,4.0,-47.95790672302246
random,321.0,0.0,4.0,-47.95790672302246
random,322.0,0.0,4.0,-47.95790672302246
random,323.0,0.0,4.0,-47.95790672302246
random,324.0,0.0,4.0,-47.95790672302246
random,325.0,0.0,4.0,-47.95790672302246
random,326.0,0.0,4.0,-47.95790672302246
random,327.0,0.0,4.0,-47.95790672302246
random,328.0,0.0,4.0,-47.95790672302246
random,329.0,0.0,4.0,-47.95790672302246
random,330.0,0.0,4.0,-47.95790672302246
random,331.0,0.0,4.0,-47.95790672302246
random,332.0,0.0,4.0,-47.95790672302246
random,333.0,0.0,4.0,-47.95790672302246
random,334.0,0.0,4.0,-47.95790672302246
random,336.0,0.0,4.0,-47.95790672302246
random,337.0,0.0,4.0,-47.95790672302246
random,338.0,0.0,4.0,-47.95790672302246
random,340.0,0.0,4.0,-47.95790672302246
random,341.0,0.0,4.0,-47.95790672302246
random,342.0,0.0,4.0,-47.95790672302246
random,343.0,0.0,4.0,-47.95790672302246
random,344.0,0.0,4.0,-47.95790672302246
random,346.0,0.0,4.0,-47.95790672302246
random,347.0,0.0,4.0,-47.95790672302246
random,348.0,0.0,4.0,-47.95790672302246
random,350.0,0.0,4.0,-47.95790672302246
random,351.0,0.0,4.0,-47.95790672302246
random,352.0,0.0,4.0,-47.95790672302246
random,353.0,0.0,4.0,-47.95790672302246
random,354.0,0.0,4.0,-47.95790672302246
random,355.0,0.0,4.0,-47.95790672302246
random,356.0,0.0,4.0,-47.95790672302246
random,357.0,0.0,4.0,-47.95790672302246
random,358.0,0.0,4.0,-47.95790672302246
random,359.0,0.0,4.0,-47.95790672302246
random,361.0,0.0,4.0,-47.95790672302246
random,362.0,0.0,4.0,-47.95790672302246
random,363.0,0.0,4.0,-47.95790672302246
random,364.0,0.0,4.0,-47.95790672302246
random,365.0,0.0,4.0,-47.95790672302246
random,367.0,0.0,4.0,-47.95790672302246
random,368.0,0.0,4.0,-47.95790672302246
random,369.0,0.0,4.0,-47.95790672302246
random,371.0,0.0,4.0,-47.95790672302246
random,372.0,0.0,4.0,-47.95790672302246
random,373.0,0.0,4.0,-47.95790672302246
random,374.0,0.0,4.0,-47.95790672302246
random,375.0,0.0,4.0,-47.95790672302246
random,376.0,0.0,4.0,-47.95790672302246
random,377.0,0.0,4.0,-47.95790672302246
random,378.0,0.0,4.0,-47.95790672302246
random,379.0,0.0,4.0,0.0
random,380.0,0.0,4.0,-47.95790672302246
random,381.0,0.0,4.0,-47.95790672302246
random,382.0,0.0,4.0,-47.95790672302246
random,383.0,0.0,4.0,-47.95790672302246
random,384.0,0.0,4.0,-47.95790672302246
random,385.0,0.0,4.0,-47.95790672302246
random,386.0,0.0,4.0,-47.95790672302246
random,387.0,0.0,4.0,-47.95790672302246
random,388.0,0.0,4.0,-47.95790672302246
random,389.0,0.0,4.0,-47.95790672302246
random,390.0,0.0,4.0,-47.95790672302246
random,391.0,0.0,4.0,-47.95790672302246
random,392.0,0.0,4.0,-47.95790672302246
random,393.0,0.0,4.0,-47.95790672302246
random,394.0,0.0,4.0,-47.95790672302246
random,395.0,0.0,4.0,-47.95790672302246
random,396.0,0.0,4.0,-47.95790672302246
random,397.0,0.0,4.0,-47.95790672302246
random,398.0,0.0,4.0,-47.95790672302246
random,399.0,0.0,4.0,-47.95790672302246
random,400.0,0.0,4.0,-47.95790672302246
random,401.0,0.0,4.0,-47.95790672302246
random,402.0,0.0,4.0,-47.95790672302246
random,403.0,0.0,4.0,-47.95790672302246
random,404.0,0.0,4.0,-47.95790672302246
random,405.0,0.0,4.0,-47.95790672302246
random,407.0,0.0,4.0,-47.95790672302246
random,408.0,0.0,4.0,-47.95790672302246
random,409.0,0.0,4.0,-47.95790672302246
random,410.0,0.0,4.0,-47.95790672302246
random,412.0,0.0,4.0,-47.95790672302246
random,413.0,0.0,4.0,-47.95790672302246
random,414.0,0.0,4.0,-47.95790672302246
random,415.0,0.0,4.0,-47.95790672302246
random,416.0,0.0,4.0,-47.95790672302246
random,417.0,0.0,4.0,-47.95790672302246
random,418.0,0.0,4.0,-47.95790672302246
random,419.0,0.0,4.0,-47.95790672302246
random,420.0,0.0,4.0,-47.95790672302246
random,421.0,0.0,4.0,-47.95790672302246
random,422.0,0.0,4.0,-47.95790672302246
random,424.0,0.0,4.0,-47.95790672302246
random,425.0,0.0,4.0,-47.95790672302246
random,426.0,0.0,4.0,-47.95790672302246
random,428.0,0.0,4.0,-47.95790672302246
random,429.0,0.0,4.0,-47.95790672302246
random,430.0,0.0,4.0,-47.95790672302246
random,431.0,0.0,4.0,-47.95790672302246
random,432.0,0.0,4.0,-47.95790672302246
random,433.0,0.0,4.0,-47.95790672302246
random,434.0,0.0,4.0,-47.95790672302246
random,435.0,0.0,4.0,-47.95790672302246
random,436.0,0.0,4.0,-47.95790672302246
random,437.0,0.0,4.0,-47.95790672302246
random,438.0,0.0,4.0,-47.95790672302246
random,439.0,0.0,4.0,-47.95790672302246
random,440.0,0.0,4.0,-47.95790672302246
random,441.0,0.0,4.0,-47.95790672302246
random,442.0,0.0,4.0,-47.95790672302246
random,443.0,0.0,4.0,-47.95790672302246
random,444.0,0.0,4.0,-47.95790672302246
random,445.0,0.0,4.0,-47.95790672302246
random,446.0,0.0,4.0,-47.95790672302246
random,447.0,0.0,4.0,-47.95790672302246
random,448.0,0.0,4.0,-47.95790672302246
random,449.0,0.0,4.0,-47.95790672302246
random,450.0,0.0,4.0,-47.95790672302246
random,451.0,0.0,4.0,-47.95790672302246
random,452.0,0.0,4.0,-47.95790672302246
random,453.0,0.0,4.0,-47.95790672302246
random,454.0,0.0,4.0,-47.95790672302246
random,455.0,0.0,4.0,-47.95790672302246
random,456.0,0.0,4.0,-47.95790672302246
random,457.0,0.0,4.0,-47.95790672302246
random,458.0,0.0,4.0,-47.95790672302246
random,459.0,0.0,4.0,-47.95790672302246
random,460.0,0.0,4.0,-47.95790672302246
random,461.0,0.0,4.0,-47.95790672302246
random,462.0,0.0,4.0,-47.95790672302246
random,463.0,0.0,4.0,-47.95790672302246
random,464.0,0.0,4.0,-47.95790672302246
random,465.0,0.0,4.0,-47.95790672302246
random,466.0,0.0,4.0,-47.95790672302246
random,467.0,0.0,4.0,-47.95790672302246
random,468.0,0.0,4.0,-47.95790672302246
random,469.0,0.0,4.0,0.0
random,470.0,0.0,4.0,-47.95790672302246
random,471.0,0.0,4.0,-47.95790672302246
random,472.0,0.0,4.0,-47.95790672302246
random,473.0,0.0,4.0,-47.95790672302246
random,474.0,0.0,4.0,-47.95790672302246
random,475.0,0.0,4.0,-47.95790672302246
random,476.0,0.0,4.0,-47.95790672302246
random,477.0,0.0,4.0,-47.95790672302246
random,478.0,0.0,4.0,-47.95790672302246
random,479.0,0.0,4.0,-47.95790672302246
random,480.0,0.0,4.0,-47.95790672302246
random,481.0,0.0,4.0,-47.95790672302246
random,482.0,0.0,4.0,-47.95790672302246
random,483.0,0.0,4.0,-47.95790672302246
random,484.0,0.0,4.0,-47.95790672302246
random,485.0,0.0,4.0,-47.95790672302246
random,486.0,0.0,4.0,-47.95790672302246
random,487.0,0.0,4.0,-47.95790672302246
random,488.0,0.0,4.0,-47.95790672302246
random,490.0,0.0,4.0,-47.95790672302246
random,491.0,0.0,4.0,-47.95790672302246
random,492.0,0.0,4.0,-47.95790672302246
random,493.0,0.0,4.0,-47.95790672302246
random,494.0,0.0,4.0,-47.95790672302246
random,495.0,0.0,4.0,-47.95790672302246
random,496.0,0.0,4.0,-47.95790672302246
ucb_lcb_n,1.0,1.0,0.0,-4.855360507965088
ucb_lcb_n,2.0,1.0,0.0,-4.523155212402344
ucb_lcb_n,3.0,1.0,0.0,-21.986280143260956
ucb_lcb_n,4.0,1.0,0.0,-4.929783344268799
ucb_lcb_n,5.0,1.0,0.0,-15.41447401046753
ucb_lcb_n,6.0,1.0,0.0,-29.304369688034058
ucb_lcb_n,7.0,1.0,0.0,-20.490355610847473
ucb_lcb_n,8.0,1.0,0.0,-9.10286283493042
ucb_lcb_n,9.0,1.0,0.0,-13.366580784320831
ucb_lcb_n,10.0,1.0,0.0,-4.966973304748535
ucb_lcb_n,11.0,1.0,0.0,-25.350357537499804
ucb_lcb_n,12.0,1.0,0.0,-36.13080596923828
ucb_lcb_n,13.0,1.0,0.0,-1.822588324546814
ucb_lcb_n,14.0,1.0,0.0,-30.580519825220108
ucb_lcb_n,15.0,1.0,0.0,-9.21034049987793
ucb_lcb_n,16.0,1.0,0.0,-3.96744704246521
ucb_lcb_n,17.0,1.0,0.0,-5.696105003356934
ucb_lcb_n,18.0,1.0,0.0,-9.998321533203125
ucb_lcb_n,19.0,1.0,0.0,-4.8709211349487305
ucb_lcb_n,20.0,1.0,0.0,-6.519301891326904
ucb_lcb_n,21.0,1.0,0.0,-9.507824182510376
ucb_lcb_n,22.0,1.0,0.0,-55.26204299926758
ucb_lcb_n,23.0,1.0,0.0,-34.58860746026039
ucb_lcb_n,24.0,1.0,0.0,-9.24053590465337
ucb_lcb_n,25.0,1.0,0.0,-46.92664575576782
ucb_lcb_n,26.0,1.0,0.0,-11.177907466888428
ucb_lcb_n,27.0,1.0,0.0,-5.100263595581055
ucb_lcb_n,28.0,1.0,0.0,-36.51832473551622
ucb_lcb_n,29.0,1.0,0.0,-6.88343620300293
ucb_lcb_n,30.0,1.0,0.0,-25.70768642425537
ucb_lcb_n,32.0,1.0,0.0,-3.6289169788360596
ucb_lcb_n,33.0,1.0,0.0,-8.448975563049316
ucb_lcb_n,34.0,1.0,0.0,-1.235708236694336
ucb_lcb_n,35.0,1.0,0.0,-0.03663063235580921
ucb_lcb_n,36.0,1.0,0.0,-62.03436666727066
ucb_lcb_n,37.0,1.0,0.0,-6.618854403495789
ucb_lcb_n,38.0,1.0,0.0,-0.35376928374171257
ucb_lcb_n,39.0,1.0,0.0,-6.359362602233887
ucb_lcb_n,40.0,1.0,0.0,-43.26746737957001
ucb_lcb_n,41.0,1.0,0.0,-14.949009895324707
ucb_lcb_n,42.0,1.0,0.0,-15.787506639957428
ucb_lcb_n,43.0,1.0,0.0,-19.44683074951172
ucb_lcb_n,45.0,1.0,0.0,-13.527101919054985
ucb_lcb_n,46.0,1.0,0.0,-9.50443696975708
ucb_lcb_n,47.0,1.0,0.0,-25.71378242969513
ucb_lcb_n,48.0,1.0,0.0,-17.688201665878296
ucb_lcb_n,49.0,1.0,0.0,-9.21034049987793
ucb_lcb_n,50.0,1.0,0.0,-23.744170665740967
ucb_lcb_n,51.0,1.0,0.0,-16.035202473402023
ucb_lcb_n,52.0,1.0,0.0,-3.953136444091797
ucb_lcb_n,53.0,1.0,0.0,-7.145928859710693
ucb_lcb_n,54.0,1.0,0.0,-38.73637554422021
ucb_lcb_n,55.0,1.0,0.0,-4.845190048217773
ucb_lcb_n,56.0,1.0,0.0,-17.858246810734272
ucb_lcb_n,58.0,1.0,0.0,-5.185257434844971
ucb_lcb_n,59.0,1.0,0.0,-52.24048489332199
ucb_lcb_n,60.0,1.0,0.0,-23.870187737047672
ucb_lcb_n,61.0,1.0,0.0,-25.41970193386078
ucb_lcb_n,64.0,1.0,0.0,-4.878931522369385
ucb_lcb_n,65.0,1.0,0.0,-9.21034049987793
ucb_lcb_n,66.0,1.0,0.0,-7.504515171051025
ucb_lcb_n,67.0,1.0,0.0,-23.762703776359558
ucb_lcb_n,68.0,1.0,0.0,-29.913812041282654
ucb_lcb_n,69.0,1.0,0.0,-9.208249568939209
ucb_lcb_n,70.0,1.0,0.0,-16.917713671922684
ucb_lcb_n,71.0,1.0,0.0,-22.389509856700897
ucb_lcb_n,72.0,1.0,0.0,-11.938318967819214
ucb_lcb_n,73.0,1.0,0.0,-8.221135102212429
ucb_lcb_n,74.0,1.0,0.0,-1.599633976817131
ucb_lcb_n,75.0,1.0,0.0,-3.1915509700775146
ucb_lcb_n,76.0,1.0,0.0,-22.98027855157852
ucb_lcb_n,77.0,1.0,0.0,-16.212151527404785
ucb_lcb_n,78.0,1.0,0.0,-16.81672954559326
ucb_lcb_n,79.0,1.0,0.0,-10.631577253341675
ucb_lcb_n,80.0,1.0,0.0,-4.800915718078613
ucb_lcb_n,81.0,1.0,0.0,-5.1668381690979
ucb_lcb_n,82.0,1.0,0.0,-9.760648250579834
ucb_lcb_n,83.0,1.0,0.0,-4.397237777709961
ucb_lcb_n,84.0,1.0,0.0,-20.67848251760006
ucb_lcb_n,85.0,1.0,0.0,-16.828769981861115
ucb_lcb_n,87.0,1.0,0.0,-17.702586114406586
ucb_lcb_n,88.0,1.0,0.0,-10.352452754974365
ucb_lcb_n,89.0,1.0,0.0,-12.043331295251846
ucb_lcb_n,90.0,1.0,0.0,-32.63134002685547
ucb_lcb_n,91.0,1.0,0.0,-30.1118426322937
ucb_lcb_n,92.0,1.0,0.0,-28.0852090716362
ucb_lcb_n,93.0,1.0,0.0,-9.21034049987793
ucb_lcb_n,94.0,1.0,0.0,-53.19927525520325
ucb_lcb_n,95.0,1.0,0.0,-5.649443671107292
ucb_lcb_n,96.0,1.0,0.0,-26.661731004714966
ucb_lcb_n,98.0,1.0,0.0,-15.371421098709106
ucb_lcb_n,99.0,1.0,0.0,-37.366906583309174
ucb_lcb_n,101.0,1.0,0.0,-0.6436794996261597
ucb_lcb_n,102.0,1.0,0.0,-10.15421237051487
ucb_lcb_n,103.0,1.0,0.0,-4.817034721374512
ucb_lcb_n,104.0,1.0,0.0,-34.24932563304901
ucb_lcb_n,105.0,1.0,0.0,-4.790136814117432
ucb_lcb_n,106.0,1.0,0.0,-9.728668689727783
ucb_lcb_n,107.0,1.0,0.0,-12.247536614537239
ucb_lcb_n,108.0,1.0,0.0,-9.21034049987793
ucb_lcb_n,109.0,1.0,0.0,-32.07499471806659
ucb_lcb_n,111.0,1.0,0.0,-9.98888111114502
ucb_lcb_n,112.0,1.0,0.0,-40.385633163154125
ucb_lcb_n,113.0,1.0,0.0,-4.813009738922119
ucb_lcb_n,114.0,1.0,0.0,-5.376134395599365
ucb_lcb_n,115.0,1.0,0.0,-3.2085800170898438
ucb_lcb_n,116.0,1.0,0.0,-1.7038770914077759
ucb_lcb_n,117.0,1.0,0.0,-22.445086624706164
ucb_lcb_n,118.0,1.0,0.0,-26.319365859031677
ucb_lcb_n,119.0,1.0,0.0,-0.0010002159251598641
ucb_lcb_n,120.0,1.0,0.0,-23.81439460068941
ucb_lcb_n,121.0,1.0,0.0,-3.8272745609283447
ucb_lcb_n,122.0,1.0,0.0,-8.961072206497192
ucb_lcb_n,123.0,1.0,0.0,-13.293095469474792
ucb_lcb_n,124.0,1.0,0.0,-6.798788547515869
ucb_lcb_n,125.0,1.0,0.0,-13.446257829666138
ucb_lcb_n,126.0,1.0,0.0,-12.542444795370102
ucb_lcb_n,128.0,1.0,0.0,-5.080613136291504
ucb_lcb_n,130.0,1.0,0.0,-26.878578022122383
ucb_lcb_n,131.0,1.0,0.0,-7.245739459991455
ucb_lcb_n,132.0,1.0,0.0,-29.068908114917576
ucb_lcb_n,133.0,1.0,0.0,-35.66130155324936
ucb_lcb_n,134.0,1.0,0.0,-43.811076402664185
ucb_lcb_n,135.0,1.0,0.0,-20.105588583275676
ucb_lcb_n,136.0,1.0,0.0,-2.1469384282827377
ucb_lcb_n,137.0,1.0,0.0,-33.18272054195404
ucb_lcb_n,138.0,1.0,0.0,-5.9997782707214355
ucb_lcb_n,139.0,1.0,0.0,-9.605999678373337
ucb_lcb_n,140.0,1.0,0.0,-6.266014933586121
ucb_lcb_n,141.0,1.0,0.0,-0.0010002159251598641
ucb_lcb_n,142.0,1.0,0.0,-25.999175548553467
ucb_lcb_n,143.0,1.0,0.0,-4.867465496063232
ucb_lcb_n,144.0,1.0,0.0,-31.964511707425117
ucb_lcb_n,145.0,1.0,0.0,-13.43801660835743
ucb_lcb_n,146.0,1.0,0.0,-30.905282855033875
ucb_lcb_n,147.0,1.0,0.0,-8.478106141090393
ucb_lcb_n,148.0,1.0,0.0,-1.5592531263828278
ucb_lcb_n,149.0,1.0,0.0,-19.22037649154663
ucb_lcb_n,150.0,1.0,0.0,-4.827369213104248
ucb_lcb_n,151.0,1.0,0.0,-35.87874782085419
ucb_lcb_n,152.0,1.0,0.0,-26.282448887825012
ucb_lcb_n,153.0,1.0,0.0,-14.456352233886719
ucb_lcb_n,154.0,1.0,0.0,-4.828785419464111
ucb_lcb_n,155.0,1.0,0.0,-9.137673377990723
ucb_lcb_n,156.0,1.0,0.0,-17.02644582092762
ucb_lcb_n,158.0,1.0,0.0,-5.132957458496094
ucb_lcb_n,159.0,1.0,0.0,-9.21034049987793
ucb_lcb_n,160.0,1.0,0.0,-5.046898365020752
ucb_lcb_n,161.0,1.0,0.0,-4.898005962371826
ucb_lcb_n,162.0,1.0,0.0,-0.2500310130417347
ucb_lcb_n,163.0,1.0,0.0,-13.608960151672363
ucb_lcb_n,165.0,1.0,0.0,-15.253485441207886
ucb_lcb_n,166.0,1.0,0.0,-11.530536651611328
ucb_lcb_n,167.0,1.0,0.0,-25.268431305885315
ucb_lcb_n,168.0,1.0,0.0,-3.8210651874542236
ucb_lcb_n,169.0,1.0,0.0,-18.344267800450325
ucb_lcb_n,170.0,1.0,0.0,-16.613118886947632
ucb_lcb_n,171.0,1.0,0.0,-9.21034049987793
ucb_lcb_n,172.0,1.0,0.0,-14.245152473449707
ucb_lcb_n,173.0,1.0,0.0,-30.565083742141724
ucb_lcb_n,174.0,1.0,0.0,-37.54259964823723
ucb_lcb_n,175.0,1.0,0.0,-28.308174461242743
ucb_lcb_n,176.0,1.0,0.0,-33.71446251869202
ucb_lcb_n,177.0,1.0,0.0,0.0
ucb_lcb_n,178.0,1.0,0.0,-10.316897869110107
ucb_lcb_n,179.0,1.0,0.0,-6.4540886878967285
ucb_lcb_n,180.0,1.0,0.0,-12.884233713150024
ucb_lcb_n,181.0,1.0,0.0,-23.472888827323914
ucb_lcb_n,182.0,1.0,0.0,-5.482943058013916
ucb_lcb_n,183.0,1.0,0.0,-5.871475696563721
ucb_lcb_n,185.0,1.0,0.0,-44.87299335002899
ucb_lcb_n,186.0,1.0,0.0,-12.799357175827026
ucb_lcb_n,187.0,1.0,0.0,-8.769892424345016
ucb_lcb_n,188.0,1.0,0.0,-5.723964214324951
ucb_lcb_n,190.0,1.0,0.0,-5.017908096313477
ucb_lcb_n,191.0,1.0,0.0,-27.012470364570618
ucb_lcb_n,192.0,1.0,0.0,-2.6183627545833588
ucb_lcb_n,193.0,1.0,0.0,-36.1757493019104
ucb_lcb_n,195.0,1.0,0.0,-16.76385796070099
ucb_lcb_n,196.0,1.0,0.0,-8.11207890510559
ucb_lcb_n,197.0,1.0,0.0,-16.04851308465004
ucb_lcb_n,198.0,1.0,0.0,-2.1978931427001953
ucb_lcb_n,199.0,1.0,0.0,-42.11080312728882
ucb_lcb_n,200.0,1.0,0.0,-21.836203634738922
ucb_lcb_n,201.0,1.0,0.0,-37.913569688797
ucb_lcb_n,202.0,1.0,0.0,-14.711107611656189
ucb_lcb_n,203.0,1.0,0.0,-9.683832168579102
ucb_lcb_n,204.0,1.0,0.0,-9.854850364848971
ucb_lcb_n,205.0,1.0,0.0,-16.90577358752489
ucb_lcb_n,206.0,1.0,0.0,-18.824387788772583
ucb_lcb_n,207.0,1.0,0.0,-3.7916438579559326
ucb_lcb_n,208.0,1.0,0.0,-17.199105978012085
ucb_lcb_n,209.0,1.0,0.0,-9.676509857177734
ucb_lcb_n,210.0,1.0,0.0,-8.216187477111816
ucb_lcb_n,211.0,1.0,0.0,-10.73529314994812
ucb_lcb_n,212.0,1.0,0.0,-6.958096504211426
ucb_lcb_n,213.0,1.0,0.0,-12.510723011466325
ucb_lcb_n,214.0,1.0,0.0,-23.279616832733154
ucb_lcb_n,215.0,1.0,0.0,-4.932651042938232
ucb_lcb_n,216.0,1.0,0.0,-5.230602741241455
ucb_lcb_n,217.0,1.0,0.0,-9.028034374117851
ucb_lcb_n,218.0,1.0,0.0,-26.237133122980595
ucb_lcb_n,219.0,1.0,0.0,-26.376479864120483
ucb_lcb_n,220.0,1.0,0.0,-9.21034049987793
ucb_lcb_n,221.0,1.0,0.0,-4.8512420654296875
ucb_lcb_n,222.0,1.0,0.0,-22.174599587917328
ucb_lcb_n,223.0,1.0,0.0,-21.045434936881065
ucb_lcb_n,224.0,1.0,0.0,-63.96302652359009
ucb_lcb_n,225.0,1.0,0.0,-2.921863317489624
ucb_lcb_n,226.0,1.0,0.0,-4.909524440765381
ucb_lcb_n,227.0,1.0,0.0,-31.842134475708008
ucb_lcb_n,228.0,1.0,0.0,-5.410609722137451
ucb_lcb_n,229.0,1.0,0.0,-0.02061143796890974
ucb_lcb_n,230.0,1.0,0.0,-5.106481552124023
ucb_lcb_n,231.0,1.0,0.0,-4.872505187988281
ucb_lcb_n,232.0,1.0,0.0,-20.007276743650436
ucb_lcb_n,233.0,1.0,0.0,-5.899680137634277
ucb_lcb_n,234.0,1.0,0.0,-4.838830947875977
ucb_lcb_n,236.0,1.0,0.0,-32.12480330467224
ucb_lcb_n,237.0,1.0,0.0,-5.275271415710449
ucb_lcb_n,239.0,1.0,0.0,-42.52337583526969
ucb_lcb_n,240.0,1.0,0.0,-24.150460451841354
ucb_lcb_n,241.0,1.0,0.0,-8.980158984661102
ucb_lcb_n,242.0,1.0,0.0,-1.53163480758667
ucb_lcb_n,243.0,1.0,0.0,-11.786292672157288
ucb_lcb_n,244.0,1.0,0.0,-18.639367893338203
ucb_lcb_n,245.0,1.0,0.0,-7.236385107040405
ucb_lcb_n,246.0,1.0,0.0,-18.070720732212067
ucb_lcb_n,247.0,1.0,0.0,-38.86118285357952
ucb_lcb_n,248.0,1.0,0.0,-4.911299705505371
ucb_lcb_n,249.0,1.0,0.0,-21.019379566423595
ucb_lcb_n,250.0,1.0,0.0,-13.440511703491211
ucb_lcb_n,252.0,1.0,0.0,-67.2966365814209
ucb_lcb_n,253.0,1.0,0.0,-10.347948223352432
ucb_lcb_n,254.0,1.0,0.0,-19.634710609912872
ucb_lcb_n,255.0,1.0,0.0,-67.7465033531189
ucb_lcb_n,257.0,1.0,0.0,-4.250028133392334
ucb_lcb_n,258.0,1.0,0.0,-2.578880786895752
ucb_lcb_n,259.0,1.0,0.0,-15.421103715896606
ucb_lcb_n,260.0,1.0,0.0,-32.29779779911041
ucb_lcb_n,261.0,1.0,0.0,-8.951754567679018
ucb_lcb_n,262.0,1.0,0.0,-19.834639012813568
ucb_lcb_n,263.0,1.0,0.0,-7.3518548011779785
ucb_lcb_n,264.0,1.0,0.0,-10.645241260528564
ucb_lcb_n,266.0,1.0,0.0,-13.796109914779663
ucb_lcb_n,267.0,1.0,0.0,-4.498721361160278
ucb_lcb_n,268.0,1.0,0.0,-13.311788558959961
ucb_lcb_n,269.0,1.0,0.0,-4.00162935256958
ucb_lcb_n,270.0,1.0,0.0,-3.8028275072574615
ucb_lcb_n,271.0,1.0,0.0,-6.902942657470703
ucb_lcb_n,272.0,1.0,0.0,-5.7702717781066895
ucb_lcb_n,273.0,1.0,0.0,-9.794243812561035
ucb_lcb_n,274.0,1.0,0.0,-40.316812336444855
ucb_lcb_n,275.0,1.0,0.0,-5.850550651550293
ucb_lcb_n,276.0,1.0,0.0,-0.0015107343351701275
ucb_lcb_n,277.0,1.0,0.0,-0.0016267431929009035
ucb_lcb_n,278.0,1.0,0.0,-8.699378967285156
ucb_lcb_n,279.0,1.0,0.0,-4.845282077789307
ucb_lcb_n,280.0,1.0,0.0,-4.160411357879639
ucb_lcb_n,282.0,1.0,0.0,-11.538590431213379
ucb_lcb_n,283.0,1.0,0.0,-4.873593807220459
ucb_lcb_n,284.0,1.0,0.0,-16.71957492828369
ucb_lcb_n,285.0,1.0,0.0,-7.342578411102295
ucb_lcb_n,286.0,1.0,0.0,-4.955789566040039
ucb_lcb_n,287.0,1.0,0.0,-14.027863901108503
ucb_lcb_n,288.0,1.0,0.0,-5.10515022277832
ucb_lcb_n,289.0,1.0,0.0,-10.381322383880615
ucb_lcb_n,290.0,1.0,0.0,-22.99439948797226
ucb_lcb_n,291.0,1.0,0.0,-27.78153419494629
ucb_lcb_n,292.0,1.0,0.0,-19.686474084854126
ucb_lcb_n,293.0,1.0,0.0,-4.790135383605957
ucb_lcb_n,294.0,1.0,0.0,-10.949233591556549
ucb_lcb_n,295.0,1.0,0.0,-4.802579402923584
ucb_lcb_n,296.0,1.0,0.0,-59.419503688812256
ucb_lcb_n,297.0,1.0,0.0,-29.020559787750244
ucb_lcb_n,298.0,1.0,0.0,-24.750828105956316
ucb_lcb_n,299.0,1.0,0.0,-34.51610016822815
ucb_lcb_n,300.0,1.0,0.0,-4.551063358783722
ucb_lcb_n,301.0,1.0,0.0,-9.21034049987793
ucb_lcb_n,302.0,1.0,0.0,-0.0010002159251598641
ucb_lcb_n,303.0,1.0,0.0,-10.809413579292595
ucb_lcb_n,304.0,1.0,0.0,-4.215723991394043
ucb_lcb_n,305.0,1.0,0.0,-20.93586701154709
ucb_lcb_n,306.0,1.0,0.0,-19.52910542488098
ucb_lcb_n,307.0,1.0,0.0,-9.042328357696533
ucb_lcb_n,308.0,1.0,0.0,-9.21034049987793
ucb_lcb_n,309.0,1.0,0.0,-30.989993393421173
ucb_lcb_n,310.0,1.0,0.0,-8.206550121307373
ucb_lcb_n,311.0,1.0,0.0,-23.174452900886536
ucb_lcb_n,312.0,1.0,0.0,-20.65972898900509
ucb_lcb_n,313.0,1.0,0.0,-15.221296310424805
ucb_lcb_n,314.0,1.0,0.0,-3.5020558834075928
ucb_lcb_n,315.0,1.0,0.0,-25.899022817611694
ucb_lcb_n,316.0,1.0,0.0,-40.97351801395416
ucb_lcb_n,317.0,1.0,0.0,-38.8022038936615
ucb_lcb_n,318.0,1.0,0.0,-27.854594349861145
ucb_lcb_n,319.0,1.0,0.0,0.0
ucb_lcb_n,320.0,1.0,0.0,-8.042729377746582
ucb_lcb_n,321.0,1.0,0.0,-2.185116767883301
ucb_lcb_n,322.0,1.0,0.0,-7.927142143249512
ucb_lcb_n,323.0,1.0,0.0,-34.65812584524974
ucb_lcb_n,324.0,1.0,0.0,-21.46683967113495
ucb_lcb_n,325.0,1.0,0.0,-7.970005989074707
ucb_lcb_n,326.0,1.0,0.0,-36.841799772228114
ucb_lcb_n,327.0,1.0,0.0,-0.4326121658086777
ucb_lcb_n,328.0,1.0,0.0,-4.9301605224609375
ucb_lcb_n,329.0,1.0,0.0,-10.265479564666748
ucb_lcb_n,330.0,1.0,0.0,-9.21034049987793
ucb_lcb_n,331.0,1.0,0.0,-27.63102149963379
ucb_lcb_n,332.0,1.0,0.0,-9.21034049987793
ucb_lcb_n,333.0,1.0,0.0,-32.82459878921509
ucb_lcb_n,334.0,1.0,0.0,-4.975953578948975
ucb_lcb_n,336.0,1.0,0.0,-0.0010002159251598641
ucb_lcb_n,337.0,1.0,0.0,-9.21034049987793
ucb_lcb_n,338.0,1.0,0.0,-5.138260364532471
ucb_lcb_n,340.0,1.0,0.0,-6.31597507186234
ucb_lcb_n,341.0,1.0,0.0,-35.3113659620285
ucb_lcb_n,342.0,1.0,0.0,-13.638608023524284
ucb_lcb_n,343.0,1.0,0.0,-19.786627292633057
ucb_lcb_n,344.0,1.0,0.0,-18.42068099975586
ucb_lcb_n,346.0,1.0,0.0,-35.247297525405884
ucb_lcb_n,347.0,1.0,0.0,-11.78365182876587
ucb_lcb_n,348.0,1.0,0.0,-17.413222312927246
ucb_lcb_n,350.0,1.0,0.0,-0.0010002159251598641
ucb_lcb_n,351.0,1.0,0.0,-3.8537477552890778
ucb_lcb_n,352.0,1.0,0.0,-18.491777896881104
ucb_lcb_n,353.0,1.0,0.0,-5.8035348653793335
ucb_lcb_n,354.0,1.0,0.0,-19.247942984104156
ucb_lcb_n,355.0,1.0,0.0,-0.010405306471511722
ucb_lcb_n,356.0,1.0,0.0,-4.990523338317871
ucb_lcb_n,357.0,1.0,0.0,-28.076936960220337
ucb_lcb_n,358.0,1.0,0.0,-12.254866361618042
ucb_lcb_n,359.0,1.0,0.0,-14.89750998467207
ucb_lcb_n,361.0,1.0,0.0,-17.80968886986375
ucb_lcb_n,362.0,1.0,0.0,-17.04637424647808
ucb_lcb_n,363.0,1.0,0.0,-13.32951545715332
ucb_lcb_n,364.0,1.0,0.0,-4.849249362945557
ucb_lcb_n,365.0,1.0,0.0,-4.918023586273193
ucb_lcb_n,367.0,1.0,0.0,-4.891533374786377
ucb_lcb_n,368.0,1.0,0.0,-9.033337950706482
ucb_lcb_n,369.0,1.0,0.0,-13.99131727218628
ucb_lcb_n,371.0,1.0,0.0,-15.730645671486855
ucb_lcb_n,372.0,1.0,0.0,-8.392706394195557
ucb_lcb_n,373.0,1.0,0.0,-1.7311569452285767
ucb_lcb_n,374.0,1.0,0.0,-7.351829171180725
ucb_lcb_n,375.0,1.0,0.0,-21.208270490169525
ucb_lcb_n,376.0,1.0,0.0,-16.718294113874435
ucb_lcb_n,377.0,1.0,0.0,-5.031151294708252
ucb_lcb_n,378.0,1.0,0.0,-55.26204299926758
ucb_lcb_n,379.0,1.0,0.0,-5.109172821044922
ucb_lcb_n,380.0,1.0,0.0,-5.27337121963501
ucb_lcb_n,381.0,1.0,0.0,-0.013082477729767561
ucb_lcb_n,382.0,1.0,0.0,-5.51696252822876
ucb_lcb_n,383.0,1.0,0.0,-2.0303857028484344
ucb_lcb_n,384.0,1.0,0.0,-7.653180122375488
ucb_lcb_n,385.0,1.0,0.0,-0.0010002159251598641
ucb_lcb_n,386.0,1.0,0.0,-4.9881744384765625
ucb_lcb_n,387.0,1.0,0.0,-5.0305376052856445
ucb_lcb_n,388.0,1.0,0.0,-26.14685559272766
ucb_lcb_n,389.0,1.0,0.0,-10.188082695007324
ucb_lcb_n,390.0,1.0,0.0,-7.753965377807617
ucb_lcb_n,391.0,1.0,0.0,-13.678189154714346
ucb_lcb_n,392.0,1.0,0.0,-1.2995610237121582
ucb_lcb_n,393.0,1.0,0.0,-23.68890592455864
ucb_lcb_n,394.0,1.0,0.0,-15.847185980528593
ucb_lcb_n,395.0,1.0,0.0,-22.398454546928406
ucb_lcb_n,396.0,1.0,0.0,-35.73398917913437
ucb_lcb_n,397.0,1.0,0.0,-18.252859234809875
ucb_lcb_n,398.0,1.0,0.0,-7.801901817321777
ucb_lcb_n,399.0,1.0,0.0,-49.44516944885254
ucb_lcb_n,400.0,1.0,0.0,-7.644730567932129
ucb_lcb_n,401.0,1.0,0.0,-19.370413206517696
ucb_lcb_n,402.0,1.0,0.0,-5.1415698528289795
ucb_lcb_n,403.0,1.0,0.0,-34.094996213912964
ucb_lcb_n,404.0,1.0,0.0,-14.335439329966903
ucb_lcb_n,405.0,1.0,0.0,-27.70858645439148
ucb_lcb_n,407.0,1.0,0.0,-22.569795191287994
ucb_lcb_n,408.0,1.0,0.0,-4.809988021850586
ucb_lcb_n,409.0,1.0,0.0,-9.21034049987793
ucb_lcb_n,410.0,1.0,0.0,-24.79209315776825
ucb_lcb_n,412.0,1.0,0.0,-20.034183263778687
ucb_lcb_n,413.0,1.0,0.0,-4.8678412437438965
ucb_lcb_n,414.0,1.0,0.0,-6.439933776855469
ucb_lcb_n,415.0,1.0,0.0,-12.18461799621582
ucb_lcb_n,416.0,1.0,0.0,-55.25733172893524
ucb_lcb_n,417.0,1.0,0.0,-57.6575083732605
ucb_lcb_n,418.0,1.0,0.0,-13.519576072692871
ucb_lcb_n,419.0,1.0,0.0,-14.364990949630737
ucb_lcb_n,420.0,1.0,0.0,-20.536137342453003
ucb_lcb_n,421.0,1.0,0.0,-45.30901271849871
ucb_lcb_n,422.0,1.0,0.0,-0.004706480191089213
ucb_lcb_n,424.0,1.0,0.0,-17.974529087543488
ucb_lcb_n,425.0,1.0,0.0,-9.009428575634956
ucb_lcb_n,426.0,1.0,0.0,-4.94098424911499
ucb_lcb_n,428.0,1.0,0.0,-5.2098069190979
ucb_lcb_n,429.0,1.0,0.0,-21.094956815242767
ucb_lcb_n,430.0,1.0,0.0,-5.707005023956299
ucb_lcb_n,431.0,1.0,0.0,-17.159961700439453
ucb_lcb_n,432.0,1.0,0.0,-21.509997367858887
ucb_lcb_n,433.0,1.0,0.0,-9.304076181259006
ucb_lcb_n,434.0,1.0,0.0,-4.960233211517334
ucb_lcb_n,435.0,1.0,0.0,-6.89806604385376
ucb_lcb_n,436.0,1.0,0.0,-4.802475452423096
ucb_lcb_n,437.0,1.0,0.0,-23.967154800891876
ucb_lcb_n,438.0,1.0,0.0,-9.060944557189941
ucb_lcb_n,439.0,1.0,0.0,-9.692298178561032
ucb_lcb_n,440.0,1.0,0.0,-6.916325092315674
ucb_lcb_n,441.0,1.0,0.0,-19.95343542098999
ucb_lcb_n,442.0,1.0,0.0,-0.0010002159251598641
ucb_lcb_n,443.0,1.0,0.0,-48.01146221160889
ucb_lcb_n,444.0,1.0,0.0,-41.54996359348297
ucb_lcb_n,445.0,1.0,0.0,-5.639233112335205
ucb_lcb_n,446.0,1.0,0.0,-21.16404390335083
ucb_lcb_n,447.0,1.0,0.0,-4.779383897781372
ucb_lcb_n,448.0,1.0,0.0,-4.842747211456299
ucb_lcb_n,449.0,1.0,0.0,-21.64802137762308
ucb_lcb_n,450.0,1.0,0.0,-50.84293293952942
ucb_lcb_n,451.0,1.0,0.0,-5.963675498962402
ucb_lcb_n,452.0,1.0,0.0,-77.5088427066803
ucb_lcb_n,453.0,1.0,0.0,-19.479677587747574
ucb_lcb_n,454.0,1.0,0.0,-7.700605392456055
ucb_lcb_n,455.0,1.0,0.0,-4.827393531799316
ucb_lcb_n,456.0,1.0,0.0,-4.850261688232422
ucb_lcb_n,457.0,1.0,0.0,0.0
ucb_lcb_n,458.0,1.0,0.0,-3.817272186279297
ucb_lcb_n,459.0,1.0,0.0,-3.1524670124053955
ucb_lcb_n,460.0,1.0,0.0,-4.752065658569336
ucb_lcb_n,461.0,1.0,0.0,-60.85998697578907
ucb_lcb_n,462.0,1.0,0.0,-21.19760572910309
ucb_lcb_n,463.0,1.0,0.0,-21.965686328709126
ucb_lcb_n,464.0,1.0,0.0,-8.811315298080444
ucb_lcb_n,465.0,1.0,0.0,-29.06672051921487
ucb_lcb_n,466.0,1.0,0.0,-31.627417027950287
ucb_lcb_n,467.0,1.0,0.0,-3.596296861767769
ucb_lcb_n,468.0,1.0,0.0,-5.8256731033325195
ucb_lcb_n,469.0,1.0,0.0,-26.902745008468628
ucb_lcb_n,470.0,1.0,0.0,-19.66474550962448
ucb_lcb_n,471.0,1.0,0.0,-19.8001304641366
ucb_lcb_n,472.0,1.0,0.0,-9.21034049987793
ucb_lcb_n,473.0,1.0,0.0,-6.31104850769043
ucb_lcb_n,474.0,1.0,0.0,-3.725295305252075
ucb_lcb_n,475.0,1.0,0.0,-24.598798871040344
ucb_lcb_n,476.0,1.0,0.0,-6.969709873199463
ucb_lcb_n,477.0,1.0,0.0,-35.536731243133545
ucb_lcb_n,478.0,1.0,0.0,-62.70226335525513
ucb_lcb_n,479.0,1.0,0.0,-15.708370514214039
ucb_lcb_n,480.0,1.0,0.0,-6.521225929260254
ucb_lcb_n,481.0,1.0,0.0,-5.126547336578369
ucb_lcb_n,482.0,1.0,0.0,-31.084183290600777
ucb_lcb_n,483.0,1.0,0.0,-46.857661962509155
ucb_lcb_n,484.0,1.0,0.0,-23.661977156996727
ucb_lcb_n,485.0,1.0,0.0,-4.962707996368408
ucb_lcb_n,486.0,1.0,0.0,-17.198456525802612
ucb_lcb_n,487.0,1.0,0.0,-4.801687717437744
ucb_lcb_n,488.0,1.0,0.0,-4.994716167449951
ucb_lcb_n,490.0,1.0,0.0,-4.837617874145508
ucb_lcb_n,491.0,1.0,0.0,-4.940712928771973
ucb_lcb_n,492.0,1.0,0.0,-12.086171239614487
ucb_lcb_n,493.0,1.0,0.0,-4.826838493347168
ucb_lcb_n,494.0,1.0,0.0,-19.59872591495514
ucb_lcb_n,495.0,1.0,0.0,-19.147376835346222
ucb_lcb_n,496.0,1.0,0.0,-77.29429054260254
ucb_lcb,1.0,1.0,0.0,-4.778193473815918
ucb_lcb,2.0,1.0,0.0,-4.435032844543457
ucb_lcb,3.0,1.0,0.0,-26.513189285993576
ucb_lcb,4.0,1.0,0.0,-4.7383880615234375
ucb_lcb,5.0,1.0,0.0,-14.947363376617432
ucb_lcb,6.0,1.0,0.0,-21.201309204101562
ucb_lcb,7.0,1.0,0.0,-27.614475965499878
ucb_lcb,8.0,1.0,0.0,-9.34330129623413
ucb_lcb,9.0,1.0,0.0,-24.67854392528534
ucb_lcb,10.0,1.0,0.0,-4.255721092224121
ucb_lcb,11.0,1.0,0.0,-66.29876804351807
ucb_lcb,12.0,1.0,0.0,-43.2027108669281
ucb_lcb,13.0,1.0,0.0,-2.0648770332336426
ucb_lcb,14.0,1.0,0.0,-33.82955718040466
ucb_lcb,15.0,1.0,0.0,-8.802597045898438
ucb_lcb,16.0,1.0,0.0,-3.9308924674987793
ucb_lcb,17.0,1.0,0.0,-5.417157173156738
ucb_lcb,18.0,1.0,0.0,-9.610718727111816
ucb_lcb,19.0,1.0,0.0,-5.16254997253418
ucb_lcb,20.0,1.0,0.0,-7.020215034484863
ucb_lcb,21.0,1.0,0.0,-11.869441270828247
ucb_lcb,22.0,1.0,0.0,-54.94685745239258
ucb_lcb,23.0,1.0,0.0,-34.354899168014526
ucb_lcb,24.0,1.0,0.0,-9.227546920068562
ucb_lcb,25.0,1.0,0.0,-34.242650270462036
ucb_lcb,26.0,1.0,0.0,-11.10096549987793
ucb_lcb,27.0,1.0,0.0,-5.623379230499268
ucb_lcb,28.0,1.0,0.0,-32.502429940737784
ucb_lcb,29.0,1.0,0.0,-5.916327953338623
ucb_lcb,30.0,1.0,0.0,-25.159443140029907
ucb_lcb,32.0,1.0,0.0,-4.790520191192627
ucb_lcb,33.0,1.0,0.0,-9.21034049987793
ucb_lcb,34.0,1.0,0.0,-1.1208194494247437
ucb_lcb,35.0,1.0,0.0,-0.0010002159251598641
ucb_lcb,36.0,1.0,0.0,-67.00709629058838
ucb_lcb,37.0,1.0,0.0,-8.91878628730774
ucb_lcb,38.0,1.0,0.0,-0.13354738615453243
ucb_lcb,39.0,1.0,0.0,-6.415927410125732
ucb_lcb,40.0,1.0,0.0,-43.726064801216125
ucb_lcb,41.0,1.0,0.0,-17.18881893157959
ucb_lcb,42.0,1.0,0.0,-16.45993733406067
ucb_lcb,43.0,1.0,0.0,-17.63990092277527
ucb_lcb,45.0,1.0,0.0,-24.88185942173004
ucb_lcb,46.0,1.0,0.0,-9.349814891815186
ucb_lcb,47.0,1.0,0.0,-27.01801186800003
ucb_lcb,48.0,1.0,0.0,-18.155389815568924
ucb_lcb,49.0,1.0,0.0,-9.21034049987793
ucb_lcb,50.0,1.0,0.0,-25.66999100148678
ucb_lcb,51.0,1.0,0.0,-17.025082111358643
ucb_lcb,52.0,1.0,0.0,-3.35333251953125
ucb_lcb,53.0,1.0,0.0,-8.059244155883789
ucb_lcb,54.0,1.0,0.0,-41.13856558012776
ucb_lcb,55.0,1.0,0.0,-4.793393135070801
ucb_lcb,56.0,1.0,0.0,-13.580786753445864
ucb_lcb,58.0,1.0,0.0,-9.21034049987793
ucb_lcb,59.0,1.0,0.0,-69.71431159973145
ucb_lcb,60.0,1.0,0.0,-29.720502376556396
ucb_lcb,61.0,1.0,0.0,-18.815536975860596
ucb_lcb,64.0,1.0,0.0,-4.771674633026123
ucb_lcb,65.0,1.0,0.0,-9.21034049987793
ucb_lcb,66.0,1.0,0.0,-6.140718936920166
ucb_lcb,67.0,1.0,0.0,-29.65479052066803
ucb_lcb,68.0,1.0,0.0,-31.691529631614685
ucb_lcb,69.0,1.0,0.0,-9.287024974822998
ucb_lcb,70.0,1.0,0.0,-23.223931670188904
ucb_lcb,71.0,1.0,0.0,-28.206573724746704
ucb_lcb,72.0,1.0,0.0,-8.27986478805542
ucb_lcb,73.0,1.0,0.0,-9.345183402299881
ucb_lcb,74.0,1.0,0.0,-1.157585047185421
ucb_lcb,75.0,1.0,0.0,-2.8770339488983154
ucb_lcb,76.0,1.0,0.0,-30.518013417720795
ucb_lcb,77.0,1.0,0.0,-14.757116317749023
ucb_lcb,78.0,1.0,0.0,-18.42068099975586
ucb_lcb,79.0,1.0,0.0,-9.047644585371017
ucb_lcb,80.0,1.0,0.0,-4.591553211212158
ucb_lcb,81.0,1.0,0.0,-5.125715732574463
ucb_lcb,82.0,1.0,0.0,-13.021588325500488
ucb_lcb,83.0,1.0,0.0,-9.21034049987793
ucb_lcb,84.0,1.0,0.0,-20.559952944517136
ucb_lcb,85.0,1.0,0.0,-21.02060580253601
ucb_lcb,87.0,1.0,0.0,-18.78431960940361
ucb_lcb,88.0,1.0,0.0,-12.443332195281982
ucb_lcb,89.0,1.0,0.0,-12.38713189959526
ucb_lcb,90.0,1.0,0.0,-32.634501218795776
ucb_lcb,91.0,1.0,0.0,-32.3051393032074
ucb_lcb,92.0,1.0,0.0,-26.94711071252823
ucb_lcb,93.0,1.0,0.0,-9.21034049987793
ucb_lcb,94.0,1.0,0.0,-75.80742764472961
ucb_lcb,95.0,1.0,0.0,-5.3831102550029755
ucb_lcb,96.0,1.0,0.0,-29.446819305419922
ucb_lcb,98.0,1.0,0.0,-17.37535548210144
ucb_lcb,99.0,1.0,0.0,-34.00022639334202
ucb_lcb,101.0,1.0,0.0,-0.03238201513886452
ucb_lcb,102.0,1.0,0.0,-9.77750614285469
ucb_lcb,103.0,1.0,0.0,-4.766362190246582
ucb_lcb,104.0,1.0,0.0,-43.17926983907819
ucb_lcb,105.0,1.0,0.0,-4.703464984893799
ucb_lcb,106.0,1.0,0.0,-8.971510171890259
ucb_lcb,107.0,1.0,0.0,-11.146023846231401
ucb_lcb,108.0,1.0,0.0,-9.21034049987793
ucb_lcb,109.0,1.0,0.0,-44.15256690979004
ucb_lcb,111.0,1.0,0.0,-7.796344757080078
ucb_lcb,112.0,1.0,0.0,-35.1201012134552
ucb_lcb,113.0,1.0,0.0,-4.7904276847839355
ucb_lcb,114.0,1.0,0.0,-5.3109636306762695
ucb_lcb,115.0,1.0,0.0,-2.7673919200897217
ucb_lcb,116.0,1.0,0.0,-0.3588256537914276
ucb_lcb,117.0,1.0,0.0,-27.80803475092398
ucb_lcb,118.0,1.0,0.0,-32.5967972278595
ucb_lcb,119.0,1.0,0.0,-0.0010002159251598641
ucb_lcb,120.0,1.0,0.0,-28.413817286491394
ucb_lcb,121.0,1.0,0.0,-2.8573672771453857
ucb_lcb,122.0,1.0,0.0,-8.876694023609161
ucb_lcb,123.0,1.0,0.0,-10.708531141281128
ucb_lcb,124.0,1.0,0.0,-6.755427837371826
ucb_lcb,125.0,1.0,0.0,-13.39947247505188
ucb_lcb,126.0,1.0,0.0,-18.989612855017185
ucb_lcb,128.0,1.0,0.0,-4.9297685623168945
ucb_lcb,130.0,1.0,0.0,-35.217716693878174
ucb_lcb,131.0,1.0,0.0,-7.166752338409424
ucb_lcb,132.0,1.0,0.0,-33.263081789016724
ucb_lcb,133.0,1.0,0.0,-18.678618788719177
ucb_lcb,134.0,1.0,0.0,-30.69035905599594
ucb_lcb,135.0,1.0,0.0,-17.892252892255783
ucb_lcb,136.0,1.0,0.0,-1.982368290424347
ucb_lcb,137.0,1.0,0.0,-30.210999488830566
ucb_lcb,138.0,1.0,0.0,-5.738844871520996
ucb_lcb,139.0,1.0,0.0,-9.960109174251556
ucb_lcb,140.0,1.0,0.0,-5.9077842235565186
ucb_lcb,141.0,1.0,0.0,-0.0010002159251598641
ucb_lcb,142.0,1.0,0.0,-26.72065258026123
ucb_lcb,143.0,1.0,0.0,-4.806507587432861
ucb_lcb,144.0,1.0,0.0,-33.443252846598625
ucb_lcb,145.0,1.0,0.0,-29.57586932182312
ucb_lcb,146.0,1.0,0.0,-31.78352129459381
ucb_lcb,147.0,1.0,0.0,-8.371227145195007
ucb_lcb,148.0,1.0,0.0,-1.8020727932453156
ucb_lcb,149.0,1.0,0.0,-10.691852450370789
ucb_lcb,150.0,1.0,0.0,-4.788722038269043
ucb_lcb,151.0,1.0,0.0,-34.88962662220001
ucb_lcb,152.0,1.0,0.0,-46.240532755851746
ucb_lcb,153.0,1.0,0.0,-12.121999442577362
ucb_lcb,154.0,1.0,0.0,-4.799919605255127
ucb_lcb,155.0,1.0,0.0,-9.21034049987793
ucb_lcb,156.0,1.0,0.0,-21.221601404249668
ucb_lcb,158.0,1.0,0.0,-5.294750690460205
ucb_lcb,159.0,1.0,0.0,-9.21034049987793
ucb_lcb,160.0,1.0,0.0,-5.056139945983887
ucb_lcb,161.0,1.0,0.0,-5.283105373382568
ucb_lcb,162.0,1.0,0.0,-0.2502751536667347
ucb_lcb,163.0,1.0,0.0,-13.484094619750977
ucb_lcb,165.0,1.0,0.0,-15.612725377082825
ucb_lcb,166.0,1.0,0.0,-10.655715465545654
ucb_lcb,167.0,1.0,0.0,-30.766290426254272
ucb_lcb,168.0,1.0,0.0,-4.177632808685303
ucb_lcb,169.0,1.0,0.0,-17.771436498500407
ucb_lcb,170.0,1.0,0.0,-12.626487612724304
ucb_lcb,171.0,1.0,0.0,-9.21034049987793
ucb_lcb,172.0,1.0,0.0,-13.342987537384033
ucb_lcb,173.0,1.0,0.0,-33.75266671180725
ucb_lcb,174.0,1.0,0.0,-42.050716146826744
ucb_lcb,175.0,1.0,0.0,-28.61630129814148
ucb_lcb,176.0,1.0,0.0,-32.53839087486267
ucb_lcb,177.0,1.0,0.0,0.0
ucb_lcb,178.0,1.0,0.0,-8.775300741195679
ucb_lcb,179.0,1.0,0.0,-5.255301475524902
ucb_lcb,180.0,1.0,0.0,-13.722617626190186
ucb_lcb,181.0,1.0,0.0,-22.388667702674866
ucb_lcb,182.0,1.0,0.0,-4.923558712005615
ucb_lcb,183.0,1.0,0.0,-5.962182521820068
ucb_lcb,185.0,1.0,0.0,-44.673240065574646
ucb_lcb,186.0,1.0,0.0,-13.690779209136963
ucb_lcb,187.0,1.0,0.0,-12.918993949890137
ucb_lcb,188.0,1.0,0.0,-6.419884204864502
ucb_lcb,190.0,1.0,0.0,-5.386834144592285
ucb_lcb,191.0,1.0,0.0,-25.93865180015564
ucb_lcb,192.0,1.0,0.0,-2.049702897667885
ucb_lcb,193.0,1.0,0.0,-21.382959127426147
ucb_lcb,195.0,1.0,0.0,-17.232924044132233
ucb_lcb,196.0,1.0,0.0,-7.153827428817749
ucb_lcb,197.0,1.0,0.0,-75.01912051439285
ucb_lcb,198.0,1.0,0.0,-3.063077926635742
ucb_lcb,199.0,1.0,0.0,-22.063827514648438
ucb_lcb,200.0,1.0,0.0,-18.023106813430786
ucb_lcb,201.0,1.0,0.0,-29.936566591262817
ucb_lcb,202.0,1.0,0.0,-14.309574842453003
ucb_lcb,203.0,1.0,0.0,-9.572569370269775
ucb_lcb,204.0,1.0,0.0,-10.047706186771393
ucb_lcb,205.0,1.0,0.0,-20.008887507021427
ucb_lcb,206.0,1.0,0.0,-19.18561840057373
ucb_lcb,207.0,1.0,0.0,-4.275296688079834
ucb_lcb,208.0,1.0,0.0,-21.638476967811584
ucb_lcb,209.0,1.0,0.0,-9.577006816864014
ucb_lcb,210.0,1.0,0.0,-9.21034049987793
ucb_lcb,211.0,1.0,0.0,-8.196288108825684
ucb_lcb,212.0,1.0,0.0,-8.141889572143555
ucb_lcb,213.0,1.0,0.0,-27.35219943523407
ucb_lcb,214.0,1.0,0.0,-17.19660234451294
ucb_lcb,215.0,1.0,0.0,-4.759760856628418
ucb_lcb,216.0,1.0,0.0,-5.134007930755615
ucb_lcb,217.0,1.0,0.0,-9.895874129608274
ucb_lcb,218.0,1.0,0.0,-17.415079675614834
ucb_lcb,219.0,1.0,0.0,-28.747087359428406
ucb_lcb,220.0,1.0,0.0,-9.21034049987793
ucb_lcb,221.0,1.0,0.0,-5.048008918762207
ucb_lcb,222.0,1.0,0.0,-28.982254028320312
ucb_lcb,223.0,1.0,0.0,-27.801761746406555
ucb_lcb,224.0,1.0,0.0,-52.868250608444214
ucb_lcb,225.0,1.0,0.0,-3.0392091274261475
ucb_lcb,226.0,1.0,0.0,-4.8196797370910645
ucb_lcb,227.0,1.0,0.0,-23.25809109210968
ucb_lcb,228.0,1.0,0.0,-5.69464635848999
ucb_lcb,229.0,1.0,0.0,-0.00020004318503197283
ucb_lcb,230.0,1.0,0.0,-5.524237632751465
ucb_lcb,231.0,1.0,0.0,-4.793261528015137
ucb_lcb,232.0,1.0,0.0,-21.692157983779907
ucb_lcb,233.0,1.0,0.0,-5.698642730712891
ucb_lcb,234.0,1.0,0.0,-5.3506622314453125
ucb_lcb,236.0,1.0,0.0,-32.11450242996216
ucb_lcb,237.0,1.0,0.0,-5.375674247741699
ucb_lcb,239.0,1.0,0.0,-32.439637780189514
ucb_lcb,240.0,1.0,0.0,-25.98770570755005
ucb_lcb,241.0,1.0,0.0,-11.614464163780212
ucb_lcb,242.0,1.0,0.0,-1.4439245462417603
ucb_lcb,243.0,1.0,0.0,-16.470953583717346
ucb_lcb,244.0,1.0,0.0,-21.403610169887543
ucb_lcb,245.0,1.0,0.0,-6.881964445114136
ucb_lcb,246.0,1.0,0.0,-21.25003243982792
ucb_lcb,247.0,1.0,0.0,-30.685527369379997
ucb_lcb,248.0,1.0,0.0,-4.820342540740967
ucb_lcb,249.0,1.0,0.0,-33.92467713356018
ucb_lcb,250.0,1.0,0.0,-11.611841201782227
ucb_lcb,252.0,1.0,0.0,-37.60748887062073
ucb_lcb,253.0,1.0,0.0,-10.831681936979294
ucb_lcb,254.0,1.0,0.0,-19.443334102630615
ucb_lcb,255.0,1.0,0.0,-79.3311710357666
ucb_lcb,257.0,1.0,0.0,-4.757866859436035
ucb_lcb,258.0,1.0,0.0,-2.5772459506988525
ucb_lcb,259.0,1.0,0.0,-15.773058891296387
ucb_lcb,260.0,1.0,0.0,-30.477746963500977
ucb_lcb,261.0,1.0,0.0,-9.211240694210574
ucb_lcb,262.0,1.0,0.0,-18.913205683231354
ucb_lcb,263.0,1.0,0.0,-6.972172737121582
ucb_lcb,264.0,1.0,0.0,-10.048561096191406
ucb_lcb,266.0,1.0,0.0,-13.923210620880127
ucb_lcb,267.0,1.0,0.0,-6.222218751907349
ucb_lcb,268.0,1.0,0.0,-18.42068099975586
ucb_lcb,269.0,1.0,0.0,-4.105014324188232
ucb_lcb,270.0,1.0,0.0,-5.155788019299507
ucb_lcb,271.0,1.0,0.0,-7.385793685913086
ucb_lcb,272.0,1.0,0.0,-6.5189290046691895
ucb_lcb,273.0,1.0,0.0,-8.388841152191162
ucb_lcb,274.0,1.0,0.0,-44.05497747659683
ucb_lcb,275.0,1.0,0.0,-5.458688508719206
ucb_lcb,276.0,1.0,0.0,-0.0010002159251598641
ucb_lcb,277.0,1.0,0.0,-0.0010002159251598641
ucb_lcb,278.0,1.0,0.0,-6.19529390335083
ucb_lcb,279.0,1.0,0.0,-4.8116455078125
ucb_lcb,280.0,1.0,0.0,-4.465263366699219
ucb_lcb,282.0,1.0,0.0,-10.7771897315979
ucb_lcb,283.0,1.0,0.0,-6.630979061126709
ucb_lcb,284.0,1.0,0.0,-11.456118106842041
ucb_lcb,285.0,1.0,0.0,-7.1610307693481445
ucb_lcb,286.0,1.0,0.0,-4.812957286834717
ucb_lcb,287.0,1.0,0.0,-15.31001841276884
ucb_lcb,288.0,1.0,0.0,-4.883070468902588
ucb_lcb,289.0,1.0,0.0,-9.853067398071289
ucb_lcb,290.0,1.0,0.0,-30.168946981430054
ucb_lcb,291.0,1.0,0.0,-37.68647742271423
ucb_lcb,292.0,1.0,0.0,-18.170242428779602
ucb_lcb,293.0,1.0,0.0,-4.016953676939011
ucb_lcb,294.0,1.0,0.0,-9.041094183921814
ucb_lcb,295.0,1.0,0.0,-4.7065935134887695
ucb_lcb,296.0,1.0,0.0,-54.50088036060333
ucb_lcb,297.0,1.0,0.0,-32.56054472923279
ucb_lcb,298.0,1.0,0.0,-19.750546669354662
ucb_lcb,299.0,1.0,0.0,-34.77827286720276
ucb_lcb,300.0,1.0,0.0,-4.675204761326313
ucb_lcb,301.0,1.0,0.0,-9.21034049987793
ucb_lcb,302.0,1.0,0.0,-0.0010002159251598641
ucb_lcb,303.0,1.0,0.0,-11.683317984578025
ucb_lcb,304.0,1.0,0.0,-3.807084083557129
ucb_lcb,305.0,1.0,0.0,-21.30337867513299
ucb_lcb,306.0,1.0,0.0,-23.202640295028687
ucb_lcb,307.0,1.0,0.0,-9.18842601776123
ucb_lcb,308.0,1.0,0.0,-8.390249252319336
ucb_lcb,309.0,1.0,0.0,-36.52602618932724
ucb_lcb,310.0,1.0,0.0,-9.247305631637573
ucb_lcb,311.0,1.0,0.0,-22.131619691848755
ucb_lcb,312.0,1.0,0.0,-21.35906630754471
ucb_lcb,313.0,1.0,0.0,-15.033244609832764
ucb_lcb,314.0,1.0,0.0,-3.4616270065307617
ucb_lcb,315.0,1.0,0.0,-28.660823464393616
ucb_lcb,316.0,1.0,0.0,-41.481365442276
ucb_lcb,317.0,1.0,0.0,-37.3434898853302
ucb_lcb,318.0,1.0,0.0,-22.35408341884613
ucb_lcb,319.0,1.0,0.0,0.0
ucb_lcb,320.0,1.0,0.0,-7.86851692199707
ucb_lcb,321.0,1.0,0.0,-3.0354621410369873
ucb_lcb,322.0,1.0,0.0,-8.271812200546265
ucb_lcb,323.0,1.0,0.0,-46.34691929699329
ucb_lcb,324.0,1.0,0.0,-30.661209106445312
ucb_lcb,325.0,1.0,0.0,-8.347947120666504
ucb_lcb,326.0,1.0,0.0,-36.841462021104235
ucb_lcb,327.0,1.0,0.0,-0.2659950666129589
ucb_lcb,328.0,1.0,0.0,-5.823359489440918
ucb_lcb,329.0,1.0,0.0,-7.502135515213013
ucb_lcb,330.0,1.0,0.0,-9.21034049987793
ucb_lcb,331.0,1.0,0.0,-19.62023115158081
ucb_lcb,332.0,1.0,0.0,-9.21034049987793
ucb_lcb,333.0,1.0,0.0,-28.752562999725342
ucb_lcb,334.0,1.0,0.0,-4.886983394622803
ucb_lcb,336.0,1.0,0.0,-0.0010002159251598641
ucb_lcb,337.0,1.0,0.0,-9.21034049987793
ucb_lcb,338.0,1.0,0.0,-5.929922580718994
ucb_lcb,340.0,1.0,0.0,-6.9695452796295285
ucb_lcb,341.0,1.0,0.0,-35.17884576320648
ucb_lcb,342.0,1.0,0.0,-12.002727708313614
ucb_lcb,343.0,1.0,0.0,-14.79813027381897
ucb_lcb,344.0,1.0,0.0,-13.529364109039307
ucb_lcb,346.0,1.0,0.0,-24.480274558067322
ucb_lcb,347.0,1.0,0.0,-13.360962867736816
ucb_lcb,348.0,1.0,0.0,-17.900219917297363
ucb_lcb,350.0,1.0,0.0,-0.0010002159251598641
ucb_lcb,351.0,1.0,0.0,-4.954870715737343
ucb_lcb,352.0,1.0,0.0,-17.270760774612427
ucb_lcb,353.0,1.0,0.0,-6.163646936416626
ucb_lcb,354.0,1.0,0.0,-26.490223228931427
ucb_lcb,355.0,1.0,0.0,-0.0010002159251598641
ucb_lcb,356.0,1.0,0.0,-4.970321178436279
ucb_lcb,357.0,1.0,0.0,-31.487864136695862
ucb_lcb,358.0,1.0,0.0,-12.890408515930176
ucb_lcb,359.0,1.0,0.0,-15.818837961181998
ucb_lcb,361.0,1.0,0.0,-23.944650173187256
ucb_lcb,362.0,1.0,0.0,-29.25868310034275
ucb_lcb,363.0,1.0,0.0,-16.79046368598938
ucb_lcb,364.0,1.0,0.0,-4.800291538238525
ucb_lcb,365.0,1.0,0.0,-5.527442455291748
ucb_lcb,367.0,1.0,0.0,-4.727761268615723
ucb_lcb,368.0,1.0,0.0,-8.268853425979614
ucb_lcb,369.0,1.0,0.0,-14.086397647857666
ucb_lcb,371.0,1.0,0.0,-30.336965322494507
ucb_lcb,372.0,1.0,0.0,-9.503069400787354
ucb_lcb,373.0,1.0,0.0,-2.125249460339546
ucb_lcb,374.0,1.0,0.0,-7.278961777687073
ucb_lcb,375.0,1.0,0.0,-54.6017901301384
ucb_lcb,376.0,1.0,0.0,-14.99736025929451
ucb_lcb,377.0,1.0,0.0,-4.959262371063232
ucb_lcb,378.0,1.0,0.0,-55.26204299926758
ucb_lcb,379.0,1.0,0.0,-4.803417682647705
ucb_lcb,380.0,1.0,0.0,-5.626617431640625
ucb_lcb,381.0,1.0,0.0,-0.0010002159251598641
ucb_lcb,382.0,1.0,0.0,-5.345144271850586
ucb_lcb,383.0,1.0,0.0,-2.5780361741781235
ucb_lcb,384.0,1.0,0.0,-7.437730401754379
ucb_lcb,385.0,1.0,0.0,-0.12389758788049221
ucb_lcb,386.0,1.0,0.0,-5.05209493637085
ucb_lcb,387.0,1.0,0.0,-5.222996711730957
ucb_lcb,388.0,1.0,0.0,-28.29752767086029
ucb_lcb,389.0,1.0,0.0,-9.622431755065918
ucb_lcb,390.0,1.0,0.0,-6.4798688888549805
ucb_lcb,391.0,1.0,0.0,-12.593681763857603
ucb_lcb,392.0,1.0,0.0,-1.5805326700210571
ucb_lcb,393.0,1.0,0.0,-27.60318922996521
ucb_lcb,394.0,1.0,0.0,-16.699274115264416
ucb_lcb,395.0,1.0,0.0,-24.760176599025726
ucb_lcb,396.0,1.0,0.0,-36.113316774368286
ucb_lcb,397.0,1.0,0.0,-21.146014153957367
ucb_lcb,398.0,1.0,0.0,-6.3080010414123535
ucb_lcb,399.0,1.0,0.0,-33.4454710483551
ucb_lcb,400.0,1.0,0.0,-9.046178340911865
ucb_lcb,401.0,1.0,0.0,-19.181630104780197
ucb_lcb,402.0,1.0,0.0,-4.396796107292175
ucb_lcb,403.0,1.0,0.0,-34.10689949989319
ucb_lcb,404.0,1.0,0.0,-10.08092828374356
ucb_lcb,405.0,1.0,0.0,-21.804283380508423
ucb_lcb,407.0,1.0,0.0,-22.22327572107315
ucb_lcb,408.0,1.0,0.0,-4.798036575317383
ucb_lcb,409.0,1.0,0.0,-9.21034049987793
ucb_lcb,410.0,1.0,0.0,-30.491299986839294
ucb_lcb,412.0,1.0,0.0,-21.25604557991028
ucb_lcb,413.0,1.0,0.0,-6.402492523193359
ucb_lcb,414.0,1.0,0.0,-6.196281433105469
ucb_lcb,415.0,1.0,0.0,-17.347124338150024
ucb_lcb,416.0,1.0,0.0,-48.718406200408936
ucb_lcb,417.0,1.0,0.0,-42.5166677236557
ucb_lcb,418.0,1.0,0.0,-16.786770820617676
ucb_lcb,419.0,1.0,0.0,-13.350081145763397
ucb_lcb,420.0,1.0,0.0,-18.078346014022827
ucb_lcb,421.0,1.0,0.0,-59.52465951942577
ucb_lcb,422.0,1.0,0.0,-0.029223434161394835
ucb_lcb,424.0,1.0,0.0,-20.151179313659668
ucb_lcb,425.0,1.0,0.0,-18.343129694461823
ucb_lcb,426.0,1.0,0.0,-4.985440731048584
ucb_lcb,428.0,1.0,0.0,-6.140999794006348
ucb_lcb,429.0,1.0,0.0,-21.613575518131256
ucb_lcb,430.0,1.0,0.0,-6.257358551025391
ucb_lcb,431.0,1.0,0.0,-13.525384902954102
ucb_lcb,432.0,1.0,0.0,-17.072367429733276
ucb_lcb,433.0,1.0,0.0,-9.606613591313362
ucb_lcb,434.0,1.0,0.0,-4.806864261627197
ucb_lcb,435.0,1.0,0.0,-7.522555828094482
ucb_lcb,436.0,1.0,0.0,-4.949084281921387
ucb_lcb,437.0,1.0,0.0,-24.730870604515076
ucb_lcb,438.0,1.0,0.0,-9.21034049987793
ucb_lcb,439.0,1.0,0.0,-29.994858503341675
ucb_lcb,440.0,1.0,0.0,-6.983065605163574
ucb_lcb,441.0,1.0,0.0,-26.334152221679688
ucb_lcb,442.0,1.0,0.0,-0.0010002159251598641
ucb_lcb,443.0,1.0,0.0,-49.38984823226929
ucb_lcb,444.0,1.0,0.0,-44.343363761901855
ucb_lcb,445.0,1.0,0.0,-5.024361610412598
ucb_lcb,446.0,1.0,0.0,-21.013160943984985
ucb_lcb,447.0,1.0,0.0,-4.384846210479736
ucb_lcb,448.0,1.0,0.0,-4.802938938140869
ucb_lcb,449.0,1.0,0.0,-38.2525908946991
ucb_lcb,450.0,1.0,0.0,-42.23785591125488
ucb_lcb,451.0,1.0,0.0,-5.941817283630371
ucb_lcb,452.0,1.0,0.0,-82.2570207118988
ucb_lcb,453.0,1.0,0.0,-31.0738742351532
ucb_lcb,454.0,1.0,0.0,-7.374334335327148
ucb_lcb,455.0,1.0,0.0,-4.796632289886475
ucb_lcb,456.0,1.0,0.0,-4.78751277923584
ucb_lcb,457.0,1.0,0.0,0.0
ucb_lcb,458.0,1.0,0.0,-2.826014757156372
ucb_lcb,459.0,1.0,0.0,-0.7746038436889648
ucb_lcb,460.0,1.0,0.0,-4.760083198547363
ucb_lcb,461.0,1.0,0.0,-64.77561770752072
ucb_lcb,462.0,1.0,0.0,-28.179229497909546
ucb_lcb,463.0,1.0,0.0,-25.811331376433372
ucb_lcb,464.0,1.0,0.0,-11.310840129852295
ucb_lcb,465.0,1.0,0.0,-33.698233522474766
ucb_lcb,466.0,1.0,0.0,-21.802439521998167
ucb_lcb,467.0,1.0,0.0,-3.7776720970869064
ucb_lcb,468.0,1.0,0.0,-6.063138961791992
ucb_lcb,469.0,1.0,0.0,-37.406513690948486
ucb_lcb,470.0,1.0,0.0,-23.356805205345154
ucb_lcb,471.0,1.0,0.0,-35.14452528953552
ucb_lcb,472.0,1.0,0.0,-9.21034049987793
ucb_lcb,473.0,1.0,0.0,-6.307609558105469
ucb_lcb,474.0,1.0,0.0,-2.9658448696136475
ucb_lcb,475.0,1.0,0.0,-22.041405200958252
ucb_lcb,476.0,1.0,0.0,-9.21034049987793
ucb_lcb,477.0,1.0,0.0,-31.311896562576294
ucb_lcb,478.0,1.0,0.0,-38.47861993312836
ucb_lcb,479.0,1.0,0.0,-17.725537340389565
ucb_lcb,480.0,1.0,0.0,-5.911192417144775
ucb_lcb,481.0,1.0,0.0,-5.40475606918335
ucb_lcb,482.0,1.0,0.0,-29.262519493699074
ucb_lcb,483.0,1.0,0.0,-42.35321056842804
ucb_lcb,484.0,1.0,0.0,-27.039308547973633
ucb_lcb,485.0,1.0,0.0,-5.252584934234619
ucb_lcb,486.0,1.0,0.0,-18.637499570846558
ucb_lcb,487.0,1.0,0.0,-4.781167507171631
ucb_lcb,488.0,1.0,0.0,-4.790964603424072
ucb_lcb,490.0,1.0,0.0,-5.258609294891357
ucb_lcb,491.0,1.0,0.0,-5.183242321014404
ucb_lcb,492.0,1.0,0.0,-14.598117094486952
ucb_lcb,493.0,1.0,0.0,-4.8035807609558105
ucb_lcb,494.0,1.0,0.0,-26.86644971370697
ucb_lcb,495.0,1.0,0.0,-13.73106361925602
ucb_lcb,496.0,1.0,0.0,-80.84217262268066
ucb_b0,1.0,1.0,0.0,-4.8724045753479
ucb_b0,2.0,1.0,0.0,-4.480093479156494
ucb_b0,3.0,1.0,0.0,-24.98447734117508
ucb_b0,4.0,1.0,0.0,-5.020498275756836
ucb_b0,5.0,1.0,0.0,-16.385157108306885
ucb_b0,6.0,1.0,0.0,-28.695548593997955
ucb_b0,7.0,1.0,0.0,-30.995745062828064
ucb_b0,8.0,1.0,0.0,-9.069499015808105
ucb_b0,9.0,1.0,0.0,-21.93896520137787
ucb_b0,10.0,1.0,0.0,-5.016757965087891
ucb_b0,11.0,1.0,0.0,-67.25412559509277
ucb_b0,12.0,1.0,0.0,-40.25169014930725
ucb_b0,13.0,1.0,0.0,-2.570448398590088
ucb_b0,14.0,1.0,0.0,-36.1054722070694
ucb_b0,15.0,1.0,0.0,-9.21034049987793
ucb_b0,16.0,1.0,0.0,-3.8151888847351074
ucb_b0,17.0,1.0,0.0,-6.695257663726807
ucb_b0,18.0,1.0,0.0,-10.045745849609375
ucb_b0,19.0,1.0,0.0,-4.885981559753418
ucb_b0,20.0,1.0,0.0,-6.861575603485107
ucb_b0,21.0,1.0,0.0,-10.462571620941162
ucb_b0,22.0,1.0,0.0,-55.26204299926758
ucb_b0,23.0,1.0,0.0,-34.372592866420746
ucb_b0,24.0,1.0,0.0,-9.297237096354365
ucb_b0,25.0,1.0,0.0,-57.041706562042236
ucb_b0,26.0,1.0,0.0,-10.54702091217041
ucb_b0,27.0,1.0,0.0,-5.1653900146484375
ucb_b0,28.0,1.0,0.0,-36.841462021104235
ucb_b0,29.0,1.0,0.0,-6.4072394371032715
ucb_b0,30.0,1.0,0.0,-26.5030038356781
ucb_b0,32.0,1.0,0.0,-4.072717666625977
ucb_b0,33.0,1.0,0.0,-8.956159591674805
ucb_b0,34.0,1.0,0.0,-2.661304473876953
ucb_b0,35.0,1.0,0.0,-0.03245444153435528
ucb_b0,36.0,1.0,0.0,-64.92769420146942
ucb_b0,37.0,1.0,0.0,-8.159425497055054
ucb_b0,38.0,1.0,0.0,-0.5356126576662064
ucb_b0,39.0,1.0,0.0,-6.569839954376221
ucb_b0,40.0,1.0,0.0,-42.12332284450531
ucb_b0,41.0,1.0,0.0,-15.65831470489502
ucb_b0,42.0,1.0,0.0,-14.965268850326538
ucb_b0,43.0,1.0,0.0,-19.411819458007812
ucb_b0,45.0,1.0,0.0,-28.223253190517426
ucb_b0,46.0,1.0,0.0,-9.983532190322876
ucb_b0,47.0,1.0,0.0,-35.285181522369385
ucb_b0,48.0,1.0,0.0,-33.50547003746033
ucb_b0,49.0,1.0,0.0,-9.21034049987793
ucb_b0,50.0,1.0,0.0,-37.20923066139221
ucb_b0,51.0,1.0,0.0,-17.3457590341568
ucb_b0,52.0,1.0,0.0,-4.249825477600098
ucb_b0,53.0,1.0,0.0,-7.104917049407959
ucb_b0,54.0,1.0,0.0,-35.257221937179565
ucb_b0,55.0,1.0,0.0,-4.869639873504639
ucb_b0,56.0,1.0,0.0,-31.11949324607849
ucb_b0,58.0,1.0,0.0,-5.111356258392334
ucb_b0,59.0,1.0,0.0,-40.443558752536774
ucb_b0,60.0,1.0,0.0,-33.054457902908325
ucb_b0,61.0,1.0,0.0,-17.81610894203186
ucb_b0,64.0,1.0,0.0,-4.883928298950195
ucb_b0,65.0,1.0,0.0,-9.21034049987793
ucb_b0,66.0,1.0,0.0,-6.711463928222656
ucb_b0,67.0,1.0,0.0,-29.68654465675354
ucb_b0,68.0,1.0,0.0,-31.655585169792175
ucb_b0,69.0,1.0,0.0,-8.888085842132568
ucb_b0,70.0,1.0,0.0,-23.15629070997238
ucb_b0,71.0,1.0,0.0,-28.5715891122818
ucb_b0,72.0,1.0,0.0,-13.199536800384521
ucb_b0,73.0,1.0,0.0,-12.451918214559555
ucb_b0,74.0,1.0,0.0,-2.779489904642105
ucb_b0,75.0,1.0,0.0,-3.3113324642181396
ucb_b0,76.0,1.0,0.0,-33.11539697647095
ucb_b0,77.0,1.0,0.0,-13.373233318328857
ucb_b0,78.0,1.0,0.0,-18.183039665222168
ucb_b0,79.0,1.0,0.0,-11.759154319763184
ucb_b0,80.0,1.0,0.0,-4.8187031745910645
ucb_b0,81.0,1.0,0.0,-5.068521499633789
ucb_b0,82.0,1.0,0.0,-9.806600093841553
ucb_b0,83.0,1.0,0.0,-2.904541254043579
ucb_b0,84.0,1.0,0.0,-18.671108957380056
ucb_b0,85.0,1.0,0.0,-23.931391835212708
ucb_b0,87.0,1.0,0.0,-18.614471316337585
ucb_b0,88.0,1.0,0.0,-10.334885120391846
ucb_b0,89.0,1.0,0.0,-13.052130252122879
ucb_b0,90.0,1.0,0.0,-32.645331621170044
ucb_b0,91.0,1.0,0.0,-29.401196479797363
ucb_b0,92.0,1.0,0.0,-27.65986168384552
ucb_b0,93.0,1.0,0.0,-9.21034049987793
ucb_b0,94.0,1.0,0.0,-29.138328552246094
ucb_b0,95.0,1.0,0.0,-6.695903927087784
ucb_b0,96.0,1.0,0.0,-33.41846466064453
ucb_b0,98.0,1.0,0.0,-16.295751810073853
ucb_b0,99.0,1.0,0.0,-44.10242414474487
ucb_b0,101.0,1.0,0.0,-3.2533717155456543
ucb_b0,102.0,1.0,0.0,-10.129811696708202
ucb_b0,103.0,1.0,0.0,-4.83197021484375
ucb_b0,104.0,1.0,0.0,-36.77686965465546
ucb_b0,105.0,1.0,0.0,-4.634990692138672
ucb_b0,106.0,1.0,0.0,-10.216953039169312
ucb_b0,107.0,1.0,0.0,-29.8256254196167
ucb_b0,108.0,1.0,0.0,-9.21034049987793
ucb_b0,109.0,1.0,0.0,-48.77822279930115
ucb_b0,111.0,1.0,0.0,-10.268639087677002
ucb_b0,112.0,1.0,0.0,-43.64851462841034
ucb_b0,113.0,1.0,0.0,-4.823421001434326
ucb_b0,114.0,1.0,0.0,-5.706389904022217
ucb_b0,115.0,1.0,0.0,-4.071077823638916
ucb_b0,116.0,1.0,0.0,-3.472158670425415
ucb_b0,117.0,1.0,0.0,-32.63862156867981
ucb_b0,118.0,1.0,0.0,-27.72446447610855
ucb_b0,119.0,1.0,0.0,-0.0010002159251598641
ucb_b0,120.0,1.0,0.0,-32.01243209838867
ucb_b0,121.0,1.0,0.0,-4.115259170532227
ucb_b0,122.0,1.0,0.0,-7.542826294898987
ucb_b0,123.0,1.0,0.0,-13.434984564781189
ucb_b0,124.0,1.0,0.0,-7.336742401123047
ucb_b0,125.0,1.0,0.0,-12.550176858901978
ucb_b0,126.0,1.0,0.0,-31.754586219787598
ucb_b0,128.0,1.0,0.0,-5.233310699462891
ucb_b0,130.0,1.0,0.0,-36.842389702796936
ucb_b0,131.0,1.0,0.0,-7.323490142822266
ucb_b0,132.0,1.0,0.0,-33.382153034210205
ucb_b0,133.0,1.0,0.0,-17.30971372127533
ucb_b0,134.0,1.0,0.0,-44.5309396982193
ucb_b0,135.0,1.0,0.0,-19.16025353781879
ucb_b0,136.0,1.0,0.0,-2.0935124158859253
ucb_b0,137.0,1.0,0.0,-34.91036641597748
ucb_b0,138.0,1.0,0.0,-6.098571300506592
ucb_b0,139.0,1.0,0.0,-10.23844489455223
ucb_b0,140.0,1.0,0.0,-7.470028400421143
ucb_b0,141.0,1.0,0.0,-0.0010002159251598641
ucb_b0,142.0,1.0,0.0,-25.146957874298096
ucb_b0,143.0,1.0,0.0,-4.86293888092041
ucb_b0,144.0,1.0,0.0,-32.53197431564331
ucb_b0,145.0,1.0,0.0,-28.318517088890076
ucb_b0,146.0,1.0,0.0,-35.960079193115234
ucb_b0,147.0,1.0,0.0,-8.623950839042664
ucb_b0,148.0,1.0,0.0,-4.699613958597183
ucb_b0,149.0,1.0,0.0,-14.764833807945251
ucb_b0,150.0,1.0,0.0,-4.8405375480651855
ucb_b0,151.0,1.0,0.0,-34.910964131355286
ucb_b0,152.0,1.0,0.0,-28.096909284591675
ucb_b0,153.0,1.0,0.0,-19.420676827430725
ucb_b0,154.0,1.0,0.0,-4.878223419189453
ucb_b0,155.0,1.0,0.0,-9.21034049987793
ucb_b0,156.0,1.0,0.0,-39.046807408332825
ucb_b0,158.0,1.0,0.0,-5.362504005432129
ucb_b0,159.0,1.0,0.0,-9.21034049987793
ucb_b0,160.0,1.0,0.0,-5.117690086364746
ucb_b0,161.0,1.0,0.0,-4.910068035125732
ucb_b0,162.0,1.0,0.0,-0.40207698196172714
ucb_b0,163.0,1.0,0.0,-13.804064273834229
ucb_b0,165.0,1.0,0.0,-16.582324266433716
ucb_b0,166.0,1.0,0.0,-10.672099590301514
ucb_b0,167.0,1.0,0.0,-33.74200630187988
ucb_b0,168.0,1.0,0.0,-4.133378028869629
ucb_b0,169.0,1.0,0.0,-28.852856159210205
ucb_b0,170.0,1.0,0.0,-28.690752267837524
ucb_b0,171.0,1.0,0.0,-9.21034049987793
ucb_b0,172.0,1.0,0.0,-14.47337007522583
ucb_b0,173.0,1.0,0.0,-33.046260356903076
ucb_b0,174.0,1.0,0.0,-34.04176890850067
ucb_b0,175.0,1.0,0.0,-28.838776230812073
ucb_b0,176.0,1.0,0.0,-36.43157625198364
ucb_b0,177.0,1.0,0.0,0.0
ucb_b0,178.0,1.0,0.0,-10.217652797698975
ucb_b0,179.0,1.0,0.0,-5.689620018005371
ucb_b0,180.0,1.0,0.0,-13.899772644042969
ucb_b0,181.0,1.0,0.0,-23.67389315366745
ucb_b0,182.0,1.0,0.0,-5.136971473693848
ucb_b0,183.0,1.0,0.0,-5.896225929260254
ucb_b0,185.0,1.0,0.0,-37.375898361206055
ucb_b0,186.0,1.0,0.0,-13.306562900543213
ucb_b0,187.0,1.0,0.0,-17.006877183914185
ucb_b0,188.0,1.0,0.0,-5.507427215576172
ucb_b0,190.0,1.0,0.0,-4.86422061920166
ucb_b0,191.0,1.0,0.0,-27.233946323394775
ucb_b0,192.0,1.0,0.0,-3.3158248960971832
ucb_b0,193.0,1.0,0.0,-29.200631618499756
ucb_b0,195.0,1.0,0.0,-27.405772805213928
ucb_b0,196.0,1.0,0.0,-7.0357513427734375
ucb_b0,197.0,1.0,0.0,-21.005624413490295
ucb_b0,198.0,1.0,0.0,-2.959496259689331
ucb_b0,199.0,1.0,0.0,-34.012590169906616
ucb_b0,200.0,1.0,0.0,-15.974093794822693
ucb_b0,201.0,1.0,0.0,-39.51775765419006
ucb_b0,202.0,1.0,0.0,-14.590908646583557
ucb_b0,203.0,1.0,0.0,-9.763431072235107
ucb_b0,204.0,1.0,0.0,-10.332575958687812
ucb_b0,205.0,1.0,0.0,-15.301452875137329
ucb_b0,206.0,1.0,0.0,-19.213124752044678
ucb_b0,207.0,1.0,0.0,-3.5029590129852295
ucb_b0,208.0,1.0,0.0,-31.53092360496521
ucb_b0,209.0,1.0,0.0,-9.807413578033447
ucb_b0,210.0,1.0,0.0,-8.550514221191406
ucb_b0,211.0,1.0,0.0,-9.584898710250854
ucb_b0,212.0,1.0,0.0,-7.466591835021973
ucb_b0,213.0,1.0,0.0,-26.836405873298645
ucb_b0,214.0,1.0,0.0,-23.178734302520752
ucb_b0,215.0,1.0,0.0,-4.892759799957275
ucb_b0,216.0,1.0,0.0,-5.274386405944824
ucb_b0,217.0,1.0,0.0,-9.605383850634098
ucb_b0,218.0,1.0,0.0,-30.318729162216187
ucb_b0,219.0,1.0,0.0,-26.85210680961609
ucb_b0,220.0,1.0,0.0,-6.270472049713135
ucb_b0,221.0,1.0,0.0,-4.857524394989014
ucb_b0,222.0,1.0,0.0,-29.090668201446533
ucb_b0,223.0,1.0,0.0,-30.980944991111755
ucb_b0,224.0,1.0,0.0,-61.37953996658325
ucb_b0,225.0,1.0,0.0,-3.454904079437256
ucb_b0,226.0,1.0,0.0,-4.982926368713379
ucb_b0,227.0,1.0,0.0,-22.779188454151154
ucb_b0,228.0,1.0,0.0,-5.468235015869141
ucb_b0,229.0,1.0,0.0,-0.25229574739933014
ucb_b0,230.0,1.0,0.0,-5.036660194396973
ucb_b0,231.0,1.0,0.0,-4.909848690032959
ucb_b0,232.0,1.0,0.0,-27.90183985233307
ucb_b0,233.0,1.0,0.0,-5.811706066131592
ucb_b0,234.0,1.0,0.0,-4.86652135848999
ucb_b0,236.0,1.0,0.0,-31.684520721435547
ucb_b0,237.0,1.0,0.0,-5.318292617797852
ucb_b0,239.0,1.0,0.0,-40.212926745414734
ucb_b0,240.0,1.0,0.0,-22.251257926225662
ucb_b0,241.0,1.0,0.0,-12.768404483795166
ucb_b0,242.0,1.0,0.0,-2.316756010055542
ucb_b0,243.0,1.0,0.0,-13.255536377429962
ucb_b0,244.0,1.0,0.0,-21.388875246047974
ucb_b0,245.0,1.0,0.0,-7.83503270149231
ucb_b0,246.0,1.0,0.0,-22.845723897218704
ucb_b0,247.0,1.0,0.0,-42.16332447528839
ucb_b0,248.0,1.0,0.0,-4.902279853820801
ucb_b0,249.0,1.0,0.0,-38.22208905220032
ucb_b0,250.0,1.0,0.0,-14.019274711608887
ucb_b0,252.0,1.0,0.0,-64.91845083236694
ucb_b0,253.0,1.0,0.0,-9.697695728391409
ucb_b0,254.0,1.0,0.0,-18.854802548885345
ucb_b0,255.0,1.0,0.0,-49.120264768600464
ucb_b0,257.0,1.0,0.0,-4.362860202789307
ucb_b0,258.0,1.0,0.0,-2.6138882637023926
ucb_b0,259.0,1.0,0.0,-16.690200328826904
ucb_b0,260.0,1.0,0.0,-34.23350763320923
ucb_b0,261.0,1.0,0.0,-9.211240694210574
ucb_b0,262.0,1.0,0.0,-20.06798094511032
ucb_b0,263.0,1.0,0.0,-7.082037448883057
ucb_b0,264.0,1.0,0.0,-10.435208797454834
ucb_b0,266.0,1.0,0.0,-13.917260646820068
ucb_b0,267.0,1.0,0.0,-7.074685335159302
ucb_b0,268.0,1.0,0.0,-11.982179164886475
ucb_b0,269.0,1.0,0.0,-3.963941812515259
ucb_b0,270.0,1.0,0.0,-3.9466617554426193
ucb_b0,271.0,1.0,0.0,-6.898648262023926
ucb_b0,272.0,1.0,0.0,-5.392186641693115
ucb_b0,273.0,1.0,0.0,-9.966883182525635
ucb_b0,274.0,1.0,0.0,-35.42677980661392
ucb_b0,275.0,1.0,0.0,-4.50826371088624
ucb_b0,276.0,1.0,0.0,-0.031946188770234585
ucb_b0,277.0,1.0,0.0,-0.05265064584091306
ucb_b0,278.0,1.0,0.0,-6.878983020782471
ucb_b0,279.0,1.0,0.0,-4.878410816192627
ucb_b0,280.0,1.0,0.0,-3.9326395988464355
ucb_b0,282.0,1.0,0.0,-9.213412284851074
ucb_b0,283.0,1.0,0.0,-4.812536239624023
ucb_b0,284.0,1.0,0.0,-11.563997745513916
ucb_b0,285.0,1.0,0.0,-7.084072113037109
ucb_b0,286.0,1.0,0.0,-4.978427410125732
ucb_b0,287.0,1.0,0.0,-27.492361664772034
ucb_b0,288.0,1.0,0.0,-5.05439567565918
ucb_b0,289.0,1.0,0.0,-10.012953281402588
ucb_b0,290.0,1.0,0.0,-32.53808271884918
ucb_b0,291.0,1.0,0.0,-36.49035358428955
ucb_b0,292.0,1.0,0.0,-19.70450747013092
ucb_b0,293.0,1.0,0.0,-4.845231056213379
ucb_b0,294.0,1.0,0.0,-10.85281127691269
ucb_b0,295.0,1.0,0.0,-4.851394176483154
ucb_b0,296.0,1.0,0.0,-54.54179106652737
ucb_b0,297.0,1.0,0.0,-36.94918727874756
ucb_b0,298.0,1.0,0.0,-38.54159367084503
ucb_b0,299.0,1.0,0.0,-36.00680482387543
ucb_b0,300.0,1.0,0.0,-4.900879427790642
ucb_b0,301.0,1.0,0.0,-9.21034049987793
ucb_b0,302.0,1.0,0.0,-0.0010002159251598641
ucb_b0,303.0,1.0,0.0,-26.65609836578369
ucb_b0,304.0,1.0,0.0,-4.306036949157715
ucb_b0,305.0,1.0,0.0,-36.38727939128876
ucb_b0,306.0,1.0,0.0,-22.008918523788452
ucb_b0,307.0,1.0,0.0,-9.32755994796753
ucb_b0,308.0,1.0,0.0,-9.08614730834961
ucb_b0,309.0,1.0,0.0,-35.5947961807251
ucb_b0,310.0,1.0,0.0,-8.736327171325684
ucb_b0,311.0,1.0,0.0,-22.542575478553772
ucb_b0,312.0,1.0,0.0,-22.146311819553375
ucb_b0,313.0,1.0,0.0,-14.757155895233154
ucb_b0,314.0,1.0,0.0,-3.4665918350219727
ucb_b0,315.0,1.0,0.0,-19.816798388957977
ucb_b0,316.0,1.0,0.0,-41.413488268852234
ucb_b0,317.0,1.0,0.0,-37.65689182281494
ucb_b0,318.0,1.0,0.0,-24.33437991142273
ucb_b0,319.0,1.0,0.0,0.0
ucb_b0,320.0,1.0,0.0,-6.540083408355713
ucb_b0,321.0,1.0,0.0,-3.221341848373413
ucb_b0,322.0,1.0,0.0,-8.694189310073853
ucb_b0,323.0,1.0,0.0,-25.168430391699076
ucb_b0,324.0,1.0,0.0,-30.9324072599411
ucb_b0,325.0,1.0,0.0,-9.21034049987793
ucb_b0,326.0,1.0,0.0,-29.33069779537618
ucb_b0,327.0,1.0,0.0,-0.8735827282071114
ucb_b0,328.0,1.0,0.0,-4.937076091766357
ucb_b0,329.0,1.0,0.0,-10.437884330749512
ucb_b0,330.0,1.0,0.0,-9.21034049987793
ucb_b0,331.0,1.0,0.0,-27.63102149963379
ucb_b0,332.0,1.0,0.0,-9.21034049987793
ucb_b0,333.0,1.0,0.0,-34.50993776321411
ucb_b0,334.0,1.0,0.0,-4.9791975021362305
ucb_b0,336.0,1.0,0.0,-0.0010219142714049667
ucb_b0,337.0,1.0,0.0,-9.21034049987793
ucb_b0,338.0,1.0,0.0,-5.11803674697876
ucb_b0,340.0,1.0,0.0,-7.3548524379730225
ucb_b0,341.0,1.0,0.0,-34.842536211013794
ucb_b0,342.0,1.0,0.0,-13.311767578125
ucb_b0,343.0,1.0,0.0,-16.26721203327179
ucb_b0,344.0,1.0,0.0,-14.245831489562988
ucb_b0,346.0,1.0,0.0,-31.50231695175171
ucb_b0,347.0,1.0,0.0,-12.865308284759521
ucb_b0,348.0,1.0,0.0,-15.7263503074646
ucb_b0,350.0,1.0,0.0,-0.0010002159251598641
ucb_b0,351.0,1.0,0.0,-4.347262144088745
ucb_b0,352.0,1.0,0.0,-19.30021572113037
ucb_b0,353.0,1.0,0.0,-7.345771789550781
ucb_b0,354.0,1.0,0.0,-27.182650685310364
ucb_b0,355.0,1.0,0.0,-3.166268825531006
ucb_b0,356.0,1.0,0.0,-5.596665382385254
ucb_b0,357.0,1.0,0.0,-31.821275234222412
ucb_b0,358.0,1.0,0.0,-13.155241012573242
ucb_b0,359.0,1.0,0.0,-15.126112937927246
ucb_b0,361.0,1.0,0.0,-26.523359656333923
ucb_b0,362.0,1.0,0.0,-27.858723878860474
ucb_b0,363.0,1.0,0.0,-15.27134895324707
ucb_b0,364.0,1.0,0.0,-4.857807636260986
ucb_b0,365.0,1.0,0.0,-4.919841766357422
ucb_b0,367.0,1.0,0.0,-4.893315315246582
ucb_b0,368.0,1.0,0.0,-11.22327733039856
ucb_b0,369.0,1.0,0.0,-13.929388761520386
ucb_b0,371.0,1.0,0.0,-33.69534635543823
ucb_b0,372.0,1.0,0.0,-8.928893089294434
ucb_b0,373.0,1.0,0.0,-1.900678351521492
ucb_b0,374.0,1.0,0.0,-8.394047260284424
ucb_b0,375.0,1.0,0.0,-30.01322054862976
ucb_b0,376.0,1.0,0.0,-14.777785271406174
ucb_b0,377.0,1.0,0.0,-5.158212661743164
ucb_b0,378.0,1.0,0.0,-55.26204299926758
ucb_b0,379.0,1.0,0.0,-5.065753936767578
ucb_b0,380.0,1.0,0.0,-4.97260856628418
ucb_b0,381.0,1.0,0.0,-0.021554326871410012
ucb_b0,382.0,1.0,0.0,-5.26317024230957
ucb_b0,383.0,1.0,0.0,-0.5632831417024136
ucb_b0,384.0,1.0,0.0,-9.863132447004318
ucb_b0,385.0,1.0,0.0,-0.0010002159251598641
ucb_b0,386.0,1.0,0.0,-5.043976306915283
ucb_b0,387.0,1.0,0.0,-5.119410514831543
ucb_b0,388.0,1.0,0.0,-28.140107035636902
ucb_b0,389.0,1.0,0.0,-10.051548957824707
ucb_b0,390.0,1.0,0.0,-8.44028115272522
ucb_b0,391.0,1.0,0.0,-14.632643148303032
ucb_b0,392.0,1.0,0.0,-2.195072650909424
ucb_b0,393.0,1.0,0.0,-30.396755933761597
ucb_b0,394.0,1.0,0.0,-16.26128003001213
ucb_b0,395.0,1.0,0.0,-30.135145366191864
ucb_b0,396.0,1.0,0.0,-36.076820373535156
ucb_b0,397.0,1.0,0.0,-22.46661901473999
ucb_b0,398.0,1.0,0.0,-8.122284889221191
ucb_b0,399.0,1.0,0.0,-38.523953914642334
ucb_b0,400.0,1.0,0.0,-9.396389245986938
ucb_b0,401.0,1.0,0.0,-19.680707156658173
ucb_b0,402.0,1.0,0.0,-4.990110635757446
ucb_b0,403.0,1.0,0.0,-35.62926626205444
ucb_b0,404.0,1.0,0.0,-30.394777297973633
ucb_b0,405.0,1.0,0.0,-30.571212768554688
ucb_b0,407.0,1.0,0.0,-21.578835129737854
ucb_b0,408.0,1.0,0.0,-4.8375091552734375
ucb_b0,409.0,1.0,0.0,-9.21034049987793
ucb_b0,410.0,1.0,0.0,-37.58807134628296
ucb_b0,412.0,1.0,0.0,-24.235689640045166
ucb_b0,413.0,1.0,0.0,-4.886087417602539
ucb_b0,414.0,1.0,0.0,-6.049320697784424
ucb_b0,415.0,1.0,0.0,-11.220173358917236
ucb_b0,416.0,1.0,0.0,-59.85907953977585
ucb_b0,417.0,1.0,0.0,-53.61075782775879
ucb_b0,418.0,1.0,0.0,-14.632767677307129
ucb_b0,419.0,1.0,0.0,-13.248850584030151
ucb_b0,420.0,1.0,0.0,-6.580686986446381
ucb_b0,421.0,1.0,0.0,-34.254823327064514
ucb_b0,422.0,1.0,0.0,-0.001042897354636807
ucb_b0,424.0,1.0,0.0,-19.32998937368393
ucb_b0,425.0,1.0,0.0,-14.461803048849106
ucb_b0,426.0,1.0,0.0,-4.683398723602295
ucb_b0,428.0,1.0,0.0,-5.258381366729736
ucb_b0,429.0,1.0,0.0,-21.520850896835327
ucb_b0,430.0,1.0,0.0,-5.6487226486206055
ucb_b0,431.0,1.0,0.0,-21.541898727416992
ucb_b0,432.0,1.0,0.0,-22.139435291290283
ucb_b0,433.0,1.0,0.0,-9.211240694210574
ucb_b0,434.0,1.0,0.0,-4.988862991333008
ucb_b0,435.0,1.0,0.0,-6.926912784576416
ucb_b0,436.0,1.0,0.0,-4.786507606506348
ucb_b0,437.0,1.0,0.0,-30.884380340576172
ucb_b0,438.0,1.0,0.0,-9.21034049987793
ucb_b0,439.0,1.0,0.0,-30.203036069869995
ucb_b0,440.0,1.0,0.0,-8.354937553405762
ucb_b0,441.0,1.0,0.0,-20.47784662246704
ucb_b0,442.0,1.0,0.0,-0.005189855262869969
ucb_b0,443.0,1.0,0.0,-27.63139295578003
ucb_b0,444.0,1.0,0.0,-41.667206168174744
ucb_b0,445.0,1.0,0.0,-5.35414981842041
ucb_b0,446.0,1.0,0.0,-20.477991461753845
ucb_b0,447.0,1.0,0.0,-4.308455109596252
ucb_b0,448.0,1.0,0.0,-4.948627948760986
ucb_b0,449.0,1.0,0.0,-35.174198031425476
ucb_b0,450.0,1.0,0.0,-51.533775806427
ucb_b0,451.0,1.0,0.0,-6.070657253265381
ucb_b0,452.0,1.0,0.0,-71.93422985076904
ucb_b0,453.0,1.0,0.0,-35.44004845619202
ucb_b0,454.0,1.0,0.0,-6.344725131988525
ucb_b0,455.0,1.0,0.0,-4.855009078979492
ucb_b0,456.0,1.0,0.0,-4.889373779296875
ucb_b0,457.0,1.0,0.0,0.0
ucb_b0,458.0,1.0,0.0,-4.31667947769165
ucb_b0,459.0,1.0,0.0,-4.413452625274658
ucb_b0,460.0,1.0,0.0,-4.715296745300293
ucb_b0,461.0,1.0,0.0,-50.92316309735179
ucb_b0,462.0,1.0,0.0,-26.86540412902832
ucb_b0,463.0,1.0,0.0,-23.272746473550797
ucb_b0,464.0,1.0,0.0,-11.714863061904907
ucb_b0,465.0,1.0,0.0,-35.813721835264005
ucb_b0,466.0,1.0,0.0,-37.81264841556549
ucb_b0,467.0,1.0,0.0,-3.8882066532969475
ucb_b0,468.0,1.0,0.0,-4.946020126342773
ucb_b0,469.0,1.0,0.0,-25.645446062088013
ucb_b0,470.0,1.0,0.0,-34.31977605819702
ucb_b0,471.0,1.0,0.0,-33.73248994350433
ucb_b0,472.0,1.0,0.0,-9.21034049987793
ucb_b0,473.0,1.0,0.0,-6.340521335601807
ucb_b0,474.0,1.0,0.0,-4.011300086975098
ucb_b0,475.0,1.0,0.0,-24.166436553001404
ucb_b0,476.0,1.0,0.0,-6.455925941467285
ucb_b0,477.0,1.0,0.0,-32.209208726882935
ucb_b0,478.0,1.0,0.0,-67.45474481582642
ucb_b0,479.0,1.0,0.0,-28.649163484573364
ucb_b0,480.0,1.0,0.0,-6.268515586853027
ucb_b0,481.0,1.0,0.0,-5.173178195953369
ucb_b0,482.0,1.0,0.0,-26.7196760463994
ucb_b0,483.0,1.0,0.0,-47.27435898780823
ucb_b0,484.0,1.0,0.0,-26.99457961320877
ucb_b0,485.0,1.0,0.0,-4.980684280395508
ucb_b0,486.0,1.0,0.0,-17.783357858657837
ucb_b0,487.0,1.0,0.0,-4.815411567687988
ucb_b0,488.0,1.0,0.0,-4.9875969886779785
ucb_b0,490.0,1.0,0.0,-4.832449913024902
ucb_b0,491.0,1.0,0.0,-5.094815254211426
ucb_b0,492.0,1.0,0.0,-29.61035180091858
ucb_b0,493.0,1.0,0.0,-4.891086101531982
ucb_b0,494.0,1.0,0.0,-26.61646318435669
ucb_b0,495.0,1.0,0.0,-18.51755678653717
ucb_b0,496.0,1.0,0.0,-66.1077892780304
random,1.0,1.0,0.0,-4.795790672302246
random,2.0,1.0,0.0,-4.795790672302246
random,3.0,1.0,0.0,-47.95790672302246
random,4.0,1.0,0.0,-4.795790672302246
random,5.0,1.0,0.0,-14.387372016906738
random,6.0,1.0,0.0,-47.95790672302246
random,7.0,1.0,0.0,-47.95790672302246
random,8.0,1.0,0.0,-9.591581344604492
random,9.0,1.0,0.0,-47.95790672302246
random,10.0,1.0,0.0,-4.795790672302246
random,11.0,1.0,0.0,-47.95790672302246
random,12.0,1.0,0.0,-47.95790672302246
random,13.0,1.0,0.0,-4.795790672302246
random,14.0,1.0,0.0,-47.95790672302246
random,15.0,1.0,0.0,-4.795790672302246
random,16.0,1.0,0.0,-4.795790672302246
random,17.0,1.0,0.0,-4.795790672302246
random,18.0,1.0,0.0,-9.591581344604492
random,19.0,1.0,0.0,-4.795790672302246
random,20.0,1.0,0.0,-4.795790672302246
random,21.0,1.0,0.0,-14.387372016906738
random,22.0,1.0,0.0,-28.774744033813477
random,23.0,1.0,0.0,-47.95790672302246
random,24.0,1.0,0.0,-19.183162689208984
random,25.0,1.0,0.0,-38.36632537841797
random,26.0,1.0,0.0,-9.591581344604492
random,27.0,1.0,0.0,-4.795790672302246
random,28.0,1.0,0.0,-23.97895336151123
random,29.0,1.0,0.0,-4.795790672302246
random,30.0,1.0,0.0,-19.183162689208984
random,32.0,1.0,0.0,-4.795790672302246
random,33.0,1.0,0.0,-4.795790672302246
random,34.0,1.0,0.0,-4.795790672302246
random,35.0,1.0,0.0,-47.95790672302246
random,36.0,1.0,0.0,-47.95790672302246
random,37.0,1.0,0.0,-9.591581344604492
random,38.0,1.0,0.0,-47.95790672302246
random,39.0,1.0,0.0,-4.795790672302246
random,40.0,1.0,0.0,-43.162116050720215
random,41.0,1.0,0.0,-9.591581344604492
random,42.0,1.0,0.0,-47.95790672302246
random,43.0,1.0,0.0,-14.387372016906738
random,45.0,1.0,0.0,-47.95790672302246
random,46.0,1.0,0.0,-9.591581344604492
random,47.0,1.0,0.0,-47.95790672302246
random,48.0,1.0,0.0,-47.95790672302246
random,49.0,1.0,0.0,-4.795790672302246
random,50.0,1.0,0.0,-47.95790672302246
random,51.0,1.0,0.0,-47.95790672302246
random,52.0,1.0,0.0,-4.795790672302246
random,53.0,1.0,0.0,-4.795790672302246
random,54.0,1.0,0.0,-47.95790672302246
random,55.0,1.0,0.0,-4.795790672302246
random,56.0,1.0,0.0,-47.95790672302246
random,58.0,1.0,0.0,-4.795790672302246
random,59.0,1.0,0.0,-47.95790672302246
random,60.0,1.0,0.0,-47.95790672302246
random,61.0,1.0,0.0,-47.95790672302246
random,64.0,1.0,0.0,-4.795790672302246
random,65.0,1.0,0.0,-4.795790672302246
random,66.0,1.0,0.0,-4.795790672302246
random,67.0,1.0,0.0,-47.95790672302246
random,68.0,1.0,0.0,-47.95790672302246
random,69.0,1.0,0.0,-9.591581344604492
random,70.0,1.0,0.0,-47.95790672302246
random,71.0,1.0,0.0,-47.95790672302246
random,72.0,1.0,0.0,-14.387372016906738
random,73.0,1.0,0.0,-47.95790672302246
random,74.0,1.0,0.0,-47.95790672302246
random,75.0,1.0,0.0,-4.795790672302246
random,76.0,1.0,0.0,-47.95790672302246
random,77.0,1.0,0.0,-14.387372016906738
random,78.0,1.0,0.0,-9.591581344604492
random,79.0,1.0,0.0,-19.183162689208984
random,80.0,1.0,0.0,-4.795790672302246
random,81.0,1.0,0.0,-4.795790672302246
random,82.0,1.0,0.0,-9.591581344604492
random,83.0,1.0,0.0,-4.795790672302246
random,84.0,1.0,0.0,-47.95790672302246
random,85.0,1.0,0.0,-33.57053470611572
random,87.0,1.0,0.0,-47.95790672302246
random,88.0,1.0,0.0,-9.591581344604492
random,89.0,1.0,0.0,-47.95790672302246
random,90.0,1.0,0.0,-33.57053470611572
random,91.0,1.0,0.0,-47.95790672302246
random,92.0,1.0,0.0,-47.95790672302246
random,93.0,1.0,0.0,-4.795790672302246
random,94.0,1.0,0.0,-47.95790672302246
random,95.0,1.0,0.0,-9.591581344604492
random,96.0,1.0,0.0,-47.95790672302246
random,98.0,1.0,0.0,-19.183162689208984
random,99.0,1.0,0.0,-47.95790672302246
random,101.0,1.0,0.0,-4.795790672302246
random,102.0,1.0,0.0,-47.95790672302246
random,103.0,1.0,0.0,-4.795790672302246
random,104.0,1.0,0.0,-47.95790672302246
random,105.0,1.0,0.0,-4.795790672302246
random,106.0,1.0,0.0,-14.387372016906738
random,107.0,1.0,0.0,-47.95790672302246
random,108.0,1.0,0.0,-4.795790672302246
random,109.0,1.0,0.0,-38.36632537841797
random,111.0,1.0,0.0,-9.591581344604492
random,112.0,1.0,0.0,-47.95790672302246
random,113.0,1.0,0.0,-4.795790672302246
random,114.0,1.0,0.0,-4.795790672302246
random,115.0,1.0,0.0,-4.795790672302246
random,116.0,1.0,0.0,-4.795790672302246
random,117.0,1.0,0.0,-47.95790672302246
random,118.0,1.0,0.0,-47.95790672302246
random,119.0,1.0,0.0,-47.95790672302246
random,120.0,1.0,0.0,-47.95790672302246
random,121.0,1.0,0.0,-4.795790672302246
random,122.0,1.0,0.0,-47.95790672302246
random,123.0,1.0,0.0,-19.183162689208984
random,124.0,1.0,0.0,-4.795790672302246
random,125.0,1.0,0.0,-14.387372016906738
random,126.0,1.0,0.0,-47.95790672302246
random,128.0,1.0,0.0,-4.795790672302246
random,130.0,1.0,0.0,-47.95790672302246
random,131.0,1.0,0.0,-4.795790672302246
random,132.0,1.0,0.0,-47.95790672302246
random,133.0,1.0,0.0,-47.95790672302246
random,134.0,1.0,0.0,-47.95790672302246
random,135.0,1.0,0.0,-47.95790672302246
random,136.0,1.0,0.0,-47.95790672302246
random,137.0,1.0,0.0,-47.95790672302246
random,138.0,1.0,0.0,-4.795790672302246
random,139.0,1.0,0.0,-47.95790672302246
random,140.0,1.0,0.0,-9.591581344604492
random,141.0,1.0,0.0,-47.95790672302246
random,142.0,1.0,0.0,-14.387372016906738
random,143.0,1.0,0.0,-4.795790672302246
random,144.0,1.0,0.0,-47.95790672302246
random,145.0,1.0,0.0,-47.95790672302246
random,146.0,1.0,0.0,-47.95790672302246
random,147.0,1.0,0.0,-14.387372016906738
random,148.0,1.0,0.0,-47.95790672302246
random,149.0,1.0,0.0,-47.95790672302246
random,150.0,1.0,0.0,-4.795790672302246
random,151.0,1.0,0.0,-47.95790672302246
random,152.0,1.0,0.0,-47.95790672302246
random,153.0,1.0,0.0,-47.95790672302246
random,154.0,1.0,0.0,-4.795790672302246
random,155.0,1.0,0.0,-4.795790672302246
random,156.0,1.0,0.0,-47.95790672302246
random,158.0,1.0,0.0,-4.795790672302246
random,159.0,1.0,0.0,-4.795790672302246
random,160.0,1.0,0.0,-4.795790672302246
random,161.0,1.0,0.0,-4.795790672302246
random,162.0,1.0,0.0,-47.95790672302246
random,163.0,1.0,0.0,-14.387372016906738
random,165.0,1.0,0.0,-19.183162689208984
random,166.0,1.0,0.0,-9.591581344604492
random,167.0,1.0,0.0,-47.95790672302246
random,168.0,1.0,0.0,-4.795790672302246
random,169.0,1.0,0.0,-47.95790672302246
random,170.0,1.0,0.0,-47.95790672302246
random,171.0,1.0,0.0,-4.795790672302246
random,172.0,1.0,0.0,-14.387372016906738
random,173.0,1.0,0.0,-38.36632537841797
random,174.0,1.0,0.0,-47.95790672302246
random,175.0,1.0,0.0,-47.95790672302246
random,176.0,1.0,0.0,-38.36632537841797
random,177.0,1.0,0.0,0.0
random,178.0,1.0,0.0,-9.591581344604492
random,179.0,1.0,0.0,-4.795790672302246
random,180.0,1.0,0.0,-14.387372016906738
random,181.0,1.0,0.0,-47.95790672302246
random,182.0,1.0,0.0,-4.795790672302246
random,183.0,1.0,0.0,-4.795790672302246
random,185.0,1.0,0.0,-47.95790672302246
random,186.0,1.0,0.0,-14.387372016906738
random,187.0,1.0,0.0,-28.774744033813477
random,188.0,1.0,0.0,-4.795790672302246
random,190.0,1.0,0.0,-4.795790672302246
random,191.0,1.0,0.0,-47.95790672302246
random,192.0,1.0,0.0,-47.95790672302246
random,193.0,1.0,0.0,-47.95790672302246
random,195.0,1.0,0.0,-47.95790672302246
random,196.0,1.0,0.0,-9.591581344604492
random,197.0,1.0,0.0,-47.95790672302246
random,198.0,1.0,0.0,-4.795790672302246
random,199.0,1.0,0.0,-47.95790672302246
random,200.0,1.0,0.0,-47.95790672302246
random,201.0,1.0,0.0,-43.162116050720215
random,202.0,1.0,0.0,-47.95790672302246
random,203.0,1.0,0.0,-9.591581344604492
random,204.0,1.0,0.0,-47.95790672302246
random,205.0,1.0,0.0,-47.95790672302246
random,206.0,1.0,0.0,-19.183162689208984
random,207.0,1.0,0.0,-4.795790672302246
random,208.0,1.0,0.0,-47.95790672302246
random,209.0,1.0,0.0,-9.591581344604492
random,210.0,1.0,0.0,-4.795790672302246
random,211.0,1.0,0.0,-9.591581344604492
random,212.0,1.0,0.0,-4.795790672302246
random,213.0,1.0,0.0,-47.95790672302246
random,214.0,1.0,0.0,-19.183162689208984
random,215.0,1.0,0.0,-4.795790672302246
random,216.0,1.0,0.0,-4.795790672302246
random,217.0,1.0,0.0,-47.95790672302246
random,218.0,1.0,0.0,-47.95790672302246
random,219.0,1.0,0.0,-47.95790672302246
random,220.0,1.0,0.0,-4.795790672302246
random,221.0,1.0,0.0,-4.795790672302246
random,222.0,1.0,0.0,-47.95790672302246
random,223.0,1.0,0.0,-47.95790672302246
random,224.0,1.0,0.0,-47.95790672302246
random,225.0,1.0,0.0,-4.795790672302246
random,226.0,1.0,0.0,-4.795790672302246
random,227.0,1.0,0.0,-47.95790672302246
random,228.0,1.0,0.0,-4.795790672302246
random,229.0,1.0,0.0,-9.591581344604492
random,230.0,1.0,0.0,-4.795790672302246
random,231.0,1.0,0.0,-4.795790672302246
random,232.0,1.0,0.0,-38.36632537841797
random,233.0,1.0,0.0,-4.795790672302246
random,234.0,1.0,0.0,-4.795790672302246
random,236.0,1.0,0.0,-28.774744033813477
random,237.0,1.0,0.0,-4.795790672302246
random,239.0,1.0,0.0,-47.95790672302246
random,240.0,1.0,0.0,-47.95790672302246
random,241.0,1.0,0.0,-23.97895336151123
random,242.0,1.0,0.0,-4.795790672302246
random,243.0,1.0,0.0,-47.95790672302246
random,244.0,1.0,0.0,-47.95790672302246
random,245.0,1.0,0.0,-9.591581344604492
random,246.0,1.0,0.0,-47.95790672302246
random,247.0,1.0,0.0,-47.95790672302246
random,248.0,1.0,0.0,-4.795790672302246
random,249.0,1.0,0.0,-47.95790672302246
random,250.0,1.0,0.0,-14.387372016906738
random,252.0,1.0,0.0,-47.95790672302246
random,253.0,1.0,0.0,-47.95790672302246
random,254.0,1.0,0.0,-47.95790672302246
random,255.0,1.0,0.0,-47.95790672302246
random,257.0,1.0,0.0,-4.795790672302246
random,258.0,1.0,0.0,-4.795790672302246
random,259.0,1.0,0.0,-19.183162689208984
random,260.0,1.0,0.0,-38.36632537841797
random,261.0,1.0,0.0,-47.95790672302246
random,262.0,1.0,0.0,-47.95790672302246
random,263.0,1.0,0.0,-4.795790672302246
random,264.0,1.0,0.0,-9.591581344604492
random,266.0,1.0,0.0,-14.387372016906738
random,267.0,1.0,0.0,-9.591581344604492
random,268.0,1.0,0.0,-9.591581344604492
random,269.0,1.0,0.0,-4.795790672302246
random,270.0,1.0,0.0,-47.95790672302246
random,271.0,1.0,0.0,-4.795790672302246
random,272.0,1.0,0.0,-4.795790672302246
random,273.0,1.0,0.0,-14.387372016906738
random,274.0,1.0,0.0,-47.95790672302246
random,275.0,1.0,0.0,-47.95790672302246
random,276.0,1.0,0.0,-47.95790672302246
random,277.0,1.0,0.0,-47.95790672302246
random,278.0,1.0,0.0,-4.795790672302246
random,279.0,1.0,0.0,-4.795790672302246
random,280.0,1.0,0.0,-4.795790672302246
random,282.0,1.0,0.0,-9.591581344604492
random,283.0,1.0,0.0,-4.795790672302246
random,284.0,1.0,0.0,-9.591581344604492
random,285.0,1.0,0.0,-4.795790672302246
random,286.0,1.0,0.0,-4.795790672302246
random,287.0,1.0,0.0,-47.95790672302246
random,288.0,1.0,0.0,-4.795790672302246
random,289.0,1.0,0.0,-9.591581344604492
random,290.0,1.0,0.0,-47.95790672302246
random,291.0,1.0,0.0,-47.95790672302246
random,292.0,1.0,0.0,-47.95790672302246
random,293.0,1.0,0.0,-9.591581344604492
random,294.0,1.0,0.0,-47.95790672302246
random,295.0,1.0,0.0,-4.795790672302246
random,296.0,1.0,0.0,-47.95790672302246
random,297.0,1.0,0.0,-47.95790672302246
random,298.0,1.0,0.0,-47.95790672302246
random,299.0,1.0,0.0,-47.95790672302246
random,300.0,1.0,0.0,-47.95790672302246
random,301.0,1.0,0.0,-4.795790672302246
random,302.0,1.0,0.0,-47.95790672302246
random,303.0,1.0,0.0,-47.95790672302246
random,304.0,1.0,0.0,-4.795790672302246
random,305.0,1.0,0.0,-47.95790672302246
random,306.0,1.0,0.0,-23.97895336151123
random,307.0,1.0,0.0,-9.591581344604492
random,308.0,1.0,0.0,-4.795790672302246
random,309.0,1.0,0.0,-47.95790672302246
random,310.0,1.0,0.0,-9.591581344604492
random,311.0,1.0,0.0,-47.95790672302246
random,312.0,1.0,0.0,-47.95790672302246
random,313.0,1.0,0.0,-14.387372016906738
random,314.0,1.0,0.0,-4.795790672302246
random,315.0,1.0,0.0,-47.95790672302246
random,316.0,1.0,0.0,-28.774744033813477
random,317.0,1.0,0.0,-47.95790672302246
random,318.0,1.0,0.0,-47.95790672302246
random,319.0,1.0,0.0,0.0
random,320.0,1.0,0.0,-4.795790672302246
random,321.0,1.0,0.0,-4.795790672302246
random,322.0,1.0,0.0,-9.591581344604492
random,323.0,1.0,0.0,-47.95790672302246
random,324.0,1.0,0.0,-47.95790672302246
random,325.0,1.0,0.0,-4.795790672302246
random,326.0,1.0,0.0,-23.97895336151123
random,327.0,1.0,0.0,-47.95790672302246
random,328.0,1.0,0.0,-4.795790672302246
random,329.0,1.0,0.0,-14.387372016906738
random,330.0,1.0,0.0,-4.795790672302246
random,331.0,1.0,0.0,-14.387372016906738
random,332.0,1.0,0.0,-4.795790672302246
random,333.0,1.0,0.0,-47.95790672302246
random,334.0,1.0,0.0,-4.795790672302246
random,336.0,1.0,0.0,-47.95790672302246
random,337.0,1.0,0.0,-4.795790672302246
random,338.0,1.0,0.0,-4.795790672302246
random,340.0,1.0,0.0,-47.95790672302246
random,341.0,1.0,0.0,-47.95790672302246
random,342.0,1.0,0.0,-47.95790672302246
random,343.0,1.0,0.0,-28.774744033813477
random,344.0,1.0,0.0,-9.591581344604492
random,346.0,1.0,0.0,-47.95790672302246
random,347.0,1.0,0.0,-14.387372016906738
random,348.0,1.0,0.0,-9.591581344604492
random,350.0,1.0,0.0,-47.95790672302246
random,351.0,1.0,0.0,-47.95790672302246
random,352.0,1.0,0.0,-19.183162689208984
random,353.0,1.0,0.0,-9.591581344604492
random,354.0,1.0,0.0,-47.95790672302246
random,355.0,1.0,0.0,-47.95790672302246
random,356.0,1.0,0.0,-4.795790672302246
random,357.0,1.0,0.0,-47.95790672302246
random,358.0,1.0,0.0,-14.387372016906738
random,359.0,1.0,0.0,-47.95790672302246
random,361.0,1.0,0.0,-47.95790672302246
random,362.0,1.0,0.0,-47.95790672302246
random,363.0,1.0,0.0,-19.183162689208984
random,364.0,1.0,0.0,-4.795790672302246
random,365.0,1.0,0.0,-4.795790672302246
random,367.0,1.0,0.0,-4.795790672302246
random,368.0,1.0,0.0,-14.387372016906738
random,369.0,1.0,0.0,-14.387372016906738
random,371.0,1.0,0.0,-47.95790672302246
random,372.0,1.0,0.0,-9.591581344604492
random,373.0,1.0,0.0,-47.95790672302246
random,374.0,1.0,0.0,-9.591581344604492
random,375.0,1.0,0.0,-47.95790672302246
random,376.0,1.0,0.0,-47.95790672302246
random,377.0,1.0,0.0,-4.795790672302246
random,378.0,1.0,0.0,-28.774744033813477
random,379.0,1.0,0.0,-4.795790672302246
random,380.0,1.0,0.0,-4.795790672302246
random,381.0,1.0,0.0,-47.95790672302246
random,382.0,1.0,0.0,-4.795790672302246
random,383.0,1.0,0.0,-47.95790672302246
random,384.0,1.0,0.0,-47.95790672302246
random,385.0,1.0,0.0,-47.95790672302246
random,386.0,1.0,0.0,-4.795790672302246
random,387.0,1.0,0.0,-4.795790672302246
random,388.0,1.0,0.0,-47.95790672302246
random,389.0,1.0,0.0,-9.591581344604492
random,390.0,1.0,0.0,-9.591581344604492
random,391.0,1.0,0.0,-47.95790672302246
random,392.0,1.0,0.0,-4.795790672302246
random,393.0,1.0,0.0,-47.95790672302246
random,394.0,1.0,0.0,-47.95790672302246
random,395.0,1.0,0.0,-47.95790672302246
random,396.0,1.0,0.0,-47.95790672302246
random,397.0,1.0,0.0,-33.57053470611572
random,398.0,1.0,0.0,-9.591581344604492
random,399.0,1.0,0.0,-47.95790672302246
random,400.0,1.0,0.0,-14.387372016906738
random,401.0,1.0,0.0,-47.95790672302246
random,402.0,1.0,0.0,-9.591581344604492
random,403.0,1.0,0.0,-47.95790672302246
random,404.0,1.0,0.0,-47.95790672302246
random,405.0,1.0,0.0,-33.57053470611572
random,407.0,1.0,0.0,-47.95790672302246
random,408.0,1.0,0.0,-4.795790672302246
random,409.0,1.0,0.0,-4.795790672302246
random,410.0,1.0,0.0,-47.95790672302246
random,412.0,1.0,0.0,-28.774744033813477
random,413.0,1.0,0.0,-4.795790672302246
random,414.0,1.0,0.0,-4.795790672302246
random,415.0,1.0,0.0,-14.387372016906738
random,416.0,1.0,0.0,-47.95790672302246
random,417.0,1.0,0.0,-47.95790672302246
random,418.0,1.0,0.0,-9.591581344604492
random,419.0,1.0,0.0,-19.183162689208984
random,420.0,1.0,0.0,-47.95790672302246
random,421.0,1.0,0.0,-47.95790672302246
random,422.0,1.0,0.0,-47.95790672302246
random,424.0,1.0,0.0,-47.95790672302246
random,425.0,1.0,0.0,-47.95790672302246
random,426.0,1.0,0.0,-4.795790672302246
random,428.0,1.0,0.0,-4.795790672302246
random,429.0,1.0,0.0,-47.95790672302246
random,430.0,1.0,0.0,-4.795790672302246
random,431.0,1.0,0.0,-14.387372016906738
random,432.0,1.0,0.0,-19.183162689208984
random,433.0,1.0,0.0,-47.95790672302246
random,434.0,1.0,0.0,-4.795790672302246
random,435.0,1.0,0.0,-4.795790672302246
random,436.0,1.0,0.0,-4.795790672302246
random,437.0,1.0,0.0,-38.36632537841797
random,438.0,1.0,0.0,-4.795790672302246
random,439.0,1.0,0.0,-47.95790672302246
random,440.0,1.0,0.0,-4.795790672302246
random,441.0,1.0,0.0,-14.387372016906738
random,442.0,1.0,0.0,-47.95790672302246
random,443.0,1.0,0.0,-47.95790672302246
random,444.0,1.0,0.0,-47.95790672302246
random,445.0,1.0,0.0,-4.795790672302246
random,446.0,1.0,0.0,-33.57053470611572
random,447.0,1.0,0.0,-9.591581344604492
random,448.0,1.0,0.0,-4.795790672302246
random,449.0,1.0,0.0,-47.95790672302246
random,450.0,1.0,0.0,-47.95790672302246
random,451.0,1.0,0.0,-4.795790672302246
random,452.0,1.0,0.0,-47.95790672302246
random,453.0,1.0,0.0,-47.95790672302246
random,454.0,1.0,0.0,-4.795790672302246
random,455.0,1.0,0.0,-4.795790672302246
random,456.0,1.0,0.0,-4.795790672302246
random,457.0,1.0,0.0,0.0
random,458.0,1.0,0.0,-4.795790672302246
random,459.0,1.0,0.0,-4.795790672302246
random,460.0,1.0,0.0,-4.795790672302246
random,461.0,1.0,0.0,-47.95790672302246
random,462.0,1.0,0.0,-47.95790672302246
random,463.0,1.0,0.0,-47.95790672302246
random,464.0,1.0,0.0,-14.387372016906738
random,465.0,1.0,0.0,-47.95790672302246
random,466.0,1.0,0.0,-47.95790672302246
random,467.0,1.0,0.0,-47.95790672302246
random,468.0,1.0,0.0,-4.795790672302246
random,469.0,1.0,0.0,-38.36632537841797
random,470.0,1.0,0.0,-47.95790672302246
random,471.0,1.0,0.0,-47.95790672302246
random,472.0,1.0,0.0,-4.795790672302246
random,473.0,1.0,0.0,-4.795790672302246
random,474.0,1.0,0.0,-4.795790672302246
random,475.0,1.0,0.0,-47.95790672302246
random,476.0,1.0,0.0,-4.795790672302246
random,477.0,1.0,0.0,-47.95790672302246
random,478.0,1.0,0.0,-47.95790672302246
random,479.0,1.0,0.0,-47.95790672302246
random,480.0,1.0,0.0,-4.795790672302246
random,481.0,1.0,0.0,-4.795790672302246
random,482.0,1.0,0.0,-47.95790672302246
random,483.0,1.0,0.0,-47.95790672302246
random,484.0,1.0,0.0,-47.95790672302246
random,485.0,1.0,0.0,-4.795790672302246
random,486.0,1.0,0.0,-19.183162689208984
random,487.0,1.0,0.0,-4.795790672302246
random,488.0,1.0,0.0,-4.795790672302246
random,490.0,1.0,0.0,-4.795790672302246
random,491.0,1.0,0.0,-4.795790672302246
random,492.0,1.0,0.0,-47.95790672302246
random,493.0,1.0,0.0,-4.795790672302246
random,494.0,1.0,0.0,-47.95790672302246
random,495.0,1.0,0.0,-47.95790672302246
random,496.0,1.0,0.0,-47.95790672302246
ucb_lcb_n,1.0,1.0,1.0,-5.664874076843262
ucb_lcb_n,2.0,1.0,1.0,-23.41356587409973
ucb_lcb_n,3.0,1.0,1.0,-16.376568019390106
ucb_lcb_n,4.0,1.0,1.0,-4.8082966804504395
ucb_lcb_n,5.0,1.0,1.0,-33.04749369621277
ucb_lcb_n,6.0,1.0,1.0,-30.402265906333923
ucb_lcb_n,7.0,1.0,1.0,-27.049730882048607
ucb_lcb_n,8.0,1.0,1.0,-4.062953948974609
ucb_lcb_n,9.0,1.0,1.0,-6.442028760910034
ucb_lcb_n,10.0,1.0,1.0,-4.84657096862793
ucb_lcb_n,11.0,1.0,1.0,-4.814423561096191
ucb_lcb_n,12.0,1.0,1.0,-9.596034526824951
ucb_lcb_n,13.0,1.0,1.0,-6.184060096740723
ucb_lcb_n,14.0,1.0,1.0,-3.631185531616211
ucb_lcb_n,15.0,1.0,1.0,-9.21034049987793
ucb_lcb_n,16.0,1.0,1.0,-11.123740255832672
ucb_lcb_n,17.0,1.0,1.0,-0.007592904614284635
ucb_lcb_n,18.0,1.0,1.0,-22.64214287698269
ucb_lcb_n,19.0,1.0,1.0,-21.921030521392822
ucb_lcb_n,20.0,1.0,1.0,-0.1553420340642333
ucb_lcb_n,21.0,1.0,1.0,-14.946114551275969
ucb_lcb_n,22.0,1.0,1.0,-5.077444553375244
ucb_lcb_n,23.0,1.0,1.0,-30.091776728630066
ucb_lcb_n,24.0,1.0,1.0,-12.134646371006966
ucb_lcb_n,25.0,1.0,1.0,-5.234376430511475
ucb_lcb_n,26.0,1.0,1.0,-25.329438090324402
ucb_lcb_n,27.0,1.0,1.0,-4.892384052276611
ucb_lcb_n,28.0,1.0,1.0,-6.555291175842285
ucb_lcb_n,29.0,1.0,1.0,-6.522613525390625
ucb_lcb_n,30.0,1.0,1.0,-9.857510566711426
ucb_lcb_n,32.0,1.0,1.0,-9.058725357055664
ucb_lcb_n,33.0,1.0,1.0,-43.050445437431335
ucb_lcb_n,34.0,1.0,1.0,-3.967644734431815
ucb_lcb_n,35.0,1.0,1.0,-9.21034049987793
ucb_lcb_n,36.0,1.0,1.0,-4.802204608917236
ucb_lcb_n,37.0,1.0,1.0,-15.286979840137064
ucb_lcb_n,38.0,1.0,1.0,-9.680074691772461
ucb_lcb_n,39.0,1.0,1.0,-19.61958360671997
ucb_lcb_n,40.0,1.0,1.0,0.0
ucb_lcb_n,41.0,1.0,1.0,-35.704286992549896
ucb_lcb_n,42.0,1.0,1.0,-17.510217973031104
ucb_lcb_n,43.0,1.0,1.0,-16.002261474728584
ucb_lcb_n,45.0,1.0,1.0,-18.951376721262932
ucb_lcb_n,46.0,1.0,1.0,-37.40560340881348
ucb_lcb_n,47.0,1.0,1.0,-20.171125754714012
ucb_lcb_n,48.0,1.0,1.0,-13.354926161468029
ucb_lcb_n,49.0,1.0,1.0,-0.001914446140290238
ucb_lcb_n,50.0,1.0,1.0,-10.180572509765625
ucb_lcb_n,51.0,1.0,1.0,-10.172478199005127
ucb_lcb_n,52.0,1.0,1.0,-8.617400646209717
ucb_lcb_n,53.0,1.0,1.0,-5.446719646453857
ucb_lcb_n,54.0,1.0,1.0,-25.999046444892883
ucb_lcb_n,55.0,1.0,1.0,-25.817307263612747
ucb_lcb_n,56.0,1.0,1.0,-12.909126296639442
ucb_lcb_n,58.0,1.0,1.0,-35.41285628080368
ucb_lcb_n,59.0,1.0,1.0,-10.000717163085938
ucb_lcb_n,60.0,1.0,1.0,-26.894128531217575
ucb_lcb_n,61.0,1.0,1.0,-4.468447685241699
ucb_lcb_n,64.0,1.0,1.0,-12.9316992983222
ucb_lcb_n,65.0,1.0,1.0,-9.21034049987793
ucb_lcb_n,66.0,1.0,1.0,-24.303805828094482
ucb_lcb_n,67.0,1.0,1.0,-8.460944652557373
ucb_lcb_n,68.0,1.0,1.0,-20.681562960147858
ucb_lcb_n,69.0,1.0,1.0,-24.91741192340851
ucb_lcb_n,70.0,1.0,1.0,-17.97707360982895
ucb_lcb_n,71.0,1.0,1.0,-20.403259575366974
ucb_lcb_n,72.0,1.0,1.0,-18.976424707099795
ucb_lcb_n,73.0,1.0,1.0,-13.612565413117409
ucb_lcb_n,74.0,1.0,1.0,-0.8684014603495598
ucb_lcb_n,75.0,1.0,1.0,-4.03941535949707
ucb_lcb_n,76.0,1.0,1.0,-4.977995872497559
ucb_lcb_n,77.0,1.0,1.0,-4.80419397354126
ucb_lcb_n,78.0,1.0,1.0,-6.042191982269287
ucb_lcb_n,79.0,1.0,1.0,-9.299357756972313
ucb_lcb_n,80.0,1.0,1.0,-4.800660133361816
ucb_lcb_n,81.0,1.0,1.0,-8.294953346252441
ucb_lcb_n,82.0,1.0,1.0,-19.528090715408325
ucb_lcb_n,83.0,1.0,1.0,-5.297680854797363
ucb_lcb_n,84.0,1.0,1.0,-0.7459657713770866
ucb_lcb_n,85.0,1.0,1.0,-21.3437519967556
ucb_lcb_n,87.0,1.0,1.0,-18.122498035430908
ucb_lcb_n,88.0,1.0,1.0,-31.924938917160034
ucb_lcb_n,89.0,1.0,1.0,-38.86034595966339
ucb_lcb_n,90.0,1.0,1.0,-35.50949013233185
ucb_lcb_n,91.0,1.0,1.0,-6.434831619262695
ucb_lcb_n,92.0,1.0,1.0,-20.370903968811035
ucb_lcb_n,93.0,1.0,1.0,-18.421481172495987
ucb_lcb_n,94.0,1.0,1.0,-33.91648778319359
ucb_lcb_n,95.0,1.0,1.0,-0.08549264632165432
ucb_lcb_n,96.0,1.0,1.0,-7.188076019287109
ucb_lcb_n,98.0,1.0,1.0,-9.385862350463867
ucb_lcb_n,99.0,1.0,1.0,-11.13444109261036
ucb_lcb_n,101.0,1.0,1.0,-0.00148176217044238
ucb_lcb_n,102.0,1.0,1.0,-7.368208408355713
ucb_lcb_n,103.0,1.0,1.0,-19.056470334529877
ucb_lcb_n,104.0,1.0,1.0,-10.864367008209229
ucb_lcb_n,105.0,1.0,1.0,-4.836389064788818
ucb_lcb_n,106.0,1.0,1.0,-12.452205419540405
ucb_lcb_n,107.0,1.0,1.0,-17.447732415050268
ucb_lcb_n,108.0,1.0,1.0,-35.00062274932861
ucb_lcb_n,109.0,1.0,1.0,-4.185696601867676
ucb_lcb_n,111.0,1.0,1.0,-21.74722295999527
ucb_lcb_n,112.0,1.0,1.0,-8.594644784927368
ucb_lcb_n,113.0,1.0,1.0,-42.140400409698486
ucb_lcb_n,114.0,1.0,1.0,-4.948952674865723
ucb_lcb_n,115.0,1.0,1.0,-13.087813086807728
ucb_lcb_n,116.0,1.0,1.0,-9.21034049987793
ucb_lcb_n,117.0,1.0,1.0,-4.800930500030518
ucb_lcb_n,118.0,1.0,1.0,-23.068486094474792
ucb_lcb_n,119.0,1.0,1.0,-0.0010002159251598641
ucb_lcb_n,120.0,1.0,1.0,-3.073688268661499
ucb_lcb_n,121.0,1.0,1.0,-21.648643732070923
ucb_lcb_n,122.0,1.0,1.0,-7.815470609813929
ucb_lcb_n,123.0,1.0,1.0,-5.153797149658203
ucb_lcb_n,124.0,1.0,1.0,-20.23899408429861
ucb_lcb_n,125.0,1.0,1.0,-2.3830726146698
ucb_lcb_n,126.0,1.0,1.0,-16.932870239019394
ucb_lcb_n,128.0,1.0,1.0,-4.861922740936279
ucb_lcb_n,130.0,1.0,1.0,-25.096845030784607
ucb_lcb_n,131.0,1.0,1.0,-21.659302117986954
ucb_lcb_n,132.0,1.0,1.0,-4.405232310295105
ucb_lcb_n,133.0,1.0,1.0,-15.594322204589844
ucb_lcb_n,134.0,1.0,1.0,-21.80406093597412
ucb_lcb_n,135.0,1.0,1.0,-12.643533915281296
ucb_lcb_n,136.0,1.0,1.0,-4.818713753920747
ucb_lcb_n,137.0,1.0,1.0,-32.469823241233826
ucb_lcb_n,138.0,1.0,1.0,-13.694231033325195
ucb_lcb_n,139.0,1.0,1.0,-5.160000801086426
ucb_lcb_n,140.0,1.0,1.0,-19.869088349398226
ucb_lcb_n,141.0,1.0,1.0,-1.0186101272702217
ucb_lcb_n,142.0,1.0,1.0,-18.984122157096863
ucb_lcb_n,143.0,1.0,1.0,-14.181294277310371
ucb_lcb_n,144.0,1.0,1.0,-14.828932598233223
ucb_lcb_n,145.0,1.0,1.0,-2.6783246994018555
ucb_lcb_n,146.0,1.0,1.0,-24.771228671073914
ucb_lcb_n,147.0,1.0,1.0,-5.26625919342041
ucb_lcb_n,148.0,1.0,1.0,-2.2233243882656097
ucb_lcb_n,149.0,1.0,1.0,-5.850215911865234
ucb_lcb_n,150.0,1.0,1.0,-10.687581539154053
ucb_lcb_n,151.0,1.0,1.0,-32.64576721191406
ucb_lcb_n,152.0,1.0,1.0,-12.31249412894249
ucb_lcb_n,153.0,1.0,1.0,-5.499070167541504
ucb_lcb_n,154.0,1.0,1.0,-26.965361952781677
ucb_lcb_n,155.0,1.0,1.0,-5.02846097946167
ucb_lcb_n,156.0,1.0,1.0,-18.82400669902563
ucb_lcb_n,158.0,1.0,1.0,-3.7362871170043945
ucb_lcb_n,159.0,1.0,1.0,-18.12510922551155
ucb_lcb_n,160.0,1.0,1.0,-1.521285057067871
ucb_lcb_n,161.0,1.0,1.0,-9.037752270698547
ucb_lcb_n,162.0,1.0,1.0,-1.2213096171617508
ucb_lcb_n,163.0,1.0,1.0,-4.506768703460693
ucb_lcb_n,165.0,1.0,1.0,-2.5210609436035156
ucb_lcb_n,166.0,1.0,1.0,-9.324924945831299
ucb_lcb_n,167.0,1.0,1.0,-17.32883694767952
ucb_lcb_n,168.0,1.0,1.0,-39.31175422668457
ucb_lcb_n,169.0,1.0,1.0,-16.9759524166584
ucb_lcb_n,170.0,1.0,1.0,-13.987760111689568
ucb_lcb_n,171.0,1.0,1.0,-0.10383893642574549
ucb_lcb_n,172.0,1.0,1.0,-14.690970182418823
ucb_lcb_n,173.0,1.0,1.0,-11.293875694274902
ucb_lcb_n,174.0,1.0,1.0,-10.918395042419434
ucb_lcb_n,175.0,1.0,1.0,-15.334095001220703
ucb_lcb_n,176.0,1.0,1.0,-36.20410239696503
ucb_lcb_n,177.0,1.0,1.0,-4.857361793518066
ucb_lcb_n,178.0,1.0,1.0,-4.816962718963623
ucb_lcb_n,179.0,1.0,1.0,-5.667434215545654
ucb_lcb_n,180.0,1.0,1.0,-6.750675201416016
ucb_lcb_n,181.0,1.0,1.0,-4.973394870758057
ucb_lcb_n,182.0,1.0,1.0,-10.563858032226562
ucb_lcb_n,183.0,1.0,1.0,-26.010464668273926
ucb_lcb_n,185.0,1.0,1.0,-10.720999717712402
ucb_lcb_n,186.0,1.0,1.0,-6.593720078468323
ucb_lcb_n,187.0,1.0,1.0,-10.619547486305237
ucb_lcb_n,188.0,1.0,1.0,-7.624546527862549
ucb_lcb_n,190.0,1.0,1.0,-5.421380043029785
ucb_lcb_n,191.0,1.0,1.0,-7.480364084243774
ucb_lcb_n,192.0,1.0,1.0,-12.510070323944092
ucb_lcb_n,193.0,1.0,1.0,-33.96951472759247
ucb_lcb_n,195.0,1.0,1.0,-7.310957193374634
ucb_lcb_n,196.0,1.0,1.0,-4.038927912712097
ucb_lcb_n,197.0,1.0,1.0,-5.008697032928467
ucb_lcb_n,198.0,1.0,1.0,-4.631933689117432
ucb_lcb_n,199.0,1.0,1.0,-13.088458847254515
ucb_lcb_n,200.0,1.0,1.0,-20.282605230808258
ucb_lcb_n,201.0,1.0,1.0,-49.5869051188929
ucb_lcb_n,202.0,1.0,1.0,-24.74614405632019
ucb_lcb_n,203.0,1.0,1.0,-22.689158469438553
ucb_lcb_n,204.0,1.0,1.0,-9.48217499256134
ucb_lcb_n,205.0,1.0,1.0,-9.545253276824951
ucb_lcb_n,206.0,1.0,1.0,-4.940079689025879
ucb_lcb_n,207.0,1.0,1.0,-2.858730137348175
ucb_lcb_n,208.0,1.0,1.0,-32.68278984539211
ucb_lcb_n,209.0,1.0,1.0,-4.813279151916504
ucb_lcb_n,210.0,1.0,1.0,-8.392578125
ucb_lcb_n,211.0,1.0,1.0,-13.107813835144043
ucb_lcb_n,212.0,1.0,1.0,-24.468244085088372
ucb_lcb_n,213.0,1.0,1.0,-1.757818579673767
ucb_lcb_n,214.0,1.0,1.0,-42.24613702297211
ucb_lcb_n,215.0,1.0,1.0,-5.626906999386847
ucb_lcb_n,216.0,1.0,1.0,-6.307290017604828
ucb_lcb_n,217.0,1.0,1.0,-3.4213864766061306
ucb_lcb_n,218.0,1.0,1.0,-23.36565288901329
ucb_lcb_n,219.0,1.0,1.0,-16.88245940208435
ucb_lcb_n,220.0,1.0,1.0,-0.31250226125121117
ucb_lcb_n,221.0,1.0,1.0,-19.55524432659149
ucb_lcb_n,222.0,1.0,1.0,-31.837536931037903
ucb_lcb_n,223.0,1.0,1.0,-20.528587639331818
ucb_lcb_n,224.0,1.0,1.0,-38.52448558807373
ucb_lcb_n,225.0,1.0,1.0,-9.262405395507812
ucb_lcb_n,226.0,1.0,1.0,-5.135438442230225
ucb_lcb_n,227.0,1.0,1.0,-29.33268830180168
ucb_lcb_n,228.0,1.0,1.0,-23.86516836285591
ucb_lcb_n,229.0,1.0,1.0,-0.0010002159251598641
ucb_lcb_n,230.0,1.0,1.0,-8.008310079574585
ucb_lcb_n,231.0,1.0,1.0,-9.64417028427124
ucb_lcb_n,232.0,1.0,1.0,-20.978299036622047
ucb_lcb_n,233.0,1.0,1.0,-1.8067400455474854
ucb_lcb_n,234.0,1.0,1.0,-46.31850457191467
ucb_lcb_n,236.0,1.0,1.0,-11.011758595705032
ucb_lcb_n,237.0,1.0,1.0,-19.98165738582611
ucb_lcb_n,239.0,1.0,1.0,-20.24827742576599
ucb_lcb_n,240.0,1.0,1.0,-5.3220086097717285
ucb_lcb_n,241.0,1.0,1.0,-20.447214603424072
ucb_lcb_n,242.0,1.0,1.0,-9.21034049987793
ucb_lcb_n,243.0,1.0,1.0,-21.529724657535553
ucb_lcb_n,244.0,1.0,1.0,-31.263935804367065
ucb_lcb_n,245.0,1.0,1.0,-0.012142514693550766
ucb_lcb_n,246.0,1.0,1.0,-16.4420185983181
ucb_lcb_n,247.0,1.0,1.0,-15.724195964634418
ucb_lcb_n,248.0,1.0,1.0,-7.895007133483887
ucb_lcb_n,249.0,1.0,1.0,-25.048769883811474
ucb_lcb_n,250.0,1.0,1.0,-8.084825277328491
ucb_lcb_n,252.0,1.0,1.0,-38.86652588844299
ucb_lcb_n,253.0,1.0,1.0,-20.74565303325653
ucb_lcb_n,254.0,1.0,1.0,-12.438111543655396
ucb_lcb_n,255.0,1.0,1.0,-12.112121105194092
ucb_lcb_n,257.0,1.0,1.0,-13.332816481590271
ucb_lcb_n,258.0,1.0,1.0,-6.070517539978027
ucb_lcb_n,259.0,1.0,1.0,-11.416292190551758
ucb_lcb_n,260.0,1.0,1.0,-4.166600704193115
ucb_lcb_n,261.0,1.0,1.0,-22.376770488917828
ucb_lcb_n,262.0,1.0,1.0,-5.140374660491943
ucb_lcb_n,263.0,1.0,1.0,-29.604131668806076
ucb_lcb_n,264.0,1.0,1.0,-5.0130462646484375
ucb_lcb_n,266.0,1.0,1.0,-11.769570350646973
ucb_lcb_n,267.0,1.0,1.0,-17.605950421653688
ucb_lcb_n,268.0,1.0,1.0,-64.34400099515915
ucb_lcb_n,269.0,1.0,1.0,-18.096135281026363
ucb_lcb_n,270.0,1.0,1.0,-7.144970893859863
ucb_lcb_n,271.0,1.0,1.0,-17.212024211883545
ucb_lcb_n,272.0,1.0,1.0,-4.960611343383789
ucb_lcb_n,273.0,1.0,1.0,-25.31610655784607
ucb_lcb_n,274.0,1.0,1.0,-6.691782474517822
ucb_lcb_n,275.0,1.0,1.0,-11.03590744920075
ucb_lcb_n,276.0,1.0,1.0,-0.0010002159251598641
ucb_lcb_n,277.0,1.0,1.0,-0.0010002159251598641
ucb_lcb_n,278.0,1.0,1.0,-45.367852210998535
ucb_lcb_n,279.0,1.0,1.0,-10.426992416381836
ucb_lcb_n,280.0,1.0,1.0,-20.675017148256302
ucb_lcb_n,282.0,1.0,1.0,-20.01534539461136
ucb_lcb_n,283.0,1.0,1.0,-17.07003879547119
ucb_lcb_n,284.0,1.0,1.0,-7.80026388168335
ucb_lcb_n,285.0,1.0,1.0,-3.5366156101226807
ucb_lcb_n,286.0,1.0,1.0,-28.87173330783844
ucb_lcb_n,287.0,1.0,1.0,-13.505041062831879
ucb_lcb_n,288.0,1.0,1.0,-8.049991130828857
ucb_lcb_n,289.0,1.0,1.0,-7.42578911781311
ucb_lcb_n,290.0,1.0,1.0,-25.308188900351524
ucb_lcb_n,291.0,1.0,1.0,-9.58219599723816
ucb_lcb_n,292.0,1.0,1.0,-5.0663299560546875
ucb_lcb_n,293.0,1.0,1.0,-16.49483998864889
ucb_lcb_n,294.0,1.0,1.0,-3.232205867767334
ucb_lcb_n,295.0,1.0,1.0,-7.530741214752197
ucb_lcb_n,296.0,1.0,1.0,-65.82951307296753
ucb_lcb_n,297.0,1.0,1.0,-22.074040338397026
ucb_lcb_n,298.0,1.0,1.0,-30.98154079914093
ucb_lcb_n,299.0,1.0,1.0,-29.279826998710632
ucb_lcb_n,300.0,1.0,1.0,-11.043019219301641
ucb_lcb_n,301.0,1.0,1.0,-9.21034049987793
ucb_lcb_n,302.0,1.0,1.0,-0.6759159974753857
ucb_lcb_n,303.0,1.0,1.0,-9.250893354415894
ucb_lcb_n,304.0,1.0,1.0,-4.333605766296387
ucb_lcb_n,305.0,1.0,1.0,-9.543573647737503
ucb_lcb_n,306.0,1.0,1.0,-25.448946747928858
ucb_lcb_n,307.0,1.0,1.0,-25.523505076766014
ucb_lcb_n,308.0,1.0,1.0,-4.060329914093018
ucb_lcb_n,309.0,1.0,1.0,-17.252004519104958
ucb_lcb_n,310.0,1.0,1.0,-28.151217222213745
ucb_lcb_n,311.0,1.0,1.0,-9.116280317306519
ucb_lcb_n,312.0,1.0,1.0,-13.954777657985687
ucb_lcb_n,313.0,1.0,1.0,-13.402196168899536
ucb_lcb_n,314.0,1.0,1.0,-9.154085159301758
ucb_lcb_n,315.0,1.0,1.0,-9.21034049987793
ucb_lcb_n,316.0,1.0,1.0,-7.9042863845825195
ucb_lcb_n,317.0,1.0,1.0,-5.427064895629883
ucb_lcb_n,318.0,1.0,1.0,-43.49895262718201
ucb_lcb_n,319.0,1.0,1.0,-19.020333975553513
ucb_lcb_n,320.0,1.0,1.0,-31.801927357912064
ucb_lcb_n,321.0,1.0,1.0,-15.149731397628784
ucb_lcb_n,322.0,1.0,1.0,-13.818212145008147
ucb_lcb_n,323.0,1.0,1.0,-0.15885562542825937
ucb_lcb_n,324.0,1.0,1.0,-18.81283128261566
ucb_lcb_n,325.0,1.0,1.0,-9.73562753200531
ucb_lcb_n,326.0,1.0,1.0,-0.901567205786705
ucb_lcb_n,327.0,1.0,1.0,-4.892350196838379
ucb_lcb_n,328.0,1.0,1.0,-13.838905096054077
ucb_lcb_n,329.0,1.0,1.0,-29.465179696679115
ucb_lcb_n,330.0,1.0,1.0,-0.13259563129395247
ucb_lcb_n,331.0,1.0,1.0,-27.386343955993652
ucb_lcb_n,332.0,1.0,1.0,-54.19160747528076
ucb_lcb_n,333.0,1.0,1.0,-2.7016348838806152
ucb_lcb_n,334.0,1.0,1.0,-4.839854717254639
ucb_lcb_n,336.0,1.0,1.0,-0.0010002159251598641
ucb_lcb_n,337.0,1.0,1.0,-46.160767238092376
ucb_lcb_n,338.0,1.0,1.0,-14.038461446762085
ucb_lcb_n,340.0,1.0,1.0,-5.030224800109863
ucb_lcb_n,341.0,1.0,1.0,-14.801430016756058
ucb_lcb_n,342.0,1.0,1.0,-12.592595741152763
ucb_lcb_n,343.0,1.0,1.0,-35.16893810033798
ucb_lcb_n,344.0,1.0,1.0,-34.69878429360688
ucb_lcb_n,346.0,1.0,1.0,-10.668280944228172
ucb_lcb_n,347.0,1.0,1.0,-15.489098191261292
ucb_lcb_n,348.0,1.0,1.0,-11.10023108124733
ucb_lcb_n,350.0,1.0,1.0,-0.010991503833793104
ucb_lcb_n,351.0,1.0,1.0,-23.755058646202087
ucb_lcb_n,352.0,1.0,1.0,-13.723789043724537
ucb_lcb_n,353.0,1.0,1.0,-25.870745539665222
ucb_lcb_n,354.0,1.0,1.0,-16.139830745756626
ucb_lcb_n,355.0,1.0,1.0,-0.0010002159251598641
ucb_lcb_n,356.0,1.0,1.0,-0.007521780382376164
ucb_lcb_n,357.0,1.0,1.0,-4.912412643432617
ucb_lcb_n,358.0,1.0,1.0,-62.79375094175339
ucb_lcb_n,359.0,1.0,1.0,-10.229442596435547
ucb_lcb_n,361.0,1.0,1.0,-4.951755523681641
ucb_lcb_n,362.0,1.0,1.0,-8.780695915222168
ucb_lcb_n,363.0,1.0,1.0,-43.134669065475464
ucb_lcb_n,364.0,1.0,1.0,-14.451459407806396
ucb_lcb_n,365.0,1.0,1.0,-4.963939666748047
ucb_lcb_n,367.0,1.0,1.0,-6.714614525437355
ucb_lcb_n,368.0,1.0,1.0,-7.501237869262695
ucb_lcb_n,369.0,1.0,1.0,-16.945733428001404
ucb_lcb_n,371.0,1.0,1.0,-35.92713737487793
ucb_lcb_n,372.0,1.0,1.0,-19.47470995783806
ucb_lcb_n,373.0,1.0,1.0,-12.273701941594481
ucb_lcb_n,374.0,1.0,1.0,-45.52880680561066
ucb_lcb_n,375.0,1.0,1.0,-4.919802665710449
ucb_lcb_n,376.0,1.0,1.0,-10.119394779205322
ucb_lcb_n,377.0,1.0,1.0,-8.66378903388977
ucb_lcb_n,378.0,1.0,1.0,-14.44386100769043
ucb_lcb_n,379.0,1.0,1.0,-9.387372016906738
ucb_lcb_n,380.0,1.0,1.0,-15.212158679962158
ucb_lcb_n,381.0,1.0,1.0,-0.0010002159251598641
ucb_lcb_n,382.0,1.0,1.0,-20.48650312423706
ucb_lcb_n,383.0,1.0,1.0,-10.98800277709961
ucb_lcb_n,384.0,1.0,1.0,-16.24844790995121
ucb_lcb_n,385.0,1.0,1.0,-22.819806532585062
ucb_lcb_n,386.0,1.0,1.0,0.0
ucb_lcb_n,387.0,1.0,1.0,-4.913323879241943
ucb_lcb_n,388.0,1.0,1.0,-11.071316182613373
ucb_lcb_n,389.0,1.0,1.0,-8.273869514465332
ucb_lcb_n,390.0,1.0,1.0,-26.264116764068604
ucb_lcb_n,391.0,1.0,1.0,-8.94239079207182
ucb_lcb_n,392.0,1.0,1.0,-5.919419288635254
ucb_lcb_n,393.0,1.0,1.0,-24.03922140598297
ucb_lcb_n,394.0,1.0,1.0,-19.467444479465485
ucb_lcb_n,395.0,1.0,1.0,-18.17083566635847
ucb_lcb_n,396.0,1.0,1.0,-4.222708702087402
ucb_lcb_n,397.0,1.0,1.0,-18.850905895233154
ucb_lcb_n,398.0,1.0,1.0,-29.892536296509206
ucb_lcb_n,399.0,1.0,1.0,-25.462889909744263
ucb_lcb_n,400.0,1.0,1.0,-6.460819244384766
ucb_lcb_n,401.0,1.0,1.0,-5.793845891952515
ucb_lcb_n,402.0,1.0,1.0,-10.847960948944092
ucb_lcb_n,403.0,1.0,1.0,-9.983938217163086
ucb_lcb_n,404.0,1.0,1.0,-11.396145433187485
ucb_lcb_n,405.0,1.0,1.0,-4.450069904327393
ucb_lcb_n,407.0,1.0,1.0,-21.859517753124237
ucb_lcb_n,408.0,1.0,1.0,-13.51464557647705
ucb_lcb_n,409.0,1.0,1.0,-4.829331785440445
ucb_lcb_n,410.0,1.0,1.0,-16.07418540492654
ucb_lcb_n,412.0,1.0,1.0,-22.289812743663788
ucb_lcb_n,413.0,1.0,1.0,-5.004672050476074
ucb_lcb_n,414.0,1.0,1.0,-3.7437381744384766
ucb_lcb_n,415.0,1.0,1.0,-37.58359408378601
ucb_lcb_n,416.0,1.0,1.0,-9.324512004852295
ucb_lcb_n,417.0,1.0,1.0,-20.91642665863037
ucb_lcb_n,418.0,1.0,1.0,-3.9983217120170593
ucb_lcb_n,419.0,1.0,1.0,-11.386729925870895
ucb_lcb_n,420.0,1.0,1.0,-1.5418281108140945
ucb_lcb_n,421.0,1.0,1.0,-14.319462656974792
ucb_lcb_n,422.0,1.0,1.0,-8.145629791542888
ucb_lcb_n,424.0,1.0,1.0,-7.703046798706055
ucb_lcb_n,425.0,1.0,1.0,-7.816090106964111
ucb_lcb_n,426.0,1.0,1.0,-17.739042681700084
ucb_lcb_n,428.0,1.0,1.0,-5.315407752990723
ucb_lcb_n,429.0,1.0,1.0,-20.6658536195755
ucb_lcb_n,430.0,1.0,1.0,-31.543503642082214
ucb_lcb_n,431.0,1.0,1.0,-5.435123443603516
ucb_lcb_n,432.0,1.0,1.0,-8.399142742156982
ucb_lcb_n,433.0,1.0,1.0,-18.42068099975586
ucb_lcb_n,434.0,1.0,1.0,-5.3990936279296875
ucb_lcb_n,435.0,1.0,1.0,-49.734434962272644
ucb_lcb_n,436.0,1.0,1.0,-20.686019897460938
ucb_lcb_n,437.0,1.0,1.0,-4.878808975219727
ucb_lcb_n,438.0,1.0,1.0,-22.330872058868408
ucb_lcb_n,439.0,1.0,1.0,-14.280894849449396
ucb_lcb_n,440.0,1.0,1.0,-5.038915669545531
ucb_lcb_n,441.0,1.0,1.0,-38.964173793792725
ucb_lcb_n,442.0,1.0,1.0,-0.0010002159251598641
ucb_lcb_n,443.0,1.0,1.0,-0.006887365481816232
ucb_lcb_n,444.0,1.0,1.0,-34.229779958724976
ucb_lcb_n,445.0,1.0,1.0,-5.409834861755371
ucb_lcb_n,446.0,1.0,1.0,-46.506537437438965
ucb_lcb_n,447.0,1.0,1.0,-1.4918654263019562
ucb_lcb_n,448.0,1.0,1.0,-37.746949553489685
ucb_lcb_n,449.0,1.0,1.0,-15.31351613998413
ucb_lcb_n,450.0,1.0,1.0,-13.116694450378418
ucb_lcb_n,451.0,1.0,1.0,-0.00352516514249146
ucb_lcb_n,452.0,1.0,1.0,-5.021729469299316
ucb_lcb_n,453.0,1.0,1.0,-22.99201710522175
ucb_lcb_n,454.0,1.0,1.0,-13.772967875003815
ucb_lcb_n,455.0,1.0,1.0,-19.41540515422821
ucb_lcb_n,456.0,1.0,1.0,-31.57370776683092
ucb_lcb_n,457.0,1.0,1.0,-12.404279708862305
ucb_lcb_n,458.0,1.0,1.0,-4.172929763793945
ucb_lcb_n,459.0,1.0,1.0,-6.214539051055908
ucb_lcb_n,460.0,1.0,1.0,-11.020755469799042
ucb_lcb_n,461.0,1.0,1.0,-5.339770317077637
ucb_lcb_n,462.0,1.0,1.0,-34.736398816108704
ucb_lcb_n,463.0,1.0,1.0,-24.015167474746704
ucb_lcb_n,464.0,1.0,1.0,-4.826712710317224
ucb_lcb_n,465.0,1.0,1.0,-11.58812141418457
ucb_lcb_n,466.0,1.0,1.0,-5.940783977508545
ucb_lcb_n,467.0,1.0,1.0,-15.020186770707369
ucb_lcb_n,468.0,1.0,1.0,-9.643904209136963
ucb_lcb_n,469.0,1.0,1.0,-24.385509848594666
ucb_lcb_n,470.0,1.0,1.0,-29.79361402988434
ucb_lcb_n,471.0,1.0,1.0,-13.699235461652279
ucb_lcb_n,472.0,1.0,1.0,-6.642674446105957
ucb_lcb_n,473.0,1.0,1.0,-9.00913381576538
ucb_lcb_n,474.0,1.0,1.0,-4.926669597625732
ucb_lcb_n,475.0,1.0,1.0,-22.117763340473175
ucb_lcb_n,476.0,1.0,1.0,-0.1370727512985468
ucb_lcb_n,477.0,1.0,1.0,-4.891474723815918
ucb_lcb_n,478.0,1.0,1.0,-4.593307018280029
ucb_lcb_n,479.0,1.0,1.0,-4.815354824066162
ucb_lcb_n,480.0,1.0,1.0,-4.955892562866211
ucb_lcb_n,481.0,1.0,1.0,-17.88872918486595
ucb_lcb_n,482.0,1.0,1.0,-4.940674304962158
ucb_lcb_n,483.0,1.0,1.0,-53.032904505729675
ucb_lcb_n,484.0,1.0,1.0,-16.869901597499847
ucb_lcb_n,485.0,1.0,1.0,-9.216492652893066
ucb_lcb_n,486.0,1.0,1.0,-36.00527262687683
ucb_lcb_n,487.0,1.0,1.0,-6.6670098304748535
ucb_lcb_n,488.0,1.0,1.0,-10.253487586975098
ucb_lcb_n,490.0,1.0,1.0,-21.98399567604065
ucb_lcb_n,491.0,1.0,1.0,-0.10806259606033564
ucb_lcb_n,492.0,1.0,1.0,-9.708988189697266
ucb_lcb_n,493.0,1.0,1.0,-3.531253246590495
ucb_lcb_n,494.0,1.0,1.0,-25.33187174797058
ucb_lcb_n,495.0,1.0,1.0,-8.0154227912426
ucb_lcb_n,496.0,1.0,1.0,-15.201349020004272
ucb_lcb,1.0,1.0,1.0,-4.932074546813965
ucb_lcb,2.0,1.0,1.0,-31.0023934841156
ucb_lcb,3.0,1.0,1.0,-20.678951889276505
ucb_lcb,4.0,1.0,1.0,-4.738260746002197
ucb_lcb,5.0,1.0,1.0,-71.40061664581299
ucb_lcb,6.0,1.0,1.0,-25.22822868824005
ucb_lcb,7.0,1.0,1.0,-31.7313631772995
ucb_lcb,8.0,1.0,1.0,-4.13801908493042
ucb_lcb,9.0,1.0,1.0,-8.479671716690063
ucb_lcb,10.0,1.0,1.0,-4.785953044891357
ucb_lcb,11.0,1.0,1.0,-5.673151969909668
ucb_lcb,12.0,1.0,1.0,-9.597074508666992
ucb_lcb,13.0,1.0,1.0,-5.5997161865234375
ucb_lcb,14.0,1.0,1.0,-2.9591634273529053
ucb_lcb,15.0,1.0,1.0,-8.685694694519043
ucb_lcb,16.0,1.0,1.0,-10.108601659536362
ucb_lcb,17.0,1.0,1.0,-0.0010002159251598641
ucb_lcb,18.0,1.0,1.0,-17.254712224006653
ucb_lcb,19.0,1.0,1.0,-16.464406490325928
ucb_lcb,20.0,1.0,1.0,-0.22976623848080635
ucb_lcb,21.0,1.0,1.0,-18.440975099802017
ucb_lcb,22.0,1.0,1.0,-4.1158294677734375
ucb_lcb,23.0,1.0,1.0,-31.69162142276764
ucb_lcb,24.0,1.0,1.0,-12.38072058558464
ucb_lcb,25.0,1.0,1.0,-5.844509601593018
ucb_lcb,26.0,1.0,1.0,-26.279287099838257
ucb_lcb,27.0,1.0,1.0,-5.194124698638916
ucb_lcb,28.0,1.0,1.0,-9.21034049987793
ucb_lcb,29.0,1.0,1.0,-5.616659164428711
ucb_lcb,30.0,1.0,1.0,-6.409492015838623
ucb_lcb,32.0,1.0,1.0,-8.338887214660645
ucb_lcb,33.0,1.0,1.0,-48.214744448661804
ucb_lcb,34.0,1.0,1.0,-3.593903462344315
ucb_lcb,35.0,1.0,1.0,-9.21034049987793
ucb_lcb,36.0,1.0,1.0,-4.790866851806641
ucb_lcb,37.0,1.0,1.0,-31.698936462402344
ucb_lcb,38.0,1.0,1.0,-9.597283363342285
ucb_lcb,39.0,1.0,1.0,-24.368671417236328
ucb_lcb,40.0,1.0,1.0,0.0
ucb_lcb,41.0,1.0,1.0,-44.5324090719223
ucb_lcb,42.0,1.0,1.0,-17.84841695718933
ucb_lcb,43.0,1.0,1.0,-11.71227477490902
ucb_lcb,45.0,1.0,1.0,-27.844837427139282
ucb_lcb,46.0,1.0,1.0,-76.98851990699768
ucb_lcb,47.0,1.0,1.0,-23.448055448010564
ucb_lcb,48.0,1.0,1.0,-12.969695828855038
ucb_lcb,49.0,1.0,1.0,-0.0010002159251598641
ucb_lcb,50.0,1.0,1.0,-11.539214611053467
ucb_lcb,51.0,1.0,1.0,-10.028690338134766
ucb_lcb,52.0,1.0,1.0,-6.202679395675659
ucb_lcb,53.0,1.0,1.0,-4.742032527923584
ucb_lcb,54.0,1.0,1.0,-27.85312569141388
ucb_lcb,55.0,1.0,1.0,-40.229957818984985
ucb_lcb,56.0,1.0,1.0,-14.697706371545792
ucb_lcb,58.0,1.0,1.0,-38.123584777116776
ucb_lcb,59.0,1.0,1.0,-10.348278999328613
ucb_lcb,60.0,1.0,1.0,-24.93006188981235
ucb_lcb,61.0,1.0,1.0,-4.455269813537598
ucb_lcb,64.0,1.0,1.0,-13.964106768369675
ucb_lcb,65.0,1.0,1.0,-9.21034049987793
ucb_lcb,66.0,1.0,1.0,-23.65328598022461
ucb_lcb,67.0,1.0,1.0,-8.73051929473877
ucb_lcb,68.0,1.0,1.0,-21.943662405014038
ucb_lcb,69.0,1.0,1.0,-35.09467959403992
ucb_lcb,70.0,1.0,1.0,-21.00322914123535
ucb_lcb,71.0,1.0,1.0,-25.30506080389023
ucb_lcb,72.0,1.0,1.0,-31.306315183639526
ucb_lcb,73.0,1.0,1.0,-19.760556620545685
ucb_lcb,74.0,1.0,1.0,-0.9873061776161194
ucb_lcb,75.0,1.0,1.0,-3.16154146194458
ucb_lcb,76.0,1.0,1.0,-4.786590099334717
ucb_lcb,77.0,1.0,1.0,-4.839772701263428
ucb_lcb,78.0,1.0,1.0,-6.164469242095947
ucb_lcb,79.0,1.0,1.0,-9.527360431849957
ucb_lcb,80.0,1.0,1.0,-4.631979942321777
ucb_lcb,81.0,1.0,1.0,-8.396024703979492
ucb_lcb,82.0,1.0,1.0,-12.921720743179321
ucb_lcb,83.0,1.0,1.0,-6.8419671058654785
ucb_lcb,84.0,1.0,1.0,-0.01518708560615778
ucb_lcb,85.0,1.0,1.0,-34.694172859191895
ucb_lcb,87.0,1.0,1.0,-20.526286125183105
ucb_lcb,88.0,1.0,1.0,-32.14110445976257
ucb_lcb,89.0,1.0,1.0,-40.57214558124542
ucb_lcb,90.0,1.0,1.0,-34.75879740715027
ucb_lcb,91.0,1.0,1.0,-5.941049098968506
ucb_lcb,92.0,1.0,1.0,-25.268553733825684
ucb_lcb,93.0,1.0,1.0,-18.421481172495987
ucb_lcb,94.0,1.0,1.0,-29.370397716760635
ucb_lcb,95.0,1.0,1.0,-1.019642323255539
ucb_lcb,96.0,1.0,1.0,-5.901897430419922
ucb_lcb,98.0,1.0,1.0,-11.459563255310059
ucb_lcb,99.0,1.0,1.0,-26.895137786865234
ucb_lcb,101.0,1.0,1.0,-0.11206324212253094
ucb_lcb,102.0,1.0,1.0,-9.21034049987793
ucb_lcb,103.0,1.0,1.0,-17.693918228149414
ucb_lcb,104.0,1.0,1.0,-9.990506649017334
ucb_lcb,105.0,1.0,1.0,-4.72908878326416
ucb_lcb,106.0,1.0,1.0,-12.384817838668823
ucb_lcb,107.0,1.0,1.0,-22.90886646695435
ucb_lcb,108.0,1.0,1.0,-16.797030806541443
ucb_lcb,109.0,1.0,1.0,-2.884378433227539
ucb_lcb,111.0,1.0,1.0,-19.275866985321045
ucb_lcb,112.0,1.0,1.0,-6.549887418746948
ucb_lcb,113.0,1.0,1.0,-42.806509256362915
ucb_lcb,114.0,1.0,1.0,-5.004188537597656
ucb_lcb,115.0,1.0,1.0,-28.505289554595947
ucb_lcb,116.0,1.0,1.0,-9.21034049987793
ucb_lcb,117.0,1.0,1.0,-4.779135227203369
ucb_lcb,118.0,1.0,1.0,-21.770640820264816
ucb_lcb,119.0,1.0,1.0,-0.0010002159251598641
ucb_lcb,120.0,1.0,1.0,-2.9343044757843018
ucb_lcb,121.0,1.0,1.0,-19.308135271072388
ucb_lcb,122.0,1.0,1.0,-8.602934150025249
ucb_lcb,123.0,1.0,1.0,-6.538934707641602
ucb_lcb,124.0,1.0,1.0,-15.351746827363968
ucb_lcb,125.0,1.0,1.0,-4.084765434265137
ucb_lcb,126.0,1.0,1.0,-20.577684745192528
ucb_lcb,128.0,1.0,1.0,-4.797515392303467
ucb_lcb,130.0,1.0,1.0,-35.79110550880432
ucb_lcb,131.0,1.0,1.0,-29.275897720232024
ucb_lcb,132.0,1.0,1.0,-5.6823201179504395
ucb_lcb,133.0,1.0,1.0,-16.83911418914795
ucb_lcb,134.0,1.0,1.0,-25.20551562309265
ucb_lcb,135.0,1.0,1.0,-12.630191847682
ucb_lcb,136.0,1.0,1.0,-4.793869421169802
ucb_lcb,137.0,1.0,1.0,-32.01635432243347
ucb_lcb,138.0,1.0,1.0,-12.993887424468994
ucb_lcb,139.0,1.0,1.0,-5.058135509490967
ucb_lcb,140.0,1.0,1.0,-25.06219470500946
ucb_lcb,141.0,1.0,1.0,-0.0015895447286311537
ucb_lcb,142.0,1.0,1.0,-18.229426324367523
ucb_lcb,143.0,1.0,1.0,-15.464677721261978
ucb_lcb,144.0,1.0,1.0,-32.04789328575134
ucb_lcb,145.0,1.0,1.0,-3.236319065093994
ucb_lcb,146.0,1.0,1.0,-33.77061128616333
ucb_lcb,147.0,1.0,1.0,-5.305758953094482
ucb_lcb,148.0,1.0,1.0,-2.028596952557564
ucb_lcb,149.0,1.0,1.0,-7.154560565948486
ucb_lcb,150.0,1.0,1.0,-9.89539909362793
ucb_lcb,151.0,1.0,1.0,-29.842438340187073
ucb_lcb,152.0,1.0,1.0,-15.340527057647705
ucb_lcb,153.0,1.0,1.0,-7.586404323577881
ucb_lcb,154.0,1.0,1.0,-24.77479600906372
ucb_lcb,155.0,1.0,1.0,-9.21034049987793
ucb_lcb,156.0,1.0,1.0,-32.64536952972412
ucb_lcb,158.0,1.0,1.0,-3.8922793865203857
ucb_lcb,159.0,1.0,1.0,-21.532359145581722
ucb_lcb,160.0,1.0,1.0,-1.321024551987648
ucb_lcb,161.0,1.0,1.0,-7.7285231947898865
ucb_lcb,162.0,1.0,1.0,-1.0306141525506973
ucb_lcb,163.0,1.0,1.0,-9.07254695892334
ucb_lcb,165.0,1.0,1.0,-2.6251747608184814
ucb_lcb,166.0,1.0,1.0,-9.767327308654785
ucb_lcb,167.0,1.0,1.0,-30.0170875787735
ucb_lcb,168.0,1.0,1.0,-68.58410263061523
ucb_lcb,169.0,1.0,1.0,-24.975266933441162
ucb_lcb,170.0,1.0,1.0,-15.791196636855602
ucb_lcb,171.0,1.0,1.0,-0.0010002159251598641
ucb_lcb,172.0,1.0,1.0,-12.980931997299194
ucb_lcb,173.0,1.0,1.0,-10.566061019897461
ucb_lcb,174.0,1.0,1.0,-11.186949491500854
ucb_lcb,175.0,1.0,1.0,-22.193966388702393
ucb_lcb,176.0,1.0,1.0,-38.22223210334778
ucb_lcb,177.0,1.0,1.0,-5.852207183837891
ucb_lcb,178.0,1.0,1.0,-4.5502519607543945
ucb_lcb,179.0,1.0,1.0,-5.11362886428833
ucb_lcb,180.0,1.0,1.0,-5.375992774963379
ucb_lcb,181.0,1.0,1.0,-4.766143798828125
ucb_lcb,182.0,1.0,1.0,-9.696933269500732
ucb_lcb,183.0,1.0,1.0,-34.81132245063782
ucb_lcb,185.0,1.0,1.0,-10.762007236480713
ucb_lcb,186.0,1.0,1.0,-7.481544017791748
ucb_lcb,187.0,1.0,1.0,-9.520711660385132
ucb_lcb,188.0,1.0,1.0,-8.42348575592041
ucb_lcb,190.0,1.0,1.0,-5.723055839538574
ucb_lcb,191.0,1.0,1.0,-5.172995090484619
ucb_lcb,192.0,1.0,1.0,-12.724868774414062
ucb_lcb,193.0,1.0,1.0,-14.111384272575378
ucb_lcb,195.0,1.0,1.0,-8.768669128417969
ucb_lcb,196.0,1.0,1.0,-7.807422876358032
ucb_lcb,197.0,1.0,1.0,-4.7717671394348145
ucb_lcb,198.0,1.0,1.0,-4.8513054847717285
ucb_lcb,199.0,1.0,1.0,-11.771754257380962
ucb_lcb,200.0,1.0,1.0,-24.805451571941376
ucb_lcb,201.0,1.0,1.0,-30.883439779281616
ucb_lcb,202.0,1.0,1.0,-20.05522072315216
ucb_lcb,203.0,1.0,1.0,-22.124823093414307
ucb_lcb,204.0,1.0,1.0,-8.18984442949295
ucb_lcb,205.0,1.0,1.0,-9.600380420684814
ucb_lcb,206.0,1.0,1.0,-4.849735736846924
ucb_lcb,207.0,1.0,1.0,-3.3588942289352417
ucb_lcb,208.0,1.0,1.0,-42.59635800158139
ucb_lcb,209.0,1.0,1.0,-4.771762371063232
ucb_lcb,210.0,1.0,1.0,-9.21034049987793
ucb_lcb,211.0,1.0,1.0,-17.00145184993744
ucb_lcb,212.0,1.0,1.0,-29.26217008428648
ucb_lcb,213.0,1.0,1.0,-4.330315113067627
ucb_lcb,214.0,1.0,1.0,-35.299877762794495
ucb_lcb,215.0,1.0,1.0,-13.61020609922707
ucb_lcb,216.0,1.0,1.0,-6.293525338172913
ucb_lcb,217.0,1.0,1.0,-3.541852705180645
ucb_lcb,218.0,1.0,1.0,-31.046268701553345
ucb_lcb,219.0,1.0,1.0,-17.426438808441162
ucb_lcb,220.0,1.0,1.0,-0.0796114495024085
ucb_lcb,221.0,1.0,1.0,-23.452502131462097
ucb_lcb,222.0,1.0,1.0,-36.19421148300171
ucb_lcb,223.0,1.0,1.0,-30.046541810035706
ucb_lcb,224.0,1.0,1.0,-33.14970874786377
ucb_lcb,225.0,1.0,1.0,-8.65834903717041
ucb_lcb,226.0,1.0,1.0,-5.215146541595459
ucb_lcb,227.0,1.0,1.0,-27.787612318992615
ucb_lcb,228.0,1.0,1.0,-24.407270818948746
ucb_lcb,229.0,1.0,1.0,-0.0010002159251598641
ucb_lcb,230.0,1.0,1.0,-8.178701639175415
ucb_lcb,231.0,1.0,1.0,-9.228312969207764
ucb_lcb,232.0,1.0,1.0,-23.512128941714764
ucb_lcb,233.0,1.0,1.0,-2.006098747253418
ucb_lcb,234.0,1.0,1.0,-48.88804292678833
ucb_lcb,236.0,1.0,1.0,-13.98945677280426
ucb_lcb,237.0,1.0,1.0,-20.333325922489166
ucb_lcb,239.0,1.0,1.0,-26.14737856388092
ucb_lcb,240.0,1.0,1.0,-6.412549018859863
ucb_lcb,241.0,1.0,1.0,-18.093444108963013
ucb_lcb,242.0,1.0,1.0,-9.21034049987793
ucb_lcb,243.0,1.0,1.0,-30.12994545698166
ucb_lcb,244.0,1.0,1.0,-57.28334140777588
ucb_lcb,245.0,1.0,1.0,-0.0010002159251598641
ucb_lcb,246.0,1.0,1.0,-18.358481287956238
ucb_lcb,247.0,1.0,1.0,-31.164966464042664
ucb_lcb,248.0,1.0,1.0,-6.898950576782227
ucb_lcb,249.0,1.0,1.0,-34.47581911087036
ucb_lcb,250.0,1.0,1.0,-10.325270414352417
ucb_lcb,252.0,1.0,1.0,-33.5066602230072
ucb_lcb,253.0,1.0,1.0,-20.284175843000412
ucb_lcb,254.0,1.0,1.0,-12.417615532875061
ucb_lcb,255.0,1.0,1.0,-12.32889699935913
ucb_lcb,257.0,1.0,1.0,-12.526284575462341
ucb_lcb,258.0,1.0,1.0,-6.377719879150391
ucb_lcb,259.0,1.0,1.0,-10.752613544464111
ucb_lcb,260.0,1.0,1.0,-3.476583242416382
ucb_lcb,261.0,1.0,1.0,-29.02619647618849
ucb_lcb,262.0,1.0,1.0,-7.082493305206299
ucb_lcb,263.0,1.0,1.0,-27.637718558311462
ucb_lcb,264.0,1.0,1.0,-4.875428676605225
ucb_lcb,266.0,1.0,1.0,-14.87000823020935
ucb_lcb,267.0,1.0,1.0,-29.52017331123352
ucb_lcb,268.0,1.0,1.0,-62.675537407398224
ucb_lcb,269.0,1.0,1.0,-19.24250422604382
ucb_lcb,270.0,1.0,1.0,-7.288013935089111
ucb_lcb,271.0,1.0,1.0,-13.453085899353027
ucb_lcb,272.0,1.0,1.0,-5.569313049316406
ucb_lcb,273.0,1.0,1.0,-26.908076882362366
ucb_lcb,274.0,1.0,1.0,-5.953286170959473
ucb_lcb,275.0,1.0,1.0,-11.89168972428888
ucb_lcb,276.0,1.0,1.0,-0.0010002159251598641
ucb_lcb,277.0,1.0,1.0,-0.0010002159251598641
ucb_lcb,278.0,1.0,1.0,-57.41990041732788
ucb_lcb,279.0,1.0,1.0,-11.546499729156494
ucb_lcb,280.0,1.0,1.0,-28.212540864944458
ucb_lcb,282.0,1.0,1.0,-26.838460981845856
ucb_lcb,283.0,1.0,1.0,-16.118462324142456
ucb_lcb,284.0,1.0,1.0,-7.581478118896484
ucb_lcb,285.0,1.0,1.0,-3.8555824756622314
ucb_lcb,286.0,1.0,1.0,-38.119638212025166
ucb_lcb,287.0,1.0,1.0,-20.354263626039028
ucb_lcb,288.0,1.0,1.0,-10.340230464935303
ucb_lcb,289.0,1.0,1.0,-6.207534074783325
ucb_lcb,290.0,1.0,1.0,-29.31628906726837
ucb_lcb,291.0,1.0,1.0,-10.749859809875488
ucb_lcb,292.0,1.0,1.0,-4.801124572753906
ucb_lcb,293.0,1.0,1.0,-13.944269008934498
ucb_lcb,294.0,1.0,1.0,-2.72662615776062
ucb_lcb,295.0,1.0,1.0,-6.989823579788208
ucb_lcb,296.0,1.0,1.0,-35.3260817527771
ucb_lcb,297.0,1.0,1.0,-29.30862522125244
ucb_lcb,298.0,1.0,1.0,-30.24868154525757
ucb_lcb,299.0,1.0,1.0,-34.91865909099579
ucb_lcb,300.0,1.0,1.0,-11.308051336556673
ucb_lcb,301.0,1.0,1.0,-9.21034049987793
ucb_lcb,302.0,1.0,1.0,-0.0010002159251598641
ucb_lcb,303.0,1.0,1.0,-9.026578903198242
ucb_lcb,304.0,1.0,1.0,-4.360899448394775
ucb_lcb,305.0,1.0,1.0,-12.181119561195374
ucb_lcb,306.0,1.0,1.0,-33.538607253693044
ucb_lcb,307.0,1.0,1.0,-23.1803879737854
ucb_lcb,308.0,1.0,1.0,-3.9565672874450684
ucb_lcb,309.0,1.0,1.0,-25.08468598127365
ucb_lcb,310.0,1.0,1.0,-40.06428545713425
ucb_lcb,311.0,1.0,1.0,-9.727840662002563
ucb_lcb,312.0,1.0,1.0,-16.231266140937805
ucb_lcb,313.0,1.0,1.0,-14.682151079177856
ucb_lcb,314.0,1.0,1.0,-7.767430067062378
ucb_lcb,315.0,1.0,1.0,-9.21034049987793
ucb_lcb,316.0,1.0,1.0,-8.386204719543457
ucb_lcb,317.0,1.0,1.0,-5.792863845825195
ucb_lcb,318.0,1.0,1.0,-31.593217849731445
ucb_lcb,319.0,1.0,1.0,-20.830647617578506
ucb_lcb,320.0,1.0,1.0,-32.15754985809326
ucb_lcb,321.0,1.0,1.0,-27.04300093650818
ucb_lcb,322.0,1.0,1.0,-16.976269586069975
ucb_lcb,323.0,1.0,1.0,-0.13809074461460114
ucb_lcb,324.0,1.0,1.0,-27.475687265396118
ucb_lcb,325.0,1.0,1.0,-6.9084285497665405
ucb_lcb,326.0,1.0,1.0,-0.4639480970799923
ucb_lcb,327.0,1.0,1.0,-4.839294910430908
ucb_lcb,328.0,1.0,1.0,-9.095666885375977
ucb_lcb,329.0,1.0,1.0,-24.476733684539795
ucb_lcb,330.0,1.0,1.0,-0.0010002159251598641
ucb_lcb,331.0,1.0,1.0,-21.691824436187744
ucb_lcb,332.0,1.0,1.0,-49.55856275558472
ucb_lcb,333.0,1.0,1.0,-2.3862690925598145
ucb_lcb,334.0,1.0,1.0,-4.7969465255737305
ucb_lcb,336.0,1.0,1.0,-0.0010002159251598641
ucb_lcb,337.0,1.0,1.0,-46.190288978970784
ucb_lcb,338.0,1.0,1.0,-13.190799236297607
ucb_lcb,340.0,1.0,1.0,-4.9439826011657715
ucb_lcb,341.0,1.0,1.0,-14.734998360276222
ucb_lcb,342.0,1.0,1.0,-12.221685817232355
ucb_lcb,343.0,1.0,1.0,-27.45676624774933
ucb_lcb,344.0,1.0,1.0,-28.567517518997192
ucb_lcb,346.0,1.0,1.0,-10.661920607089996
ucb_lcb,347.0,1.0,1.0,-10.914991736412048
ucb_lcb,348.0,1.0,1.0,-10.638240575790405
ucb_lcb,350.0,1.0,1.0,-0.0010002159251598641
ucb_lcb,351.0,1.0,1.0,-25.235159158706665
ucb_lcb,352.0,1.0,1.0,-27.760316252708435
ucb_lcb,353.0,1.0,1.0,-29.803674459457397
ucb_lcb,354.0,1.0,1.0,-17.511772133409977
ucb_lcb,355.0,1.0,1.0,-0.0010002159251598641
ucb_lcb,356.0,1.0,1.0,-0.0010002159251598641
ucb_lcb,357.0,1.0,1.0,-7.161383628845215
ucb_lcb,358.0,1.0,1.0,-43.60199785232544
ucb_lcb,359.0,1.0,1.0,-9.994426727294922
ucb_lcb,361.0,1.0,1.0,-4.50842809677124
ucb_lcb,362.0,1.0,1.0,-6.883515357971191
ucb_lcb,363.0,1.0,1.0,-31.777950286865234
ucb_lcb,364.0,1.0,1.0,-14.130370616912842
ucb_lcb,365.0,1.0,1.0,-5.674361228942871
ucb_lcb,367.0,1.0,1.0,-10.200508832931519
ucb_lcb,368.0,1.0,1.0,-7.496554374694824
ucb_lcb,369.0,1.0,1.0,-20.06165909767151
ucb_lcb,371.0,1.0,1.0,-32.42866778373718
ucb_lcb,372.0,1.0,1.0,-29.520513892173767
ucb_lcb,373.0,1.0,1.0,-8.297389931976795
ucb_lcb,374.0,1.0,1.0,-25.683757305145264
ucb_lcb,375.0,1.0,1.0,-4.8189897537231445
ucb_lcb,376.0,1.0,1.0,-10.104197978973389
ucb_lcb,377.0,1.0,1.0,-8.148654222488403
ucb_lcb,378.0,1.0,1.0,-16.571247100830078
ucb_lcb,379.0,1.0,1.0,-9.366849899291992
ucb_lcb,380.0,1.0,1.0,-16.804375410079956
ucb_lcb,381.0,1.0,1.0,-0.0010002159251598641
ucb_lcb,382.0,1.0,1.0,-35.642359018325806
ucb_lcb,383.0,1.0,1.0,-18.42068099975586
ucb_lcb,384.0,1.0,1.0,-15.374746456742287
ucb_lcb,385.0,1.0,1.0,-22.11562312860042
ucb_lcb,386.0,1.0,1.0,0.0
ucb_lcb,387.0,1.0,1.0,-5.059924602508545
ucb_lcb,388.0,1.0,1.0,-13.798271656036377
ucb_lcb,389.0,1.0,1.0,-9.27765941619873
ucb_lcb,390.0,1.0,1.0,-32.896156787872314
ucb_lcb,391.0,1.0,1.0,-9.578483447432518
ucb_lcb,392.0,1.0,1.0,-5.019495010375977
ucb_lcb,393.0,1.0,1.0,-22.154484510421753
ucb_lcb,394.0,1.0,1.0,-19.432054042816162
ucb_lcb,395.0,1.0,1.0,-21.390953505411744
ucb_lcb,396.0,1.0,1.0,-3.53481388092041
ucb_lcb,397.0,1.0,1.0,-17.01317572593689
ucb_lcb,398.0,1.0,1.0,-15.614774811081588
ucb_lcb,399.0,1.0,1.0,-23.229957818984985
ucb_lcb,400.0,1.0,1.0,-5.455595016479492
ucb_lcb,401.0,1.0,1.0,-6.485191106796265
ucb_lcb,402.0,1.0,1.0,-9.185689926147461
ucb_lcb,403.0,1.0,1.0,-9.625665664672852
ucb_lcb,404.0,1.0,1.0,-11.567372754216194
ucb_lcb,405.0,1.0,1.0,-2.79479718208313
ucb_lcb,407.0,1.0,1.0,-21.40694549679756
ucb_lcb,408.0,1.0,1.0,-10.48814344406128
ucb_lcb,409.0,1.0,1.0,-0.0010002159251598641
ucb_lcb,410.0,1.0,1.0,-19.478361334186047
ucb_lcb,412.0,1.0,1.0,-28.10759210586548
ucb_lcb,413.0,1.0,1.0,-6.712681293487549
ucb_lcb,414.0,1.0,1.0,-3.976099967956543
ucb_lcb,415.0,1.0,1.0,-47.58821129798889
ucb_lcb,416.0,1.0,1.0,-9.585479021072388
ucb_lcb,417.0,1.0,1.0,-16.10666936635971
ucb_lcb,418.0,1.0,1.0,-3.551026850938797
ucb_lcb,419.0,1.0,1.0,-12.438420102000237
ucb_lcb,420.0,1.0,1.0,-1.6605326980352402
ucb_lcb,421.0,1.0,1.0,-14.108084470033646
ucb_lcb,422.0,1.0,1.0,-9.210440521470446
ucb_lcb,424.0,1.0,1.0,-5.353059768676758
ucb_lcb,425.0,1.0,1.0,-14.744132041931152
ucb_lcb,426.0,1.0,1.0,-29.25149242495536
ucb_lcb,428.0,1.0,1.0,-6.292179107666016
ucb_lcb,429.0,1.0,1.0,-20.724932432174683
ucb_lcb,430.0,1.0,1.0,-34.961241483688354
ucb_lcb,431.0,1.0,1.0,-5.40617561340332
ucb_lcb,432.0,1.0,1.0,-10.876811504364014
ucb_lcb,433.0,1.0,1.0,-18.42068099975586
ucb_lcb,434.0,1.0,1.0,-5.012592792510986
ucb_lcb,435.0,1.0,1.0,-54.66109257936478
ucb_lcb,436.0,1.0,1.0,-22.023394346237183
ucb_lcb,437.0,1.0,1.0,-4.799671649932861
ucb_lcb,438.0,1.0,1.0,-31.39602357149124
ucb_lcb,439.0,1.0,1.0,-14.442768543958664
ucb_lcb,440.0,1.0,1.0,-4.892036324366927
ucb_lcb,441.0,1.0,1.0,-40.45374599099159
ucb_lcb,442.0,1.0,1.0,-0.0010002159251598641
ucb_lcb,443.0,1.0,1.0,-0.12065855227410793
ucb_lcb,444.0,1.0,1.0,-36.51325583457947
ucb_lcb,445.0,1.0,1.0,-5.001834869384766
ucb_lcb,446.0,1.0,1.0,-10.421351909637451
ucb_lcb,447.0,1.0,1.0,-1.1326332539319992
ucb_lcb,448.0,1.0,1.0,-41.93370747566223
ucb_lcb,449.0,1.0,1.0,-15.72801923751831
ucb_lcb,450.0,1.0,1.0,-9.441673755645752
ucb_lcb,451.0,1.0,1.0,-0.0010002159251598641
ucb_lcb,452.0,1.0,1.0,-6.125905513763428
ucb_lcb,453.0,1.0,1.0,-31.373769998550415
ucb_lcb,454.0,1.0,1.0,-15.04271849989891
ucb_lcb,455.0,1.0,1.0,-20.10225933790207
ucb_lcb,456.0,1.0,1.0,-32.05949096381664
ucb_lcb,457.0,1.0,1.0,-9.767582178115845
ucb_lcb,458.0,1.0,1.0,-3.6233556270599365
ucb_lcb,459.0,1.0,1.0,-3.5626136660575867
ucb_lcb,460.0,1.0,1.0,-10.93690139055252
ucb_lcb,461.0,1.0,1.0,-9.21034049987793
ucb_lcb,462.0,1.0,1.0,-34.915441155433655
ucb_lcb,463.0,1.0,1.0,-38.659635066986084
ucb_lcb,464.0,1.0,1.0,-4.884400654991623
ucb_lcb,465.0,1.0,1.0,-14.357322692871094
ucb_lcb,466.0,1.0,1.0,-5.108417510986328
ucb_lcb,467.0,1.0,1.0,-15.099646631628275
ucb_lcb,468.0,1.0,1.0,-7.857219099998474
ucb_lcb,469.0,1.0,1.0,-31.522652089595795
ucb_lcb,470.0,1.0,1.0,-26.698309287428856
ucb_lcb,471.0,1.0,1.0,-28.911088705062866
ucb_lcb,472.0,1.0,1.0,-6.721243858337402
ucb_lcb,473.0,1.0,1.0,-6.0471351146698
ucb_lcb,474.0,1.0,1.0,-7.311567306518555
ucb_lcb,475.0,1.0,1.0,-21.54508864879608
ucb_lcb,476.0,1.0,1.0,-0.146811050362885
ucb_lcb,477.0,1.0,1.0,-5.408935070037842
ucb_lcb,478.0,1.0,1.0,-2.878544807434082
ucb_lcb,479.0,1.0,1.0,-5.28082275390625
ucb_lcb,480.0,1.0,1.0,-4.819143772125244
ucb_lcb,481.0,1.0,1.0,-17.209168285131454
ucb_lcb,482.0,1.0,1.0,-3.3055399954319
ucb_lcb,483.0,1.0,1.0,-58.400933504104614
ucb_lcb,484.0,1.0,1.0,-28.750670194625854
ucb_lcb,485.0,1.0,1.0,-9.62965202331543
ucb_lcb,486.0,1.0,1.0,-37.73311972618103
ucb_lcb,487.0,1.0,1.0,-6.3389387130737305
ucb_lcb,488.0,1.0,1.0,-9.611411571502686
ucb_lcb,490.0,1.0,1.0,-31.156493663787842
ucb_lcb,491.0,1.0,1.0,-0.021408708416856825
ucb_lcb,492.0,1.0,1.0,-9.566075801849365
ucb_lcb,493.0,1.0,1.0,-4.255916903668549
ucb_lcb,494.0,1.0,1.0,-30.494977116584778
ucb_lcb,495.0,1.0,1.0,-8.745574921369553
ucb_lcb,496.0,1.0,1.0,-16.073999643325806
ucb_b0,1.0,1.0,1.0,-5.370733261108398
ucb_b0,2.0,1.0,1.0,-25.40242099761963
ucb_b0,3.0,1.0,1.0,-18.036628007888794
ucb_b0,4.0,1.0,1.0,-4.842897415161133
ucb_b0,5.0,1.0,1.0,-25.912234783172607
ucb_b0,6.0,1.0,1.0,-31.31439185142517
ucb_b0,7.0,1.0,1.0,-32.381197929382324
ucb_b0,8.0,1.0,1.0,-4.034222602844238
ucb_b0,9.0,1.0,1.0,-8.348832368850708
ucb_b0,10.0,1.0,1.0,-4.882187843322754
ucb_b0,11.0,1.0,1.0,-4.812384605407715
ucb_b0,12.0,1.0,1.0,-9.642386436462402
ucb_b0,13.0,1.0,1.0,-6.126574993133545
ucb_b0,14.0,1.0,1.0,-3.9518916606903076
ucb_b0,15.0,1.0,1.0,-9.21034049987793
ucb_b0,16.0,1.0,1.0,-9.27209758758545
ucb_b0,17.0,1.0,1.0,-0.032922017155215144
ucb_b0,18.0,1.0,1.0,-20.77764344215393
ucb_b0,19.0,1.0,1.0,-19.00851583480835
ucb_b0,20.0,1.0,1.0,-0.04259631037712097
ucb_b0,21.0,1.0,1.0,-18.39077027142048
ucb_b0,22.0,1.0,1.0,-2.7612907886505127
ucb_b0,23.0,1.0,1.0,-29.756242275238037
ucb_b0,24.0,1.0,1.0,-12.212125539779663
ucb_b0,25.0,1.0,1.0,-5.067239284515381
ucb_b0,26.0,1.0,1.0,-26.31988024711609
ucb_b0,27.0,1.0,1.0,-4.919825553894043
ucb_b0,28.0,1.0,1.0,-8.802874565124512
ucb_b0,29.0,1.0,1.0,-6.109080791473389
ucb_b0,30.0,1.0,1.0,-9.83851146697998
ucb_b0,32.0,1.0,1.0,-7.055444717407227
ucb_b0,33.0,1.0,1.0,-35.89448928833008
ucb_b0,34.0,1.0,1.0,-5.845037519931793
ucb_b0,35.0,1.0,1.0,-9.21034049987793
ucb_b0,36.0,1.0,1.0,-4.5947699546813965
ucb_b0,37.0,1.0,1.0,-32.60866940021515
ucb_b0,38.0,1.0,1.0,-9.533594131469727
ucb_b0,39.0,1.0,1.0,-21.10520851612091
ucb_b0,40.0,1.0,1.0,0.0
ucb_b0,41.0,1.0,1.0,-29.989562451839447
ucb_b0,42.0,1.0,1.0,-18.42904105881462
ucb_b0,43.0,1.0,1.0,-14.206274658441544
ucb_b0,45.0,1.0,1.0,-28.708508133888245
ucb_b0,46.0,1.0,1.0,-11.090103149414062
ucb_b0,47.0,1.0,1.0,-35.108131885528564
ucb_b0,48.0,1.0,1.0,-30.121126890182495
ucb_b0,49.0,1.0,1.0,-0.0010002159251598641
ucb_b0,50.0,1.0,1.0,-10.456926822662354
ucb_b0,51.0,1.0,1.0,-10.30655574798584
ucb_b0,52.0,1.0,1.0,-8.942465782165527
ucb_b0,53.0,1.0,1.0,-5.046257972717285
ucb_b0,54.0,1.0,1.0,-34.42907929420471
ucb_b0,55.0,1.0,1.0,-34.202510952949524
ucb_b0,56.0,1.0,1.0,-25.48206615447998
ucb_b0,58.0,1.0,1.0,-35.43009805679321
ucb_b0,59.0,1.0,1.0,-10.24457311630249
ucb_b0,60.0,1.0,1.0,-39.09700667858124
ucb_b0,61.0,1.0,1.0,-4.441998481750488
ucb_b0,64.0,1.0,1.0,-30.426366448402405
ucb_b0,65.0,1.0,1.0,-9.21034049987793
ucb_b0,66.0,1.0,1.0,-17.815975666046143
ucb_b0,67.0,1.0,1.0,-8.944659233093262
ucb_b0,68.0,1.0,1.0,-19.624483168125153
ucb_b0,69.0,1.0,1.0,-33.65379595756531
ucb_b0,70.0,1.0,1.0,-21.43683797121048
ucb_b0,71.0,1.0,1.0,-31.14955711364746
ucb_b0,72.0,1.0,1.0,-31.920387983322144
ucb_b0,73.0,1.0,1.0,-19.553151845932007
ucb_b0,74.0,1.0,1.0,-0.619755208492279
ucb_b0,75.0,1.0,1.0,-4.0975117683410645
ucb_b0,76.0,1.0,1.0,-4.9593682289123535
ucb_b0,77.0,1.0,1.0,-4.792160511016846
ucb_b0,78.0,1.0,1.0,-3.167330503463745
ucb_b0,79.0,1.0,1.0,-9.240757181309164
ucb_b0,80.0,1.0,1.0,-4.819247245788574
ucb_b0,81.0,1.0,1.0,-6.311753273010254
ucb_b0,82.0,1.0,1.0,-22.691138744354248
ucb_b0,83.0,1.0,1.0,-8.002103805541992
ucb_b0,84.0,1.0,1.0,-1.616134449839592
ucb_b0,85.0,1.0,1.0,-29.949461221694946
ucb_b0,87.0,1.0,1.0,-17.953704833984375
ucb_b0,88.0,1.0,1.0,-35.68363690376282
ucb_b0,89.0,1.0,1.0,-38.389681339263916
ucb_b0,90.0,1.0,1.0,-33.493263602256775
ucb_b0,91.0,1.0,1.0,-5.335756778717041
ucb_b0,92.0,1.0,1.0,-23.531954288482666
ucb_b0,93.0,1.0,1.0,-18.421481172495987
ucb_b0,94.0,1.0,1.0,-33.289017513394356
ucb_b0,95.0,1.0,1.0,-0.008659719431307167
ucb_b0,96.0,1.0,1.0,-6.057687282562256
ucb_b0,98.0,1.0,1.0,-9.526942729949951
ucb_b0,99.0,1.0,1.0,-27.598655343055725
ucb_b0,101.0,1.0,1.0,-0.0010002159251598641
ucb_b0,102.0,1.0,1.0,-8.513911247253418
ucb_b0,103.0,1.0,1.0,-29.00084638595581
ucb_b0,104.0,1.0,1.0,-10.77651834487915
ucb_b0,105.0,1.0,1.0,-4.748042583465576
ucb_b0,106.0,1.0,1.0,-13.26950716972351
ucb_b0,107.0,1.0,1.0,-32.49766755104065
ucb_b0,108.0,1.0,1.0,-10.35475778579712
ucb_b0,109.0,1.0,1.0,-4.538413047790527
ucb_b0,111.0,1.0,1.0,-19.691176533699036
ucb_b0,112.0,1.0,1.0,-8.976448059082031
ucb_b0,113.0,1.0,1.0,-45.024458169937134
ucb_b0,114.0,1.0,1.0,-5.052492141723633
ucb_b0,115.0,1.0,1.0,-30.326714873313904
ucb_b0,116.0,1.0,1.0,-9.21034049987793
ucb_b0,117.0,1.0,1.0,-4.8143486976623535
ucb_b0,118.0,1.0,1.0,-24.292367428541183
ucb_b0,119.0,1.0,1.0,-0.0010002159251598641
ucb_b0,120.0,1.0,1.0,-4.009823322296143
ucb_b0,121.0,1.0,1.0,-21.955551862716675
ucb_b0,122.0,1.0,1.0,-8.226327002048492
ucb_b0,123.0,1.0,1.0,-5.040537357330322
ucb_b0,124.0,1.0,1.0,-19.901597440242767
ucb_b0,125.0,1.0,1.0,-3.4803972244262695
ucb_b0,126.0,1.0,1.0,-33.088996171951294
ucb_b0,128.0,1.0,1.0,-4.932179927825928
ucb_b0,130.0,1.0,1.0,-34.19953119754791
ucb_b0,131.0,1.0,1.0,-12.60989348962903
ucb_b0,132.0,1.0,1.0,-5.925652980804443
ucb_b0,133.0,1.0,1.0,-16.407233715057373
ucb_b0,134.0,1.0,1.0,-24.557438135147095
ucb_b0,135.0,1.0,1.0,-12.185863077640533
ucb_b0,136.0,1.0,1.0,-4.923771795351058
ucb_b0,137.0,1.0,1.0,-34.60006034374237
ucb_b0,138.0,1.0,1.0,-14.381495475769043
ucb_b0,139.0,1.0,1.0,-5.204280853271484
ucb_b0,140.0,1.0,1.0,-26.824373424053192
ucb_b0,141.0,1.0,1.0,-2.818432331085205
ucb_b0,142.0,1.0,1.0,-19.335930943489075
ucb_b0,143.0,1.0,1.0,-14.087259605526924
ucb_b0,144.0,1.0,1.0,-31.153382062911987
ucb_b0,145.0,1.0,1.0,-4.655877590179443
ucb_b0,146.0,1.0,1.0,-34.36722707748413
ucb_b0,147.0,1.0,1.0,-5.412729740142822
ucb_b0,148.0,1.0,1.0,-7.8592106103897095
ucb_b0,149.0,1.0,1.0,-5.9098711013793945
ucb_b0,150.0,1.0,1.0,-10.259459018707275
ucb_b0,151.0,1.0,1.0,-31.946574866771698
ucb_b0,152.0,1.0,1.0,-16.387868463993073
ucb_b0,153.0,1.0,1.0,-4.9657697677612305
ucb_b0,154.0,1.0,1.0,-36.1223361492157
ucb_b0,155.0,1.0,1.0,-4.249875545501709
ucb_b0,156.0,1.0,1.0,-31.206640005111694
ucb_b0,158.0,1.0,1.0,-3.5091700553894043
ucb_b0,159.0,1.0,1.0,-22.485204935073853
ucb_b0,160.0,1.0,1.0,-1.3073078989982605
ucb_b0,161.0,1.0,1.0,-8.500024676322937
ucb_b0,162.0,1.0,1.0,-1.2291725724935532
ucb_b0,163.0,1.0,1.0,-4.616086006164551
ucb_b0,165.0,1.0,1.0,-2.9960803985595703
ucb_b0,166.0,1.0,1.0,-8.978872776031494
ucb_b0,167.0,1.0,1.0,-31.30009126663208
ucb_b0,168.0,1.0,1.0,-43.594714403152466
ucb_b0,169.0,1.0,1.0,-30.393735766410828
ucb_b0,170.0,1.0,1.0,-30.108975529670715
ucb_b0,171.0,1.0,1.0,-0.11245202273130417
ucb_b0,172.0,1.0,1.0,-16.329396724700928
ucb_b0,173.0,1.0,1.0,-11.214977264404297
ucb_b0,174.0,1.0,1.0,-9.154432654380798
ucb_b0,175.0,1.0,1.0,-19.84439730644226
ucb_b0,176.0,1.0,1.0,-42.72399950027466
ucb_b0,177.0,1.0,1.0,-4.85009241104126
ucb_b0,178.0,1.0,1.0,-4.869778633117676
ucb_b0,179.0,1.0,1.0,-5.369053840637207
ucb_b0,180.0,1.0,1.0,-5.873264789581299
ucb_b0,181.0,1.0,1.0,-4.953781604766846
ucb_b0,182.0,1.0,1.0,-10.159327030181885
ucb_b0,183.0,1.0,1.0,-17.231614470481873
ucb_b0,185.0,1.0,1.0,-10.705598831176758
ucb_b0,186.0,1.0,1.0,-6.781942129135132
ucb_b0,187.0,1.0,1.0,-11.436216592788696
ucb_b0,188.0,1.0,1.0,-9.21034049987793
ucb_b0,190.0,1.0,1.0,-5.088273048400879
ucb_b0,191.0,1.0,1.0,-7.634415626525879
ucb_b0,192.0,1.0,1.0,-13.713436603546143
ucb_b0,193.0,1.0,1.0,-22.32012188434601
ucb_b0,195.0,1.0,1.0,-7.3271942138671875
ucb_b0,196.0,1.0,1.0,-8.350021839141846
ucb_b0,197.0,1.0,1.0,-4.921254634857178
ucb_b0,198.0,1.0,1.0,-4.076338768005371
ucb_b0,199.0,1.0,1.0,-13.744533374905586
ucb_b0,200.0,1.0,1.0,-17.22060137987137
ucb_b0,201.0,1.0,1.0,-32.2684965133667
ucb_b0,202.0,1.0,1.0,-27.354809999465942
ucb_b0,203.0,1.0,1.0,-34.87318730354309
ucb_b0,204.0,1.0,1.0,-9.350445747375488
ucb_b0,205.0,1.0,1.0,-9.545654773712158
ucb_b0,206.0,1.0,1.0,-4.999504089355469
ucb_b0,207.0,1.0,1.0,-3.5571100413799286
ucb_b0,208.0,1.0,1.0,-28.751559853553772
ucb_b0,209.0,1.0,1.0,-4.855825901031494
ucb_b0,210.0,1.0,1.0,-3.756612539291382
ucb_b0,211.0,1.0,1.0,-19.24778300523758
ucb_b0,212.0,1.0,1.0,-19.57560297846794
ucb_b0,213.0,1.0,1.0,-4.150095462799072
ucb_b0,214.0,1.0,1.0,-41.6429757475853
ucb_b0,215.0,1.0,1.0,-24.25720876455307
ucb_b0,216.0,1.0,1.0,-4.607189446687698
ucb_b0,217.0,1.0,1.0,-3.7571698240935802
ucb_b0,218.0,1.0,1.0,-30.642810821533203
ucb_b0,219.0,1.0,1.0,-17.632975101470947
ucb_b0,220.0,1.0,1.0,-0.4042772315442562
ucb_b0,221.0,1.0,1.0,-20.010713696479797
ucb_b0,222.0,1.0,1.0,-34.576915979385376
ucb_b0,223.0,1.0,1.0,-28.81365215778351
ucb_b0,224.0,1.0,1.0,-44.05613565444946
ucb_b0,225.0,1.0,1.0,-9.357616424560547
ucb_b0,226.0,1.0,1.0,-5.021738529205322
ucb_b0,227.0,1.0,1.0,-32.0202234685421
ucb_b0,228.0,1.0,1.0,-22.48900830745697
ucb_b0,229.0,1.0,1.0,-0.0010002159251598641
ucb_b0,230.0,1.0,1.0,-8.671584129333496
ucb_b0,231.0,1.0,1.0,-9.699891567230225
ucb_b0,232.0,1.0,1.0,-29.565536975860596
ucb_b0,233.0,1.0,1.0,-2.249171018600464
ucb_b0,234.0,1.0,1.0,-44.198429584503174
ucb_b0,236.0,1.0,1.0,-12.11887726187706
ucb_b0,237.0,1.0,1.0,-19.41167777776718
ucb_b0,239.0,1.0,1.0,-28.01592218875885
ucb_b0,240.0,1.0,1.0,-5.246063709259033
ucb_b0,241.0,1.0,1.0,-20.00518226623535
ucb_b0,242.0,1.0,1.0,-7.835054874420166
ucb_b0,243.0,1.0,1.0,-22.063076615333557
ucb_b0,244.0,1.0,1.0,-27.786844730377197
ucb_b0,245.0,1.0,1.0,-0.1599628273397684
ucb_b0,246.0,1.0,1.0,-19.890435099601746
ucb_b0,247.0,1.0,1.0,-32.2668354511261
ucb_b0,248.0,1.0,1.0,-6.097593307495117
ucb_b0,249.0,1.0,1.0,-38.645922899246216
ucb_b0,250.0,1.0,1.0,-8.728016376495361
ucb_b0,252.0,1.0,1.0,-28.875219106674194
ucb_b0,253.0,1.0,1.0,-20.666582882404327
ucb_b0,254.0,1.0,1.0,-12.412291765213013
ucb_b0,255.0,1.0,1.0,-12.413767337799072
ucb_b0,257.0,1.0,1.0,-12.154772400856018
ucb_b0,258.0,1.0,1.0,-6.594901084899902
ucb_b0,259.0,1.0,1.0,-11.339072227478027
ucb_b0,260.0,1.0,1.0,-4.4852800369262695
ucb_b0,261.0,1.0,1.0,-28.91585450619459
ucb_b0,262.0,1.0,1.0,-4.935812473297119
ucb_b0,263.0,1.0,1.0,-27.583592653274536
ucb_b0,264.0,1.0,1.0,-5.0133585929870605
ucb_b0,266.0,1.0,1.0,-13.162600994110107
ucb_b0,267.0,1.0,1.0,-30.71989119052887
ucb_b0,268.0,1.0,1.0,-82.89316452049388
ucb_b0,269.0,1.0,1.0,-18.377128958702087
ucb_b0,270.0,1.0,1.0,-7.378256797790527
ucb_b0,271.0,1.0,1.0,-16.913694858551025
ucb_b0,272.0,1.0,1.0,-4.854703426361084
ucb_b0,273.0,1.0,1.0,-23.18712019920349
ucb_b0,274.0,1.0,1.0,-6.376557350158691
ucb_b0,275.0,1.0,1.0,-10.777053337544203
ucb_b0,276.0,1.0,1.0,-0.010751111083664
ucb_b0,277.0,1.0,1.0,-0.0010002159251598641
ucb_b0,278.0,1.0,1.0,-38.71138405799866
ucb_b0,279.0,1.0,1.0,-11.135636806488037
ucb_b0,280.0,1.0,1.0,-28.15738296508789
ucb_b0,282.0,1.0,1.0,-32.49279189109802
ucb_b0,283.0,1.0,1.0,-16.497642755508423
ucb_b0,284.0,1.0,1.0,-6.393588066101074
ucb_b0,285.0,1.0,1.0,-5.209513187408447
ucb_b0,286.0,1.0,1.0,-22.63356453180313
ucb_b0,287.0,1.0,1.0,-25.611819624900818
ucb_b0,288.0,1.0,1.0,-8.728283882141113
ucb_b0,289.0,1.0,1.0,-8.659666061401367
ucb_b0,290.0,1.0,1.0,-32.38046860694885
ucb_b0,291.0,1.0,1.0,-11.255598306655884
ucb_b0,292.0,1.0,1.0,-5.0479021072387695
ucb_b0,293.0,1.0,1.0,-18.629694260656834
ucb_b0,294.0,1.0,1.0,-2.9812123775482178
ucb_b0,295.0,1.0,1.0,-7.266974449157715
ucb_b0,296.0,1.0,1.0,-34.88419532775879
ucb_b0,297.0,1.0,1.0,-31.311973094940186
ucb_b0,298.0,1.0,1.0,-33.74799036979675
ucb_b0,299.0,1.0,1.0,-32.71600532531738
ucb_b0,300.0,1.0,1.0,-11.264821676537395
ucb_b0,301.0,1.0,1.0,-9.21034049987793
ucb_b0,302.0,1.0,1.0,-15.73863160610199
ucb_b0,303.0,1.0,1.0,-11.90089225769043
ucb_b0,304.0,1.0,1.0,-4.393064975738525
ucb_b0,305.0,1.0,1.0,-21.349201917648315
ucb_b0,306.0,1.0,1.0,-29.219036102294922
ucb_b0,307.0,1.0,1.0,-33.391282081604004
ucb_b0,308.0,1.0,1.0,-4.1368632316589355
ucb_b0,309.0,1.0,1.0,-24.918296098709106
ucb_b0,310.0,1.0,1.0,-30.746938705444336
ucb_b0,311.0,1.0,1.0,-9.64257287979126
ucb_b0,312.0,1.0,1.0,-16.627216160297394
ucb_b0,313.0,1.0,1.0,-15.819397211074829
ucb_b0,314.0,1.0,1.0,-9.394463539123535
ucb_b0,315.0,1.0,1.0,-9.21034049987793
ucb_b0,316.0,1.0,1.0,-8.38375473022461
ucb_b0,317.0,1.0,1.0,-5.464189052581787
ucb_b0,318.0,1.0,1.0,-33.50362467765808
ucb_b0,319.0,1.0,1.0,-27.55212426185608
ucb_b0,320.0,1.0,1.0,-35.09117364883423
ucb_b0,321.0,1.0,1.0,-25.958733558654785
ucb_b0,322.0,1.0,1.0,-24.21904480457306
ucb_b0,323.0,1.0,1.0,-0.18904784508049488
ucb_b0,324.0,1.0,1.0,-28.135129928588867
ucb_b0,325.0,1.0,1.0,-20.000641345977783
ucb_b0,326.0,1.0,1.0,-0.6940698251128197
ucb_b0,327.0,1.0,1.0,-5.034629821777344
ucb_b0,328.0,1.0,1.0,-11.863013505935669
ucb_b0,329.0,1.0,1.0,-26.97591558098793
ucb_b0,330.0,1.0,1.0,-7.126437723636627
ucb_b0,331.0,1.0,1.0,-27.63102149963379
ucb_b0,332.0,1.0,1.0,-29.68649911880493
ucb_b0,333.0,1.0,1.0,-3.4524993896484375
ucb_b0,334.0,1.0,1.0,-4.873379230499268
ucb_b0,336.0,1.0,1.0,-0.009475757891777903
ucb_b0,337.0,1.0,1.0,-37.68739843039657
ucb_b0,338.0,1.0,1.0,-14.38023042678833
ucb_b0,340.0,1.0,1.0,-5.218654632568359
ucb_b0,341.0,1.0,1.0,-14.228534191846848
ucb_b0,342.0,1.0,1.0,-13.070443037897348
ucb_b0,343.0,1.0,1.0,-26.509867072105408
ucb_b0,344.0,1.0,1.0,-31.168707728385925
ucb_b0,346.0,1.0,1.0,-13.98349026311189
ucb_b0,347.0,1.0,1.0,-24.23716425895691
ucb_b0,348.0,1.0,1.0,-10.645818904042244
ucb_b0,350.0,1.0,1.0,-1.1859496533870697
ucb_b0,351.0,1.0,1.0,-22.7558753490448
ucb_b0,352.0,1.0,1.0,-29.708873987197876
ucb_b0,353.0,1.0,1.0,-34.74543642997742
ucb_b0,354.0,1.0,1.0,-17.958897948265076
ucb_b0,355.0,1.0,1.0,-0.0010002159251598641
ucb_b0,356.0,1.0,1.0,-0.023823938565328717
ucb_b0,357.0,1.0,1.0,-4.912813663482666
ucb_b0,358.0,1.0,1.0,-44.94892168045044
ucb_b0,359.0,1.0,1.0,-10.316701889038086
ucb_b0,361.0,1.0,1.0,-4.232431411743164
ucb_b0,362.0,1.0,1.0,-6.410040378570557
ucb_b0,363.0,1.0,1.0,-40.481311082839966
ucb_b0,364.0,1.0,1.0,-13.957236289978027
ucb_b0,365.0,1.0,1.0,-4.96977424621582
ucb_b0,367.0,1.0,1.0,-13.013333439826965
ucb_b0,368.0,1.0,1.0,-8.813327312469482
ucb_b0,369.0,1.0,1.0,-22.914920568466187
ucb_b0,371.0,1.0,1.0,-38.47733998298645
ucb_b0,372.0,1.0,1.0,-30.7606520652771
ucb_b0,373.0,1.0,1.0,-11.853297121822834
ucb_b0,374.0,1.0,1.0,-37.27197885513306
ucb_b0,375.0,1.0,1.0,-4.954084396362305
ucb_b0,376.0,1.0,1.0,-10.217286586761475
ucb_b0,377.0,1.0,1.0,-8.818451642990112
ucb_b0,378.0,1.0,1.0,-18.42068099975586
ucb_b0,379.0,1.0,1.0,-9.440291404724121
ucb_b0,380.0,1.0,1.0,-17.010624885559082
ucb_b0,381.0,1.0,1.0,-0.0010002159251598641
ucb_b0,382.0,1.0,1.0,-31.870107889175415
ucb_b0,383.0,1.0,1.0,-11.368951320648193
ucb_b0,384.0,1.0,1.0,-18.00421494245529
ucb_b0,385.0,1.0,1.0,-21.588487794033426
ucb_b0,386.0,1.0,1.0,0.0
ucb_b0,387.0,1.0,1.0,-4.97130012512207
ucb_b0,388.0,1.0,1.0,-14.423075556755066
ucb_b0,389.0,1.0,1.0,-8.616232633590698
ucb_b0,390.0,1.0,1.0,-35.621822476387024
ucb_b0,391.0,1.0,1.0,-7.903505325317383
ucb_b0,392.0,1.0,1.0,-5.558455467224121
ucb_b0,393.0,1.0,1.0,-26.975899934768677
ucb_b0,394.0,1.0,1.0,-16.895906388759613
ucb_b0,395.0,1.0,1.0,-16.652116402983665
ucb_b0,396.0,1.0,1.0,-4.36990213394165
ucb_b0,397.0,1.0,1.0,-17.69253098964691
ucb_b0,398.0,1.0,1.0,-40.45637786388397
ucb_b0,399.0,1.0,1.0,-29.701977014541626
ucb_b0,400.0,1.0,1.0,-5.783875942230225
ucb_b0,401.0,1.0,1.0,-6.075371503829956
ucb_b0,402.0,1.0,1.0,-8.937225341796875
ucb_b0,403.0,1.0,1.0,-10.043065547943115
ucb_b0,404.0,1.0,1.0,-29.20147442817688
ucb_b0,405.0,1.0,1.0,-4.5919413566589355
ucb_b0,407.0,1.0,1.0,-23.121737599372864
ucb_b0,408.0,1.0,1.0,-11.290318489074707
ucb_b0,409.0,1.0,1.0,-35.015103816986084
ucb_b0,410.0,1.0,1.0,-31.064164876937866
ucb_b0,412.0,1.0,1.0,-33.204495310783386
ucb_b0,413.0,1.0,1.0,-5.00063943862915
ucb_b0,414.0,1.0,1.0,-5.064322471618652
ucb_b0,415.0,1.0,1.0,-40.629231214523315
ucb_b0,416.0,1.0,1.0,-9.15305233001709
ucb_b0,417.0,1.0,1.0,-20.99872088432312
ucb_b0,418.0,1.0,1.0,-4.508904367685318
ucb_b0,419.0,1.0,1.0,-11.286212414503098
ucb_b0,420.0,1.0,1.0,-1.4320519268512726
ucb_b0,421.0,1.0,1.0,-19.013236463069916
ucb_b0,422.0,1.0,1.0,-3.0244182646274567
ucb_b0,424.0,1.0,1.0,-5.569619655609131
ucb_b0,425.0,1.0,1.0,-8.407388925552368
ucb_b0,426.0,1.0,1.0,-45.25936532020569
ucb_b0,428.0,1.0,1.0,-5.377197265625
ucb_b0,429.0,1.0,1.0,-17.763397455215454
ucb_b0,430.0,1.0,1.0,-29.152121901512146
ucb_b0,431.0,1.0,1.0,-5.141637802124023
ucb_b0,432.0,1.0,1.0,-8.561455965042114
ucb_b0,433.0,1.0,1.0,-18.42068099975586
ucb_b0,434.0,1.0,1.0,-5.361896514892578
ucb_b0,435.0,1.0,1.0,-40.07548427581787
ucb_b0,436.0,1.0,1.0,-22.897408962249756
ucb_b0,437.0,1.0,1.0,-4.90191125869751
ucb_b0,438.0,1.0,1.0,-18.873237311840057
ucb_b0,439.0,1.0,1.0,-30.130740642547607
ucb_b0,440.0,1.0,1.0,-5.201536152511835
ucb_b0,441.0,1.0,1.0,-36.27105385065079
ucb_b0,442.0,1.0,1.0,-0.0010002159251598641
ucb_b0,443.0,1.0,1.0,-0.0010002159251598641
ucb_b0,444.0,1.0,1.0,-33.884674072265625
ucb_b0,445.0,1.0,1.0,-5.2735748291015625
ucb_b0,446.0,1.0,1.0,-7.810571625828743
ucb_b0,447.0,1.0,1.0,-1.1312226951122284
ucb_b0,448.0,1.0,1.0,-40.4168176651001
ucb_b0,449.0,1.0,1.0,-17.205374240875244
ucb_b0,450.0,1.0,1.0,-12.45580530166626
ucb_b0,451.0,1.0,1.0,-0.07203967869281769
ucb_b0,452.0,1.0,1.0,-5.035144329071045
ucb_b0,453.0,1.0,1.0,-33.42276978492737
ucb_b0,454.0,1.0,1.0,-27.697614192962646
ucb_b0,455.0,1.0,1.0,-27.310006737709045
ucb_b0,456.0,1.0,1.0,-33.513039231300354
ucb_b0,457.0,1.0,1.0,-11.606872081756592
ucb_b0,458.0,1.0,1.0,-4.254505157470703
ucb_b0,459.0,1.0,1.0,-7.537435293197632
ucb_b0,460.0,1.0,1.0,-10.060740947723389
ucb_b0,461.0,1.0,1.0,-5.268474102020264
ucb_b0,462.0,1.0,1.0,-38.695590138435364
ucb_b0,463.0,1.0,1.0,-33.11528491973877
ucb_b0,464.0,1.0,1.0,-28.088672280311584
ucb_b0,465.0,1.0,1.0,-11.752612113952637
ucb_b0,466.0,1.0,1.0,-5.416398048400879
ucb_b0,467.0,1.0,1.0,-14.615549594163895
ucb_b0,468.0,1.0,1.0,-17.917476654052734
ucb_b0,469.0,1.0,1.0,-32.130547881126404
ucb_b0,470.0,1.0,1.0,-39.46899354457855
ucb_b0,471.0,1.0,1.0,-29.442926287651062
ucb_b0,472.0,1.0,1.0,-6.387295246124268
ucb_b0,473.0,1.0,1.0,-8.186469793319702
ucb_b0,474.0,1.0,1.0,-4.931877136230469
ucb_b0,475.0,1.0,1.0,-22.299425423145294
ucb_b0,476.0,1.0,1.0,-0.08865861687809229
ucb_b0,477.0,1.0,1.0,-4.914613723754883
ucb_b0,478.0,1.0,1.0,-4.492563247680664
ucb_b0,479.0,1.0,1.0,-4.827126979827881
ucb_b0,480.0,1.0,1.0,-4.980914115905762
ucb_b0,481.0,1.0,1.0,-17.849582746624947
ucb_b0,482.0,1.0,1.0,-4.866046786308289
ucb_b0,483.0,1.0,1.0,-36.82963752746582
ucb_b0,484.0,1.0,1.0,-23.046972632408142
ucb_b0,485.0,1.0,1.0,-9.354588985443115
ucb_b0,486.0,1.0,1.0,-38.21288704872131
ucb_b0,487.0,1.0,1.0,-6.46817684173584
ucb_b0,488.0,1.0,1.0,-10.026175022125244
ucb_b0,490.0,1.0,1.0,-22.815283358097076
ucb_b0,491.0,1.0,1.0,-0.2383233942091465
ucb_b0,492.0,1.0,1.0,-9.584842205047607
ucb_b0,493.0,1.0,1.0,-3.718610856682062
ucb_b0,494.0,1.0,1.0,-28.422895431518555
ucb_b0,495.0,1.0,1.0,-7.874399155378342
ucb_b0,496.0,1.0,1.0,-15.76162052154541
random,1.0,1.0,1.0,-4.795790672302246
random,2.0,1.0,1.0,-33.57053470611572
random,3.0,1.0,1.0,-47.95790672302246
random,4.0,1.0,1.0,-4.795790672302246
random,5.0,1.0,1.0,-47.95790672302246
random,6.0,1.0,1.0,-47.95790672302246
random,7.0,1.0,1.0,-47.95790672302246
random,8.0,1.0,1.0,-4.795790672302246
random,9.0,1.0,1.0,-14.387372016906738
random,10.0,1.0,1.0,-4.795790672302246
random,11.0,1.0,1.0,-4.795790672302246
random,12.0,1.0,1.0,-9.591581344604492
random,13.0,1.0,1.0,-4.795790672302246
random,14.0,1.0,1.0,-4.795790672302246
random,15.0,1.0,1.0,-4.795790672302246
random,16.0,1.0,1.0,-47.95790672302246
random,17.0,1.0,1.0,-47.95790672302246
random,18.0,1.0,1.0,-47.95790672302246
random,19.0,1.0,1.0,-23.97895336151123
random,20.0,1.0,1.0,-47.95790672302246
random,21.0,1.0,1.0,-47.95790672302246
random,22.0,1.0,1.0,-4.795790672302246
random,23.0,1.0,1.0,-38.36632537841797
random,24.0,1.0,1.0,-47.95790672302246
random,25.0,1.0,1.0,-4.795790672302246
random,26.0,1.0,1.0,-47.95790672302246
random,27.0,1.0,1.0,-4.795790672302246
random,28.0,1.0,1.0,-4.795790672302246
random,29.0,1.0,1.0,-4.795790672302246
random,30.0,1.0,1.0,-9.591581344604492
random,32.0,1.0,1.0,-4.795790672302246
random,33.0,1.0,1.0,-47.95790672302246
random,34.0,1.0,1.0,-47.95790672302246
random,35.0,1.0,1.0,-4.795790672302246
random,36.0,1.0,1.0,-4.795790672302246
random,37.0,1.0,1.0,-47.95790672302246
random,38.0,1.0,1.0,-9.591581344604492
random,39.0,1.0,1.0,-47.95790672302246
random,40.0,1.0,1.0,0.0
random,41.0,1.0,1.0,-47.95790672302246
random,42.0,1.0,1.0,-47.95790672302246
random,43.0,1.0,1.0,-23.97895336151123
random,45.0,1.0,1.0,-47.95790672302246
random,46.0,1.0,1.0,-47.95790672302246
random,47.0,1.0,1.0,-47.95790672302246
random,48.0,1.0,1.0,-47.95790672302246
random,49.0,1.0,1.0,-47.95790672302246
random,50.0,1.0,1.0,-9.591581344604492
random,51.0,1.0,1.0,-9.591581344604492
random,52.0,1.0,1.0,-9.591581344604492
random,53.0,1.0,1.0,-4.795790672302246
random,54.0,1.0,1.0,-47.95790672302246
random,55.0,1.0,1.0,-47.95790672302246
random,56.0,1.0,1.0,-47.95790672302246
random,58.0,1.0,1.0,-47.95790672302246
random,59.0,1.0,1.0,-9.591581344604492
random,60.0,1.0,1.0,-47.95790672302246
random,61.0,1.0,1.0,-4.795790672302246
random,64.0,1.0,1.0,-47.95790672302246
random,65.0,1.0,1.0,-4.795790672302246
random,66.0,1.0,1.0,-19.183162689208984
random,67.0,1.0,1.0,-9.591581344604492
random,68.0,1.0,1.0,-47.95790672302246
random,69.0,1.0,1.0,-47.95790672302246
random,70.0,1.0,1.0,-47.95790672302246
random,71.0,1.0,1.0,-43.162116050720215
random,72.0,1.0,1.0,-47.95790672302246
random,73.0,1.0,1.0,-47.95790672302246
random,74.0,1.0,1.0,-47.95790672302246
random,75.0,1.0,1.0,-4.795790672302246
random,76.0,1.0,1.0,-4.795790672302246
random,77.0,1.0,1.0,-4.795790672302246
random,78.0,1.0,1.0,-4.795790672302246
random,79.0,1.0,1.0,-19.183162689208984
random,80.0,1.0,1.0,-4.795790672302246
random,81.0,1.0,1.0,-4.795790672302246
random,82.0,1.0,1.0,-28.774744033813477
random,83.0,1.0,1.0,-4.795790672302246
random,84.0,1.0,1.0,-47.95790672302246
random,85.0,1.0,1.0,-47.95790672302246
random,87.0,1.0,1.0,-14.387372016906738
random,88.0,1.0,1.0,-47.95790672302246
random,89.0,1.0,1.0,-47.95790672302246
random,90.0,1.0,1.0,-47.95790672302246
random,91.0,1.0,1.0,-4.795790672302246
random,92.0,1.0,1.0,-47.95790672302246
random,93.0,1.0,1.0,-47.95790672302246
random,94.0,1.0,1.0,-47.95790672302246
random,95.0,1.0,1.0,-47.95790672302246
random,96.0,1.0,1.0,-4.795790672302246
random,98.0,1.0,1.0,-9.591581344604492
random,99.0,1.0,1.0,-47.95790672302246
random,101.0,1.0,1.0,-47.95790672302246
random,102.0,1.0,1.0,-4.795790672302246
random,103.0,1.0,1.0,-47.95790672302246
random,104.0,1.0,1.0,-9.591581344604492
random,105.0,1.0,1.0,-4.795790672302246
random,106.0,1.0,1.0,-14.387372016906738
random,107.0,1.0,1.0,-47.95790672302246
random,108.0,1.0,1.0,-47.95790672302246
random,109.0,1.0,1.0,-4.795790672302246
random,111.0,1.0,1.0,-47.95790672302246
random,112.0,1.0,1.0,-9.591581344604492
random,113.0,1.0,1.0,-47.95790672302246
random,114.0,1.0,1.0,-4.795790672302246
random,115.0,1.0,1.0,-47.95790672302246
random,116.0,1.0,1.0,-4.795790672302246
random,117.0,1.0,1.0,-4.795790672302246
random,118.0,1.0,1.0,-47.95790672302246
random,119.0,1.0,1.0,-47.95790672302246
random,120.0,1.0,1.0,-4.795790672302246
random,121.0,1.0,1.0,-23.97895336151123
random,122.0,1.0,1.0,-47.95790672302246
random,123.0,1.0,1.0,-4.795790672302246
random,124.0,1.0,1.0,-47.95790672302246
random,125.0,1.0,1.0,-4.795790672302246
random,126.0,1.0,1.0,-47.95790672302246
random,128.0,1.0,1.0,-4.795790672302246
random,130.0,1.0,1.0,-47.95790672302246
random,131.0,1.0,1.0,-47.95790672302246
random,132.0,1.0,1.0,-9.591581344604492
random,133.0,1.0,1.0,-14.387372016906738
random,134.0,1.0,1.0,-47.95790672302246
random,135.0,1.0,1.0,-14.387372016906738
random,136.0,1.0,1.0,-47.95790672302246
random,137.0,1.0,1.0,-47.95790672302246
random,138.0,1.0,1.0,-9.591581344604492
random,139.0,1.0,1.0,-4.795790672302246
random,140.0,1.0,1.0,-47.95790672302246
random,141.0,1.0,1.0,-47.95790672302246
random,142.0,1.0,1.0,-23.97895336151123
random,143.0,1.0,1.0,-47.95790672302246
random,144.0,1.0,1.0,-47.95790672302246
random,145.0,1.0,1.0,-9.591581344604492
random,146.0,1.0,1.0,-47.95790672302246
random,147.0,1.0,1.0,-4.795790672302246
random,148.0,1.0,1.0,-47.95790672302246
random,149.0,1.0,1.0,-4.795790672302246
random,150.0,1.0,1.0,-9.591581344604492
random,151.0,1.0,1.0,-47.95790672302246
random,152.0,1.0,1.0,-47.95790672302246
random,153.0,1.0,1.0,-4.795790672302246
random,154.0,1.0,1.0,-47.95790672302246
random,155.0,1.0,1.0,-4.795790672302246
random,156.0,1.0,1.0,-47.95790672302246
random,158.0,1.0,1.0,-4.795790672302246
random,159.0,1.0,1.0,-47.95790672302246
random,160.0,1.0,1.0,-47.95790672302246
random,161.0,1.0,1.0,-9.591581344604492
random,162.0,1.0,1.0,-47.95790672302246
random,163.0,1.0,1.0,-4.795790672302246
random,165.0,1.0,1.0,-4.795790672302246
random,166.0,1.0,1.0,-9.591581344604492
random,167.0,1.0,1.0,-47.95790672302246
random,168.0,1.0,1.0,-47.95790672302246
random,169.0,1.0,1.0,-43.162116050720215
random,170.0,1.0,1.0,-47.95790672302246
random,171.0,1.0,1.0,-47.95790672302246
random,172.0,1.0,1.0,-19.183162689208984
random,173.0,1.0,1.0,-9.591581344604492
random,174.0,1.0,1.0,-47.95790672302246
random,175.0,1.0,1.0,-23.97895336151123
random,176.0,1.0,1.0,-47.95790672302246
random,177.0,1.0,1.0,-4.795790672302246
random,178.0,1.0,1.0,-4.795790672302246
random,179.0,1.0,1.0,-4.795790672302246
random,180.0,1.0,1.0,-4.795790672302246
random,181.0,1.0,1.0,-4.795790672302246
random,182.0,1.0,1.0,-9.591581344604492
random,183.0,1.0,1.0,-47.95790672302246
random,185.0,1.0,1.0,-9.591581344604492
random,186.0,1.0,1.0,-9.591581344604492
random,187.0,1.0,1.0,-14.387372016906738
random,188.0,1.0,1.0,-4.795790672302246
random,190.0,1.0,1.0,-4.795790672302246
random,191.0,1.0,1.0,-9.591581344604492
random,192.0,1.0,1.0,-9.591581344604492
random,193.0,1.0,1.0,-47.95790672302246
random,195.0,1.0,1.0,-9.591581344604492
random,196.0,1.0,1.0,-14.387372016906738
random,197.0,1.0,1.0,-4.795790672302246
random,198.0,1.0,1.0,-4.795790672302246
random,199.0,1.0,1.0,-47.95790672302246
random,200.0,1.0,1.0,-47.95790672302246
random,201.0,1.0,1.0,-47.95790672302246
random,202.0,1.0,1.0,-47.95790672302246
random,203.0,1.0,1.0,-47.95790672302246
random,204.0,1.0,1.0,-14.387372016906738
random,205.0,1.0,1.0,-9.591581344604492
random,206.0,1.0,1.0,-4.795790672302246
random,207.0,1.0,1.0,-47.95790672302246
random,208.0,1.0,1.0,-47.95790672302246
random,209.0,1.0,1.0,-4.795790672302246
random,210.0,1.0,1.0,-4.795790672302246
random,211.0,1.0,1.0,-47.95790672302246
random,212.0,1.0,1.0,-47.95790672302246
random,213.0,1.0,1.0,-4.795790672302246
random,214.0,1.0,1.0,-43.162116050720215
random,215.0,1.0,1.0,-47.95790672302246
random,216.0,1.0,1.0,-47.95790672302246
random,217.0,1.0,1.0,-47.95790672302246
random,218.0,1.0,1.0,-47.95790672302246
random,219.0,1.0,1.0,-14.387372016906738
random,220.0,1.0,1.0,-47.95790672302246
random,221.0,1.0,1.0,-47.95790672302246
random,222.0,1.0,1.0,-47.95790672302246
random,223.0,1.0,1.0,-47.95790672302246
random,224.0,1.0,1.0,-47.95790672302246
random,225.0,1.0,1.0,-9.591581344604492
random,226.0,1.0,1.0,-4.795790672302246
random,227.0,1.0,1.0,-47.95790672302246
random,228.0,1.0,1.0,-47.95790672302246
random,229.0,1.0,1.0,-47.95790672302246
random,230.0,1.0,1.0,-9.591581344604492
random,231.0,1.0,1.0,-9.591581344604492
random,232.0,1.0,1.0,-47.95790672302246
random,233.0,1.0,1.0,-4.795790672302246
random,234.0,1.0,1.0,-47.95790672302246
random,236.0,1.0,1.0,-47.95790672302246
random,237.0,1.0,1.0,-23.97895336151123
random,239.0,1.0,1.0,-47.95790672302246
random,240.0,1.0,1.0,-4.795790672302246
random,241.0,1.0,1.0,-19.183162689208984
random,242.0,1.0,1.0,-4.795790672302246
random,243.0,1.0,1.0,-47.95790672302246
random,244.0,1.0,1.0,-47.95790672302246
random,245.0,1.0,1.0,-47.95790672302246
random,246.0,1.0,1.0,-47.95790672302246
random,247.0,1.0,1.0,-47.95790672302246
random,248.0,1.0,1.0,-4.795790672302246
random,249.0,1.0,1.0,-47.95790672302246
random,250.0,1.0,1.0,-9.591581344604492
random,252.0,1.0,1.0,-38.36632537841797
random,253.0,1.0,1.0,-47.95790672302246
random,254.0,1.0,1.0,-14.387372016906738
random,255.0,1.0,1.0,-9.591581344604492
random,257.0,1.0,1.0,-19.183162689208984
random,258.0,1.0,1.0,-4.795790672302246
random,259.0,1.0,1.0,-9.591581344604492
random,260.0,1.0,1.0,-4.795790672302246
random,261.0,1.0,1.0,-47.95790672302246
random,262.0,1.0,1.0,-4.795790672302246
random,263.0,1.0,1.0,-47.95790672302246
random,264.0,1.0,1.0,-4.795790672302246
random,266.0,1.0,1.0,-19.183162689208984
random,267.0,1.0,1.0,-47.95790672302246
random,268.0,1.0,1.0,-47.95790672302246
random,269.0,1.0,1.0,-47.95790672302246
random,270.0,1.0,1.0,-4.795790672302246
random,271.0,1.0,1.0,-19.183162689208984
random,272.0,1.0,1.0,-4.795790672302246
random,273.0,1.0,1.0,-47.95790672302246
random,274.0,1.0,1.0,-4.795790672302246
random,275.0,1.0,1.0,-23.97895336151123
random,276.0,1.0,1.0,-47.95790672302246
random,277.0,1.0,1.0,-47.95790672302246
random,278.0,1.0,1.0,-47.95790672302246
random,279.0,1.0,1.0,-9.591581344604492
random,280.0,1.0,1.0,-47.95790672302246
random,282.0,1.0,1.0,-47.95790672302246
random,283.0,1.0,1.0,-14.387372016906738
random,284.0,1.0,1.0,-4.795790672302246
random,285.0,1.0,1.0,-9.591581344604492
random,286.0,1.0,1.0,-47.95790672302246
random,287.0,1.0,1.0,-47.95790672302246
random,288.0,1.0,1.0,-9.591581344604492
random,289.0,1.0,1.0,-9.591581344604492
random,290.0,1.0,1.0,-47.95790672302246
random,291.0,1.0,1.0,-14.387372016906738
random,292.0,1.0,1.0,-4.795790672302246
random,293.0,1.0,1.0,-47.95790672302246
random,294.0,1.0,1.0,-4.795790672302246
random,295.0,1.0,1.0,-9.591581344604492
random,296.0,1.0,1.0,-47.95790672302246
random,297.0,1.0,1.0,-47.95790672302246
random,298.0,1.0,1.0,-47.95790672302246
random,299.0,1.0,1.0,-47.95790672302246
random,300.0,1.0,1.0,-47.95790672302246
random,301.0,1.0,1.0,-4.795790672302246
random,302.0,1.0,1.0,-47.95790672302246
random,303.0,1.0,1.0,-14.387372016906738
random,304.0,1.0,1.0,-4.795790672302246
random,305.0,1.0,1.0,-33.57053470611572
random,306.0,1.0,1.0,-47.95790672302246
random,307.0,1.0,1.0,-47.95790672302246
random,308.0,1.0,1.0,-4.795790672302246
random,309.0,1.0,1.0,-47.95790672302246
random,310.0,1.0,1.0,-47.95790672302246
random,311.0,1.0,1.0,-9.591581344604492
random,312.0,1.0,1.0,-47.95790672302246
random,313.0,1.0,1.0,-19.183162689208984
random,314.0,1.0,1.0,-9.591581344604492
random,315.0,1.0,1.0,-4.795790672302246
random,316.0,1.0,1.0,-4.795790672302246
random,317.0,1.0,1.0,-4.795790672302246
random,318.0,1.0,1.0,-47.95790672302246
random,319.0,1.0,1.0,-38.36632537841797
random,320.0,1.0,1.0,-47.95790672302246
random,321.0,1.0,1.0,-47.95790672302246
random,322.0,1.0,1.0,-47.95790672302246
random,323.0,1.0,1.0,-47.95790672302246
random,324.0,1.0,1.0,-47.95790672302246
random,325.0,1.0,1.0,-23.97895336151123
random,326.0,1.0,1.0,-47.95790672302246
random,327.0,1.0,1.0,-4.795790672302246
random,328.0,1.0,1.0,-14.387372016906738
random,329.0,1.0,1.0,-47.95790672302246
random,330.0,1.0,1.0,-47.95790672302246
random,331.0,1.0,1.0,-14.387372016906738
random,332.0,1.0,1.0,-47.95790672302246
random,333.0,1.0,1.0,-4.795790672302246
random,334.0,1.0,1.0,-4.795790672302246
random,336.0,1.0,1.0,-47.95790672302246
random,337.0,1.0,1.0,-47.95790672302246
random,338.0,1.0,1.0,-14.387372016906738
random,340.0,1.0,1.0,-4.795790672302246
random,341.0,1.0,1.0,-47.95790672302246
random,342.0,1.0,1.0,-47.95790672302246
random,343.0,1.0,1.0,-47.95790672302246
random,344.0,1.0,1.0,-47.95790672302246
random,346.0,1.0,1.0,-47.95790672302246
random,347.0,1.0,1.0,-28.774744033813477
random,348.0,1.0,1.0,-47.95790672302246
random,350.0,1.0,1.0,-47.95790672302246
random,351.0,1.0,1.0,-47.95790672302246
random,352.0,1.0,1.0,-47.95790672302246
random,353.0,1.0,1.0,-47.95790672302246
random,354.0,1.0,1.0,-47.95790672302246
random,355.0,1.0,1.0,-47.95790672302246
random,356.0,1.0,1.0,-47.95790672302246
random,357.0,1.0,1.0,-4.795790672302246
random,358.0,1.0,1.0,-43.162116050720215
random,359.0,1.0,1.0,-9.591581344604492
random,361.0,1.0,1.0,-4.795790672302246
random,362.0,1.0,1.0,-4.795790672302246
random,363.0,1.0,1.0,-47.95790672302246
random,364.0,1.0,1.0,-14.387372016906738
random,365.0,1.0,1.0,-4.795790672302246
random,367.0,1.0,1.0,-23.97895336151123
random,368.0,1.0,1.0,-9.591581344604492
random,369.0,1.0,1.0,-28.774744033813477
random,371.0,1.0,1.0,-47.95790672302246
random,372.0,1.0,1.0,-43.162116050720215
random,373.0,1.0,1.0,-47.95790672302246
random,374.0,1.0,1.0,-38.36632537841797
random,375.0,1.0,1.0,-4.795790672302246
random,376.0,1.0,1.0,-9.591581344604492
random,377.0,1.0,1.0,-9.591581344604492
random,378.0,1.0,1.0,-9.591581344604492
random,379.0,1.0,1.0,-9.591581344604492
random,380.0,1.0,1.0,-19.183162689208984
random,381.0,1.0,1.0,-47.95790672302246
random,382.0,1.0,1.0,-47.95790672302246
random,383.0,1.0,1.0,-9.591581344604492
random,384.0,1.0,1.0,-47.95790672302246
random,385.0,1.0,1.0,-47.95790672302246
random,386.0,1.0,1.0,0.0
random,387.0,1.0,1.0,-4.795790672302246
random,388.0,1.0,1.0,-23.97895336151123
random,389.0,1.0,1.0,-9.591581344604492
random,390.0,1.0,1.0,-47.95790672302246
random,391.0,1.0,1.0,-47.95790672302246
random,392.0,1.0,1.0,-4.795790672302246
random,393.0,1.0,1.0,-33.57053470611572
random,394.0,1.0,1.0,-47.95790672302246
random,395.0,1.0,1.0,-47.95790672302246
random,396.0,1.0,1.0,-4.795790672302246
random,397.0,1.0,1.0,-47.95790672302246
random,398.0,1.0,1.0,-47.95790672302246
random,399.0,1.0,1.0,-33.57053470611572
random,400.0,1.0,1.0,-4.795790672302246
random,401.0,1.0,1.0,-14.387372016906738
random,402.0,1.0,1.0,-9.591581344604492
random,403.0,1.0,1.0,-9.591581344604492
random,404.0,1.0,1.0,-47.95790672302246
random,405.0,1.0,1.0,-4.795790672302246
random,407.0,1.0,1.0,-47.95790672302246
random,408.0,1.0,1.0,-9.591581344604492
random,409.0,1.0,1.0,-47.95790672302246
random,410.0,1.0,1.0,-38.36632537841797
random,412.0,1.0,1.0,-47.95790672302246
random,413.0,1.0,1.0,-4.795790672302246
random,414.0,1.0,1.0,-9.591581344604492
random,415.0,1.0,1.0,-47.95790672302246
random,416.0,1.0,1.0,-9.591581344604492
random,417.0,1.0,1.0,-23.97895336151123
random,418.0,1.0,1.0,-47.95790672302246
random,419.0,1.0,1.0,-14.387372016906738
random,420.0,1.0,1.0,-47.95790672302246
random,421.0,1.0,1.0,-47.95790672302246
random,422.0,1.0,1.0,-9.591581344604492
random,424.0,1.0,1.0,-4.795790672302246
random,425.0,1.0,1.0,-9.591581344604492
random,426.0,1.0,1.0,-47.95790672302246
random,428.0,1.0,1.0,-4.795790672302246
random,429.0,1.0,1.0,-47.95790672302246
random,430.0,1.0,1.0,-47.95790672302246
random,431.0,1.0,1.0,-4.795790672302246
random,432.0,1.0,1.0,-9.591581344604492
random,433.0,1.0,1.0,-9.591581344604492
random,434.0,1.0,1.0,-4.795790672302246
random,435.0,1.0,1.0,-47.95790672302246
random,436.0,1.0,1.0,-28.774744033813477
random,437.0,1.0,1.0,-4.795790672302246
random,438.0,1.0,1.0,-47.95790672302246
random,439.0,1.0,1.0,-47.95790672302246
random,440.0,1.0,1.0,-47.95790672302246
random,441.0,1.0,1.0,-47.95790672302246
random,442.0,1.0,1.0,-47.95790672302246
random,443.0,1.0,1.0,-47.95790672302246
random,444.0,1.0,1.0,-43.162116050720215
random,445.0,1.0,1.0,-4.795790672302246
random,446.0,1.0,1.0,-47.95790672302246
random,447.0,1.0,1.0,-47.95790672302246
random,448.0,1.0,1.0,-47.95790672302246
random,449.0,1.0,1.0,-19.183162689208984
random,450.0,1.0,1.0,-14.387372016906738
random,451.0,1.0,1.0,-47.95790672302246
random,452.0,1.0,1.0,-4.795790672302246
random,453.0,1.0,1.0,-47.95790672302246
random,454.0,1.0,1.0,-47.95790672302246
random,455.0,1.0,1.0,-33.57053470611572
random,456.0,1.0,1.0,-47.95790672302246
random,457.0,1.0,1.0,-9.591581344604492
random,458.0,1.0,1.0,-4.795790672302246
random,459.0,1.0,1.0,-9.591581344604492
random,460.0,1.0,1.0,-47.95790672302246
random,461.0,1.0,1.0,-4.795790672302246
random,462.0,1.0,1.0,-47.95790672302246
random,463.0,1.0,1.0,-47.95790672302246
random,464.0,1.0,1.0,-47.95790672302246
random,465.0,1.0,1.0,-9.591581344604492
random,466.0,1.0,1.0,-4.795790672302246
random,467.0,1.0,1.0,-47.95790672302246
random,468.0,1.0,1.0,-23.97895336151123
random,469.0,1.0,1.0,-47.95790672302246
random,470.0,1.0,1.0,-43.162116050720215
random,471.0,1.0,1.0,-47.95790672302246
random,472.0,1.0,1.0,-4.795790672302246
random,473.0,1.0,1.0,-9.591581344604492
random,474.0,1.0,1.0,-4.795790672302246
random,475.0,1.0,1.0,-47.95790672302246
random,476.0,1.0,1.0,-47.95790672302246
random,477.0,1.0,1.0,-4.795790672302246
random,478.0,1.0,1.0,-4.795790672302246
random,479.0,1.0,1.0,-4.795790672302246
random,480.0,1.0,1.0,-4.795790672302246
random,481.0,1.0,1.0,-38.36632537841797
random,482.0,1.0,1.0,-9.591581344604492
random,483.0,1.0,1.0,-47.95790672302246
random,484.0,1.0,1.0,-47.95790672302246
random,485.0,1.0,1.0,-9.591581344604492
random,486.0,1.0,1.0,-47.95790672302246
random,487.0,1.0,1.0,-4.795790672302246
random,488.0,1.0,1.0,-9.591581344604492
random,490.0,1.0,1.0,-47.95790672302246
random,491.0,1.0,1.0,-47.95790672302246
random,492.0,1.0,1.0,-9.591581344604492
random,493.0,1.0,1.0,-47.95790672302246
random,494.0,1.0,1.0,-47.95790672302246
random,495.0,1.0,1.0,-47.95790672302246
random,496.0,1.0,1.0,-14.387372016906738
ucb_lcb_n,1.0,1.0,2.0,-4.817953109741211
ucb_lcb_n,2.0,1.0,2.0,-5.0469889640808105
ucb_lcb_n,3.0,1.0,2.0,-16.566629111766815
ucb_lcb_n,4.0,1.0,2.0,-4.811761379241943
ucb_lcb_n,5.0,1.0,2.0,-4.792440891265869
ucb_lcb_n,6.0,1.0,2.0,-4.863036632537842
ucb_lcb_n,7.0,1.0,2.0,-2.4756765365600586
ucb_lcb_n,8.0,1.0,2.0,-27.05399253964424
ucb_lcb_n,9.0,1.0,2.0,-19.28652250766754
ucb_lcb_n,10.0,1.0,2.0,-4.886574745178223
ucb_lcb_n,11.0,1.0,2.0,-4.942881107330322
ucb_lcb_n,12.0,1.0,2.0,-3.3685386180877686
ucb_lcb_n,13.0,1.0,2.0,-22.662779361009598
ucb_lcb_n,14.0,1.0,2.0,-21.61886155605316
ucb_lcb_n,15.0,1.0,2.0,-9.21034049987793
ucb_lcb_n,16.0,1.0,2.0,-6.30461922287941
ucb_lcb_n,17.0,1.0,2.0,-5.025056501850486
ucb_lcb_n,18.0,1.0,2.0,-4.92267370223999
ucb_lcb_n,19.0,1.0,2.0,-4.93405294418335
ucb_lcb_n,20.0,1.0,2.0,-17.533213436603546
ucb_lcb_n,21.0,1.0,2.0,-23.314731121063232
ucb_lcb_n,22.0,1.0,2.0,-3.3617997765541077
ucb_lcb_n,23.0,1.0,2.0,-18.922844648361206
ucb_lcb_n,24.0,1.0,2.0,-8.454016923904419
ucb_lcb_n,25.0,1.0,2.0,-22.745867490768433
ucb_lcb_n,26.0,1.0,2.0,-9.576552391052246
ucb_lcb_n,27.0,1.0,2.0,-45.58734369277954
ucb_lcb_n,28.0,1.0,2.0,-2.347576677799225
ucb_lcb_n,29.0,1.0,2.0,-22.15229970216751
ucb_lcb_n,30.0,1.0,2.0,-6.785531044006348
ucb_lcb_n,32.0,1.0,2.0,-3.09574031829834
ucb_lcb_n,33.0,1.0,2.0,-18.42068099975586
ucb_lcb_n,34.0,1.0,2.0,-12.613876461982727
ucb_lcb_n,35.0,1.0,2.0,-4.525219053030014
ucb_lcb_n,36.0,1.0,2.0,-17.829357463982888
ucb_lcb_n,37.0,1.0,2.0,-25.88721114397049
ucb_lcb_n,38.0,1.0,2.0,-0.16114460583776236
ucb_lcb_n,39.0,1.0,2.0,-22.388653993606567
ucb_lcb_n,40.0,1.0,2.0,-26.01494312286377
ucb_lcb_n,41.0,1.0,2.0,-5.463598728179932
ucb_lcb_n,42.0,1.0,2.0,-10.25274949427694
ucb_lcb_n,43.0,1.0,2.0,-4.319774389266968
ucb_lcb_n,45.0,1.0,2.0,-8.737917371094227
ucb_lcb_n,46.0,1.0,2.0,-8.332759857177734
ucb_lcb_n,47.0,1.0,2.0,-18.848272264003754
ucb_lcb_n,48.0,1.0,2.0,-5.049149990081787
ucb_lcb_n,49.0,1.0,2.0,-10.41654658317566
ucb_lcb_n,50.0,1.0,2.0,-7.610529899597168
ucb_lcb_n,51.0,1.0,2.0,-16.264080703258514
ucb_lcb_n,52.0,1.0,2.0,-4.607080936431885
ucb_lcb_n,53.0,1.0,2.0,-3.4374072551727295
ucb_lcb_n,54.0,1.0,2.0,-14.271803840994835
ucb_lcb_n,55.0,1.0,2.0,-8.76918911933899
ucb_lcb_n,56.0,1.0,2.0,-17.71205773949623
ucb_lcb_n,58.0,1.0,2.0,-2.819742202758789
ucb_lcb_n,59.0,1.0,2.0,-5.204649448394775
ucb_lcb_n,60.0,1.0,2.0,-4.96136999130249
ucb_lcb_n,61.0,1.0,2.0,-11.022614479064941
ucb_lcb_n,64.0,1.0,2.0,-2.6307625770568848
ucb_lcb_n,65.0,1.0,2.0,-3.830827981233597
ucb_lcb_n,66.0,1.0,2.0,-3.0006515979766846
ucb_lcb_n,67.0,1.0,2.0,-3.2847814559936523
ucb_lcb_n,68.0,1.0,2.0,-27.873372077941895
ucb_lcb_n,69.0,1.0,2.0,-34.319684125483036
ucb_lcb_n,70.0,1.0,2.0,-22.6769540309906
ucb_lcb_n,71.0,1.0,2.0,-6.403961181640625
ucb_lcb_n,72.0,1.0,2.0,-11.49432178819552
ucb_lcb_n,73.0,1.0,2.0,-5.635326266288757
ucb_lcb_n,74.0,1.0,2.0,-2.7028964459896088
ucb_lcb_n,75.0,1.0,2.0,-29.37523066997528
ucb_lcb_n,76.0,1.0,2.0,-17.84029945731163
ucb_lcb_n,77.0,1.0,2.0,-4.900053024291992
ucb_lcb_n,78.0,1.0,2.0,-0.030618856428191066
ucb_lcb_n,79.0,1.0,2.0,-60.55512450064998
ucb_lcb_n,80.0,1.0,2.0,-25.757437705993652
ucb_lcb_n,81.0,1.0,2.0,-22.273870050907135
ucb_lcb_n,82.0,1.0,2.0,-18.559736728668213
ucb_lcb_n,83.0,1.0,2.0,-0.02388579398393631
ucb_lcb_n,84.0,1.0,2.0,-0.20416047051548958
ucb_lcb_n,85.0,1.0,2.0,-20.014338970184326
ucb_lcb_n,87.0,1.0,2.0,-3.1475460529327393
ucb_lcb_n,88.0,1.0,2.0,-25.355657815933228
ucb_lcb_n,89.0,1.0,2.0,-13.10532522201538
ucb_lcb_n,90.0,1.0,2.0,-4.559419631958008
ucb_lcb_n,91.0,1.0,2.0,-5.531652927398682
ucb_lcb_n,92.0,1.0,2.0,-12.914880752563477
ucb_lcb_n,93.0,1.0,2.0,-0.0010002159251598641
ucb_lcb_n,94.0,1.0,2.0,-5.224007606506348
ucb_lcb_n,95.0,1.0,2.0,-6.173008441925049
ucb_lcb_n,96.0,1.0,2.0,-1.515425205230713
ucb_lcb_n,98.0,1.0,2.0,-21.21289098262787
ucb_lcb_n,99.0,1.0,2.0,-18.869489312171936
ucb_lcb_n,101.0,1.0,2.0,-9.21034049987793
ucb_lcb_n,102.0,1.0,2.0,-6.448032379150391
ucb_lcb_n,103.0,1.0,2.0,-10.45521143078804
ucb_lcb_n,104.0,1.0,2.0,-15.398576736450195
ucb_lcb_n,105.0,1.0,2.0,-31.804136514663696
ucb_lcb_n,106.0,1.0,2.0,-5.413537502288818
ucb_lcb_n,107.0,1.0,2.0,-21.833762109279633
ucb_lcb_n,108.0,1.0,2.0,-10.398329764604568
ucb_lcb_n,109.0,1.0,2.0,-7.8429954051971436
ucb_lcb_n,111.0,1.0,2.0,-19.472151279449463
ucb_lcb_n,112.0,1.0,2.0,-15.54751181602478
ucb_lcb_n,113.0,1.0,2.0,-6.149839878082275
ucb_lcb_n,114.0,1.0,2.0,-37.15414905548096
ucb_lcb_n,115.0,1.0,2.0,-3.2189908027648926
ucb_lcb_n,116.0,1.0,2.0,-18.25235677883029
ucb_lcb_n,117.0,1.0,2.0,-22.71629709005356
ucb_lcb_n,118.0,1.0,2.0,-8.628260493278503
ucb_lcb_n,119.0,1.0,2.0,-0.0010002159251598641
ucb_lcb_n,120.0,1.0,2.0,-5.1803131103515625
ucb_lcb_n,121.0,1.0,2.0,-13.661224365234375
ucb_lcb_n,122.0,1.0,2.0,-16.693668827414513
ucb_lcb_n,123.0,1.0,2.0,-14.868618220090866
ucb_lcb_n,124.0,1.0,2.0,-23.728847548365593
ucb_lcb_n,125.0,1.0,2.0,-6.621047496795654
ucb_lcb_n,126.0,1.0,2.0,-2.08168625831604
ucb_lcb_n,128.0,1.0,2.0,-4.932574272155762
ucb_lcb_n,130.0,1.0,2.0,-14.640171017497778
ucb_lcb_n,131.0,1.0,2.0,-18.088707745075226
ucb_lcb_n,132.0,1.0,2.0,-11.904734335839748
ucb_lcb_n,133.0,1.0,2.0,-9.110439538955688
ucb_lcb_n,134.0,1.0,2.0,-6.556615352630615
ucb_lcb_n,135.0,1.0,2.0,-22.726608991622925
ucb_lcb_n,136.0,1.0,2.0,-11.654209613800049
ucb_lcb_n,137.0,1.0,2.0,-2.3700149059295654
ucb_lcb_n,138.0,1.0,2.0,-16.505882740020752
ucb_lcb_n,139.0,1.0,2.0,-17.409034252166748
ucb_lcb_n,140.0,1.0,2.0,-4.36976432800293
ucb_lcb_n,141.0,1.0,2.0,-9.211240694210574
ucb_lcb_n,142.0,1.0,2.0,-6.5413342118263245
ucb_lcb_n,143.0,1.0,2.0,-25.54744052886963
ucb_lcb_n,144.0,1.0,2.0,-17.776170551776886
ucb_lcb_n,145.0,1.0,2.0,-5.11146354675293
ucb_lcb_n,146.0,1.0,2.0,-28.910525739192963
ucb_lcb_n,147.0,1.0,2.0,-3.7836912870407104
ucb_lcb_n,148.0,1.0,2.0,-21.35229504108429
ucb_lcb_n,149.0,1.0,2.0,-5.170553684234619
ucb_lcb_n,150.0,1.0,2.0,-13.577908754348755
ucb_lcb_n,151.0,1.0,2.0,-13.01680040359497
ucb_lcb_n,152.0,1.0,2.0,-20.005905151367188
ucb_lcb_n,153.0,1.0,2.0,-10.56771606206894
ucb_lcb_n,154.0,1.0,2.0,-5.107077598571777
ucb_lcb_n,155.0,1.0,2.0,-1.2390501946210861
ucb_lcb_n,156.0,1.0,2.0,-15.802605718374252
ucb_lcb_n,158.0,1.0,2.0,-6.028145808726549
ucb_lcb_n,159.0,1.0,2.0,-5.25980806350708
ucb_lcb_n,160.0,1.0,2.0,-5.332236051559448
ucb_lcb_n,161.0,1.0,2.0,-11.22678279876709
ucb_lcb_n,162.0,1.0,2.0,-0.08824768289923668
ucb_lcb_n,163.0,1.0,2.0,-5.160585403442383
ucb_lcb_n,165.0,1.0,2.0,-5.447380755096674
ucb_lcb_n,166.0,1.0,2.0,-9.737563133239746
ucb_lcb_n,167.0,1.0,2.0,-14.444620668888092
ucb_lcb_n,168.0,1.0,2.0,-45.610440731048584
ucb_lcb_n,169.0,1.0,2.0,-13.456231355667114
ucb_lcb_n,170.0,1.0,2.0,-6.158265590667725
ucb_lcb_n,171.0,1.0,2.0,-0.07709811255335808
ucb_lcb_n,172.0,1.0,2.0,-4.486725330352783
ucb_lcb_n,173.0,1.0,2.0,-5.225437164306641
ucb_lcb_n,174.0,1.0,2.0,-5.327743053436279
ucb_lcb_n,175.0,1.0,2.0,-11.198152601718903
ucb_lcb_n,176.0,1.0,2.0,-16.774221897125244
ucb_lcb_n,177.0,1.0,2.0,-9.446214199066162
ucb_lcb_n,178.0,1.0,2.0,-9.685457229614258
ucb_lcb_n,179.0,1.0,2.0,-4.689925670623779
ucb_lcb_n,180.0,1.0,2.0,-4.880075931549072
ucb_lcb_n,181.0,1.0,2.0,-10.76391676068306
ucb_lcb_n,182.0,1.0,2.0,-24.849185466766357
ucb_lcb_n,183.0,1.0,2.0,-29.243896305561066
ucb_lcb_n,185.0,1.0,2.0,-5.515072822570801
ucb_lcb_n,186.0,1.0,2.0,-11.67197072505951
ucb_lcb_n,187.0,1.0,2.0,-2.882584571838379
ucb_lcb_n,188.0,1.0,2.0,-0.6692693419754505
ucb_lcb_n,190.0,1.0,2.0,-7.908598959445953
ucb_lcb_n,191.0,1.0,2.0,-24.566495716571808
ucb_lcb_n,192.0,1.0,2.0,-4.945346355438232
ucb_lcb_n,193.0,1.0,2.0,-35.40820777416229
ucb_lcb_n,195.0,1.0,2.0,-10.247215270996094
ucb_lcb_n,196.0,1.0,2.0,-4.956030368804932
ucb_lcb_n,197.0,1.0,2.0,-12.152282238006592
ucb_lcb_n,198.0,1.0,2.0,-4.877035140991211
ucb_lcb_n,199.0,1.0,2.0,-21.36705394089222
ucb_lcb_n,200.0,1.0,2.0,-17.778353571891785
ucb_lcb_n,201.0,1.0,2.0,-4.204588890075684
ucb_lcb_n,202.0,1.0,2.0,-23.26489767432213
ucb_lcb_n,203.0,1.0,2.0,-20.896278142929077
ucb_lcb_n,204.0,1.0,2.0,-13.02106362581253
ucb_lcb_n,205.0,1.0,2.0,-3.458604335784912
ucb_lcb_n,206.0,1.0,2.0,-4.806543350219727
ucb_lcb_n,207.0,1.0,2.0,-5.754417896270752
ucb_lcb_n,208.0,1.0,2.0,-20.045631140470505
ucb_lcb_n,209.0,1.0,2.0,-4.816994667053223
ucb_lcb_n,210.0,1.0,2.0,-0.21304244361817837
ucb_lcb_n,211.0,1.0,2.0,-2.707667589187622
ucb_lcb_n,212.0,1.0,2.0,-4.7520599365234375
ucb_lcb_n,213.0,1.0,2.0,-17.92236404120922
ucb_lcb_n,214.0,1.0,2.0,-8.853225946426392
ucb_lcb_n,215.0,1.0,2.0,-15.767092362046242
ucb_lcb_n,216.0,1.0,2.0,-5.437365531921387
ucb_lcb_n,217.0,1.0,2.0,-7.40145019069314
ucb_lcb_n,218.0,1.0,2.0,-8.513605698943138
ucb_lcb_n,219.0,1.0,2.0,-36.61592721939087
ucb_lcb_n,220.0,1.0,2.0,-9.21034049987793
ucb_lcb_n,221.0,1.0,2.0,-26.124379634857178
ucb_lcb_n,222.0,1.0,2.0,-26.06380832195282
ucb_lcb_n,223.0,1.0,2.0,-42.64562684297562
ucb_lcb_n,224.0,1.0,2.0,-4.4004499316215515
ucb_lcb_n,225.0,1.0,2.0,-8.464802742004395
ucb_lcb_n,226.0,1.0,2.0,-9.152024865150452
ucb_lcb_n,227.0,1.0,2.0,-17.09101712703705
ucb_lcb_n,228.0,1.0,2.0,-2.598846197128296
ucb_lcb_n,229.0,1.0,2.0,-1.1401324570178986
ucb_lcb_n,230.0,1.0,2.0,-35.32126080989838
ucb_lcb_n,231.0,1.0,2.0,-10.430549144744873
ucb_lcb_n,232.0,1.0,2.0,-9.723378658294678
ucb_lcb_n,233.0,1.0,2.0,-12.85563126206398
ucb_lcb_n,234.0,1.0,2.0,-4.7929887771606445
ucb_lcb_n,236.0,1.0,2.0,-18.39596191048622
ucb_lcb_n,237.0,1.0,2.0,-4.943920135498047
ucb_lcb_n,239.0,1.0,2.0,-3.831068515777588
ucb_lcb_n,240.0,1.0,2.0,-22.871870696544647
ucb_lcb_n,241.0,1.0,2.0,-24.016202569007874
ucb_lcb_n,242.0,1.0,2.0,-26.08074378967285
ucb_lcb_n,243.0,1.0,2.0,-4.867863655090332
ucb_lcb_n,244.0,1.0,2.0,-17.817184448242188
ucb_lcb_n,245.0,1.0,2.0,-0.0010002159251598641
ucb_lcb_n,246.0,1.0,2.0,-27.077820777893066
ucb_lcb_n,247.0,1.0,2.0,-33.3861870765686
ucb_lcb_n,248.0,1.0,2.0,-31.83291518688202
ucb_lcb_n,249.0,1.0,2.0,-13.826163291931152
ucb_lcb_n,250.0,1.0,2.0,-36.97802132368088
ucb_lcb_n,252.0,1.0,2.0,-25.546636402606964
ucb_lcb_n,253.0,1.0,2.0,-4.835868835449219
ucb_lcb_n,254.0,1.0,2.0,-13.752699881792068
ucb_lcb_n,255.0,1.0,2.0,-17.824867486953735
ucb_lcb_n,257.0,1.0,2.0,-3.6701269149780273
ucb_lcb_n,258.0,1.0,2.0,-0.2676572632044554
ucb_lcb_n,259.0,1.0,2.0,-4.946319103240967
ucb_lcb_n,260.0,1.0,2.0,-14.424011867493391
ucb_lcb_n,261.0,1.0,2.0,-0.0033055652456823736
ucb_lcb_n,262.0,1.0,2.0,-23.330916047096252
ucb_lcb_n,263.0,1.0,2.0,-24.470283329486847
ucb_lcb_n,264.0,1.0,2.0,-21.671811252832413
ucb_lcb_n,266.0,1.0,2.0,-38.08037066459656
ucb_lcb_n,267.0,1.0,2.0,-25.020667351782322
ucb_lcb_n,268.0,1.0,2.0,-0.42276234179735184
ucb_lcb_n,269.0,1.0,2.0,-12.990835189819336
ucb_lcb_n,270.0,1.0,2.0,-0.7112784013152122
ucb_lcb_n,271.0,1.0,2.0,-24.508634090423584
ucb_lcb_n,272.0,1.0,2.0,-37.25094590522349
ucb_lcb_n,273.0,1.0,2.0,-26.081282079219818
ucb_lcb_n,274.0,1.0,2.0,-2.27720046043396
ucb_lcb_n,275.0,1.0,2.0,-0.16209528222680092
ucb_lcb_n,276.0,1.0,2.0,-0.006140450946986675
ucb_lcb_n,277.0,1.0,2.0,-0.0010002159251598641
ucb_lcb_n,278.0,1.0,2.0,-4.805277347564697
ucb_lcb_n,279.0,1.0,2.0,-7.047072857618332
ucb_lcb_n,280.0,1.0,2.0,-5.843294143676758
ucb_lcb_n,282.0,1.0,2.0,-11.096333026885986
ucb_lcb_n,283.0,1.0,2.0,-0.19153160601854324
ucb_lcb_n,284.0,1.0,2.0,-20.690604716539383
ucb_lcb_n,285.0,1.0,2.0,-21.320563584566116
ucb_lcb_n,286.0,1.0,2.0,-4.9354071617126465
ucb_lcb_n,287.0,1.0,2.0,-25.703152686357498
ucb_lcb_n,288.0,1.0,2.0,-5.373447895050049
ucb_lcb_n,289.0,1.0,2.0,-14.062164306640625
ucb_lcb_n,290.0,1.0,2.0,-29.479005455970764
ucb_lcb_n,291.0,1.0,2.0,-10.35039758682251
ucb_lcb_n,292.0,1.0,2.0,-29.412936627864838
ucb_lcb_n,293.0,1.0,2.0,-10.347560480237007
ucb_lcb_n,294.0,1.0,2.0,-9.503681302070618
ucb_lcb_n,295.0,1.0,2.0,-9.43607471510768
ucb_lcb_n,296.0,1.0,2.0,-6.761243045330048
ucb_lcb_n,297.0,1.0,2.0,-15.781202852725983
ucb_lcb_n,298.0,1.0,2.0,-4.221524238586426
ucb_lcb_n,299.0,1.0,2.0,-23.75186276435852
ucb_lcb_n,300.0,1.0,2.0,-2.4887162148952484
ucb_lcb_n,301.0,1.0,2.0,-9.21034049987793
ucb_lcb_n,302.0,1.0,2.0,-0.005230969225522131
ucb_lcb_n,303.0,1.0,2.0,-5.5213623046875
ucb_lcb_n,304.0,1.0,2.0,-3.357095718383789
ucb_lcb_n,305.0,1.0,2.0,-20.88244979828596
ucb_lcb_n,306.0,1.0,2.0,-10.678581237792969
ucb_lcb_n,307.0,1.0,2.0,-21.66909535229206
ucb_lcb_n,308.0,1.0,2.0,-5.496173858642578
ucb_lcb_n,309.0,1.0,2.0,-24.707104958593845
ucb_lcb_n,310.0,1.0,2.0,-26.13914853334427
ucb_lcb_n,311.0,1.0,2.0,-4.880433082580566
ucb_lcb_n,312.0,1.0,2.0,-3.9961507320404053
ucb_lcb_n,313.0,1.0,2.0,-15.830511595122516
ucb_lcb_n,314.0,1.0,2.0,-36.46135878562927
ucb_lcb_n,315.0,1.0,2.0,-4.88546895980835
ucb_lcb_n,316.0,1.0,2.0,-2.422805294394493
ucb_lcb_n,317.0,1.0,2.0,-26.723279237747192
ucb_lcb_n,318.0,1.0,2.0,-20.488036632537842
ucb_lcb_n,319.0,1.0,2.0,-4.069910526275635
ucb_lcb_n,320.0,1.0,2.0,-21.254116967320442
ucb_lcb_n,321.0,1.0,2.0,-21.202349364757538
ucb_lcb_n,322.0,1.0,2.0,-15.656846977770329
ucb_lcb_n,323.0,1.0,2.0,-8.869465231895447
ucb_lcb_n,324.0,1.0,2.0,-15.913498029112816
ucb_lcb_n,325.0,1.0,2.0,-16.14873103215359
ucb_lcb_n,326.0,1.0,2.0,-6.682391107082367
ucb_lcb_n,327.0,1.0,2.0,-5.344682212918997
ucb_lcb_n,328.0,1.0,2.0,-20.77531909942627
ucb_lcb_n,329.0,1.0,2.0,-4.483052730560303
ucb_lcb_n,330.0,1.0,2.0,-0.0010002159251598641
ucb_lcb_n,331.0,1.0,2.0,-5.3321123123168945
ucb_lcb_n,332.0,1.0,2.0,-5.989316463470459
ucb_lcb_n,333.0,1.0,2.0,-12.623008251190186
ucb_lcb_n,334.0,1.0,2.0,-4.957612037658691
ucb_lcb_n,336.0,1.0,2.0,-0.004429133521625772
ucb_lcb_n,337.0,1.0,2.0,-1.3133332282304764
ucb_lcb_n,338.0,1.0,2.0,-9.7685866355896
ucb_lcb_n,340.0,1.0,2.0,-12.611126899719238
ucb_lcb_n,341.0,1.0,2.0,-10.379055500030518
ucb_lcb_n,342.0,1.0,2.0,-15.415388226509094
ucb_lcb_n,343.0,1.0,2.0,-14.148519396781921
ucb_lcb_n,344.0,1.0,2.0,-27.915201097726822
ucb_lcb_n,346.0,1.0,2.0,-2.3335483074188232
ucb_lcb_n,347.0,1.0,2.0,-23.56642460823059
ucb_lcb_n,348.0,1.0,2.0,-0.29504629597067833
ucb_lcb_n,350.0,1.0,2.0,-0.0010002159251598641
ucb_lcb_n,351.0,1.0,2.0,-18.551440834999084
ucb_lcb_n,352.0,1.0,2.0,-23.206546366214752
ucb_lcb_n,353.0,1.0,2.0,-4.86424446105957
ucb_lcb_n,354.0,1.0,2.0,-4.931654453277588
ucb_lcb_n,355.0,1.0,2.0,-0.0010002159251598641
ucb_lcb_n,356.0,1.0,2.0,-9.21034049987793
ucb_lcb_n,357.0,1.0,2.0,-5.581968784332275
ucb_lcb_n,358.0,1.0,2.0,-3.4087038040161133
ucb_lcb_n,359.0,1.0,2.0,-11.481102257966995
ucb_lcb_n,361.0,1.0,2.0,-5.698777675628662
ucb_lcb_n,362.0,1.0,2.0,-9.362894535064697
ucb_lcb_n,363.0,1.0,2.0,-23.74507474899292
ucb_lcb_n,364.0,1.0,2.0,-4.996146202087402
ucb_lcb_n,365.0,1.0,2.0,-34.63193129748106
ucb_lcb_n,367.0,1.0,2.0,-14.746052548289299
ucb_lcb_n,368.0,1.0,2.0,-7.1915178298950195
ucb_lcb_n,369.0,1.0,2.0,-5.954272270202637
ucb_lcb_n,371.0,1.0,2.0,-41.964922189712524
ucb_lcb_n,372.0,1.0,2.0,-19.867541790008545
ucb_lcb_n,373.0,1.0,2.0,-19.660480737686157
ucb_lcb_n,374.0,1.0,2.0,-4.324032783508301
ucb_lcb_n,375.0,1.0,2.0,-4.81770133972168
ucb_lcb_n,376.0,1.0,2.0,-10.768391489982605
ucb_lcb_n,377.0,1.0,2.0,-10.019854471087456
ucb_lcb_n,378.0,1.0,2.0,-1.5647237449884415
ucb_lcb_n,379.0,1.0,2.0,-18.394151628017426
ucb_lcb_n,380.0,1.0,2.0,-10.723060369491577
ucb_lcb_n,381.0,1.0,2.0,-0.0011084694706369191
ucb_lcb_n,382.0,1.0,2.0,-9.67760419845581
ucb_lcb_n,383.0,1.0,2.0,-18.434458737261593
ucb_lcb_n,384.0,1.0,2.0,-5.29665994644165
ucb_lcb_n,385.0,1.0,2.0,-18.448735903933994
ucb_lcb_n,386.0,1.0,2.0,-35.61557638645172
ucb_lcb_n,387.0,1.0,2.0,-15.265241265296936
ucb_lcb_n,388.0,1.0,2.0,-6.330165982246399
ucb_lcb_n,389.0,1.0,2.0,-4.857591152191162
ucb_lcb_n,390.0,1.0,2.0,-20.608862042427063
ucb_lcb_n,391.0,1.0,2.0,-4.881458282470703
ucb_lcb_n,392.0,1.0,2.0,-28.7102410197258
ucb_lcb_n,393.0,1.0,2.0,-44.18741965293884
ucb_lcb_n,394.0,1.0,2.0,-24.29651139676571
ucb_lcb_n,395.0,1.0,2.0,-7.888149231672287
ucb_lcb_n,396.0,1.0,2.0,-38.84638214111328
ucb_lcb_n,397.0,1.0,2.0,-7.096747875213623
ucb_lcb_n,398.0,1.0,2.0,-17.465060353279114
ucb_lcb_n,399.0,1.0,2.0,-17.77989289164543
ucb_lcb_n,400.0,1.0,2.0,-21.793454937636852
ucb_lcb_n,401.0,1.0,2.0,-20.408207654953003
ucb_lcb_n,402.0,1.0,2.0,-24.191449284553528
ucb_lcb_n,403.0,1.0,2.0,-24.56389869749546
ucb_lcb_n,404.0,1.0,2.0,-19.455471619963646
ucb_lcb_n,405.0,1.0,2.0,-29.41418206691742
ucb_lcb_n,407.0,1.0,2.0,-4.796885013580322
ucb_lcb_n,408.0,1.0,2.0,-4.19674015045166
ucb_lcb_n,409.0,1.0,2.0,-0.0010002159251598641
ucb_lcb_n,410.0,1.0,2.0,-19.60254955291748
ucb_lcb_n,412.0,1.0,2.0,-21.91397711634636
ucb_lcb_n,413.0,1.0,2.0,-20.686730191111565
ucb_lcb_n,414.0,1.0,2.0,-14.091571867465973
ucb_lcb_n,415.0,1.0,2.0,-11.67114543914795
ucb_lcb_n,416.0,1.0,2.0,-31.80622148513794
ucb_lcb_n,417.0,1.0,2.0,-42.20473337173462
ucb_lcb_n,418.0,1.0,2.0,-0.17645343393087387
ucb_lcb_n,419.0,1.0,2.0,-4.856260776519775
ucb_lcb_n,420.0,1.0,2.0,-18.38665361702442
ucb_lcb_n,421.0,1.0,2.0,-0.7122683078050613
ucb_lcb_n,422.0,1.0,2.0,-0.19073643535375595
ucb_lcb_n,424.0,1.0,2.0,-5.378302574157715
ucb_lcb_n,425.0,1.0,2.0,-1.7904181480407715
ucb_lcb_n,426.0,1.0,2.0,-7.025893211364746
ucb_lcb_n,428.0,1.0,2.0,-2.979416847229004
ucb_lcb_n,429.0,1.0,2.0,-14.375101238489151
ucb_lcb_n,430.0,1.0,2.0,-5.196389198303223
ucb_lcb_n,431.0,1.0,2.0,-9.21034049987793
ucb_lcb_n,432.0,1.0,2.0,-37.828641057014465
ucb_lcb_n,433.0,1.0,2.0,-9.21034049987793
ucb_lcb_n,434.0,1.0,2.0,-27.098189026117325
ucb_lcb_n,435.0,1.0,2.0,-14.791865706443787
ucb_lcb_n,436.0,1.0,2.0,-4.3793134689331055
ucb_lcb_n,437.0,1.0,2.0,-3.669499397277832
ucb_lcb_n,438.0,1.0,2.0,-7.055224239826202
ucb_lcb_n,439.0,1.0,2.0,-12.202582992613316
ucb_lcb_n,440.0,1.0,2.0,-4.873838901519775
ucb_lcb_n,441.0,1.0,2.0,-16.550464868545532
ucb_lcb_n,442.0,1.0,2.0,-0.012884119409136474
ucb_lcb_n,443.0,1.0,2.0,-8.1762056350708
ucb_lcb_n,444.0,1.0,2.0,-8.558019161224365
ucb_lcb_n,445.0,1.0,2.0,-17.79167413711548
ucb_lcb_n,446.0,1.0,2.0,-8.295660972595215
ucb_lcb_n,447.0,1.0,2.0,-8.619311194866896
ucb_lcb_n,448.0,1.0,2.0,-47.394860088825226
ucb_lcb_n,449.0,1.0,2.0,-4.864448070526123
ucb_lcb_n,450.0,1.0,2.0,-23.59913432598114
ucb_lcb_n,451.0,1.0,2.0,-10.073875427246094
ucb_lcb_n,452.0,1.0,2.0,-24.968758702278137
ucb_lcb_n,453.0,1.0,2.0,-27.759169682860374
ucb_lcb_n,454.0,1.0,2.0,-27.44459341466427
ucb_lcb_n,455.0,1.0,2.0,-2.7466973289847374
ucb_lcb_n,456.0,1.0,2.0,-25.122571349143982
ucb_lcb_n,457.0,1.0,2.0,-3.5979084968566895
ucb_lcb_n,458.0,1.0,2.0,-23.345144748687744
ucb_lcb_n,459.0,1.0,2.0,-11.505801916122437
ucb_lcb_n,460.0,1.0,2.0,-3.1181700229644775
ucb_lcb_n,461.0,1.0,2.0,-6.1211347579956055
ucb_lcb_n,462.0,1.0,2.0,-4.843318462371826
ucb_lcb_n,463.0,1.0,2.0,-4.554186820983887
ucb_lcb_n,464.0,1.0,2.0,-1.157538890838623
ucb_lcb_n,465.0,1.0,2.0,-6.291731357574463
ucb_lcb_n,466.0,1.0,2.0,-29.123717047274113
ucb_lcb_n,467.0,1.0,2.0,-19.308345019817352
ucb_lcb_n,468.0,1.0,2.0,-21.05489836446941
ucb_lcb_n,469.0,1.0,2.0,-5.0819091796875
ucb_lcb_n,470.0,1.0,2.0,-9.597502708435059
ucb_lcb_n,471.0,1.0,2.0,-11.183112725615501
ucb_lcb_n,472.0,1.0,2.0,-5.081827640533447
ucb_lcb_n,473.0,1.0,2.0,-4.81449031829834
ucb_lcb_n,474.0,1.0,2.0,-21.243422031402588
ucb_lcb_n,475.0,1.0,2.0,-2.8778975009918213
ucb_lcb_n,476.0,1.0,2.0,-0.02543835318647325
ucb_lcb_n,477.0,1.0,2.0,-32.71441474556923
ucb_lcb_n,478.0,1.0,2.0,-12.68665099143982
ucb_lcb_n,479.0,1.0,2.0,-2.4294514656066895
ucb_lcb_n,480.0,1.0,2.0,-26.278292775154114
ucb_lcb_n,481.0,1.0,2.0,-14.15162342786789
ucb_lcb_n,482.0,1.0,2.0,-5.295248508453369
ucb_lcb_n,483.0,1.0,2.0,-4.813767433166504
ucb_lcb_n,484.0,1.0,2.0,-15.032914608716965
ucb_lcb_n,485.0,1.0,2.0,-4.7496490478515625
ucb_lcb_n,486.0,1.0,2.0,-4.942978382110596
ucb_lcb_n,487.0,1.0,2.0,-4.916298866271973
ucb_lcb_n,488.0,1.0,2.0,-20.77265737950802
ucb_lcb_n,490.0,1.0,2.0,-4.848138809204102
ucb_lcb_n,491.0,1.0,2.0,-4.878167152404785
ucb_lcb_n,492.0,1.0,2.0,-29.810509085655212
ucb_lcb_n,493.0,1.0,2.0,-7.425988920032978
ucb_lcb_n,494.0,1.0,2.0,-33.99307805299759
ucb_lcb_n,495.0,1.0,2.0,-15.647105276584625
ucb_lcb_n,496.0,1.0,2.0,-19.202863408252597
ucb_lcb,1.0,1.0,2.0,-4.7342400550842285
ucb_lcb,2.0,1.0,2.0,-5.330717086791992
ucb_lcb,3.0,1.0,2.0,-15.580498188734055
ucb_lcb,4.0,1.0,2.0,-4.73904275894165
ucb_lcb,5.0,1.0,2.0,-4.786920070648193
ucb_lcb,6.0,1.0,2.0,-6.028709411621094
ucb_lcb,7.0,1.0,2.0,-2.7750959396362305
ucb_lcb,8.0,1.0,2.0,-38.00054655969143
ucb_lcb,9.0,1.0,2.0,-24.825374722480774
ucb_lcb,10.0,1.0,2.0,-4.817842960357666
ucb_lcb,11.0,1.0,2.0,-5.797300815582275
ucb_lcb,12.0,1.0,2.0,-3.8154027462005615
ucb_lcb,13.0,1.0,2.0,-26.42806451022625
ucb_lcb,14.0,1.0,2.0,-28.83124089241028
ucb_lcb,15.0,1.0,2.0,-8.474966049194336
ucb_lcb,16.0,1.0,2.0,-6.723520010709763
ucb_lcb,17.0,1.0,2.0,-4.92071148334071
ucb_lcb,18.0,1.0,2.0,-4.787404537200928
ucb_lcb,19.0,1.0,2.0,-6.25698184967041
ucb_lcb,20.0,1.0,2.0,-16.261430099606514
ucb_lcb,21.0,1.0,2.0,-9.378362655639648
ucb_lcb,22.0,1.0,2.0,-2.647443264722824
ucb_lcb,23.0,1.0,2.0,-16.502263724803925
ucb_lcb,24.0,1.0,2.0,-10.10077037382871
ucb_lcb,25.0,1.0,2.0,-19.31472373008728
ucb_lcb,26.0,1.0,2.0,-9.443906307220459
ucb_lcb,27.0,1.0,2.0,-34.92193531990051
ucb_lcb,28.0,1.0,2.0,-4.36066398024559
ucb_lcb,29.0,1.0,2.0,-36.93684583902359
ucb_lcb,30.0,1.0,2.0,-5.426025390625
ucb_lcb,32.0,1.0,2.0,-3.9960713386535645
ucb_lcb,33.0,1.0,2.0,-18.42068099975586
ucb_lcb,34.0,1.0,2.0,-15.553035259246826
ucb_lcb,35.0,1.0,2.0,-0.42882567271590233
ucb_lcb,36.0,1.0,2.0,-13.49101835489273
ucb_lcb,37.0,1.0,2.0,-42.34932351112366
ucb_lcb,38.0,1.0,2.0,-0.029338813619688153
ucb_lcb,39.0,1.0,2.0,-33.1289336681366
ucb_lcb,40.0,1.0,2.0,-30.25933814048767
ucb_lcb,41.0,1.0,2.0,-6.305062294006348
ucb_lcb,42.0,1.0,2.0,-10.684968886896968
ucb_lcb,43.0,1.0,2.0,-3.2976575046777725
ucb_lcb,45.0,1.0,2.0,-24.66313123703003
ucb_lcb,46.0,1.0,2.0,-8.27615737915039
ucb_lcb,47.0,1.0,2.0,-21.438879787921906
ucb_lcb,48.0,1.0,2.0,-4.900020122528076
ucb_lcb,49.0,1.0,2.0,-0.17018118500709534
ucb_lcb,50.0,1.0,2.0,-8.938486099243164
ucb_lcb,51.0,1.0,2.0,-15.788204610347748
ucb_lcb,52.0,1.0,2.0,-3.4428186416625977
ucb_lcb,53.0,1.0,2.0,-3.409548044204712
ucb_lcb,54.0,1.0,2.0,-25.31074094772339
ucb_lcb,55.0,1.0,2.0,-9.208191394805908
ucb_lcb,56.0,1.0,2.0,-23.962038293480873
ucb_lcb,58.0,1.0,2.0,-3.0724270343780518
ucb_lcb,59.0,1.0,2.0,-5.387070178985596
ucb_lcb,60.0,1.0,2.0,-5.922369003295898
ucb_lcb,61.0,1.0,2.0,-12.823748588562012
ucb_lcb,64.0,1.0,2.0,-3.9721295833587646
ucb_lcb,65.0,1.0,2.0,-0.23491418547928333
ucb_lcb,66.0,1.0,2.0,-4.830566883087158
ucb_lcb,67.0,1.0,2.0,-4.634528160095215
ucb_lcb,68.0,1.0,2.0,-24.777936458587646
ucb_lcb,69.0,1.0,2.0,-46.07875981926918
ucb_lcb,70.0,1.0,2.0,-25.858408212661743
ucb_lcb,71.0,1.0,2.0,-5.7060322761535645
ucb_lcb,72.0,1.0,2.0,-26.664631366729736
ucb_lcb,73.0,1.0,2.0,-5.900336682796478
ucb_lcb,74.0,1.0,2.0,-1.26629226654768
ucb_lcb,75.0,1.0,2.0,-34.02336120605469
ucb_lcb,76.0,1.0,2.0,-22.380733281373978
ucb_lcb,77.0,1.0,2.0,-5.071600437164307
ucb_lcb,78.0,1.0,2.0,-0.7085799500346184
ucb_lcb,79.0,1.0,2.0,-32.55047451145947
ucb_lcb,80.0,1.0,2.0,-21.990964889526367
ucb_lcb,81.0,1.0,2.0,-20.489647388458252
ucb_lcb,82.0,1.0,2.0,-17.762242421507835
ucb_lcb,83.0,1.0,2.0,-0.0010002159251598641
ucb_lcb,84.0,1.0,2.0,-0.00565176410600543
ucb_lcb,85.0,1.0,2.0,-30.68746018409729
ucb_lcb,87.0,1.0,2.0,-3.487173080444336
ucb_lcb,88.0,1.0,2.0,-29.44475156068802
ucb_lcb,89.0,1.0,2.0,-12.430193424224854
ucb_lcb,90.0,1.0,2.0,-4.536698341369629
ucb_lcb,91.0,1.0,2.0,-6.49188756942749
ucb_lcb,92.0,1.0,2.0,-14.152005195617676
ucb_lcb,93.0,1.0,2.0,-0.03969043539837003
ucb_lcb,94.0,1.0,2.0,-6.182263374328613
ucb_lcb,95.0,1.0,2.0,-9.21034049987793
ucb_lcb,96.0,1.0,2.0,-1.5434025526046753
ucb_lcb,98.0,1.0,2.0,-24.314043283462524
ucb_lcb,99.0,1.0,2.0,-30.862427473068237
ucb_lcb,101.0,1.0,2.0,-9.21034049987793
ucb_lcb,102.0,1.0,2.0,-9.17722225189209
ucb_lcb,103.0,1.0,2.0,-9.616718389093876
ucb_lcb,104.0,1.0,2.0,-14.959938049316406
ucb_lcb,105.0,1.0,2.0,-27.75778865814209
ucb_lcb,106.0,1.0,2.0,-6.3236284255981445
ucb_lcb,107.0,1.0,2.0,-25.594468474388123
ucb_lcb,108.0,1.0,2.0,-10.318479806184769
ucb_lcb,109.0,1.0,2.0,-6.32402777671814
ucb_lcb,111.0,1.0,2.0,-23.223846197128296
ucb_lcb,112.0,1.0,2.0,-11.579395771026611
ucb_lcb,113.0,1.0,2.0,-5.033807277679443
ucb_lcb,114.0,1.0,2.0,-34.73625445365906
ucb_lcb,115.0,1.0,2.0,-2.7714896202087402
ucb_lcb,116.0,1.0,2.0,-21.74496026756242
ucb_lcb,117.0,1.0,2.0,-26.45467483997345
ucb_lcb,118.0,1.0,2.0,-8.753256440162659
ucb_lcb,119.0,1.0,2.0,-0.0010002159251598641
ucb_lcb,120.0,1.0,2.0,-7.06279182434082
ucb_lcb,121.0,1.0,2.0,-12.995861291885376
ucb_lcb,122.0,1.0,2.0,-19.00772511214018
ucb_lcb,123.0,1.0,2.0,-15.397902876138687
ucb_lcb,124.0,1.0,2.0,-21.902559772133827
ucb_lcb,125.0,1.0,2.0,-6.525093078613281
ucb_lcb,126.0,1.0,2.0,-2.47623348236084
ucb_lcb,128.0,1.0,2.0,-4.83039665222168
ucb_lcb,130.0,1.0,2.0,-30.42660665512085
ucb_lcb,131.0,1.0,2.0,-20.205978870391846
ucb_lcb,132.0,1.0,2.0,-29.523799300193787
ucb_lcb,133.0,1.0,2.0,-9.147455215454102
ucb_lcb,134.0,1.0,2.0,-3.373278260231018
ucb_lcb,135.0,1.0,2.0,-9.108124196529388
ucb_lcb,136.0,1.0,2.0,-11.31413221359253
ucb_lcb,137.0,1.0,2.0,-2.8169500827789307
ucb_lcb,138.0,1.0,2.0,-17.01923894882202
ucb_lcb,139.0,1.0,2.0,-15.708709716796875
ucb_lcb,140.0,1.0,2.0,-2.991241455078125
ucb_lcb,141.0,1.0,2.0,-9.211240694210574
ucb_lcb,142.0,1.0,2.0,-6.3593645095825195
ucb_lcb,143.0,1.0,2.0,-29.17397403717041
ucb_lcb,144.0,1.0,2.0,-27.416067004203796
ucb_lcb,145.0,1.0,2.0,-5.086634159088135
ucb_lcb,146.0,1.0,2.0,-34.22096633911133
ucb_lcb,147.0,1.0,2.0,-4.086575150489807
ucb_lcb,148.0,1.0,2.0,-16.733147025108337
ucb_lcb,149.0,1.0,2.0,-9.21034049987793
ucb_lcb,150.0,1.0,2.0,-14.848215281963348
ucb_lcb,151.0,1.0,2.0,-7.406345844268799
ucb_lcb,152.0,1.0,2.0,-21.675284028053284
ucb_lcb,153.0,1.0,2.0,-9.7420112490654
ucb_lcb,154.0,1.0,2.0,-4.966187000274658
ucb_lcb,155.0,1.0,2.0,-0.570549726486206
ucb_lcb,156.0,1.0,2.0,-22.185886025428772
ucb_lcb,158.0,1.0,2.0,-7.342925053089857
ucb_lcb,159.0,1.0,2.0,-5.022473335266113
ucb_lcb,160.0,1.0,2.0,-6.164993688464165
ucb_lcb,161.0,1.0,2.0,-10.857141971588135
ucb_lcb,162.0,1.0,2.0,-0.09580286219716072
ucb_lcb,163.0,1.0,2.0,-4.944308757781982
ucb_lcb,165.0,1.0,2.0,-5.060844627441838
ucb_lcb,166.0,1.0,2.0,-8.528318166732788
ucb_lcb,167.0,1.0,2.0,-16.85204803943634
ucb_lcb,168.0,1.0,2.0,-49.39512348175049
ucb_lcb,169.0,1.0,2.0,-13.959052085876465
ucb_lcb,170.0,1.0,2.0,-5.0578837394714355
ucb_lcb,171.0,1.0,2.0,-0.0010002159251598641
ucb_lcb,172.0,1.0,2.0,-3.169699192047119
ucb_lcb,173.0,1.0,2.0,-5.623459339141846
ucb_lcb,174.0,1.0,2.0,-5.174542427062988
ucb_lcb,175.0,1.0,2.0,-28.805447578430176
ucb_lcb,176.0,1.0,2.0,-16.17526602745056
ucb_lcb,177.0,1.0,2.0,-6.642838001251221
ucb_lcb,178.0,1.0,2.0,-8.92287015914917
ucb_lcb,179.0,1.0,2.0,-4.999025821685791
ucb_lcb,180.0,1.0,2.0,-4.835984706878662
ucb_lcb,181.0,1.0,2.0,-23.768842816352844
ucb_lcb,182.0,1.0,2.0,-50.79092240333557
ucb_lcb,183.0,1.0,2.0,-27.193296670913696
ucb_lcb,185.0,1.0,2.0,-5.472936153411865
ucb_lcb,186.0,1.0,2.0,-13.43256139755249
ucb_lcb,187.0,1.0,2.0,-3.5073089599609375
ucb_lcb,188.0,1.0,2.0,-0.30212684720754623
ucb_lcb,190.0,1.0,2.0,-8.008890122175217
ucb_lcb,191.0,1.0,2.0,-28.625351130962372
ucb_lcb,192.0,1.0,2.0,-4.838436603546143
ucb_lcb,193.0,1.0,2.0,-29.436527490615845
ucb_lcb,195.0,1.0,2.0,-9.563994884490967
ucb_lcb,196.0,1.0,2.0,-5.922145843505859
ucb_lcb,197.0,1.0,2.0,-11.91162633895874
ucb_lcb,198.0,1.0,2.0,-4.774571895599365
ucb_lcb,199.0,1.0,2.0,-19.687661588191986
ucb_lcb,200.0,1.0,2.0,-23.378145933151245
ucb_lcb,201.0,1.0,2.0,-2.9512548446655273
ucb_lcb,202.0,1.0,2.0,-21.113598495721817
ucb_lcb,203.0,1.0,2.0,-21.805180549621582
ucb_lcb,204.0,1.0,2.0,-9.14308962225914
ucb_lcb,205.0,1.0,2.0,-3.532735824584961
ucb_lcb,206.0,1.0,2.0,-4.777390956878662
ucb_lcb,207.0,1.0,2.0,-5.7372727394104
ucb_lcb,208.0,1.0,2.0,-17.014009460806847
ucb_lcb,209.0,1.0,2.0,-4.777620792388916
ucb_lcb,210.0,1.0,2.0,-0.17433197237551212
ucb_lcb,211.0,1.0,2.0,-4.624191761016846
ucb_lcb,212.0,1.0,2.0,-5.264852046966553
ucb_lcb,213.0,1.0,2.0,-24.40693837404251
ucb_lcb,214.0,1.0,2.0,-9.576547861099243
ucb_lcb,215.0,1.0,2.0,-19.946443989872932
ucb_lcb,216.0,1.0,2.0,-5.3488450050354
ucb_lcb,217.0,1.0,2.0,-7.9027470126748085
ucb_lcb,218.0,1.0,2.0,-9.617311030626297
ucb_lcb,219.0,1.0,2.0,-47.49794837273657
ucb_lcb,220.0,1.0,2.0,-9.21034049987793
ucb_lcb,221.0,1.0,2.0,-27.101303815841675
ucb_lcb,222.0,1.0,2.0,-29.329017400741577
ucb_lcb,223.0,1.0,2.0,-54.80309361219406
ucb_lcb,224.0,1.0,2.0,-2.6645978689193726
ucb_lcb,225.0,1.0,2.0,-5.940759658813477
ucb_lcb,226.0,1.0,2.0,-13.673583745956421
ucb_lcb,227.0,1.0,2.0,-23.51688313484192
ucb_lcb,228.0,1.0,2.0,-2.8733010292053223
ucb_lcb,229.0,1.0,2.0,-0.0014195967523846775
ucb_lcb,230.0,1.0,2.0,-34.54227614402771
ucb_lcb,231.0,1.0,2.0,-9.910379886627197
ucb_lcb,232.0,1.0,2.0,-9.531969547271729
ucb_lcb,233.0,1.0,2.0,-16.866939831525087
ucb_lcb,234.0,1.0,2.0,-5.301121711730957
ucb_lcb,236.0,1.0,2.0,-22.821997582912445
ucb_lcb,237.0,1.0,2.0,-5.117422580718994
ucb_lcb,239.0,1.0,2.0,-2.4186346530914307
ucb_lcb,240.0,1.0,2.0,-24.281468152999878
ucb_lcb,241.0,1.0,2.0,-31.668757796287537
ucb_lcb,242.0,1.0,2.0,-29.72609919309616
ucb_lcb,243.0,1.0,2.0,-4.775437831878662
ucb_lcb,244.0,1.0,2.0,-22.778718292713165
ucb_lcb,245.0,1.0,2.0,-0.0010002159251598641
ucb_lcb,246.0,1.0,2.0,-25.324838757514954
ucb_lcb,247.0,1.0,2.0,-28.057414531707764
ucb_lcb,248.0,1.0,2.0,-33.22974178195
ucb_lcb,249.0,1.0,2.0,-4.87265145778656
ucb_lcb,250.0,1.0,2.0,-33.688557386398315
ucb_lcb,252.0,1.0,2.0,-23.85276472568512
ucb_lcb,253.0,1.0,2.0,-4.931313991546631
ucb_lcb,254.0,1.0,2.0,-13.121204197406769
ucb_lcb,255.0,1.0,2.0,-18.200145721435547
ucb_lcb,257.0,1.0,2.0,-3.6559810638427734
ucb_lcb,258.0,1.0,2.0,-0.1857986692339182
ucb_lcb,259.0,1.0,2.0,-4.855459213256836
ucb_lcb,260.0,1.0,2.0,-27.93892228603363
ucb_lcb,261.0,1.0,2.0,-0.0020047056605108082
ucb_lcb,262.0,1.0,2.0,-24.23860192298889
ucb_lcb,263.0,1.0,2.0,-23.57959282398224
ucb_lcb,264.0,1.0,2.0,-37.391249895095825
ucb_lcb,266.0,1.0,2.0,-39.637675285339355
ucb_lcb,267.0,1.0,2.0,-27.199002981185913
ucb_lcb,268.0,1.0,2.0,-1.1868067905306816
ucb_lcb,269.0,1.0,2.0,-14.61298954486847
ucb_lcb,270.0,1.0,2.0,-1.0261750221252441
ucb_lcb,271.0,1.0,2.0,-17.971640825271606
ucb_lcb,272.0,1.0,2.0,-38.17895535053685
ucb_lcb,273.0,1.0,2.0,-24.649717271327972
ucb_lcb,274.0,1.0,2.0,-2.898165225982666
ucb_lcb,275.0,1.0,2.0,-0.10975096467882395
ucb_lcb,276.0,1.0,2.0,-0.0010002159251598641
ucb_lcb,277.0,1.0,2.0,-0.0010002159251598641
ucb_lcb,278.0,1.0,2.0,-5.153310775756836
ucb_lcb,279.0,1.0,2.0,-5.60092756152153
ucb_lcb,280.0,1.0,2.0,-5.274435043334961
ucb_lcb,282.0,1.0,2.0,-9.848536968231201
ucb_lcb,283.0,1.0,2.0,-2.0614170879125595
ucb_lcb,284.0,1.0,2.0,-27.116414546966553
ucb_lcb,285.0,1.0,2.0,-18.796383872628212
ucb_lcb,286.0,1.0,2.0,-4.7988080978393555
ucb_lcb,287.0,1.0,2.0,-31.75623469054699
ucb_lcb,288.0,1.0,2.0,-4.967634201049805
ucb_lcb,289.0,1.0,2.0,-12.709690809249878
ucb_lcb,290.0,1.0,2.0,-25.961183547973633
ucb_lcb,291.0,1.0,2.0,-10.12510061264038
ucb_lcb,292.0,1.0,2.0,-33.89969779551029
ucb_lcb,293.0,1.0,2.0,-11.640187412500381
ucb_lcb,294.0,1.0,2.0,-7.14352622628212
ucb_lcb,295.0,1.0,2.0,-10.209950029850006
ucb_lcb,296.0,1.0,2.0,-5.811181902885437
ucb_lcb,297.0,1.0,2.0,-28.611308574676514
ucb_lcb,298.0,1.0,2.0,-3.3271727561950684
ucb_lcb,299.0,1.0,2.0,-32.74584448337555
ucb_lcb,300.0,1.0,2.0,-2.0291452407836914
ucb_lcb,301.0,1.0,2.0,-9.21034049987793
ucb_lcb,302.0,1.0,2.0,-0.0010002159251598641
ucb_lcb,303.0,1.0,2.0,-5.050756931304932
ucb_lcb,304.0,1.0,2.0,-3.4033031463623047
ucb_lcb,305.0,1.0,2.0,-24.491013899445534
ucb_lcb,306.0,1.0,2.0,-10.631971597671509
ucb_lcb,307.0,1.0,2.0,-27.80194103717804
ucb_lcb,308.0,1.0,2.0,-5.423407554626465
ucb_lcb,309.0,1.0,2.0,-29.709794726222754
ucb_lcb,310.0,1.0,2.0,-25.809690237045288
ucb_lcb,311.0,1.0,2.0,-6.09640645980835
ucb_lcb,312.0,1.0,2.0,-5.260072708129883
ucb_lcb,313.0,1.0,2.0,-14.753084193915129
ucb_lcb,314.0,1.0,2.0,-34.046215653419495
ucb_lcb,315.0,1.0,2.0,-4.9909772872924805
ucb_lcb,316.0,1.0,2.0,-2.821600914001465
ucb_lcb,317.0,1.0,2.0,-26.145398139953613
ucb_lcb,318.0,1.0,2.0,-19.911486268043518
ucb_lcb,319.0,1.0,2.0,-3.2795629501342773
ucb_lcb,320.0,1.0,2.0,-32.82746970653534
ucb_lcb,321.0,1.0,2.0,-34.205475091934204
ucb_lcb,322.0,1.0,2.0,-15.22010072437115
ucb_lcb,323.0,1.0,2.0,-9.491792678833008
ucb_lcb,324.0,1.0,2.0,-27.190406560897827
ucb_lcb,325.0,1.0,2.0,-17.34241477958858
ucb_lcb,326.0,1.0,2.0,-0.5709525011479855
ucb_lcb,327.0,1.0,2.0,-5.182964265346527
ucb_lcb,328.0,1.0,2.0,-11.161176443099976
ucb_lcb,329.0,1.0,2.0,-4.8974456787109375
ucb_lcb,330.0,1.0,2.0,-0.0010002159251598641
ucb_lcb,331.0,1.0,2.0,-5.450510025024414
ucb_lcb,332.0,1.0,2.0,-6.030153274536133
ucb_lcb,333.0,1.0,2.0,-3.152569890022278
ucb_lcb,334.0,1.0,2.0,-4.867015838623047
ucb_lcb,336.0,1.0,2.0,-0.0010002159251598641
ucb_lcb,337.0,1.0,2.0,-0.8233820348978043
ucb_lcb,338.0,1.0,2.0,-9.64202618598938
ucb_lcb,340.0,1.0,2.0,-12.226115703582764
ucb_lcb,341.0,1.0,2.0,-10.407056331634521
ucb_lcb,342.0,1.0,2.0,-15.20613694190979
ucb_lcb,343.0,1.0,2.0,-12.919321417808533
ucb_lcb,344.0,1.0,2.0,-27.219522714614868
ucb_lcb,346.0,1.0,2.0,-1.0172654390335083
ucb_lcb,347.0,1.0,2.0,-23.42098093032837
ucb_lcb,348.0,1.0,2.0,-0.7883692607283592
ucb_lcb,350.0,1.0,2.0,-0.0010002159251598641
ucb_lcb,351.0,1.0,2.0,-20.53900110721588
ucb_lcb,352.0,1.0,2.0,-34.44214081764221
ucb_lcb,353.0,1.0,2.0,-4.822017669677734
ucb_lcb,354.0,1.0,2.0,-4.794394493103027
ucb_lcb,355.0,1.0,2.0,-0.0010002159251598641
ucb_lcb,356.0,1.0,2.0,-9.21034049987793
ucb_lcb,357.0,1.0,2.0,-7.507560729980469
ucb_lcb,358.0,1.0,2.0,-3.1698060035705566
ucb_lcb,359.0,1.0,2.0,-11.092618867754936
ucb_lcb,361.0,1.0,2.0,-6.649175643920898
ucb_lcb,362.0,1.0,2.0,-26.1779226064682
ucb_lcb,363.0,1.0,2.0,-16.903545141220093
ucb_lcb,364.0,1.0,2.0,-4.868505954742432
ucb_lcb,365.0,1.0,2.0,-36.94133644737303
ucb_lcb,367.0,1.0,2.0,-41.993640184402466
ucb_lcb,368.0,1.0,2.0,-5.661464214324951
ucb_lcb,369.0,1.0,2.0,-5.022591590881348
ucb_lcb,371.0,1.0,2.0,-38.13692283630371
ucb_lcb,372.0,1.0,2.0,-21.028086185455322
ucb_lcb,373.0,1.0,2.0,-16.548005163669586
ucb_lcb,374.0,1.0,2.0,-4.355386734008789
ucb_lcb,375.0,1.0,2.0,-4.7497100830078125
ucb_lcb,376.0,1.0,2.0,-10.946996688842773
ucb_lcb,377.0,1.0,2.0,-9.2304847240448
ucb_lcb,378.0,1.0,2.0,-6.066465616226196
ucb_lcb,379.0,1.0,2.0,-24.868286073207855
ucb_lcb,380.0,1.0,2.0,-9.327107906341553
ucb_lcb,381.0,1.0,2.0,-0.0010002159251598641
ucb_lcb,382.0,1.0,2.0,-9.586011409759521
ucb_lcb,383.0,1.0,2.0,-18.420781021348375
ucb_lcb,384.0,1.0,2.0,-5.265549659729004
ucb_lcb,385.0,1.0,2.0,-18.446940968497074
ucb_lcb,386.0,1.0,2.0,-39.197731256484985
ucb_lcb,387.0,1.0,2.0,-16.505057901144028
ucb_lcb,388.0,1.0,2.0,-6.928722381591797
ucb_lcb,389.0,1.0,2.0,-4.778578281402588
ucb_lcb,390.0,1.0,2.0,-29.922180652618408
ucb_lcb,391.0,1.0,2.0,-7.9243998527526855
ucb_lcb,392.0,1.0,2.0,-40.194223031401634
ucb_lcb,393.0,1.0,2.0,-40.46415066719055
ucb_lcb,394.0,1.0,2.0,-24.397479981184006
ucb_lcb,395.0,1.0,2.0,-7.528074532747269
ucb_lcb,396.0,1.0,2.0,-38.055115699768066
ucb_lcb,397.0,1.0,2.0,-7.0612406730651855
ucb_lcb,398.0,1.0,2.0,-30.24441170692444
ucb_lcb,399.0,1.0,2.0,-27.29353356361389
ucb_lcb,400.0,1.0,2.0,-26.021039094775915
ucb_lcb,401.0,1.0,2.0,-21.29451522231102
ucb_lcb,402.0,1.0,2.0,-25.065167903900146
ucb_lcb,403.0,1.0,2.0,-21.867507725954056
ucb_lcb,404.0,1.0,2.0,-27.706503748893738
ucb_lcb,405.0,1.0,2.0,-24.191545486450195
ucb_lcb,407.0,1.0,2.0,-4.781559944152832
ucb_lcb,408.0,1.0,2.0,-4.729743003845215
ucb_lcb,409.0,1.0,2.0,-0.0010002159251598641
ucb_lcb,410.0,1.0,2.0,-19.71798086166382
ucb_lcb,412.0,1.0,2.0,-27.931771755218506
ucb_lcb,413.0,1.0,2.0,-27.459097743034363
ucb_lcb,414.0,1.0,2.0,-15.247722744941711
ucb_lcb,415.0,1.0,2.0,-10.520862102508545
ucb_lcb,416.0,1.0,2.0,-24.640272855758667
ucb_lcb,417.0,1.0,2.0,-34.332460165023804
ucb_lcb,418.0,1.0,2.0,-1.6827438175678253
ucb_lcb,419.0,1.0,2.0,-1.830318570137024
ucb_lcb,420.0,1.0,2.0,-18.27072225511074
ucb_lcb,421.0,1.0,2.0,-0.26728841848671436
ucb_lcb,422.0,1.0,2.0,-0.1311194133013487
ucb_lcb,424.0,1.0,2.0,-7.247446537017822
ucb_lcb,425.0,1.0,2.0,-2.766967296600342
ucb_lcb,426.0,1.0,2.0,-9.84800100326538
ucb_lcb,428.0,1.0,2.0,-3.011658191680908
ucb_lcb,429.0,1.0,2.0,-14.880445450544357
ucb_lcb,430.0,1.0,2.0,-4.868892669677734
ucb_lcb,431.0,1.0,2.0,-7.212296485900879
ucb_lcb,432.0,1.0,2.0,-19.18752908706665
ucb_lcb,433.0,1.0,2.0,-9.21034049987793
ucb_lcb,434.0,1.0,2.0,-29.638689517974854
ucb_lcb,435.0,1.0,2.0,-13.024315595626831
ucb_lcb,436.0,1.0,2.0,-3.4763259887695312
ucb_lcb,437.0,1.0,2.0,-4.597410678863525
ucb_lcb,438.0,1.0,2.0,-8.693558394908905
ucb_lcb,439.0,1.0,2.0,-17.601495209150016
ucb_lcb,440.0,1.0,2.0,-4.809501647949219
ucb_lcb,441.0,1.0,2.0,-17.520988941192627
ucb_lcb,442.0,1.0,2.0,-0.0010002159251598641
ucb_lcb,443.0,1.0,2.0,-9.21034049987793
ucb_lcb,444.0,1.0,2.0,-6.514197587966919
ucb_lcb,445.0,1.0,2.0,-36.84136199951172
ucb_lcb,446.0,1.0,2.0,-9.21034049987793
ucb_lcb,447.0,1.0,2.0,-8.940818410366774
ucb_lcb,448.0,1.0,2.0,-18.612840056419373
ucb_lcb,449.0,1.0,2.0,-4.821349143981934
ucb_lcb,450.0,1.0,2.0,-30.488136291503906
ucb_lcb,451.0,1.0,2.0,-9.969646453857422
ucb_lcb,452.0,1.0,2.0,-24.627975583076477
ucb_lcb,453.0,1.0,2.0,-32.03682780265808
ucb_lcb,454.0,1.0,2.0,-30.347219958901405
ucb_lcb,455.0,1.0,2.0,-1.853290593251586
ucb_lcb,456.0,1.0,2.0,-28.82758855819702
ucb_lcb,457.0,1.0,2.0,-3.057201385498047
ucb_lcb,458.0,1.0,2.0,-28.60805058479309
ucb_lcb,459.0,1.0,2.0,-7.055107146501541
ucb_lcb,460.0,1.0,2.0,-4.0716025829315186
ucb_lcb,461.0,1.0,2.0,-9.21034049987793
ucb_lcb,462.0,1.0,2.0,-7.5518999099731445
ucb_lcb,463.0,1.0,2.0,-5.048007488250732
ucb_lcb,464.0,1.0,2.0,-1.1320085525512695
ucb_lcb,465.0,1.0,2.0,-6.746156215667725
ucb_lcb,466.0,1.0,2.0,-38.932140082120895
ucb_lcb,467.0,1.0,2.0,-19.501083225011826
ucb_lcb,468.0,1.0,2.0,-14.474803261458874
ucb_lcb,469.0,1.0,2.0,-5.616767406463623
ucb_lcb,470.0,1.0,2.0,-9.272161483764648
ucb_lcb,471.0,1.0,2.0,-27.049660205841064
ucb_lcb,472.0,1.0,2.0,-4.937962055206299
ucb_lcb,473.0,1.0,2.0,-5.4800591468811035
ucb_lcb,474.0,1.0,2.0,-19.01291251182556
ucb_lcb,475.0,1.0,2.0,-2.6103739738464355
ucb_lcb,476.0,1.0,2.0,-0.07806162117049098
ucb_lcb,477.0,1.0,2.0,-27.760488510131836
ucb_lcb,478.0,1.0,2.0,-9.074838161468506
ucb_lcb,479.0,1.0,2.0,-3.8980748653411865
ucb_lcb,480.0,1.0,2.0,-28.52230329811573
ucb_lcb,481.0,1.0,2.0,-16.551380217075348
ucb_lcb,482.0,1.0,2.0,-8.344359397888184
ucb_lcb,483.0,1.0,2.0,-5.563513278961182
ucb_lcb,484.0,1.0,2.0,-21.376282811164856
ucb_lcb,485.0,1.0,2.0,-4.534659385681152
ucb_lcb,486.0,1.0,2.0,-5.4622931480407715
ucb_lcb,487.0,1.0,2.0,-4.866695404052734
ucb_lcb,488.0,1.0,2.0,-33.71823309620959
ucb_lcb,490.0,1.0,2.0,-5.389797210693359
ucb_lcb,491.0,1.0,2.0,-5.368973255157471
ucb_lcb,492.0,1.0,2.0,-37.56609010696411
ucb_lcb,493.0,1.0,2.0,-6.327654017135501
ucb_lcb,494.0,1.0,2.0,-60.322171568870544
ucb_lcb,495.0,1.0,2.0,-14.176890343427658
ucb_lcb,496.0,1.0,2.0,-22.199770776554942
ucb_b0,1.0,1.0,2.0,-4.804224967956543
ucb_b0,2.0,1.0,2.0,-4.984961986541748
ucb_b0,3.0,1.0,2.0,-14.037981629371643
ucb_b0,4.0,1.0,2.0,-4.849184513092041
ucb_b0,5.0,1.0,2.0,-4.806436538696289
ucb_b0,6.0,1.0,2.0,-4.846045970916748
ucb_b0,7.0,1.0,2.0,-3.2187390327453613
ucb_b0,8.0,1.0,2.0,-17.656214624643326
ucb_b0,9.0,1.0,2.0,-24.380950450897217
ucb_b0,10.0,1.0,2.0,-4.9386820793151855
ucb_b0,11.0,1.0,2.0,-4.8595290184021
ucb_b0,12.0,1.0,2.0,-3.9101502895355225
ucb_b0,13.0,1.0,2.0,-28.943779587745667
ucb_b0,14.0,1.0,2.0,-29.4371120929718
ucb_b0,15.0,1.0,2.0,-9.21034049987793
ucb_b0,16.0,1.0,2.0,-6.421075344085693
ucb_b0,17.0,1.0,2.0,-5.251304540783167
ucb_b0,18.0,1.0,2.0,-4.949592590332031
ucb_b0,19.0,1.0,2.0,-4.933940410614014
ucb_b0,20.0,1.0,2.0,-18.46280212700367
ucb_b0,21.0,1.0,2.0,-5.56783789396286
ucb_b0,22.0,1.0,2.0,-0.5856933295726776
ucb_b0,23.0,1.0,2.0,-16.513274788856506
ucb_b0,24.0,1.0,2.0,-8.676977440714836
ucb_b0,25.0,1.0,2.0,-32.1723358631134
ucb_b0,26.0,1.0,2.0,-9.545258522033691
ucb_b0,27.0,1.0,2.0,-31.704070568084717
ucb_b0,28.0,1.0,2.0,-0.3877001628279686
ucb_b0,29.0,1.0,2.0,-24.03451979160309
ucb_b0,30.0,1.0,2.0,-7.569998264312744
ucb_b0,32.0,1.0,2.0,-3.79065203666687
ucb_b0,33.0,1.0,2.0,-18.42068099975586
ucb_b0,34.0,1.0,2.0,-16.47514820098877
ucb_b0,35.0,1.0,2.0,-3.2739835679531097
ucb_b0,36.0,1.0,2.0,-12.903153657913208
ucb_b0,37.0,1.0,2.0,-39.71630644798279
ucb_b0,38.0,1.0,2.0,-0.3650915175676346
ucb_b0,39.0,1.0,2.0,-19.48777675628662
ucb_b0,40.0,1.0,2.0,-35.599524974823
ucb_b0,41.0,1.0,2.0,-5.460646629333496
ucb_b0,42.0,1.0,2.0,-9.420284452382475
ucb_b0,43.0,1.0,2.0,-3.2882391214370728
ucb_b0,45.0,1.0,2.0,-23.556403875350952
ucb_b0,46.0,1.0,2.0,-7.580292701721191
ucb_b0,47.0,1.0,2.0,-26.58567976951599
ucb_b0,48.0,1.0,2.0,-5.097008228302002
ucb_b0,49.0,1.0,2.0,-13.616307973861694
ucb_b0,50.0,1.0,2.0,-8.652579545974731
ucb_b0,51.0,1.0,2.0,-15.573237419128418
ucb_b0,52.0,1.0,2.0,-4.6799397468566895
ucb_b0,53.0,1.0,2.0,-3.454296112060547
ucb_b0,54.0,1.0,2.0,-27.100725650787354
ucb_b0,55.0,1.0,2.0,-9.1827712059021
ucb_b0,56.0,1.0,2.0,-27.124908089637756
ucb_b0,58.0,1.0,2.0,-3.1676857471466064
ucb_b0,59.0,1.0,2.0,-5.449444770812988
ucb_b0,60.0,1.0,2.0,-4.980750560760498
ucb_b0,61.0,1.0,2.0,-11.105583190917969
ucb_b0,64.0,1.0,2.0,-3.6520023345947266
ucb_b0,65.0,1.0,2.0,-10.147381782531738
ucb_b0,66.0,1.0,2.0,-3.446359395980835
ucb_b0,67.0,1.0,2.0,-3.5139975547790527
ucb_b0,68.0,1.0,2.0,-21.64819884300232
ucb_b0,69.0,1.0,2.0,-30.51538309454918
ucb_b0,70.0,1.0,2.0,-24.793001294136047
ucb_b0,71.0,1.0,2.0,-6.007547855377197
ucb_b0,72.0,1.0,2.0,-28.81503403186798
ucb_b0,73.0,1.0,2.0,-8.474311083555222
ucb_b0,74.0,1.0,2.0,-7.9390586614608765
ucb_b0,75.0,1.0,2.0,-30.09312915802002
ucb_b0,76.0,1.0,2.0,-28.225188970565796
ucb_b0,77.0,1.0,2.0,-4.939223766326904
ucb_b0,78.0,1.0,2.0,-0.0010002159251598641
ucb_b0,79.0,1.0,2.0,-64.80008871362952
ucb_b0,80.0,1.0,2.0,-25.64884901046753
ucb_b0,81.0,1.0,2.0,-34.84675312042236
ucb_b0,82.0,1.0,2.0,-35.522568225860596
ucb_b0,83.0,1.0,2.0,-0.027237040223553777
ucb_b0,84.0,1.0,2.0,-0.10444680787622929
ucb_b0,85.0,1.0,2.0,-32.000298738479614
ucb_b0,87.0,1.0,2.0,-4.477647304534912
ucb_b0,88.0,1.0,2.0,-30.92852222919464
ucb_b0,89.0,1.0,2.0,-12.338536500930786
ucb_b0,90.0,1.0,2.0,-4.541743755340576
ucb_b0,91.0,1.0,2.0,-4.298799514770508
ucb_b0,92.0,1.0,2.0,-13.33696460723877
ucb_b0,93.0,1.0,2.0,-0.0010002159251598641
ucb_b0,94.0,1.0,2.0,-5.24061393737793
ucb_b0,95.0,1.0,2.0,-6.358016490936279
ucb_b0,96.0,1.0,2.0,-2.461362600326538
ucb_b0,98.0,1.0,2.0,-22.601404428482056
ucb_b0,99.0,1.0,2.0,-31.617438316345215
ucb_b0,101.0,1.0,2.0,-3.7031896114349365
ucb_b0,102.0,1.0,2.0,-7.67026424407959
ucb_b0,103.0,1.0,2.0,-16.373139917850494
ucb_b0,104.0,1.0,2.0,-15.198653221130371
ucb_b0,105.0,1.0,2.0,-28.676644563674927
ucb_b0,106.0,1.0,2.0,-5.404548168182373
ucb_b0,107.0,1.0,2.0,-33.51770567893982
ucb_b0,108.0,1.0,2.0,-10.387628883123398
ucb_b0,109.0,1.0,2.0,-8.819092750549316
ucb_b0,111.0,1.0,2.0,-20.431046724319458
ucb_b0,112.0,1.0,2.0,-17.05659031867981
ucb_b0,113.0,1.0,2.0,-5.668105125427246
ucb_b0,114.0,1.0,2.0,-24.06024169921875
ucb_b0,115.0,1.0,2.0,-4.082704544067383
ucb_b0,116.0,1.0,2.0,-21.01812133193016
ucb_b0,117.0,1.0,2.0,-35.35121130943298
ucb_b0,118.0,1.0,2.0,-7.34561961889267
ucb_b0,119.0,1.0,2.0,-0.0010002159251598641
ucb_b0,120.0,1.0,2.0,-5.0006232261657715
ucb_b0,121.0,1.0,2.0,-13.811137199401855
ucb_b0,122.0,1.0,2.0,-18.215501368045807
ucb_b0,123.0,1.0,2.0,-13.505422919988632
ucb_b0,124.0,1.0,2.0,-20.05069273710251
ucb_b0,125.0,1.0,2.0,-7.807140350341797
ucb_b0,126.0,1.0,2.0,-3.4098057746887207
ucb_b0,128.0,1.0,2.0,-4.967257499694824
ucb_b0,130.0,1.0,2.0,-28.503843903541565
ucb_b0,131.0,1.0,2.0,-18.630319476127625
ucb_b0,132.0,1.0,2.0,-34.2467098236084
ucb_b0,133.0,1.0,2.0,-9.37869906425476
ucb_b0,134.0,1.0,2.0,-5.575895309448242
ucb_b0,135.0,1.0,2.0,-9.323528230190277
ucb_b0,136.0,1.0,2.0,-13.409186363220215
ucb_b0,137.0,1.0,2.0,-2.7559502124786377
ucb_b0,138.0,1.0,2.0,-15.570464611053467
ucb_b0,139.0,1.0,2.0,-15.989047050476074
ucb_b0,140.0,1.0,2.0,-4.557218551635742
ucb_b0,141.0,1.0,2.0,-9.211240694210574
ucb_b0,142.0,1.0,2.0,-6.710671842098236
ucb_b0,143.0,1.0,2.0,-22.385146617889404
ucb_b0,144.0,1.0,2.0,-28.314610838890076
ucb_b0,145.0,1.0,2.0,-4.246703147888184
ucb_b0,146.0,1.0,2.0,-33.850608110427856
ucb_b0,147.0,1.0,2.0,-4.272496461868286
ucb_b0,148.0,1.0,2.0,-40.133925437927246
ucb_b0,149.0,1.0,2.0,-5.157093524932861
ucb_b0,150.0,1.0,2.0,-24.4364812374115
ucb_b0,151.0,1.0,2.0,-13.171064853668213
ucb_b0,152.0,1.0,2.0,-22.360204696655273
ucb_b0,153.0,1.0,2.0,-16.936573386192322
ucb_b0,154.0,1.0,2.0,-5.203941345214844
ucb_b0,155.0,1.0,2.0,-1.3785873353481293
ucb_b0,156.0,1.0,2.0,-27.603954792022705
ucb_b0,158.0,1.0,2.0,-4.886035425588489
ucb_b0,159.0,1.0,2.0,-5.360095977783203
ucb_b0,160.0,1.0,2.0,-5.804152756929398
ucb_b0,161.0,1.0,2.0,-11.265043497085571
ucb_b0,162.0,1.0,2.0,-0.20036382414400578
ucb_b0,163.0,1.0,2.0,-4.992826461791992
ucb_b0,165.0,1.0,2.0,-6.472273752093315
ucb_b0,166.0,1.0,2.0,-9.737761974334717
ucb_b0,167.0,1.0,2.0,-19.019478678703308
ucb_b0,168.0,1.0,2.0,-46.95115685462952
ucb_b0,169.0,1.0,2.0,-15.120875835418701
ucb_b0,170.0,1.0,2.0,-5.397274494171143
ucb_b0,171.0,1.0,2.0,-0.06764816166833043
ucb_b0,172.0,1.0,2.0,-4.6132121086120605
ucb_b0,173.0,1.0,2.0,-5.288785934448242
ucb_b0,174.0,1.0,2.0,-5.354481220245361
ucb_b0,175.0,1.0,2.0,-32.02219796180725
ucb_b0,176.0,1.0,2.0,-17.74516749382019
ucb_b0,177.0,1.0,2.0,-9.87971305847168
ucb_b0,178.0,1.0,2.0,-9.845556259155273
ucb_b0,179.0,1.0,2.0,-4.727328777313232
ucb_b0,180.0,1.0,2.0,-4.905297756195068
ucb_b0,181.0,1.0,2.0,-13.39156860113144
ucb_b0,182.0,1.0,2.0,-34.04019641876221
ucb_b0,183.0,1.0,2.0,-25.483963549137115
ucb_b0,185.0,1.0,2.0,-5.50004768371582
ucb_b0,186.0,1.0,2.0,-12.938658237457275
ucb_b0,187.0,1.0,2.0,-3.6282029151916504
ucb_b0,188.0,1.0,2.0,-0.7039433307945728
ucb_b0,190.0,1.0,2.0,-9.436682939529419
ucb_b0,191.0,1.0,2.0,-25.08642202615738
ucb_b0,192.0,1.0,2.0,-5.061336994171143
ucb_b0,193.0,1.0,2.0,-38.08423697948456
ucb_b0,195.0,1.0,2.0,-10.184834003448486
ucb_b0,196.0,1.0,2.0,-4.877525806427002
ucb_b0,197.0,1.0,2.0,-11.334195852279663
ucb_b0,198.0,1.0,2.0,-4.8944783210754395
ucb_b0,199.0,1.0,2.0,-22.950507819652557
ucb_b0,200.0,1.0,2.0,-23.678511142730713
ucb_b0,201.0,1.0,2.0,-4.319549083709717
ucb_b0,202.0,1.0,2.0,-22.948259249329567
ucb_b0,203.0,1.0,2.0,-21.39107656478882
ucb_b0,204.0,1.0,2.0,-12.944649696350098
ucb_b0,205.0,1.0,2.0,-3.3032498359680176
ucb_b0,206.0,1.0,2.0,-4.826159477233887
ucb_b0,207.0,1.0,2.0,-6.15578556060791
ucb_b0,208.0,1.0,2.0,-31.40514039993286
ucb_b0,209.0,1.0,2.0,-4.86724853515625
ucb_b0,210.0,1.0,2.0,-0.0921072531491518
ucb_b0,211.0,1.0,2.0,-3.4035539627075195
ucb_b0,212.0,1.0,2.0,-4.697385787963867
ucb_b0,213.0,1.0,2.0,-27.82053565979004
ucb_b0,214.0,1.0,2.0,-8.940417289733887
ucb_b0,215.0,1.0,2.0,-22.768283188343048
ucb_b0,216.0,1.0,2.0,-5.487265586853027
ucb_b0,217.0,1.0,2.0,-7.590741898864508
ucb_b0,218.0,1.0,2.0,-14.54981553554535
ucb_b0,219.0,1.0,2.0,-23.030371844768524
ucb_b0,220.0,1.0,2.0,-9.21034049987793
ucb_b0,221.0,1.0,2.0,-21.50254452228546
ucb_b0,222.0,1.0,2.0,-29.823748469352722
ucb_b0,223.0,1.0,2.0,-34.99038863182068
ucb_b0,224.0,1.0,2.0,-6.398613810539246
ucb_b0,225.0,1.0,2.0,-8.831340789794922
ucb_b0,226.0,1.0,2.0,-13.094555377960205
ucb_b0,227.0,1.0,2.0,-23.08402371406555
ucb_b0,228.0,1.0,2.0,-2.589076042175293
ucb_b0,229.0,1.0,2.0,-11.712442636489868
ucb_b0,230.0,1.0,2.0,-37.194432497024536
ucb_b0,231.0,1.0,2.0,-10.344404697418213
ucb_b0,232.0,1.0,2.0,-9.769505977630615
ucb_b0,233.0,1.0,2.0,-7.866437181830406
ucb_b0,234.0,1.0,2.0,-4.805377006530762
ucb_b0,236.0,1.0,2.0,-19.637471795082092
ucb_b0,237.0,1.0,2.0,-4.937655925750732
ucb_b0,239.0,1.0,2.0,-4.135167598724365
ucb_b0,240.0,1.0,2.0,-21.57330322265625
ucb_b0,241.0,1.0,2.0,-27.472718596458435
ucb_b0,242.0,1.0,2.0,-26.31476891040802
ucb_b0,243.0,1.0,2.0,-4.885092258453369
ucb_b0,244.0,1.0,2.0,-23.880444765090942
ucb_b0,245.0,1.0,2.0,-0.05361241055652499
ucb_b0,246.0,1.0,2.0,-30.305028438568115
ucb_b0,247.0,1.0,2.0,-26.949817657470703
ucb_b0,248.0,1.0,2.0,-36.07791519165039
ucb_b0,249.0,1.0,2.0,-8.873841762542725
ucb_b0,250.0,1.0,2.0,-38.65222084522247
ucb_b0,252.0,1.0,2.0,-20.087277740240097
ucb_b0,253.0,1.0,2.0,-4.761404991149902
ucb_b0,254.0,1.0,2.0,-12.986947059631348
ucb_b0,255.0,1.0,2.0,-17.843453407287598
ucb_b0,257.0,1.0,2.0,-3.8445029258728027
ucb_b0,258.0,1.0,2.0,-0.304625678807497
ucb_b0,259.0,1.0,2.0,-4.9922003746032715
ucb_b0,260.0,1.0,2.0,-27.292381405830383
ucb_b0,261.0,1.0,2.0,-0.0010002159251598641
ucb_b0,262.0,1.0,2.0,-25.196913838386536
ucb_b0,263.0,1.0,2.0,-22.603468537330627
ucb_b0,264.0,1.0,2.0,-32.97857904434204
ucb_b0,266.0,1.0,2.0,-35.094545125961304
ucb_b0,267.0,1.0,2.0,-30.31913137435913
ucb_b0,268.0,1.0,2.0,-0.9771820828318596
ucb_b0,269.0,1.0,2.0,-12.956546783447266
ucb_b0,270.0,1.0,2.0,-1.0207716822624207
ucb_b0,271.0,1.0,2.0,-23.53346347808838
ucb_b0,272.0,1.0,2.0,-41.60524483118206
ucb_b0,273.0,1.0,2.0,-29.015723824501038
ucb_b0,274.0,1.0,2.0,-2.6074318885803223
ucb_b0,275.0,1.0,2.0,-0.0897047407925129
ucb_b0,276.0,1.0,2.0,-0.39959928020834923
ucb_b0,277.0,1.0,2.0,-0.005195314210141078
ucb_b0,278.0,1.0,2.0,-4.813434600830078
ucb_b0,279.0,1.0,2.0,-6.264112651348114
ucb_b0,280.0,1.0,2.0,-4.87988805770874
ucb_b0,282.0,1.0,2.0,-10.707841873168945
ucb_b0,283.0,1.0,2.0,-0.16918048821389675
ucb_b0,284.0,1.0,2.0,-31.01918137073517
ucb_b0,285.0,1.0,2.0,-23.16636037826538
ucb_b0,286.0,1.0,2.0,-4.944149017333984
ucb_b0,287.0,1.0,2.0,-37.39785671234131
ucb_b0,288.0,1.0,2.0,-5.246669292449951
ucb_b0,289.0,1.0,2.0,-14.568685531616211
ucb_b0,290.0,1.0,2.0,-31.919962882995605
ucb_b0,291.0,1.0,2.0,-10.185422897338867
ucb_b0,292.0,1.0,2.0,-29.365236341953278
ucb_b0,293.0,1.0,2.0,-9.678547471761703
ucb_b0,294.0,1.0,2.0,-9.268155813217163
ucb_b0,295.0,1.0,2.0,-10.397124767303467
ucb_b0,296.0,1.0,2.0,-9.003637254238129
ucb_b0,297.0,1.0,2.0,-30.901612520217896
ucb_b0,298.0,1.0,2.0,-4.479639053344727
ucb_b0,299.0,1.0,2.0,-30.681735396385193
ucb_b0,300.0,1.0,2.0,-2.0256708413362503
ucb_b0,301.0,1.0,2.0,-9.21034049987793
ucb_b0,302.0,1.0,2.0,-0.0014584024611394852
ucb_b0,303.0,1.0,2.0,-5.101673603057861
ucb_b0,304.0,1.0,2.0,-3.5597405433654785
ucb_b0,305.0,1.0,2.0,-32.48593509197235
ucb_b0,306.0,1.0,2.0,-11.186346292495728
ucb_b0,307.0,1.0,2.0,-26.56534194946289
ucb_b0,308.0,1.0,2.0,-5.30007791519165
ucb_b0,309.0,1.0,2.0,-30.1215900182724
ucb_b0,310.0,1.0,2.0,-26.93332839012146
ucb_b0,311.0,1.0,2.0,-4.922889232635498
ucb_b0,312.0,1.0,2.0,-4.104740619659424
ucb_b0,313.0,1.0,2.0,-29.62039303779602
ucb_b0,314.0,1.0,2.0,-37.86634612083435
ucb_b0,315.0,1.0,2.0,-4.919371128082275
ucb_b0,316.0,1.0,2.0,-3.1529749035835266
ucb_b0,317.0,1.0,2.0,-26.175118565559387
ucb_b0,318.0,1.0,2.0,-19.84332448244095
ucb_b0,319.0,1.0,2.0,-3.9011178016662598
ucb_b0,320.0,1.0,2.0,-33.772355794906616
ucb_b0,321.0,1.0,2.0,-32.50193929672241
ucb_b0,322.0,1.0,2.0,-24.814029574394226
ucb_b0,323.0,1.0,2.0,-9.48362024128437
ucb_b0,324.0,1.0,2.0,-31.94034504890442
ucb_b0,325.0,1.0,2.0,-18.421481172495987
ucb_b0,326.0,1.0,2.0,-7.741892457008362
ucb_b0,327.0,1.0,2.0,-5.8102889358997345
ucb_b0,328.0,1.0,2.0,-17.120919227600098
ucb_b0,329.0,1.0,2.0,-4.4682698249816895
ucb_b0,330.0,1.0,2.0,-0.0010002159251598641
ucb_b0,331.0,1.0,2.0,-9.21034049987793
ucb_b0,332.0,1.0,2.0,-7.048094272613525
ucb_b0,333.0,1.0,2.0,-7.786587715148926
ucb_b0,334.0,1.0,2.0,-4.997643947601318
ucb_b0,336.0,1.0,2.0,-0.429341122508049
ucb_b0,337.0,1.0,2.0,-1.9082751721143723
ucb_b0,338.0,1.0,2.0,-9.847881317138672
ucb_b0,340.0,1.0,2.0,-13.816957473754883
ucb_b0,341.0,1.0,2.0,-10.448451519012451
ucb_b0,342.0,1.0,2.0,-13.83511221408844
ucb_b0,343.0,1.0,2.0,-14.50329327583313
ucb_b0,344.0,1.0,2.0,-30.84209442138672
ucb_b0,346.0,1.0,2.0,-4.041388034820557
ucb_b0,347.0,1.0,2.0,-24.66995668411255
ucb_b0,348.0,1.0,2.0,-0.39652589336037636
ucb_b0,350.0,1.0,2.0,-0.012338404776528478
ucb_b0,351.0,1.0,2.0,-20.177303314208984
ucb_b0,352.0,1.0,2.0,-35.901448488235474
ucb_b0,353.0,1.0,2.0,-4.900673866271973
ucb_b0,354.0,1.0,2.0,-4.944057941436768
ucb_b0,355.0,1.0,2.0,-0.0010002159251598641
ucb_b0,356.0,1.0,2.0,-9.21034049987793
ucb_b0,357.0,1.0,2.0,-5.408520698547363
ucb_b0,358.0,1.0,2.0,-3.918407917022705
ucb_b0,359.0,1.0,2.0,-11.96617166697979
ucb_b0,361.0,1.0,2.0,-5.368061542510986
ucb_b0,362.0,1.0,2.0,-25.377084255218506
ucb_b0,363.0,1.0,2.0,-25.13123106956482
ucb_b0,364.0,1.0,2.0,-4.97971773147583
ucb_b0,365.0,1.0,2.0,-30.20140842348337
ucb_b0,367.0,1.0,2.0,-27.493566274642944
ucb_b0,368.0,1.0,2.0,-6.271729946136475
ucb_b0,369.0,1.0,2.0,-5.323418617248535
ucb_b0,371.0,1.0,2.0,-40.30156683921814
ucb_b0,372.0,1.0,2.0,-21.2886905670166
ucb_b0,373.0,1.0,2.0,-20.668902337551117
ucb_b0,374.0,1.0,2.0,-4.110601425170898
ucb_b0,375.0,1.0,2.0,-4.829933166503906
ucb_b0,376.0,1.0,2.0,-11.145670890808105
ucb_b0,377.0,1.0,2.0,-10.579963147640228
ucb_b0,378.0,1.0,2.0,-6.664445877075195
ucb_b0,379.0,1.0,2.0,-29.27739918231964
ucb_b0,380.0,1.0,2.0,-12.49711012840271
ucb_b0,381.0,1.0,2.0,-0.002170798645238392
ucb_b0,382.0,1.0,2.0,-9.739843845367432
ucb_b0,383.0,1.0,2.0,-18.42886581644416
ucb_b0,384.0,1.0,2.0,-5.871246337890625
ucb_b0,385.0,1.0,2.0,-18.421481172495987
ucb_b0,386.0,1.0,2.0,-38.01815629005432
ucb_b0,387.0,1.0,2.0,-16.26314741373062
ucb_b0,388.0,1.0,2.0,-8.254605293273926
ucb_b0,389.0,1.0,2.0,-4.869002342224121
ucb_b0,390.0,1.0,2.0,-31.619023084640503
ucb_b0,391.0,1.0,2.0,-4.630006313323975
ucb_b0,392.0,1.0,2.0,-26.688103199005127
ucb_b0,393.0,1.0,2.0,-48.90414023399353
ucb_b0,394.0,1.0,2.0,-26.63118690252304
ucb_b0,395.0,1.0,2.0,-8.221760720014572
ucb_b0,396.0,1.0,2.0,-41.910337686538696
ucb_b0,397.0,1.0,2.0,-7.847383260726929
ucb_b0,398.0,1.0,2.0,-34.123661518096924
ucb_b0,399.0,1.0,2.0,-38.26876151561737
ucb_b0,400.0,1.0,2.0,-31.387707948684692
ucb_b0,401.0,1.0,2.0,-21.250018417835236
ucb_b0,402.0,1.0,2.0,-21.8552383184433
ucb_b0,403.0,1.0,2.0,-25.27660381793976
ucb_b0,404.0,1.0,2.0,-28.121601104736328
ucb_b0,405.0,1.0,2.0,-31.928346157073975
ucb_b0,407.0,1.0,2.0,-4.813014507293701
ucb_b0,408.0,1.0,2.0,-4.344125270843506
ucb_b0,409.0,1.0,2.0,-0.0010002159251598641
ucb_b0,410.0,1.0,2.0,-19.548001289367676
ucb_b0,412.0,1.0,2.0,-31.421316862106323
ucb_b0,413.0,1.0,2.0,-31.953291714191437
ucb_b0,414.0,1.0,2.0,-14.031005501747131
ucb_b0,415.0,1.0,2.0,-10.68597936630249
ucb_b0,416.0,1.0,2.0,-34.01246738433838
ucb_b0,417.0,1.0,2.0,-42.604151487350464
ucb_b0,418.0,1.0,2.0,-0.29966202937066555
ucb_b0,419.0,1.0,2.0,-4.46259069442749
ucb_b0,420.0,1.0,2.0,-18.560598731040955
ucb_b0,421.0,1.0,2.0,-1.7716857939958572
ucb_b0,422.0,1.0,2.0,-0.38716336339712143
ucb_b0,424.0,1.0,2.0,-5.417317867279053
ucb_b0,425.0,1.0,2.0,-2.6317498683929443
ucb_b0,426.0,1.0,2.0,-10.404561042785645
ucb_b0,428.0,1.0,2.0,-2.902263641357422
ucb_b0,429.0,1.0,2.0,-14.86027842760086
ucb_b0,430.0,1.0,2.0,-5.12564754486084
ucb_b0,431.0,1.0,2.0,-9.21034049987793
ucb_b0,432.0,1.0,2.0,-24.68087649345398
ucb_b0,433.0,1.0,2.0,-9.21034049987793
ucb_b0,434.0,1.0,2.0,-30.286543786525726
ucb_b0,435.0,1.0,2.0,-14.206799924373627
ucb_b0,436.0,1.0,2.0,-4.486902713775635
ucb_b0,437.0,1.0,2.0,-3.6983368396759033
ucb_b0,438.0,1.0,2.0,-5.591456234455109
ucb_b0,439.0,1.0,2.0,-34.07398021221161
ucb_b0,440.0,1.0,2.0,-4.914490699768066
ucb_b0,441.0,1.0,2.0,-16.427666068077087
ucb_b0,442.0,1.0,2.0,-2.3074366003274918
ucb_b0,443.0,1.0,2.0,-8.400430679321289
ucb_b0,444.0,1.0,2.0,-8.62079906463623
ucb_b0,445.0,1.0,2.0,-18.734623908996582
ucb_b0,446.0,1.0,2.0,-8.771466255187988
ucb_b0,447.0,1.0,2.0,-8.741356454789639
ucb_b0,448.0,1.0,2.0,-13.982010960578918
ucb_b0,449.0,1.0,2.0,-4.893981456756592
ucb_b0,450.0,1.0,2.0,-31.040780544281006
ucb_b0,451.0,1.0,2.0,-10.197474956512451
ucb_b0,452.0,1.0,2.0,-24.79803478717804
ucb_b0,453.0,1.0,2.0,-37.7199501991272
ucb_b0,454.0,1.0,2.0,-34.08869528770447
ucb_b0,455.0,1.0,2.0,-5.425891846418381
ucb_b0,456.0,1.0,2.0,-33.520790576934814
ucb_b0,457.0,1.0,2.0,-3.939729928970337
ucb_b0,458.0,1.0,2.0,-35.72131085395813
ucb_b0,459.0,1.0,2.0,-12.733921527862549
ucb_b0,460.0,1.0,2.0,-4.4366008043289185
ucb_b0,461.0,1.0,2.0,-6.130458354949951
ucb_b0,462.0,1.0,2.0,-4.855273246765137
ucb_b0,463.0,1.0,2.0,-4.586161136627197
ucb_b0,464.0,1.0,2.0,-2.588467597961426
ucb_b0,465.0,1.0,2.0,-6.28904390335083
ucb_b0,466.0,1.0,2.0,-32.468616008758545
ucb_b0,467.0,1.0,2.0,-19.49503803253174
ucb_b0,468.0,1.0,2.0,-31.223011299967766
ucb_b0,469.0,1.0,2.0,-5.1075029373168945
ucb_b0,470.0,1.0,2.0,-9.73731517791748
ucb_b0,471.0,1.0,2.0,-28.84831202030182
ucb_b0,472.0,1.0,2.0,-5.121537208557129
ucb_b0,473.0,1.0,2.0,-4.814363479614258
ucb_b0,474.0,1.0,2.0,-23.27107810974121
ucb_b0,475.0,1.0,2.0,-2.8802943229675293
ucb_b0,476.0,1.0,2.0,-0.003247313085012138
ucb_b0,477.0,1.0,2.0,-28.596569061279297
ucb_b0,478.0,1.0,2.0,-13.868025779724121
ucb_b0,479.0,1.0,2.0,-3.429069995880127
ucb_b0,480.0,1.0,2.0,-32.58069694042206
ucb_b0,481.0,1.0,2.0,-14.61235123872757
ucb_b0,482.0,1.0,2.0,-5.433757781982422
ucb_b0,483.0,1.0,2.0,-4.820038795471191
ucb_b0,484.0,1.0,2.0,-21.019430935382843
ucb_b0,485.0,1.0,2.0,-4.750190258026123
ucb_b0,486.0,1.0,2.0,-4.887976169586182
ucb_b0,487.0,1.0,2.0,-4.962480068206787
ucb_b0,488.0,1.0,2.0,-27.82592225074768
ucb_b0,490.0,1.0,2.0,-4.8455939292907715
ucb_b0,491.0,1.0,2.0,-4.935030460357666
ucb_b0,492.0,1.0,2.0,-34.79043674468994
ucb_b0,493.0,1.0,2.0,-8.822357252240181
ucb_b0,494.0,1.0,2.0,-24.829275369644165
ucb_b0,495.0,1.0,2.0,-15.277880012989044
ucb_b0,496.0,1.0,2.0,-13.62383882701397
random,1.0,1.0,2.0,-4.795790672302246
random,2.0,1.0,2.0,-4.795790672302246
random,3.0,1.0,2.0,-47.95790672302246
random,4.0,1.0,2.0,-4.795790672302246
random,5.0,1.0,2.0,-4.795790672302246
random,6.0,1.0,2.0,-4.795790672302246
random,7.0,1.0,2.0,-4.795790672302246
random,8.0,1.0,2.0,-47.95790672302246
random,9.0,1.0,2.0,-47.95790672302246
random,10.0,1.0,2.0,-4.795790672302246
random,11.0,1.0,2.0,-4.795790672302246
random,12.0,1.0,2.0,-4.795790672302246
random,13.0,1.0,2.0,-47.95790672302246
random,14.0,1.0,2.0,-47.95790672302246
random,15.0,1.0,2.0,-4.795790672302246
random,16.0,1.0,2.0,-9.591581344604492
random,17.0,1.0,2.0,-47.95790672302246
random,18.0,1.0,2.0,-4.795790672302246
random,19.0,1.0,2.0,-4.795790672302246
random,20.0,1.0,2.0,-47.95790672302246
random,21.0,1.0,2.0,-47.95790672302246
random,22.0,1.0,2.0,-47.95790672302246
random,23.0,1.0,2.0,-47.95790672302246
random,24.0,1.0,2.0,-47.95790672302246
random,25.0,1.0,2.0,-47.95790672302246
random,26.0,1.0,2.0,-9.591581344604492
random,27.0,1.0,2.0,-47.95790672302246
random,28.0,1.0,2.0,-47.95790672302246
random,29.0,1.0,2.0,-47.95790672302246
random,30.0,1.0,2.0,-9.591581344604492
random,32.0,1.0,2.0,-4.795790672302246
random,33.0,1.0,2.0,-9.591581344604492
random,34.0,1.0,2.0,-19.183162689208984
random,35.0,1.0,2.0,-47.95790672302246
random,36.0,1.0,2.0,-47.95790672302246
random,37.0,1.0,2.0,-47.95790672302246
random,38.0,1.0,2.0,-47.95790672302246
random,39.0,1.0,2.0,-28.774744033813477
random,40.0,1.0,2.0,-47.95790672302246
random,41.0,1.0,2.0,-4.795790672302246
random,42.0,1.0,2.0,-47.95790672302246
random,43.0,1.0,2.0,-9.591581344604492
random,45.0,1.0,2.0,-47.95790672302246
random,46.0,1.0,2.0,-4.795790672302246
random,47.0,1.0,2.0,-47.95790672302246
random,48.0,1.0,2.0,-4.795790672302246
random,49.0,1.0,2.0,-47.95790672302246
random,50.0,1.0,2.0,-9.591581344604492
random,51.0,1.0,2.0,-47.95790672302246
random,52.0,1.0,2.0,-4.795790672302246
random,53.0,1.0,2.0,-4.795790672302246
random,54.0,1.0,2.0,-47.95790672302246
random,55.0,1.0,2.0,-9.591581344604492
random,56.0,1.0,2.0,-47.95790672302246
random,58.0,1.0,2.0,-4.795790672302246
random,59.0,1.0,2.0,-4.795790672302246
random,60.0,1.0,2.0,-4.795790672302246
random,61.0,1.0,2.0,-9.591581344604492
random,64.0,1.0,2.0,-4.795790672302246
random,65.0,1.0,2.0,-47.95790672302246
random,66.0,1.0,2.0,-4.795790672302246
random,67.0,1.0,2.0,-4.795790672302246
random,68.0,1.0,2.0,-28.774744033813477
random,69.0,1.0,2.0,-38.36632537841797
random,70.0,1.0,2.0,-47.95790672302246
random,71.0,1.0,2.0,-4.795790672302246
random,72.0,1.0,2.0,-47.95790672302246
random,73.0,1.0,2.0,-47.95790672302246
random,74.0,1.0,2.0,-47.95790672302246
random,75.0,1.0,2.0,-47.95790672302246
random,76.0,1.0,2.0,-47.95790672302246
random,77.0,1.0,2.0,-4.795790672302246
random,78.0,1.0,2.0,-47.95790672302246
random,79.0,1.0,2.0,-47.95790672302246
random,80.0,1.0,2.0,-23.97895336151123
random,81.0,1.0,2.0,-43.162116050720215
random,82.0,1.0,2.0,-47.95790672302246
random,83.0,1.0,2.0,-47.95790672302246
random,84.0,1.0,2.0,-47.95790672302246
random,85.0,1.0,2.0,-47.95790672302246
random,87.0,1.0,2.0,-4.795790672302246
random,88.0,1.0,2.0,-47.95790672302246
random,89.0,1.0,2.0,-14.387372016906738
random,90.0,1.0,2.0,-4.795790672302246
random,91.0,1.0,2.0,-4.795790672302246
random,92.0,1.0,2.0,-14.387372016906738
random,93.0,1.0,2.0,-47.95790672302246
random,94.0,1.0,2.0,-4.795790672302246
random,95.0,1.0,2.0,-4.795790672302246
random,96.0,1.0,2.0,-4.795790672302246
random,98.0,1.0,2.0,-28.774744033813477
random,99.0,1.0,2.0,-47.95790672302246
random,101.0,1.0,2.0,-4.795790672302246
random,102.0,1.0,2.0,-4.795790672302246
random,103.0,1.0,2.0,-47.95790672302246
random,104.0,1.0,2.0,-14.387372016906738
random,105.0,1.0,2.0,-28.774744033813477
random,106.0,1.0,2.0,-4.795790672302246
random,107.0,1.0,2.0,-47.95790672302246
random,108.0,1.0,2.0,-47.95790672302246
random,109.0,1.0,2.0,-9.591581344604492
random,111.0,1.0,2.0,-47.95790672302246
random,112.0,1.0,2.0,-19.183162689208984
random,113.0,1.0,2.0,-4.795790672302246
random,114.0,1.0,2.0,-47.95790672302246
random,115.0,1.0,2.0,-4.795790672302246
random,116.0,1.0,2.0,-47.95790672302246
random,117.0,1.0,2.0,-47.95790672302246
random,118.0,1.0,2.0,-14.387372016906738
random,119.0,1.0,2.0,-47.95790672302246
random,120.0,1.0,2.0,-4.795790672302246
random,121.0,1.0,2.0,-14.387372016906738
random,122.0,1.0,2.0,-47.95790672302246
random,123.0,1.0,2.0,-47.95790672302246
random,124.0,1.0,2.0,-47.95790672302246
random,125.0,1.0,2.0,-9.591581344604492
random,126.0,1.0,2.0,-4.795790672302246
random,128.0,1.0,2.0,-4.795790672302246
random,130.0,1.0,2.0,-47.95790672302246
random,131.0,1.0,2.0,-47.95790672302246
random,132.0,1.0,2.0,-47.95790672302246
random,133.0,1.0,2.0,-9.591581344604492
random,134.0,1.0,2.0,-9.591581344604492
random,135.0,1.0,2.0,-47.95790672302246
random,136.0,1.0,2.0,-9.591581344604492
random,137.0,1.0,2.0,-4.795790672302246
random,138.0,1.0,2.0,-14.387372016906738
random,139.0,1.0,2.0,-14.387372016906738
random,140.0,1.0,2.0,-4.795790672302246
random,141.0,1.0,2.0,-47.95790672302246
random,142.0,1.0,2.0,-9.591581344604492
random,143.0,1.0,2.0,-47.95790672302246
random,144.0,1.0,2.0,-47.95790672302246
random,145.0,1.0,2.0,-4.795790672302246
random,146.0,1.0,2.0,-47.95790672302246
random,147.0,1.0,2.0,-9.591581344604492
random,148.0,1.0,2.0,-47.95790672302246
random,149.0,1.0,2.0,-4.795790672302246
random,150.0,1.0,2.0,-33.57053470611572
random,151.0,1.0,2.0,-14.387372016906738
random,152.0,1.0,2.0,-47.95790672302246
random,153.0,1.0,2.0,-47.95790672302246
random,154.0,1.0,2.0,-4.795790672302246
random,155.0,1.0,2.0,-47.95790672302246
random,156.0,1.0,2.0,-38.36632537841797
random,158.0,1.0,2.0,-47.95790672302246
random,159.0,1.0,2.0,-4.795790672302246
random,160.0,1.0,2.0,-47.95790672302246
random,161.0,1.0,2.0,-14.387372016906738
random,162.0,1.0,2.0,-47.95790672302246
random,163.0,1.0,2.0,-4.795790672302246
random,165.0,1.0,2.0,-47.95790672302246
random,166.0,1.0,2.0,-9.591581344604492
random,167.0,1.0,2.0,-28.774744033813477
random,168.0,1.0,2.0,-47.95790672302246
random,169.0,1.0,2.0,-23.97895336151123
random,170.0,1.0,2.0,-4.795790672302246
random,171.0,1.0,2.0,-47.95790672302246
random,172.0,1.0,2.0,-4.795790672302246
random,173.0,1.0,2.0,-4.795790672302246
random,174.0,1.0,2.0,-4.795790672302246
random,175.0,1.0,2.0,-47.95790672302246
random,176.0,1.0,2.0,-19.183162689208984
random,177.0,1.0,2.0,-9.591581344604492
random,178.0,1.0,2.0,-9.591581344604492
random,179.0,1.0,2.0,-4.795790672302246
random,180.0,1.0,2.0,-4.795790672302246
random,181.0,1.0,2.0,-47.95790672302246
random,182.0,1.0,2.0,-47.95790672302246
random,183.0,1.0,2.0,-47.95790672302246
random,185.0,1.0,2.0,-4.795790672302246
random,186.0,1.0,2.0,-14.387372016906738
random,187.0,1.0,2.0,-4.795790672302246
random,188.0,1.0,2.0,-47.95790672302246
random,190.0,1.0,2.0,-28.774744033813477
random,191.0,1.0,2.0,-47.95790672302246
random,192.0,1.0,2.0,-4.795790672302246
random,193.0,1.0,2.0,-47.95790672302246
random,195.0,1.0,2.0,-9.591581344604492
random,196.0,1.0,2.0,-4.795790672302246
random,197.0,1.0,2.0,-14.387372016906738
random,198.0,1.0,2.0,-4.795790672302246
random,199.0,1.0,2.0,-47.95790672302246
random,200.0,1.0,2.0,-47.95790672302246
random,201.0,1.0,2.0,-4.795790672302246
random,202.0,1.0,2.0,-47.95790672302246
random,203.0,1.0,2.0,-23.97895336151123
random,204.0,1.0,2.0,-47.95790672302246
random,205.0,1.0,2.0,-4.795790672302246
random,206.0,1.0,2.0,-4.795790672302246
random,207.0,1.0,2.0,-4.795790672302246
random,208.0,1.0,2.0,-47.95790672302246
random,209.0,1.0,2.0,-4.795790672302246
random,210.0,1.0,2.0,-47.95790672302246
random,211.0,1.0,2.0,-4.795790672302246
random,212.0,1.0,2.0,-4.795790672302246
random,213.0,1.0,2.0,-47.95790672302246
random,214.0,1.0,2.0,-9.591581344604492
random,215.0,1.0,2.0,-47.95790672302246
random,216.0,1.0,2.0,-4.795790672302246
random,217.0,1.0,2.0,-47.95790672302246
random,218.0,1.0,2.0,-23.97895336151123
random,219.0,1.0,2.0,-47.95790672302246
random,220.0,1.0,2.0,-4.795790672302246
random,221.0,1.0,2.0,-47.95790672302246
random,222.0,1.0,2.0,-47.95790672302246
random,223.0,1.0,2.0,-47.95790672302246
random,224.0,1.0,2.0,-47.95790672302246
random,225.0,1.0,2.0,-9.591581344604492
random,226.0,1.0,2.0,-19.183162689208984
random,227.0,1.0,2.0,-47.95790672302246
random,228.0,1.0,2.0,-4.795790672302246
random,229.0,1.0,2.0,-43.162116050720215
random,230.0,1.0,2.0,-38.36632537841797
random,231.0,1.0,2.0,-9.591581344604492
random,232.0,1.0,2.0,-9.591581344604492
random,233.0,1.0,2.0,-47.95790672302246
random,234.0,1.0,2.0,-4.795790672302246
random,236.0,1.0,2.0,-47.95790672302246
random,237.0,1.0,2.0,-4.795790672302246
random,239.0,1.0,2.0,-4.795790672302246
random,240.0,1.0,2.0,-47.95790672302246
random,241.0,1.0,2.0,-47.95790672302246
random,242.0,1.0,2.0,-47.95790672302246
random,243.0,1.0,2.0,-4.795790672302246
random,244.0,1.0,2.0,-47.95790672302246
random,245.0,1.0,2.0,-47.95790672302246
random,246.0,1.0,2.0,-47.95790672302246
random,247.0,1.0,2.0,-47.95790672302246
random,248.0,1.0,2.0,-47.95790672302246
random,249.0,1.0,2.0,-9.591581344604492
random,250.0,1.0,2.0,-47.95790672302246
random,252.0,1.0,2.0,-47.95790672302246
random,253.0,1.0,2.0,-4.795790672302246
random,254.0,1.0,2.0,-47.95790672302246
random,255.0,1.0,2.0,-19.183162689208984
random,257.0,1.0,2.0,-4.795790672302246
random,258.0,1.0,2.0,-47.95790672302246
random,259.0,1.0,2.0,-4.795790672302246
random,260.0,1.0,2.0,-47.95790672302246
random,261.0,1.0,2.0,-47.95790672302246
random,262.0,1.0,2.0,-47.95790672302246
random,263.0,1.0,2.0,-47.95790672302246
random,264.0,1.0,2.0,-47.95790672302246
random,266.0,1.0,2.0,-47.95790672302246
random,267.0,1.0,2.0,-47.95790672302246
random,268.0,1.0,2.0,-47.95790672302246
random,269.0,1.0,2.0,-19.183162689208984
random,270.0,1.0,2.0,-47.95790672302246
random,271.0,1.0,2.0,-23.97895336151123
random,272.0,1.0,2.0,-47.95790672302246
random,273.0,1.0,2.0,-47.95790672302246
random,274.0,1.0,2.0,-4.795790672302246
random,275.0,1.0,2.0,-47.95790672302246
random,276.0,1.0,2.0,-47.95790672302246
random,277.0,1.0,2.0,-47.95790672302246
random,278.0,1.0,2.0,-4.795790672302246
random,279.0,1.0,2.0,-47.95790672302246
random,280.0,1.0,2.0,-4.795790672302246
random,282.0,1.0,2.0,-9.591581344604492
random,283.0,1.0,2.0,-47.95790672302246
random,284.0,1.0,2.0,-47.95790672302246
random,285.0,1.0,2.0,-47.95790672302246
random,286.0,1.0,2.0,-4.795790672302246
random,287.0,1.0,2.0,-47.95790672302246
random,288.0,1.0,2.0,-4.795790672302246
random,289.0,1.0,2.0,-14.387372016906738
random,290.0,1.0,2.0,-38.36632537841797
random,291.0,1.0,2.0,-9.591581344604492
random,292.0,1.0,2.0,-47.95790672302246
random,293.0,1.0,2.0,-47.95790672302246
random,294.0,1.0,2.0,-47.95790672302246
random,295.0,1.0,2.0,-47.95790672302246
random,296.0,1.0,2.0,-47.95790672302246
random,297.0,1.0,2.0,-47.95790672302246
random,298.0,1.0,2.0,-4.795790672302246
random,299.0,1.0,2.0,-47.95790672302246
random,300.0,1.0,2.0,-47.95790672302246
random,301.0,1.0,2.0,-4.795790672302246
random,302.0,1.0,2.0,-47.95790672302246
random,303.0,1.0,2.0,-4.795790672302246
random,304.0,1.0,2.0,-4.795790672302246
random,305.0,1.0,2.0,-47.95790672302246
random,306.0,1.0,2.0,-9.591581344604492
random,307.0,1.0,2.0,-47.95790672302246
random,308.0,1.0,2.0,-4.795790672302246
random,309.0,1.0,2.0,-47.95790672302246
random,310.0,1.0,2.0,-47.95790672302246
random,311.0,1.0,2.0,-4.795790672302246
random,312.0,1.0,2.0,-4.795790672302246
random,313.0,1.0,2.0,-47.95790672302246
random,314.0,1.0,2.0,-47.95790672302246
random,315.0,1.0,2.0,-4.795790672302246
random,316.0,1.0,2.0,-47.95790672302246
random,317.0,1.0,2.0,-38.36632537841797
random,318.0,1.0,2.0,-47.95790672302246
random,319.0,1.0,2.0,-4.795790672302246
random,320.0,1.0,2.0,-47.95790672302246
random,321.0,1.0,2.0,-47.95790672302246
random,322.0,1.0,2.0,-47.95790672302246
random,323.0,1.0,2.0,-47.95790672302246
random,324.0,1.0,2.0,-47.95790672302246
random,325.0,1.0,2.0,-47.95790672302246
random,326.0,1.0,2.0,-47.95790672302246
random,327.0,1.0,2.0,-47.95790672302246
random,328.0,1.0,2.0,-14.387372016906738
random,329.0,1.0,2.0,-4.795790672302246
random,330.0,1.0,2.0,-47.95790672302246
random,331.0,1.0,2.0,-4.795790672302246
random,332.0,1.0,2.0,-4.795790672302246
random,333.0,1.0,2.0,-9.591581344604492
random,334.0,1.0,2.0,-4.795790672302246
random,336.0,1.0,2.0,-47.95790672302246
random,337.0,1.0,2.0,-47.95790672302246
random,338.0,1.0,2.0,-9.591581344604492
random,340.0,1.0,2.0,-9.591581344604492
random,341.0,1.0,2.0,-9.591581344604492
random,342.0,1.0,2.0,-47.95790672302246
random,343.0,1.0,2.0,-47.95790672302246
random,344.0,1.0,2.0,-47.95790672302246
random,346.0,1.0,2.0,-4.795790672302246
random,347.0,1.0,2.0,-23.97895336151123
random,348.0,1.0,2.0,-47.95790672302246
random,350.0,1.0,2.0,-47.95790672302246
random,351.0,1.0,2.0,-47.95790672302246
random,352.0,1.0,2.0,-47.95790672302246
random,353.0,1.0,2.0,-4.795790672302246
random,354.0,1.0,2.0,-4.795790672302246
random,355.0,1.0,2.0,-47.95790672302246
random,356.0,1.0,2.0,-4.795790672302246
random,357.0,1.0,2.0,-4.795790672302246
random,358.0,1.0,2.0,-4.795790672302246
random,359.0,1.0,2.0,-47.95790672302246
random,361.0,1.0,2.0,-4.795790672302246
random,362.0,1.0,2.0,-47.95790672302246
random,363.0,1.0,2.0,-28.774744033813477
random,364.0,1.0,2.0,-4.795790672302246
random,365.0,1.0,2.0,-47.95790672302246
random,367.0,1.0,2.0,-47.95790672302246
random,368.0,1.0,2.0,-4.795790672302246
random,369.0,1.0,2.0,-4.795790672302246
random,371.0,1.0,2.0,-47.95790672302246
random,372.0,1.0,2.0,-23.97895336151123
random,373.0,1.0,2.0,-47.95790672302246
random,374.0,1.0,2.0,-4.795790672302246
random,375.0,1.0,2.0,-4.795790672302246
random,376.0,1.0,2.0,-47.95790672302246
random,377.0,1.0,2.0,-47.95790672302246
random,378.0,1.0,2.0,-47.95790672302246
random,379.0,1.0,2.0,-47.95790672302246
random,380.0,1.0,2.0,-14.387372016906738
random,381.0,1.0,2.0,-47.95790672302246
random,382.0,1.0,2.0,-9.591581344604492
random,383.0,1.0,2.0,-14.387372016906738
random,384.0,1.0,2.0,-4.795790672302246
random,385.0,1.0,2.0,-47.95790672302246
random,386.0,1.0,2.0,-43.162116050720215
random,387.0,1.0,2.0,-47.95790672302246
random,388.0,1.0,2.0,-14.387372016906738
random,389.0,1.0,2.0,-4.795790672302246
random,390.0,1.0,2.0,-47.95790672302246
random,391.0,1.0,2.0,-4.795790672302246
random,392.0,1.0,2.0,-47.95790672302246
random,393.0,1.0,2.0,-47.95790672302246
random,394.0,1.0,2.0,-47.95790672302246
random,395.0,1.0,2.0,-47.95790672302246
random,396.0,1.0,2.0,-43.162116050720215
random,397.0,1.0,2.0,-9.591581344604492
random,398.0,1.0,2.0,-47.95790672302246
random,399.0,1.0,2.0,-47.95790672302246
random,400.0,1.0,2.0,-47.95790672302246
random,401.0,1.0,2.0,-47.95790672302246
random,402.0,1.0,2.0,-47.95790672302246
random,403.0,1.0,2.0,-47.95790672302246
random,404.0,1.0,2.0,-47.95790672302246
random,405.0,1.0,2.0,-33.57053470611572
random,407.0,1.0,2.0,-4.795790672302246
random,408.0,1.0,2.0,-4.795790672302246
random,409.0,1.0,2.0,-47.95790672302246
random,410.0,1.0,2.0,-19.183162689208984
random,412.0,1.0,2.0,-47.95790672302246
random,413.0,1.0,2.0,-47.95790672302246
random,414.0,1.0,2.0,-47.95790672302246
random,415.0,1.0,2.0,-9.591581344604492
random,416.0,1.0,2.0,-47.95790672302246
random,417.0,1.0,2.0,-47.95790672302246
random,418.0,1.0,2.0,-47.95790672302246
random,419.0,1.0,2.0,-4.795790672302246
random,420.0,1.0,2.0,-47.95790672302246
random,421.0,1.0,2.0,-47.95790672302246
random,422.0,1.0,2.0,-47.95790672302246
random,424.0,1.0,2.0,-4.795790672302246
random,425.0,1.0,2.0,-4.795790672302246
random,426.0,1.0,2.0,-14.387372016906738
random,428.0,1.0,2.0,-4.795790672302246
random,429.0,1.0,2.0,-47.95790672302246
random,430.0,1.0,2.0,-4.795790672302246
random,431.0,1.0,2.0,-4.795790672302246
random,432.0,1.0,2.0,-47.95790672302246
random,433.0,1.0,2.0,-4.795790672302246
random,434.0,1.0,2.0,-47.95790672302246
random,435.0,1.0,2.0,-47.95790672302246
random,436.0,1.0,2.0,-4.795790672302246
random,437.0,1.0,2.0,-4.795790672302246
random,438.0,1.0,2.0,-47.95790672302246
random,439.0,1.0,2.0,-47.95790672302246
random,440.0,1.0,2.0,-4.795790672302246
random,441.0,1.0,2.0,-47.95790672302246
random,442.0,1.0,2.0,-47.95790672302246
random,443.0,1.0,2.0,-4.795790672302246
random,444.0,1.0,2.0,-9.591581344604492
random,445.0,1.0,2.0,-19.183162689208984
random,446.0,1.0,2.0,-4.795790672302246
random,447.0,1.0,2.0,-47.95790672302246
random,448.0,1.0,2.0,-47.95790672302246
random,449.0,1.0,2.0,-4.795790672302246
random,450.0,1.0,2.0,-47.95790672302246
random,451.0,1.0,2.0,-9.591581344604492
random,452.0,1.0,2.0,-47.95790672302246
random,453.0,1.0,2.0,-47.95790672302246
random,454.0,1.0,2.0,-47.95790672302246
random,455.0,1.0,2.0,-47.95790672302246
random,456.0,1.0,2.0,-47.95790672302246
random,457.0,1.0,2.0,-4.795790672302246
random,458.0,1.0,2.0,-47.95790672302246
random,459.0,1.0,2.0,-14.387372016906738
random,460.0,1.0,2.0,-9.591581344604492
random,461.0,1.0,2.0,-4.795790672302246
random,462.0,1.0,2.0,-4.795790672302246
random,463.0,1.0,2.0,-4.795790672302246
random,464.0,1.0,2.0,-4.795790672302246
random,465.0,1.0,2.0,-4.795790672302246
random,466.0,1.0,2.0,-47.95790672302246
random,467.0,1.0,2.0,-47.95790672302246
random,468.0,1.0,2.0,-47.95790672302246
random,469.0,1.0,2.0,-4.795790672302246
random,470.0,1.0,2.0,-9.591581344604492
random,471.0,1.0,2.0,-47.95790672302246
random,472.0,1.0,2.0,-4.795790672302246
random,473.0,1.0,2.0,-4.795790672302246
random,474.0,1.0,2.0,-28.774744033813477
random,475.0,1.0,2.0,-4.795790672302246
random,476.0,1.0,2.0,-47.95790672302246
random,477.0,1.0,2.0,-47.95790672302246
random,478.0,1.0,2.0,-14.387372016906738
random,479.0,1.0,2.0,-4.795790672302246
random,480.0,1.0,2.0,-47.95790672302246
random,481.0,1.0,2.0,-47.95790672302246
random,482.0,1.0,2.0,-4.795790672302246
random,483.0,1.0,2.0,-4.795790672302246
random,484.0,1.0,2.0,-47.95790672302246
random,485.0,1.0,2.0,-4.795790672302246
random,486.0,1.0,2.0,-4.795790672302246
random,487.0,1.0,2.0,-4.795790672302246
random,488.0,1.0,2.0,-47.95790672302246
random,490.0,1.0,2.0,-4.795790672302246
random,491.0,1.0,2.0,-4.795790672302246
random,492.0,1.0,2.0,-47.95790672302246
random,493.0,1.0,2.0,-47.95790672302246
random,494.0,1.0,2.0,-47.95790672302246
random,495.0,1.0,2.0,-47.95790672302246
random,496.0,1.0,2.0,-47.95790672302246
ucb_lcb_n,1.0,1.0,3.0,-4.8542561531066895
ucb_lcb_n,2.0,1.0,3.0,-8.360722541809082
ucb_lcb_n,3.0,1.0,3.0,-21.00834822654724
ucb_lcb_n,4.0,1.0,3.0,-29.19662618637085
ucb_lcb_n,5.0,1.0,3.0,-4.810181617736816
ucb_lcb_n,6.0,1.0,3.0,-6.096048593521118
ucb_lcb_n,7.0,1.0,3.0,-21.92257598042488
ucb_lcb_n,8.0,1.0,3.0,-12.292860984802246
ucb_lcb_n,9.0,1.0,3.0,-51.34148848056793
ucb_lcb_n,10.0,1.0,3.0,-4.966917514801025
ucb_lcb_n,11.0,1.0,3.0,-4.485254287719727
ucb_lcb_n,12.0,1.0,3.0,-18.38933277130127
ucb_lcb_n,13.0,1.0,3.0,-32.66770076751709
ucb_lcb_n,14.0,1.0,3.0,-5.796316146850586
ucb_lcb_n,15.0,1.0,3.0,-21.674062611768022
ucb_lcb_n,16.0,1.0,3.0,-9.477241650223732
ucb_lcb_n,17.0,1.0,3.0,-4.838297367095947
ucb_lcb_n,18.0,1.0,3.0,-5.6097517013549805
ucb_lcb_n,19.0,1.0,3.0,-21.00685614347458
ucb_lcb_n,20.0,1.0,3.0,-5.738935778615996
ucb_lcb_n,21.0,1.0,3.0,-28.40381270647049
ucb_lcb_n,22.0,1.0,3.0,-17.98817890882492
ucb_lcb_n,23.0,1.0,3.0,-10.894504576921463
ucb_lcb_n,24.0,1.0,3.0,-5.003746509552002
ucb_lcb_n,25.0,1.0,3.0,-5.163663387298584
ucb_lcb_n,26.0,1.0,3.0,-6.644508361816406
ucb_lcb_n,27.0,1.0,3.0,-4.282156467437744
ucb_lcb_n,28.0,1.0,3.0,-5.685263633728027
ucb_lcb_n,29.0,1.0,3.0,-12.294806778430939
ucb_lcb_n,30.0,1.0,3.0,-33.394798278808594
ucb_lcb_n,32.0,1.0,3.0,-1.1599614322185516
ucb_lcb_n,33.0,1.0,3.0,-26.409414410591125
ucb_lcb_n,34.0,1.0,3.0,-17.219162344932556
ucb_lcb_n,35.0,1.0,3.0,-9.69158998504281
ucb_lcb_n,36.0,1.0,3.0,-13.282578377984464
ucb_lcb_n,37.0,1.0,3.0,-13.292426586151123
ucb_lcb_n,38.0,1.0,3.0,-0.2930384334176779
ucb_lcb_n,39.0,1.0,3.0,-4.938281536102295
ucb_lcb_n,40.0,1.0,3.0,-3.970964193344116
ucb_lcb_n,41.0,1.0,3.0,-7.054333806037903
ucb_lcb_n,42.0,1.0,3.0,-23.33332359790802
ucb_lcb_n,43.0,1.0,3.0,-7.762102842330933
ucb_lcb_n,45.0,1.0,3.0,-24.511450052261353
ucb_lcb_n,46.0,1.0,3.0,-15.340355440974236
ucb_lcb_n,47.0,1.0,3.0,-4.920611381530762
ucb_lcb_n,48.0,1.0,3.0,-9.964491367340088
ucb_lcb_n,49.0,1.0,3.0,-0.0010002159251598641
ucb_lcb_n,50.0,1.0,3.0,-4.8257155418396
ucb_lcb_n,51.0,1.0,3.0,-16.3396075963974
ucb_lcb_n,52.0,1.0,3.0,-35.46941435337067
ucb_lcb_n,53.0,1.0,3.0,-7.827623665332794
ucb_lcb_n,54.0,1.0,3.0,-19.396055579185486
ucb_lcb_n,55.0,1.0,3.0,-4.8129987716674805
ucb_lcb_n,56.0,1.0,3.0,-21.61492519080639
ucb_lcb_n,58.0,1.0,3.0,-11.403841257095337
ucb_lcb_n,59.0,1.0,3.0,-29.01377558708191
ucb_lcb_n,60.0,1.0,3.0,-4.933600425720215
ucb_lcb_n,61.0,1.0,3.0,-23.88922095298767
ucb_lcb_n,64.0,1.0,3.0,-19.21065630018711
ucb_lcb_n,65.0,1.0,3.0,-0.0017460321250837296
ucb_lcb_n,66.0,1.0,3.0,-29.352913737297058
ucb_lcb_n,67.0,1.0,3.0,-23.587049335241318
ucb_lcb_n,68.0,1.0,3.0,-15.223910391330719
ucb_lcb_n,69.0,1.0,3.0,-86.71632385253906
ucb_lcb_n,70.0,1.0,3.0,-12.365454122424126
ucb_lcb_n,71.0,1.0,3.0,-4.864631652832031
ucb_lcb_n,72.0,1.0,3.0,-20.81067229807377
ucb_lcb_n,73.0,1.0,3.0,-15.874525547027588
ucb_lcb_n,74.0,1.0,3.0,-31.997150024137227
ucb_lcb_n,75.0,1.0,3.0,-8.361105918884277
ucb_lcb_n,76.0,1.0,3.0,-27.096453547477722
ucb_lcb_n,77.0,1.0,3.0,-44.50986838340759
ucb_lcb_n,78.0,1.0,3.0,-0.22532669082283974
ucb_lcb_n,79.0,1.0,3.0,-1.9230868965387344
ucb_lcb_n,80.0,1.0,3.0,-4.883663654327393
ucb_lcb_n,81.0,1.0,3.0,-17.045931816101074
ucb_lcb_n,82.0,1.0,3.0,-3.889277696609497
ucb_lcb_n,83.0,1.0,3.0,-14.995370507240295
ucb_lcb_n,84.0,1.0,3.0,-0.7310121953487396
ucb_lcb_n,85.0,1.0,3.0,-13.68170976638794
ucb_lcb_n,87.0,1.0,3.0,-10.569170027971268
ucb_lcb_n,88.0,1.0,3.0,-13.701044082641602
ucb_lcb_n,89.0,1.0,3.0,-19.90174686908722
ucb_lcb_n,90.0,1.0,3.0,-4.916910171508789
ucb_lcb_n,91.0,1.0,3.0,-5.164168834686279
ucb_lcb_n,92.0,1.0,3.0,-4.980541229248047
ucb_lcb_n,93.0,1.0,3.0,-9.21034049987793
ucb_lcb_n,94.0,1.0,3.0,-5.252459526062012
ucb_lcb_n,95.0,1.0,3.0,-14.090037260204554
ucb_lcb_n,96.0,1.0,3.0,-24.796875298023224
ucb_lcb_n,98.0,1.0,3.0,-15.01972770690918
ucb_lcb_n,99.0,1.0,3.0,-21.75296821910888
ucb_lcb_n,101.0,1.0,3.0,-0.6645767912268639
ucb_lcb_n,102.0,1.0,3.0,-4.409910209476948
ucb_lcb_n,103.0,1.0,3.0,-24.85202467441559
ucb_lcb_n,104.0,1.0,3.0,-25.34378755092621
ucb_lcb_n,105.0,1.0,3.0,-34.211742877960205
ucb_lcb_n,106.0,1.0,3.0,-3.880985736846924
ucb_lcb_n,107.0,1.0,3.0,-15.506576180458069
ucb_lcb_n,108.0,1.0,3.0,-6.7562572956085205
ucb_lcb_n,109.0,1.0,3.0,-3.1912100315093994
ucb_lcb_n,111.0,1.0,3.0,-13.201542019844055
ucb_lcb_n,112.0,1.0,3.0,-16.429064512252808
ucb_lcb_n,113.0,1.0,3.0,-45.209413930773735
ucb_lcb_n,114.0,1.0,3.0,-4.2318806648254395
ucb_lcb_n,115.0,1.0,3.0,-17.843070663511753
ucb_lcb_n,116.0,1.0,3.0,-5.411807142198086
ucb_lcb_n,117.0,1.0,3.0,-9.690196990966797
ucb_lcb_n,118.0,1.0,3.0,-2.750627040863037
ucb_lcb_n,119.0,1.0,3.0,-0.12674690131098032
ucb_lcb_n,120.0,1.0,3.0,-27.189872891642153
ucb_lcb_n,121.0,1.0,3.0,-39.76808452606201
ucb_lcb_n,122.0,1.0,3.0,-10.919392049312592
ucb_lcb_n,123.0,1.0,3.0,-11.881883317604661
ucb_lcb_n,124.0,1.0,3.0,-3.7083256542682648
ucb_lcb_n,125.0,1.0,3.0,-18.247880935668945
ucb_lcb_n,126.0,1.0,3.0,-10.860676288604736
ucb_lcb_n,128.0,1.0,3.0,-18.43094676733017
ucb_lcb_n,130.0,1.0,3.0,-7.493219375610352
ucb_lcb_n,131.0,1.0,3.0,-9.955091118812561
ucb_lcb_n,132.0,1.0,3.0,-16.264066219329834
ucb_lcb_n,133.0,1.0,3.0,-4.553035259246826
ucb_lcb_n,134.0,1.0,3.0,-17.023113012313843
ucb_lcb_n,135.0,1.0,3.0,-0.750459186732769
ucb_lcb_n,136.0,1.0,3.0,-5.137855052947998
ucb_lcb_n,137.0,1.0,3.0,-46.40963387489319
ucb_lcb_n,138.0,1.0,3.0,-4.868553161621094
ucb_lcb_n,139.0,1.0,3.0,-15.935214161872864
ucb_lcb_n,140.0,1.0,3.0,-4.366850852966309
ucb_lcb_n,141.0,1.0,3.0,-0.0666825152002275
ucb_lcb_n,142.0,1.0,3.0,-0.6038992591202259
ucb_lcb_n,143.0,1.0,3.0,-16.086769104003906
ucb_lcb_n,144.0,1.0,3.0,-16.07367718219757
ucb_lcb_n,145.0,1.0,3.0,-13.490145206451416
ucb_lcb_n,146.0,1.0,3.0,-28.442970514297485
ucb_lcb_n,147.0,1.0,3.0,-28.632949769496918
ucb_lcb_n,148.0,1.0,3.0,-17.189643144607544
ucb_lcb_n,149.0,1.0,3.0,-43.09759076626506
ucb_lcb_n,150.0,1.0,3.0,-19.744461936876178
ucb_lcb_n,151.0,1.0,3.0,-15.934723615646362
ucb_lcb_n,152.0,1.0,3.0,-10.540399864315987
ucb_lcb_n,153.0,1.0,3.0,-15.535915493965149
ucb_lcb_n,154.0,1.0,3.0,-9.840508460998535
ucb_lcb_n,155.0,1.0,3.0,-0.0015500794688705355
ucb_lcb_n,156.0,1.0,3.0,-4.899534225463867
ucb_lcb_n,158.0,1.0,3.0,-4.9575114250183105
ucb_lcb_n,159.0,1.0,3.0,-4.825127601623535
ucb_lcb_n,160.0,1.0,3.0,-4.679174967110157
ucb_lcb_n,161.0,1.0,3.0,-8.584169626235962
ucb_lcb_n,162.0,1.0,3.0,-15.403278261423111
ucb_lcb_n,163.0,1.0,3.0,-4.167304039001465
ucb_lcb_n,165.0,1.0,3.0,-6.731590244919062
ucb_lcb_n,166.0,1.0,3.0,-7.97367262840271
ucb_lcb_n,167.0,1.0,3.0,-22.45691440999508
ucb_lcb_n,168.0,1.0,3.0,-15.28152322769165
ucb_lcb_n,169.0,1.0,3.0,-15.859012603759766
ucb_lcb_n,170.0,1.0,3.0,-12.765656888484955
ucb_lcb_n,171.0,1.0,3.0,-3.442039340734482
ucb_lcb_n,172.0,1.0,3.0,-9.877955198287964
ucb_lcb_n,173.0,1.0,3.0,-5.003034591674805
ucb_lcb_n,174.0,1.0,3.0,-15.290374726057053
ucb_lcb_n,175.0,1.0,3.0,-5.483916521072388
ucb_lcb_n,176.0,1.0,3.0,-16.526992082595825
ucb_lcb_n,177.0,1.0,3.0,-10.874040365219116
ucb_lcb_n,178.0,1.0,3.0,-4.829103946685791
ucb_lcb_n,179.0,1.0,3.0,-4.852381229400635
ucb_lcb_n,180.0,1.0,3.0,-4.894697189331055
ucb_lcb_n,181.0,1.0,3.0,-10.605381608009338
ucb_lcb_n,182.0,1.0,3.0,-4.438107490539551
ucb_lcb_n,183.0,1.0,3.0,-29.65047860145569
ucb_lcb_n,185.0,1.0,3.0,-43.091898679733276
ucb_lcb_n,186.0,1.0,3.0,-24.594539612531662
ucb_lcb_n,187.0,1.0,3.0,-4.943007469177246
ucb_lcb_n,188.0,1.0,3.0,-5.248231566511095
ucb_lcb_n,190.0,1.0,3.0,-10.001334190368652
ucb_lcb_n,191.0,1.0,3.0,-16.78106451034546
ucb_lcb_n,192.0,1.0,3.0,-0.015484269824810326
ucb_lcb_n,193.0,1.0,3.0,-30.027086555957794
ucb_lcb_n,195.0,1.0,3.0,-17.275157928466797
ucb_lcb_n,196.0,1.0,3.0,-2.9376540184020996
ucb_lcb_n,197.0,1.0,3.0,-3.496633529663086
ucb_lcb_n,198.0,1.0,3.0,-8.721461296081543
ucb_lcb_n,199.0,1.0,3.0,-27.911235094070435
ucb_lcb_n,200.0,1.0,3.0,-5.179102420806885
ucb_lcb_n,201.0,1.0,3.0,-6.214599609375
ucb_lcb_n,202.0,1.0,3.0,-15.17419970035553
ucb_lcb_n,203.0,1.0,3.0,-7.203542560338974
ucb_lcb_n,204.0,1.0,3.0,-4.54059012234211
ucb_lcb_n,205.0,1.0,3.0,-10.7453293800354
ucb_lcb_n,206.0,1.0,3.0,-9.761859893798828
ucb_lcb_n,207.0,1.0,3.0,-15.645833611488342
ucb_lcb_n,208.0,1.0,3.0,-5.346097469329834
ucb_lcb_n,209.0,1.0,3.0,-4.803930759429932
ucb_lcb_n,210.0,1.0,3.0,-3.160527229309082
ucb_lcb_n,211.0,1.0,3.0,-22.531447112560272
ucb_lcb_n,212.0,1.0,3.0,-13.440273761749268
ucb_lcb_n,213.0,1.0,3.0,-1.5581706762313843
ucb_lcb_n,214.0,1.0,3.0,-30.91224694252014
ucb_lcb_n,215.0,1.0,3.0,-5.625830143690109
ucb_lcb_n,216.0,1.0,3.0,-26.853751957416534
ucb_lcb_n,217.0,1.0,3.0,-4.888687610626221
ucb_lcb_n,218.0,1.0,3.0,-24.04925000667572
ucb_lcb_n,219.0,1.0,3.0,-7.440183877944946
ucb_lcb_n,220.0,1.0,3.0,-0.18365207128226757
ucb_lcb_n,221.0,1.0,3.0,-24.370183020830154
ucb_lcb_n,222.0,1.0,3.0,-20.926225677132607
ucb_lcb_n,223.0,1.0,3.0,-4.393353581428528
ucb_lcb_n,224.0,1.0,3.0,-1.4407960921525955
ucb_lcb_n,225.0,1.0,3.0,-23.187793731689453
ucb_lcb_n,226.0,1.0,3.0,-61.64306449890137
ucb_lcb_n,227.0,1.0,3.0,-4.835453510284424
ucb_lcb_n,228.0,1.0,3.0,-60.99375021457672
ucb_lcb_n,229.0,1.0,3.0,-9.210836891375948
ucb_lcb_n,230.0,1.0,3.0,-4.005052089691162
ucb_lcb_n,231.0,1.0,3.0,-5.092296600341797
ucb_lcb_n,232.0,1.0,3.0,-5.278430938720703
ucb_lcb_n,233.0,1.0,3.0,-10.142297446727753
ucb_lcb_n,234.0,1.0,3.0,-25.318354308605194
ucb_lcb_n,236.0,1.0,3.0,-23.581209778785706
ucb_lcb_n,237.0,1.0,3.0,-5.028154373168945
ucb_lcb_n,239.0,1.0,3.0,-5.347790956497192
ucb_lcb_n,240.0,1.0,3.0,-46.755899131298065
ucb_lcb_n,241.0,1.0,3.0,-16.92512857913971
ucb_lcb_n,242.0,1.0,3.0,-19.58219200372696
ucb_lcb_n,243.0,1.0,3.0,-5.476327419281006
ucb_lcb_n,244.0,1.0,3.0,-4.102434992790222
ucb_lcb_n,245.0,1.0,3.0,-17.491141319274902
ucb_lcb_n,246.0,1.0,3.0,-6.926719665527344
ucb_lcb_n,247.0,1.0,3.0,-28.46759569644928
ucb_lcb_n,248.0,1.0,3.0,-38.28578066825867
ucb_lcb_n,249.0,1.0,3.0,-8.166550159454346
ucb_lcb_n,250.0,1.0,3.0,-3.6517045497894287
ucb_lcb_n,252.0,1.0,3.0,-42.62570571899414
ucb_lcb_n,253.0,1.0,3.0,-3.812877893447876
ucb_lcb_n,254.0,1.0,3.0,-5.196354389190674
ucb_lcb_n,255.0,1.0,3.0,-4.951897144317627
ucb_lcb_n,257.0,1.0,3.0,-16.713133454322815
ucb_lcb_n,258.0,1.0,3.0,-4.906445786356926
ucb_lcb_n,259.0,1.0,3.0,-11.193211033940315
ucb_lcb_n,260.0,1.0,3.0,-23.346781015396118
ucb_lcb_n,261.0,1.0,3.0,-0.3709154427051544
ucb_lcb_n,262.0,1.0,3.0,-18.42068099975586
ucb_lcb_n,263.0,1.0,3.0,-3.2794318199157715
ucb_lcb_n,264.0,1.0,3.0,-4.8592376708984375
ucb_lcb_n,266.0,1.0,3.0,-9.415394306182861
ucb_lcb_n,267.0,1.0,3.0,-18.669265925884247
ucb_lcb_n,268.0,1.0,3.0,-42.27716398239136
ucb_lcb_n,269.0,1.0,3.0,-33.670999467372894
ucb_lcb_n,270.0,1.0,3.0,-4.834218978881836
ucb_lcb_n,271.0,1.0,3.0,-47.89763939380646
ucb_lcb_n,272.0,1.0,3.0,-0.5702464133501053
ucb_lcb_n,273.0,1.0,3.0,-22.021561443805695
ucb_lcb_n,274.0,1.0,3.0,-14.08404004573822
ucb_lcb_n,275.0,1.0,3.0,-6.225789315998554
ucb_lcb_n,276.0,1.0,3.0,-0.0010002159251598641
ucb_lcb_n,277.0,1.0,3.0,-0.0010002159251598641
ucb_lcb_n,278.0,1.0,3.0,-9.21034049987793
ucb_lcb_n,279.0,1.0,3.0,-13.35429064242635
ucb_lcb_n,280.0,1.0,3.0,-17.129098415374756
ucb_lcb_n,282.0,1.0,3.0,-5.33359432220459
ucb_lcb_n,283.0,1.0,3.0,-9.200147550553083
ucb_lcb_n,284.0,1.0,3.0,-20.689564108848572
ucb_lcb_n,285.0,1.0,3.0,-4.799874305725098
ucb_lcb_n,286.0,1.0,3.0,-16.030454516410828
ucb_lcb_n,287.0,1.0,3.0,-16.009430047124624
ucb_lcb_n,288.0,1.0,3.0,-5.127856254577637
ucb_lcb_n,289.0,1.0,3.0,-13.078624963760376
ucb_lcb_n,290.0,1.0,3.0,-19.72404932975769
ucb_lcb_n,291.0,1.0,3.0,-5.182283878326416
ucb_lcb_n,292.0,1.0,3.0,-4.972095966339111
ucb_lcb_n,293.0,1.0,3.0,-3.919917583465576
ucb_lcb_n,294.0,1.0,3.0,-20.893100261688232
ucb_lcb_n,295.0,1.0,3.0,-13.625761538743973
ucb_lcb_n,296.0,1.0,3.0,-19.90363121032715
ucb_lcb_n,297.0,1.0,3.0,-40.06170776486397
ucb_lcb_n,298.0,1.0,3.0,-8.152363061904907
ucb_lcb_n,299.0,1.0,3.0,-10.270479679107666
ucb_lcb_n,300.0,1.0,3.0,-5.7318925857543945
ucb_lcb_n,301.0,1.0,3.0,-2.8454431891441345
ucb_lcb_n,302.0,1.0,3.0,-0.0010002159251598641
ucb_lcb_n,303.0,1.0,3.0,-23.83471989631653
ucb_lcb_n,304.0,1.0,3.0,-4.345144271850586
ucb_lcb_n,305.0,1.0,3.0,-22.117007412947714
ucb_lcb_n,306.0,1.0,3.0,-23.695921897888184
ucb_lcb_n,307.0,1.0,3.0,-17.829963700845838
ucb_lcb_n,308.0,1.0,3.0,-35.24793565273285
ucb_lcb_n,309.0,1.0,3.0,-20.403299689292908
ucb_lcb_n,310.0,1.0,3.0,-9.070156693458557
ucb_lcb_n,311.0,1.0,3.0,-21.086286932229996
ucb_lcb_n,312.0,1.0,3.0,-7.737159550189972
ucb_lcb_n,313.0,1.0,3.0,-18.639344917610288
ucb_lcb_n,314.0,1.0,3.0,-8.98856496810913
ucb_lcb_n,315.0,1.0,3.0,-11.334555506706238
ucb_lcb_n,316.0,1.0,3.0,-14.079130828380585
ucb_lcb_n,317.0,1.0,3.0,-62.03706884384155
ucb_lcb_n,318.0,1.0,3.0,-28.436249256134033
ucb_lcb_n,319.0,1.0,3.0,-17.841078734840266
ucb_lcb_n,320.0,1.0,3.0,-4.85250997543335
ucb_lcb_n,321.0,1.0,3.0,-18.34729391336441
ucb_lcb_n,322.0,1.0,3.0,-11.0313168913126
ucb_lcb_n,323.0,1.0,3.0,-0.6646527647972107
ucb_lcb_n,324.0,1.0,3.0,-19.059047281742096
ucb_lcb_n,325.0,1.0,3.0,-21.236850678920746
ucb_lcb_n,326.0,1.0,3.0,-0.3410598002374172
ucb_lcb_n,327.0,1.0,3.0,-4.965021133422852
ucb_lcb_n,328.0,1.0,3.0,-4.957268714904785
ucb_lcb_n,329.0,1.0,3.0,-25.342640221118927
ucb_lcb_n,330.0,1.0,3.0,-0.0010002159251598641
ucb_lcb_n,331.0,1.0,3.0,-77.98203897476196
ucb_lcb_n,332.0,1.0,3.0,-5.963942527770996
ucb_lcb_n,333.0,1.0,3.0,-36.89786732196808
ucb_lcb_n,334.0,1.0,3.0,-4.8509135246276855
ucb_lcb_n,336.0,1.0,3.0,-0.00186252107960172
ucb_lcb_n,337.0,1.0,3.0,-0.3311395086348057
ucb_lcb_n,338.0,1.0,3.0,-21.78714609146118
ucb_lcb_n,340.0,1.0,3.0,-15.81544578075409
ucb_lcb_n,341.0,1.0,3.0,-11.661976754665375
ucb_lcb_n,342.0,1.0,3.0,-2.9475536346435547
ucb_lcb_n,343.0,1.0,3.0,-35.47752559185028
ucb_lcb_n,344.0,1.0,3.0,-6.371797680854797
ucb_lcb_n,346.0,1.0,3.0,-8.241930484771729
ucb_lcb_n,347.0,1.0,3.0,-14.485113263130188
ucb_lcb_n,348.0,1.0,3.0,-0.22953535057604313
ucb_lcb_n,350.0,1.0,3.0,-0.0013018502795603126
ucb_lcb_n,351.0,1.0,3.0,-16.464221853762865
ucb_lcb_n,352.0,1.0,3.0,-23.380720630288124
ucb_lcb_n,353.0,1.0,3.0,-4.952981472015381
ucb_lcb_n,354.0,1.0,3.0,-4.8779497146606445
ucb_lcb_n,355.0,1.0,3.0,-0.0010002159251598641
ucb_lcb_n,356.0,1.0,3.0,-1.5811937153339386
ucb_lcb_n,357.0,1.0,3.0,-47.55164921283722
ucb_lcb_n,358.0,1.0,3.0,-5.16593074798584
ucb_lcb_n,359.0,1.0,3.0,-30.383209943771362
ucb_lcb_n,361.0,1.0,3.0,-9.2403085231781
ucb_lcb_n,362.0,1.0,3.0,-17.410207085311413
ucb_lcb_n,363.0,1.0,3.0,-27.152687788009644
ucb_lcb_n,364.0,1.0,3.0,-10.163677215576172
ucb_lcb_n,365.0,1.0,3.0,-14.012277841567993
ucb_lcb_n,367.0,1.0,3.0,-4.968034505844116
ucb_lcb_n,368.0,1.0,3.0,-21.902743503451347
ucb_lcb_n,369.0,1.0,3.0,-23.876332104206085
ucb_lcb_n,371.0,1.0,3.0,-28.152189448475838
ucb_lcb_n,372.0,1.0,3.0,-5.376270294189453
ucb_lcb_n,373.0,1.0,3.0,-10.725526571273804
ucb_lcb_n,374.0,1.0,3.0,-25.604122787714005
ucb_lcb_n,375.0,1.0,3.0,-20.161500930786133
ucb_lcb_n,376.0,1.0,3.0,-5.613322734832764
ucb_lcb_n,377.0,1.0,3.0,-12.066346526145935
ucb_lcb_n,378.0,1.0,3.0,-42.06260824203491
ucb_lcb_n,379.0,1.0,3.0,-5.9122633934021
ucb_lcb_n,380.0,1.0,3.0,-9.21034049987793
ucb_lcb_n,381.0,1.0,3.0,-8.441209226846695
ucb_lcb_n,382.0,1.0,3.0,-4.5318193435668945
ucb_lcb_n,383.0,1.0,3.0,-6.938114106655121
ucb_lcb_n,384.0,1.0,3.0,-5.177295684814453
ucb_lcb_n,385.0,1.0,3.0,-0.8049336373806
ucb_lcb_n,386.0,1.0,3.0,-10.157803535461426
ucb_lcb_n,387.0,1.0,3.0,-31.32148849964142
ucb_lcb_n,388.0,1.0,3.0,-33.44923734664917
ucb_lcb_n,389.0,1.0,3.0,-25.102335885167122
ucb_lcb_n,390.0,1.0,3.0,-39.118618831038475
ucb_lcb_n,391.0,1.0,3.0,-5.203936517238617
ucb_lcb_n,392.0,1.0,3.0,-8.340715885162354
ucb_lcb_n,393.0,1.0,3.0,-51.21285021305084
ucb_lcb_n,394.0,1.0,3.0,-5.303388595581055
ucb_lcb_n,395.0,1.0,3.0,-6.227198123931885
ucb_lcb_n,396.0,1.0,3.0,-10.411968231201172
ucb_lcb_n,397.0,1.0,3.0,-19.883502423763275
ucb_lcb_n,398.0,1.0,3.0,-2.533919095993042
ucb_lcb_n,399.0,1.0,3.0,-13.301827192306519
ucb_lcb_n,400.0,1.0,3.0,-16.01306962966919
ucb_lcb_n,401.0,1.0,3.0,-4.442670822143555
ucb_lcb_n,402.0,1.0,3.0,-5.697719097137451
ucb_lcb_n,403.0,1.0,3.0,-4.815712928771973
ucb_lcb_n,404.0,1.0,3.0,-15.843806851655245
ucb_lcb_n,405.0,1.0,3.0,-29.89158606529236
ucb_lcb_n,407.0,1.0,3.0,-7.331854581832886
ucb_lcb_n,408.0,1.0,3.0,-4.715245723724365
ucb_lcb_n,409.0,1.0,3.0,-0.0010002159251598641
ucb_lcb_n,410.0,1.0,3.0,-7.950828552246094
ucb_lcb_n,412.0,1.0,3.0,-50.118141412734985
ucb_lcb_n,413.0,1.0,3.0,-17.965528964996338
ucb_lcb_n,414.0,1.0,3.0,-6.464549124240875
ucb_lcb_n,415.0,1.0,3.0,-16.015830039978027
ucb_lcb_n,416.0,1.0,3.0,-17.43745630979538
ucb_lcb_n,417.0,1.0,3.0,-31.785616874694824
ucb_lcb_n,418.0,1.0,3.0,-18.002503395080566
ucb_lcb_n,419.0,1.0,3.0,-7.976295838132501
ucb_lcb_n,420.0,1.0,3.0,-14.613633841276169
ucb_lcb_n,421.0,1.0,3.0,-5.410336444154382
ucb_lcb_n,422.0,1.0,3.0,-0.1464898530393839
ucb_lcb_n,424.0,1.0,3.0,-19.69870227575302
ucb_lcb_n,425.0,1.0,3.0,-12.725821495056152
ucb_lcb_n,426.0,1.0,3.0,-16.532122092787176
ucb_lcb_n,428.0,1.0,3.0,-35.91900634765625
ucb_lcb_n,429.0,1.0,3.0,-23.309435844421387
ucb_lcb_n,430.0,1.0,3.0,-4.872180461883545
ucb_lcb_n,431.0,1.0,3.0,-20.75349509716034
ucb_lcb_n,432.0,1.0,3.0,-21.188277184963226
ucb_lcb_n,433.0,1.0,3.0,-58.04225444793701
ucb_lcb_n,434.0,1.0,3.0,-4.819240570068359
ucb_lcb_n,435.0,1.0,3.0,-25.41322112083435
ucb_lcb_n,436.0,1.0,3.0,-37.26931357383728
ucb_lcb_n,437.0,1.0,3.0,-22.51778456196189
ucb_lcb_n,438.0,1.0,3.0,-16.348218500614166
ucb_lcb_n,439.0,1.0,3.0,-4.812307357788086
ucb_lcb_n,440.0,1.0,3.0,-4.878915786743164
ucb_lcb_n,441.0,1.0,3.0,-4.264390736818314
ucb_lcb_n,442.0,1.0,3.0,-0.0015001245265011676
ucb_lcb_n,443.0,1.0,3.0,-9.21034049987793
ucb_lcb_n,444.0,1.0,3.0,-24.881877899169922
ucb_lcb_n,445.0,1.0,3.0,-9.515785694122314
ucb_lcb_n,446.0,1.0,3.0,-21.51202687472687
ucb_lcb_n,447.0,1.0,3.0,-13.728479251265526
ucb_lcb_n,448.0,1.0,3.0,-10.138550281524658
ucb_lcb_n,449.0,1.0,3.0,-4.9169111251831055
ucb_lcb_n,450.0,1.0,3.0,-19.210930347442627
ucb_lcb_n,451.0,1.0,3.0,-24.660147666931152
ucb_lcb_n,452.0,1.0,3.0,-23.06140398979187
ucb_lcb_n,453.0,1.0,3.0,-17.925940081477165
ucb_lcb_n,454.0,1.0,3.0,-4.928948402404785
ucb_lcb_n,455.0,1.0,3.0,-14.224464684913983
ucb_lcb_n,456.0,1.0,3.0,-18.602641507983208
ucb_lcb_n,457.0,1.0,3.0,-4.836701393127441
ucb_lcb_n,458.0,1.0,3.0,-2.5548551082611084
ucb_lcb_n,459.0,1.0,3.0,-36.99331276118755
ucb_lcb_n,460.0,1.0,3.0,-16.283874966204166
ucb_lcb_n,461.0,1.0,3.0,-9.482694566249847
ucb_lcb_n,462.0,1.0,3.0,-31.730949461460114
ucb_lcb_n,463.0,1.0,3.0,-12.68521411716938
ucb_lcb_n,464.0,1.0,3.0,-15.95808219909668
ucb_lcb_n,465.0,1.0,3.0,-24.297234296798706
ucb_lcb_n,466.0,1.0,3.0,-22.151589035987854
ucb_lcb_n,467.0,1.0,3.0,-5.50554084777832
ucb_lcb_n,468.0,1.0,3.0,-7.804295897483826
ucb_lcb_n,469.0,1.0,3.0,-22.48504102230072
ucb_lcb_n,470.0,1.0,3.0,-25.865596160292625
ucb_lcb_n,471.0,1.0,3.0,-5.859267950057983
ucb_lcb_n,472.0,1.0,3.0,-19.67802858352661
ucb_lcb_n,473.0,1.0,3.0,-9.285418510437012
ucb_lcb_n,474.0,1.0,3.0,-47.680204410105944
ucb_lcb_n,475.0,1.0,3.0,-8.618237257003784
ucb_lcb_n,476.0,1.0,3.0,-12.383329227566719
ucb_lcb_n,477.0,1.0,3.0,-29.02217960357666
ucb_lcb_n,478.0,1.0,3.0,-8.644145011901855
ucb_lcb_n,479.0,1.0,3.0,-25.33905954658985
ucb_lcb_n,480.0,1.0,3.0,-23.593850553035736
ucb_lcb_n,481.0,1.0,3.0,-8.98097038269043
ucb_lcb_n,482.0,1.0,3.0,-0.45410555973649025
ucb_lcb_n,483.0,1.0,3.0,-5.189509391784668
ucb_lcb_n,484.0,1.0,3.0,-23.74144944548607
ucb_lcb_n,485.0,1.0,3.0,-6.540498733520508
ucb_lcb_n,486.0,1.0,3.0,-4.231624603271484
ucb_lcb_n,487.0,1.0,3.0,-30.894631326198578
ucb_lcb_n,488.0,1.0,3.0,-16.828726410865784
ucb_lcb_n,490.0,1.0,3.0,-15.612524017691612
ucb_lcb_n,491.0,1.0,3.0,-0.05615536170080304
ucb_lcb_n,492.0,1.0,3.0,-25.670294016599655
ucb_lcb_n,493.0,1.0,3.0,-4.823688507080078
ucb_lcb_n,494.0,1.0,3.0,-38.77261424064636
ucb_lcb_n,495.0,1.0,3.0,-20.889500990509987
ucb_lcb_n,496.0,1.0,3.0,-2.912867546081543
ucb_lcb,1.0,1.0,3.0,-4.7910380363464355
ucb_lcb,2.0,1.0,3.0,-6.513479232788086
ucb_lcb,3.0,1.0,3.0,-19.71100503206253
ucb_lcb,4.0,1.0,3.0,-22.678248643875122
ucb_lcb,5.0,1.0,3.0,-4.796715259552002
ucb_lcb,6.0,1.0,3.0,-5.914865016937256
ucb_lcb,7.0,1.0,3.0,-25.137507379055023
ucb_lcb,8.0,1.0,3.0,-12.883527278900146
ucb_lcb,9.0,1.0,3.0,-48.62473213672638
ucb_lcb,10.0,1.0,3.0,-4.948953628540039
ucb_lcb,11.0,1.0,3.0,-5.251499176025391
ucb_lcb,12.0,1.0,3.0,-17.657350540161133
ucb_lcb,13.0,1.0,3.0,-32.82389974594116
ucb_lcb,14.0,1.0,3.0,-7.365835189819336
ucb_lcb,15.0,1.0,3.0,-14.338556125760078
ucb_lcb,16.0,1.0,3.0,-11.348844319581985
ucb_lcb,17.0,1.0,3.0,-4.804020881652832
ucb_lcb,18.0,1.0,3.0,-7.6198649406433105
ucb_lcb,19.0,1.0,3.0,-29.97989511489868
ucb_lcb,20.0,1.0,3.0,-5.59840357163921
ucb_lcb,21.0,1.0,3.0,-31.75061944127083
ucb_lcb,22.0,1.0,3.0,-16.98372808098793
ucb_lcb,23.0,1.0,3.0,-12.168199598789215
ucb_lcb,24.0,1.0,3.0,-4.95060396194458
ucb_lcb,25.0,1.0,3.0,-5.845340728759766
ucb_lcb,26.0,1.0,3.0,-6.996256113052368
ucb_lcb,27.0,1.0,3.0,-3.818206310272217
ucb_lcb,28.0,1.0,3.0,-3.4221091270446777
ucb_lcb,29.0,1.0,3.0,-16.367549240589142
ucb_lcb,30.0,1.0,3.0,-32.499088287353516
ucb_lcb,32.0,1.0,3.0,-1.2335060834884644
ucb_lcb,33.0,1.0,3.0,-56.58708202838898
ucb_lcb,34.0,1.0,3.0,-53.141337752342224
ucb_lcb,35.0,1.0,3.0,-9.829368092119694
ucb_lcb,36.0,1.0,3.0,-13.594212417956442
ucb_lcb,37.0,1.0,3.0,-14.553604364395142
ucb_lcb,38.0,1.0,3.0,-0.09112314414232969
ucb_lcb,39.0,1.0,3.0,-4.923392295837402
ucb_lcb,40.0,1.0,3.0,-2.701883554458618
ucb_lcb,41.0,1.0,3.0,-8.039938867092133
ucb_lcb,42.0,1.0,3.0,-28.202715754508972
ucb_lcb,43.0,1.0,3.0,-4.065938264131546
ucb_lcb,45.0,1.0,3.0,-58.47505283355713
ucb_lcb,46.0,1.0,3.0,-27.43167803157121
ucb_lcb,47.0,1.0,3.0,-4.818211555480957
ucb_lcb,48.0,1.0,3.0,-9.72159719467163
ucb_lcb,49.0,1.0,3.0,-0.0010002159251598641
ucb_lcb,50.0,1.0,3.0,-5.663690567016602
ucb_lcb,51.0,1.0,3.0,-16.457541704177856
ucb_lcb,52.0,1.0,3.0,-35.6320583820343
ucb_lcb,53.0,1.0,3.0,-8.118256092071533
ucb_lcb,54.0,1.0,3.0,-19.677655458450317
ucb_lcb,55.0,1.0,3.0,-4.780271530151367
ucb_lcb,56.0,1.0,3.0,-27.52188767492771
ucb_lcb,58.0,1.0,3.0,-3.7854203581809998
ucb_lcb,59.0,1.0,3.0,-31.91996479034424
ucb_lcb,60.0,1.0,3.0,-5.919485569000244
ucb_lcb,61.0,1.0,3.0,-22.302900314331055
ucb_lcb,64.0,1.0,3.0,-22.748519081622362
ucb_lcb,65.0,1.0,3.0,-0.0010002159251598641
ucb_lcb,66.0,1.0,3.0,-37.84547162055969
ucb_lcb,67.0,1.0,3.0,-30.832904562354088
ucb_lcb,68.0,1.0,3.0,-16.66532838344574
ucb_lcb,69.0,1.0,3.0,-92.1034049987793
ucb_lcb,70.0,1.0,3.0,-12.533202171325684
ucb_lcb,71.0,1.0,3.0,-4.7557477951049805
ucb_lcb,72.0,1.0,3.0,-32.352726101875305
ucb_lcb,73.0,1.0,3.0,-11.169159412384033
ucb_lcb,74.0,1.0,3.0,-31.968990805311478
ucb_lcb,75.0,1.0,3.0,-6.590590953826904
ucb_lcb,76.0,1.0,3.0,-34.68282841145992
ucb_lcb,77.0,1.0,3.0,-41.03587555885315
ucb_lcb,78.0,1.0,3.0,-1.517501324415207
ucb_lcb,79.0,1.0,3.0,-1.8688093423843384
ucb_lcb,80.0,1.0,3.0,-4.708447456359863
ucb_lcb,81.0,1.0,3.0,-17.937695503234863
ucb_lcb,82.0,1.0,3.0,-5.085727214813232
ucb_lcb,83.0,1.0,3.0,-14.114363610744476
ucb_lcb,84.0,1.0,3.0,-0.032046498730778694
ucb_lcb,85.0,1.0,3.0,-18.977446734905243
ucb_lcb,87.0,1.0,3.0,-13.244895279407501
ucb_lcb,88.0,1.0,3.0,-11.329429149627686
ucb_lcb,89.0,1.0,3.0,-18.153328895568848
ucb_lcb,90.0,1.0,3.0,-5.09144401550293
ucb_lcb,91.0,1.0,3.0,-4.84389066696167
ucb_lcb,92.0,1.0,3.0,-5.489352703094482
ucb_lcb,93.0,1.0,3.0,-9.21034049987793
ucb_lcb,94.0,1.0,3.0,-6.150938034057617
ucb_lcb,95.0,1.0,3.0,-14.78592249378562
ucb_lcb,96.0,1.0,3.0,-28.49176573753357
ucb_lcb,98.0,1.0,3.0,-12.27232837677002
ucb_lcb,99.0,1.0,3.0,-21.407754401676357
ucb_lcb,101.0,1.0,3.0,-0.30106642842292786
ucb_lcb,102.0,1.0,3.0,-6.497148592490703
ucb_lcb,103.0,1.0,3.0,-19.65402376651764
ucb_lcb,104.0,1.0,3.0,-34.12155795097351
ucb_lcb,105.0,1.0,3.0,-35.59606170654297
ucb_lcb,106.0,1.0,3.0,-3.6206696033477783
ucb_lcb,107.0,1.0,3.0,-18.582047693431377
ucb_lcb,108.0,1.0,3.0,-7.492696046829224
ucb_lcb,109.0,1.0,3.0,-2.8426597118377686
ucb_lcb,111.0,1.0,3.0,-15.335988879203796
ucb_lcb,112.0,1.0,3.0,-12.70083749294281
ucb_lcb,113.0,1.0,3.0,-47.779422828927636
ucb_lcb,114.0,1.0,3.0,-4.378950119018555
ucb_lcb,115.0,1.0,3.0,-25.503333121538162
ucb_lcb,116.0,1.0,3.0,-5.925388351082802
ucb_lcb,117.0,1.0,3.0,-9.582433700561523
ucb_lcb,118.0,1.0,3.0,-3.3966739177703857
ucb_lcb,119.0,1.0,3.0,-0.0010002159251598641
ucb_lcb,120.0,1.0,3.0,-39.923105120658875
ucb_lcb,121.0,1.0,3.0,-37.069347858428955
ucb_lcb,122.0,1.0,3.0,-11.259021401405334
ucb_lcb,123.0,1.0,3.0,-10.645530741661787
ucb_lcb,124.0,1.0,3.0,-3.688321501016617
ucb_lcb,125.0,1.0,3.0,-35.35650271177292
ucb_lcb,126.0,1.0,3.0,-9.77771520614624
ucb_lcb,128.0,1.0,3.0,-38.8735249042511
ucb_lcb,130.0,1.0,3.0,-7.4351396560668945
ucb_lcb,131.0,1.0,3.0,-10.82625374943018
ucb_lcb,132.0,1.0,3.0,-23.65215802192688
ucb_lcb,133.0,1.0,3.0,-5.689826011657715
ucb_lcb,134.0,1.0,3.0,-16.853824615478516
ucb_lcb,135.0,1.0,3.0,-2.221052572131157
ucb_lcb,136.0,1.0,3.0,-4.915456771850586
ucb_lcb,137.0,1.0,3.0,-68.45300531387329
ucb_lcb,138.0,1.0,3.0,-4.912751197814941
ucb_lcb,139.0,1.0,3.0,-20.571996927261353
ucb_lcb,140.0,1.0,3.0,-2.9752144813537598
ucb_lcb,141.0,1.0,3.0,-0.0010002159251598641
ucb_lcb,142.0,1.0,3.0,-1.458825558423996
ucb_lcb,143.0,1.0,3.0,-15.71870231628418
ucb_lcb,144.0,1.0,3.0,-23.597274661064148
ucb_lcb,145.0,1.0,3.0,-11.506003379821777
ucb_lcb,146.0,1.0,3.0,-34.81610321998596
ucb_lcb,147.0,1.0,3.0,-36.34148818254471
ucb_lcb,148.0,1.0,3.0,-13.685097098350525
ucb_lcb,149.0,1.0,3.0,-36.8012753110379
ucb_lcb,150.0,1.0,3.0,-22.50507605681196
ucb_lcb,151.0,1.0,3.0,-15.679266452789307
ucb_lcb,152.0,1.0,3.0,-17.2470643222332
ucb_lcb,153.0,1.0,3.0,-12.531403839588165
ucb_lcb,154.0,1.0,3.0,-9.702596187591553
ucb_lcb,155.0,1.0,3.0,-0.008450861612800509
ucb_lcb,156.0,1.0,3.0,-5.042332172393799
ucb_lcb,158.0,1.0,3.0,-5.031251907348633
ucb_lcb,159.0,1.0,3.0,-4.7594475746154785
ucb_lcb,160.0,1.0,3.0,-4.6804463267326355
ucb_lcb,161.0,1.0,3.0,-7.903156995773315
ucb_lcb,162.0,1.0,3.0,-29.227573044598103
ucb_lcb,163.0,1.0,3.0,-3.555145025253296
ucb_lcb,165.0,1.0,3.0,-5.833177424967289
ucb_lcb,166.0,1.0,3.0,-7.862627744674683
ucb_lcb,167.0,1.0,3.0,-26.800004959106445
ucb_lcb,168.0,1.0,3.0,-14.841463565826416
ucb_lcb,169.0,1.0,3.0,-14.51530933380127
ucb_lcb,170.0,1.0,3.0,-13.248196307569742
ucb_lcb,171.0,1.0,3.0,-0.03327621053904295
ucb_lcb,172.0,1.0,3.0,-8.861040115356445
ucb_lcb,173.0,1.0,3.0,-5.65754508972168
ucb_lcb,174.0,1.0,3.0,-14.976806581020355
ucb_lcb,175.0,1.0,3.0,-6.4124627113342285
ucb_lcb,176.0,1.0,3.0,-16.131523609161377
ucb_lcb,177.0,1.0,3.0,-8.193938255310059
ucb_lcb,178.0,1.0,3.0,-4.536461353302002
ucb_lcb,179.0,1.0,3.0,-4.84637451171875
ucb_lcb,180.0,1.0,3.0,-4.826145172119141
ucb_lcb,181.0,1.0,3.0,-10.480611324310303
ucb_lcb,182.0,1.0,3.0,-6.626399517059326
ucb_lcb,183.0,1.0,3.0,-30.160796463489532
ucb_lcb,185.0,1.0,3.0,-56.91994500160217
ucb_lcb,186.0,1.0,3.0,-33.58198857307434
ucb_lcb,187.0,1.0,3.0,-4.81363582611084
ucb_lcb,188.0,1.0,3.0,-6.454922270029783
ucb_lcb,190.0,1.0,3.0,-11.137896537780762
ucb_lcb,191.0,1.0,3.0,-13.815466165542603
ucb_lcb,192.0,1.0,3.0,-0.0010078461054945365
ucb_lcb,193.0,1.0,3.0,-27.621485590934753
ucb_lcb,195.0,1.0,3.0,-26.046026945114136
ucb_lcb,196.0,1.0,3.0,-3.963528633117676
ucb_lcb,197.0,1.0,3.0,-4.131716251373291
ucb_lcb,198.0,1.0,3.0,-9.024723529815674
ucb_lcb,199.0,1.0,3.0,-21.415391743183136
ucb_lcb,200.0,1.0,3.0,-5.74573278427124
ucb_lcb,201.0,1.0,3.0,-6.285075426101685
ucb_lcb,202.0,1.0,3.0,-13.503441870212555
ucb_lcb,203.0,1.0,3.0,-7.487035363912582
ucb_lcb,204.0,1.0,3.0,-4.59249709174037
ucb_lcb,205.0,1.0,3.0,-12.358257293701172
ucb_lcb,206.0,1.0,3.0,-9.636334896087646
ucb_lcb,207.0,1.0,3.0,-16.34306290000677
ucb_lcb,208.0,1.0,3.0,-4.930260181427002
ucb_lcb,209.0,1.0,3.0,-4.777407169342041
ucb_lcb,210.0,1.0,3.0,-1.4559277147054672
ucb_lcb,211.0,1.0,3.0,-30.26916855573654
ucb_lcb,212.0,1.0,3.0,-10.518950462341309
ucb_lcb,213.0,1.0,3.0,-5.249433994293213
ucb_lcb,214.0,1.0,3.0,-27.891222715377808
ucb_lcb,215.0,1.0,3.0,-14.76325535774231
ucb_lcb,216.0,1.0,3.0,-23.568079590797424
ucb_lcb,217.0,1.0,3.0,-4.8502278327941895
ucb_lcb,218.0,1.0,3.0,-28.358040690422058
ucb_lcb,219.0,1.0,3.0,-8.190545082092285
ucb_lcb,220.0,1.0,3.0,-0.08168409485369921
ucb_lcb,221.0,1.0,3.0,-25.23071327805519
ucb_lcb,222.0,1.0,3.0,-26.55000340938568
ucb_lcb,223.0,1.0,3.0,-7.161508560180664
ucb_lcb,224.0,1.0,3.0,-1.666743516921997
ucb_lcb,225.0,1.0,3.0,-18.645190954208374
ucb_lcb,226.0,1.0,3.0,-18.278555154800415
ucb_lcb,227.0,1.0,3.0,-4.719534397125244
ucb_lcb,228.0,1.0,3.0,-79.99537873268127
ucb_lcb,229.0,1.0,3.0,-9.210440521470446
ucb_lcb,230.0,1.0,3.0,-3.7020516395568848
ucb_lcb,231.0,1.0,3.0,-4.982907295227051
ucb_lcb,232.0,1.0,3.0,-4.914665222167969
ucb_lcb,233.0,1.0,3.0,-11.474542319774628
ucb_lcb,234.0,1.0,3.0,-33.01963257789612
ucb_lcb,236.0,1.0,3.0,-21.171982765197754
ucb_lcb,237.0,1.0,3.0,-5.165491104125977
ucb_lcb,239.0,1.0,3.0,-4.836473226547241
ucb_lcb,240.0,1.0,3.0,-36.87446856498718
ucb_lcb,241.0,1.0,3.0,-24.058091938495636
ucb_lcb,242.0,1.0,3.0,-23.97120076417923
ucb_lcb,243.0,1.0,3.0,-5.234433174133301
ucb_lcb,244.0,1.0,3.0,-5.524805784225464
ucb_lcb,245.0,1.0,3.0,-15.107835412025452
ucb_lcb,246.0,1.0,3.0,-3.892614960670471
ucb_lcb,247.0,1.0,3.0,-31.18421697616577
ucb_lcb,248.0,1.0,3.0,-40.10677170753479
ucb_lcb,249.0,1.0,3.0,-6.538818120956421
ucb_lcb,250.0,1.0,3.0,-2.7894904613494873
ucb_lcb,252.0,1.0,3.0,-6.409940421581268
ucb_lcb,253.0,1.0,3.0,-3.6514155864715576
ucb_lcb,254.0,1.0,3.0,-5.7811455726623535
ucb_lcb,255.0,1.0,3.0,-4.979017734527588
ucb_lcb,257.0,1.0,3.0,-27.04112195968628
ucb_lcb,258.0,1.0,3.0,-5.3890276830643415
ucb_lcb,259.0,1.0,3.0,-12.04390324652195
ucb_lcb,260.0,1.0,3.0,-32.600969314575195
ucb_lcb,261.0,1.0,3.0,-0.5563292950391769
ucb_lcb,262.0,1.0,3.0,-18.42068099975586
ucb_lcb,263.0,1.0,3.0,-4.215186595916748
ucb_lcb,264.0,1.0,3.0,-4.802197456359863
ucb_lcb,266.0,1.0,3.0,-12.681204319000244
ucb_lcb,267.0,1.0,3.0,-30.351872444152832
ucb_lcb,268.0,1.0,3.0,-8.450111746788025
ucb_lcb,269.0,1.0,3.0,-37.289298713207245
ucb_lcb,270.0,1.0,3.0,-4.877340316772461
ucb_lcb,271.0,1.0,3.0,-27.376452922821045
ucb_lcb,272.0,1.0,3.0,-1.128441296517849
ucb_lcb,273.0,1.0,3.0,-18.36299443244934
ucb_lcb,274.0,1.0,3.0,-14.064584255218506
ucb_lcb,275.0,1.0,3.0,-6.5612035393714905
ucb_lcb,276.0,1.0,3.0,-0.0010002159251598641
ucb_lcb,277.0,1.0,3.0,-0.0010002159251598641
ucb_lcb,278.0,1.0,3.0,-6.738608360290527
ucb_lcb,279.0,1.0,3.0,-12.820441305826535
ucb_lcb,280.0,1.0,3.0,-32.32290983200073
ucb_lcb,282.0,1.0,3.0,-4.884050369262695
ucb_lcb,283.0,1.0,3.0,-8.949852146208286
ucb_lcb,284.0,1.0,3.0,-17.95403277873993
ucb_lcb,285.0,1.0,3.0,-4.764120578765869
ucb_lcb,286.0,1.0,3.0,-17.872464179992676
ucb_lcb,287.0,1.0,3.0,-17.96966290846467
ucb_lcb,288.0,1.0,3.0,-4.877050876617432
ucb_lcb,289.0,1.0,3.0,-12.382445573806763
ucb_lcb,290.0,1.0,3.0,-11.152506470680237
ucb_lcb,291.0,1.0,3.0,-4.994606018066406
ucb_lcb,292.0,1.0,3.0,-4.703527450561523
ucb_lcb,293.0,1.0,3.0,-3.8698388189077377
ucb_lcb,294.0,1.0,3.0,-17.777530193328857
ucb_lcb,295.0,1.0,3.0,-13.515560925006866
ucb_lcb,296.0,1.0,3.0,-22.223830223083496
ucb_lcb,297.0,1.0,3.0,-33.73377275466919
ucb_lcb,298.0,1.0,3.0,-17.24161958694458
ucb_lcb,299.0,1.0,3.0,-9.636226177215576
ucb_lcb,300.0,1.0,3.0,-5.737512111663818
ucb_lcb,301.0,1.0,3.0,-2.0540518015623093
ucb_lcb,302.0,1.0,3.0,-0.0010002159251598641
ucb_lcb,303.0,1.0,3.0,-28.24742108769715
ucb_lcb,304.0,1.0,3.0,-4.286892890930176
ucb_lcb,305.0,1.0,3.0,-33.570324659347534
ucb_lcb,306.0,1.0,3.0,-33.95620059967041
ucb_lcb,307.0,1.0,3.0,-31.674888372421265
ucb_lcb,308.0,1.0,3.0,-41.679972648620605
ucb_lcb,309.0,1.0,3.0,-31.79109227657318
ucb_lcb,310.0,1.0,3.0,-9.714694023132324
ucb_lcb,311.0,1.0,3.0,-21.906996726989746
ucb_lcb,312.0,1.0,3.0,-7.4559690952301025
ucb_lcb,313.0,1.0,3.0,-18.94722469476983
ucb_lcb,314.0,1.0,3.0,-4.563825368881226
ucb_lcb,315.0,1.0,3.0,-15.964946627616882
ucb_lcb,316.0,1.0,3.0,-11.560916602611542
ucb_lcb,317.0,1.0,3.0,-21.561349749565125
ucb_lcb,318.0,1.0,3.0,-30.69108211994171
ucb_lcb,319.0,1.0,3.0,-27.37857747077942
ucb_lcb,320.0,1.0,3.0,-4.79848051071167
ucb_lcb,321.0,1.0,3.0,-33.00446283817291
ucb_lcb,322.0,1.0,3.0,-9.564395070075989
ucb_lcb,323.0,1.0,3.0,-0.5823263190686703
ucb_lcb,324.0,1.0,3.0,-28.441524267196655
ucb_lcb,325.0,1.0,3.0,-21.66700452566147
ucb_lcb,326.0,1.0,3.0,-0.3954313211143017
ucb_lcb,327.0,1.0,3.0,-4.898814678192139
ucb_lcb,328.0,1.0,3.0,-6.045208930969238
ucb_lcb,329.0,1.0,3.0,-21.573040276765823
ucb_lcb,330.0,1.0,3.0,-0.0010002159251598641
ucb_lcb,331.0,1.0,3.0,-59.83268451690674
ucb_lcb,332.0,1.0,3.0,-5.9555535316467285
ucb_lcb,333.0,1.0,3.0,-29.336014986038208
ucb_lcb,334.0,1.0,3.0,-4.804254055023193
ucb_lcb,336.0,1.0,3.0,-0.0010002159251598641
ucb_lcb,337.0,1.0,3.0,-0.46960603818297386
ucb_lcb,338.0,1.0,3.0,-21.912479400634766
ucb_lcb,340.0,1.0,3.0,-20.809240460395813
ucb_lcb,341.0,1.0,3.0,-11.842262625694275
ucb_lcb,342.0,1.0,3.0,-2.5209174156188965
ucb_lcb,343.0,1.0,3.0,-26.026320576667786
ucb_lcb,344.0,1.0,3.0,-8.48764944076538
ucb_lcb,346.0,1.0,3.0,-5.815737009048462
ucb_lcb,347.0,1.0,3.0,-24.50460195541382
ucb_lcb,348.0,1.0,3.0,-0.675649493932724
ucb_lcb,350.0,1.0,3.0,-0.0010002159251598641
ucb_lcb,351.0,1.0,3.0,-14.097399584949017
ucb_lcb,352.0,1.0,3.0,-30.26220464706421
ucb_lcb,353.0,1.0,3.0,-4.842643737792969
ucb_lcb,354.0,1.0,3.0,-4.770596504211426
ucb_lcb,355.0,1.0,3.0,-0.0010002159251598641
ucb_lcb,356.0,1.0,3.0,-1.5748559385538101
ucb_lcb,357.0,1.0,3.0,-18.280135214328766
ucb_lcb,358.0,1.0,3.0,-5.812977313995361
ucb_lcb,359.0,1.0,3.0,-31.369753241539
ucb_lcb,361.0,1.0,3.0,-19.350892066955566
ucb_lcb,362.0,1.0,3.0,-20.83015400916338
ucb_lcb,363.0,1.0,3.0,-18.522175192832947
ucb_lcb,364.0,1.0,3.0,-11.110593795776367
ucb_lcb,365.0,1.0,3.0,-13.112454652786255
ucb_lcb,367.0,1.0,3.0,-7.983933925628662
ucb_lcb,368.0,1.0,3.0,-21.917168244719505
ucb_lcb,369.0,1.0,3.0,-31.789156138896942
ucb_lcb,371.0,1.0,3.0,-30.49644100666046
ucb_lcb,372.0,1.0,3.0,-5.025632381439209
ucb_lcb,373.0,1.0,3.0,-10.704509735107422
ucb_lcb,374.0,1.0,3.0,-35.86253571510315
ucb_lcb,375.0,1.0,3.0,-22.175847113132477
ucb_lcb,376.0,1.0,3.0,-5.51385498046875
ucb_lcb,377.0,1.0,3.0,-9.721199750900269
ucb_lcb,378.0,1.0,3.0,-45.84747266769409
ucb_lcb,379.0,1.0,3.0,-5.004284858703613
ucb_lcb,380.0,1.0,3.0,-6.675212383270264
ucb_lcb,381.0,1.0,3.0,-7.275307558476925
ucb_lcb,382.0,1.0,3.0,-5.147426128387451
ucb_lcb,383.0,1.0,3.0,-6.06242448091507
ucb_lcb,384.0,1.0,3.0,-5.149678707122803
ucb_lcb,385.0,1.0,3.0,-0.6890344619750977
ucb_lcb,386.0,1.0,3.0,-10.320106029510498
ucb_lcb,387.0,1.0,3.0,-53.68081456422806
ucb_lcb,388.0,1.0,3.0,-31.71218204498291
ucb_lcb,389.0,1.0,3.0,-35.20915460586548
ucb_lcb,390.0,1.0,3.0,-29.974582448601723
ucb_lcb,391.0,1.0,3.0,-2.04495270550251
ucb_lcb,392.0,1.0,3.0,-9.320125341415405
ucb_lcb,393.0,1.0,3.0,-22.35286033153534
ucb_lcb,394.0,1.0,3.0,-5.222696304321289
ucb_lcb,395.0,1.0,3.0,-6.0920891761779785
ucb_lcb,396.0,1.0,3.0,-11.362725734710693
ucb_lcb,397.0,1.0,3.0,-20.252948820590973
ucb_lcb,398.0,1.0,3.0,-2.7933404445648193
ucb_lcb,399.0,1.0,3.0,-11.103240489959717
ucb_lcb,400.0,1.0,3.0,-22.87249779701233
ucb_lcb,401.0,1.0,3.0,-4.26455545425415
ucb_lcb,402.0,1.0,3.0,-6.1159987449646
ucb_lcb,403.0,1.0,3.0,-4.763256072998047
ucb_lcb,404.0,1.0,3.0,-17.357271160930395
ucb_lcb,405.0,1.0,3.0,-21.033799171447754
ucb_lcb,407.0,1.0,3.0,-7.586595922708511
ucb_lcb,408.0,1.0,3.0,-5.118070602416992
ucb_lcb,409.0,1.0,3.0,-0.0010002159251598641
ucb_lcb,410.0,1.0,3.0,-6.253878116607666
ucb_lcb,412.0,1.0,3.0,-34.359524965286255
ucb_lcb,413.0,1.0,3.0,-20.50667715072632
ucb_lcb,414.0,1.0,3.0,-6.5105118453502655
ucb_lcb,415.0,1.0,3.0,-14.741211891174316
ucb_lcb,416.0,1.0,3.0,-15.798143029212952
ucb_lcb,417.0,1.0,3.0,-23.601865530014038
ucb_lcb,418.0,1.0,3.0,-19.97315502166748
ucb_lcb,419.0,1.0,3.0,-7.978666223585606
ucb_lcb,420.0,1.0,3.0,-14.150076568126678
ucb_lcb,421.0,1.0,3.0,-6.040444140322506
ucb_lcb,422.0,1.0,3.0,-0.12674013432115316
ucb_lcb,424.0,1.0,3.0,-20.911128759384155
ucb_lcb,425.0,1.0,3.0,-11.62192678451538
ucb_lcb,426.0,1.0,3.0,-22.19741016672924
ucb_lcb,428.0,1.0,3.0,-35.07584261894226
ucb_lcb,429.0,1.0,3.0,-23.66541439294815
ucb_lcb,430.0,1.0,3.0,-4.396707534790039
ucb_lcb,431.0,1.0,3.0,-21.086678683757782
ucb_lcb,432.0,1.0,3.0,-26.607226729393005
ucb_lcb,433.0,1.0,3.0,-92.1034049987793
ucb_lcb,434.0,1.0,3.0,-4.763583660125732
ucb_lcb,435.0,1.0,3.0,-25.913965940475464
ucb_lcb,436.0,1.0,3.0,-40.079257011413574
ucb_lcb,437.0,1.0,3.0,-23.702624298632145
ucb_lcb,438.0,1.0,3.0,-22.851249992847443
ucb_lcb,439.0,1.0,3.0,-7.043744087219238
ucb_lcb,440.0,1.0,3.0,-4.814046859741211
ucb_lcb,441.0,1.0,3.0,-3.858488231897354
ucb_lcb,442.0,1.0,3.0,-0.0010002159251598641
ucb_lcb,443.0,1.0,3.0,-9.21034049987793
ucb_lcb,444.0,1.0,3.0,-16.370436787605286
ucb_lcb,445.0,1.0,3.0,-9.672839164733887
ucb_lcb,446.0,1.0,3.0,-17.04635348310694
ucb_lcb,447.0,1.0,3.0,-14.542742975056171
ucb_lcb,448.0,1.0,3.0,-9.920836925506592
ucb_lcb,449.0,1.0,3.0,-4.853137969970703
ucb_lcb,450.0,1.0,3.0,-16.220279932022095
ucb_lcb,451.0,1.0,3.0,-22.573029398918152
ucb_lcb,452.0,1.0,3.0,-10.645362973213196
ucb_lcb,453.0,1.0,3.0,-24.05299472808838
ucb_lcb,454.0,1.0,3.0,-4.784090518951416
ucb_lcb,455.0,1.0,3.0,-20.632709294746746
ucb_lcb,456.0,1.0,3.0,-27.8142808675766
ucb_lcb,457.0,1.0,3.0,-5.959959506988525
ucb_lcb,458.0,1.0,3.0,-2.939811944961548
ucb_lcb,459.0,1.0,3.0,-25.651517033576965
ucb_lcb,460.0,1.0,3.0,-20.307004936039448
ucb_lcb,461.0,1.0,3.0,-5.444624125957489
ucb_lcb,462.0,1.0,3.0,-30.741288542747498
ucb_lcb,463.0,1.0,3.0,-15.97557544708252
ucb_lcb,464.0,1.0,3.0,-16.514232635498047
ucb_lcb,465.0,1.0,3.0,-26.446358680725098
ucb_lcb,466.0,1.0,3.0,-30.109187126159668
ucb_lcb,467.0,1.0,3.0,-5.50158166885376
ucb_lcb,468.0,1.0,3.0,-7.576924711465836
ucb_lcb,469.0,1.0,3.0,-29.063040494918823
ucb_lcb,470.0,1.0,3.0,-28.02081023901701
ucb_lcb,471.0,1.0,3.0,-6.052455186843872
ucb_lcb,472.0,1.0,3.0,-20.506271302700043
ucb_lcb,473.0,1.0,3.0,-8.702614665031433
ucb_lcb,474.0,1.0,3.0,-36.5942587852478
ucb_lcb,475.0,1.0,3.0,-10.967723369598389
ucb_lcb,476.0,1.0,3.0,-15.624632032297086
ucb_lcb,477.0,1.0,3.0,-27.288633227348328
ucb_lcb,478.0,1.0,3.0,-6.38560676574707
ucb_lcb,479.0,1.0,3.0,-26.624688820913434
ucb_lcb,480.0,1.0,3.0,-27.934596002101898
ucb_lcb,481.0,1.0,3.0,-8.942904710769653
ucb_lcb,482.0,1.0,3.0,-0.8133547082543373
ucb_lcb,483.0,1.0,3.0,-5.4179863929748535
ucb_lcb,484.0,1.0,3.0,-30.72642731666565
ucb_lcb,485.0,1.0,3.0,-6.032188415527344
ucb_lcb,486.0,1.0,3.0,-3.6389803886413574
ucb_lcb,487.0,1.0,3.0,-48.180952310562134
ucb_lcb,488.0,1.0,3.0,-26.71441638469696
ucb_lcb,490.0,1.0,3.0,-16.608506083488464
ucb_lcb,491.0,1.0,3.0,-0.01048586139222607
ucb_lcb,492.0,1.0,3.0,-29.224847078323364
ucb_lcb,493.0,1.0,3.0,-4.804190635681152
ucb_lcb,494.0,1.0,3.0,-39.674421548843384
ucb_lcb,495.0,1.0,3.0,-18.29267478734255
ucb_lcb,496.0,1.0,3.0,-3.356971263885498
ucb_b0,1.0,1.0,3.0,-4.874549388885498
ucb_b0,2.0,1.0,3.0,-7.11550760269165
ucb_b0,3.0,1.0,3.0,-18.391335129737854
ucb_b0,4.0,1.0,3.0,-25.87426519393921
ucb_b0,5.0,1.0,3.0,-4.841004848480225
ucb_b0,6.0,1.0,3.0,-4.733259916305542
ucb_b0,7.0,1.0,3.0,-25.737663507461548
ucb_b0,8.0,1.0,3.0,-12.538142681121826
ucb_b0,9.0,1.0,3.0,-40.89107346534729
ucb_b0,10.0,1.0,3.0,-5.0171799659729
ucb_b0,11.0,1.0,3.0,-4.712702751159668
ucb_b0,12.0,1.0,3.0,-16.793274879455566
ucb_b0,13.0,1.0,3.0,-29.724662601947784
ucb_b0,14.0,1.0,3.0,-5.9470906257629395
ucb_b0,15.0,1.0,3.0,-27.6317216507814
ucb_b0,16.0,1.0,3.0,-7.5116802006959915
ucb_b0,17.0,1.0,3.0,-4.867049217224121
ucb_b0,18.0,1.0,3.0,-6.90197229385376
ucb_b0,19.0,1.0,3.0,-31.016562461853027
ucb_b0,20.0,1.0,3.0,-6.799015247161151
ucb_b0,21.0,1.0,3.0,-32.26440751552582
ucb_b0,22.0,1.0,3.0,-21.315523147583008
ucb_b0,23.0,1.0,3.0,-10.896825850009918
ucb_b0,24.0,1.0,3.0,-5.213052749633789
ucb_b0,25.0,1.0,3.0,-4.966622352600098
ucb_b0,26.0,1.0,3.0,-7.336272954940796
ucb_b0,27.0,1.0,3.0,-4.323604583740234
ucb_b0,28.0,1.0,3.0,-5.402416706085205
ucb_b0,29.0,1.0,3.0,-16.57341554760933
ucb_b0,30.0,1.0,3.0,-38.497843503952026
ucb_b0,32.0,1.0,3.0,-4.031578421592712
ucb_b0,33.0,1.0,3.0,-14.795452952384949
ucb_b0,34.0,1.0,3.0,-12.824977576732635
ucb_b0,35.0,1.0,3.0,-4.6814349088817835
ucb_b0,36.0,1.0,3.0,-17.840741634368896
ucb_b0,37.0,1.0,3.0,-16.22694754600525
ucb_b0,38.0,1.0,3.0,-0.48795344308018684
ucb_b0,39.0,1.0,3.0,-5.0017170906066895
ucb_b0,40.0,1.0,3.0,-4.323854923248291
ucb_b0,41.0,1.0,3.0,-7.159570574760437
ucb_b0,42.0,1.0,3.0,-21.811388611793518
ucb_b0,43.0,1.0,3.0,-8.024695456027985
ucb_b0,45.0,1.0,3.0,-35.469783544540405
ucb_b0,46.0,1.0,3.0,-13.778843879699707
ucb_b0,47.0,1.0,3.0,-4.921860694885254
ucb_b0,48.0,1.0,3.0,-9.800163745880127
ucb_b0,49.0,1.0,3.0,-0.0010002159251598641
ucb_b0,50.0,1.0,3.0,-4.839547157287598
ucb_b0,51.0,1.0,3.0,-16.01682275533676
ucb_b0,52.0,1.0,3.0,-38.064817667007446
ucb_b0,53.0,1.0,3.0,-7.288636863231659
ucb_b0,54.0,1.0,3.0,-30.639639019966125
ucb_b0,55.0,1.0,3.0,-4.829086780548096
ucb_b0,56.0,1.0,3.0,-30.47206473350525
ucb_b0,58.0,1.0,3.0,-5.879470586776733
ucb_b0,59.0,1.0,3.0,-15.205933213233948
ucb_b0,60.0,1.0,3.0,-4.984671592712402
ucb_b0,61.0,1.0,3.0,-22.33553034067154
ucb_b0,64.0,1.0,3.0,-31.203317642211914
ucb_b0,65.0,1.0,3.0,-0.0010002159251598641
ucb_b0,66.0,1.0,3.0,-34.00046420097351
ucb_b0,67.0,1.0,3.0,-29.168528079986572
ucb_b0,68.0,1.0,3.0,-15.100348234176636
ucb_b0,69.0,1.0,3.0,-11.642357587814331
ucb_b0,70.0,1.0,3.0,-12.544525504112244
ucb_b0,71.0,1.0,3.0,-4.880270004272461
ucb_b0,72.0,1.0,3.0,-38.76434099674225
ucb_b0,73.0,1.0,3.0,-13.253678798675537
ucb_b0,74.0,1.0,3.0,-36.862535714033584
ucb_b0,75.0,1.0,3.0,-7.492408275604248
ucb_b0,76.0,1.0,3.0,-35.43330228328705
ucb_b0,77.0,1.0,3.0,-39.17337727546692
ucb_b0,78.0,1.0,3.0,-0.05712987342849374
ucb_b0,79.0,1.0,3.0,-4.981891930103302
ucb_b0,80.0,1.0,3.0,-4.960340976715088
ucb_b0,81.0,1.0,3.0,-11.853785037994385
ucb_b0,82.0,1.0,3.0,-4.37836217880249
ucb_b0,83.0,1.0,3.0,-15.683860659599304
ucb_b0,84.0,1.0,3.0,-0.7868849709630013
ucb_b0,85.0,1.0,3.0,-23.04431700706482
ucb_b0,87.0,1.0,3.0,-12.278737127780914
ucb_b0,88.0,1.0,3.0,-8.744288444519043
ucb_b0,89.0,1.0,3.0,-18.207359671592712
ucb_b0,90.0,1.0,3.0,-4.901754856109619
ucb_b0,91.0,1.0,3.0,-5.059417724609375
ucb_b0,92.0,1.0,3.0,-5.01385498046875
ucb_b0,93.0,1.0,3.0,-9.21034049987793
ucb_b0,94.0,1.0,3.0,-5.26515007019043
ucb_b0,95.0,1.0,3.0,-18.427321379072964
ucb_b0,96.0,1.0,3.0,-36.497153997421265
ucb_b0,98.0,1.0,3.0,-13.176738262176514
ucb_b0,99.0,1.0,3.0,-34.61859858036041
ucb_b0,101.0,1.0,3.0,-2.2611125856637955
ucb_b0,102.0,1.0,3.0,-3.5352977961301804
ucb_b0,103.0,1.0,3.0,-22.776090502738953
ucb_b0,104.0,1.0,3.0,-32.80033826828003
ucb_b0,105.0,1.0,3.0,-34.09222078323364
ucb_b0,106.0,1.0,3.0,-3.90559458732605
ucb_b0,107.0,1.0,3.0,-32.12594723701477
ucb_b0,108.0,1.0,3.0,-7.300088167190552
ucb_b0,109.0,1.0,3.0,-4.061586856842041
ucb_b0,111.0,1.0,3.0,-13.418010354042053
ucb_b0,112.0,1.0,3.0,-18.680736541748047
ucb_b0,113.0,1.0,3.0,-32.65822398662567
ucb_b0,114.0,1.0,3.0,-4.19649600982666
ucb_b0,115.0,1.0,3.0,-34.31664979457855
ucb_b0,116.0,1.0,3.0,-4.210401937365532
ucb_b0,117.0,1.0,3.0,-9.736863613128662
ucb_b0,118.0,1.0,3.0,-3.22743821144104
ucb_b0,119.0,1.0,3.0,-20.70454204082489
ucb_b0,120.0,1.0,3.0,-52.43656623363495
ucb_b0,121.0,1.0,3.0,-41.54763960838318
ucb_b0,122.0,1.0,3.0,-12.397935628890991
ucb_b0,123.0,1.0,3.0,-12.689736753702164
ucb_b0,124.0,1.0,3.0,-3.3423087000846863
ucb_b0,125.0,1.0,3.0,-33.90938329696655
ucb_b0,126.0,1.0,3.0,-10.032166481018066
ucb_b0,128.0,1.0,3.0,-23.948561429977417
ucb_b0,130.0,1.0,3.0,-6.182141304016113
ucb_b0,131.0,1.0,3.0,-10.812484063208103
ucb_b0,132.0,1.0,3.0,-20.256826639175415
ucb_b0,133.0,1.0,3.0,-4.621131896972656
ucb_b0,134.0,1.0,3.0,-18.087098121643066
ucb_b0,135.0,1.0,3.0,-0.7531723976135254
ucb_b0,136.0,1.0,3.0,-5.516862392425537
ucb_b0,137.0,1.0,3.0,-28.521300554275513
ucb_b0,138.0,1.0,3.0,-4.845460414886475
ucb_b0,139.0,1.0,3.0,-10.961784303188324
ucb_b0,140.0,1.0,3.0,-4.546848297119141
ucb_b0,141.0,1.0,3.0,-0.13266853708773851
ucb_b0,142.0,1.0,3.0,-0.31253527477383614
ucb_b0,143.0,1.0,3.0,-16.128397464752197
ucb_b0,144.0,1.0,3.0,-28.859845995903015
ucb_b0,145.0,1.0,3.0,-12.487849712371826
ucb_b0,146.0,1.0,3.0,-33.936867237091064
ucb_b0,147.0,1.0,3.0,-23.290943503379822
ucb_b0,148.0,1.0,3.0,-19.11886501312256
ucb_b0,149.0,1.0,3.0,-21.91738809645176
ucb_b0,150.0,1.0,3.0,-27.824485301971436
ucb_b0,151.0,1.0,3.0,-16.248336791992188
ucb_b0,152.0,1.0,3.0,-17.799071967601776
ucb_b0,153.0,1.0,3.0,-22.071922063827515
ucb_b0,154.0,1.0,3.0,-9.996406555175781
ucb_b0,155.0,1.0,3.0,-0.0010002159251598641
ucb_b0,156.0,1.0,3.0,-4.888154029846191
ucb_b0,158.0,1.0,3.0,-5.052093505859375
ucb_b0,159.0,1.0,3.0,-4.856027126312256
ucb_b0,160.0,1.0,3.0,-4.750912889838219
ucb_b0,161.0,1.0,3.0,-8.488760948181152
ucb_b0,162.0,1.0,3.0,-19.506574749946594
ucb_b0,163.0,1.0,3.0,-3.813387155532837
ucb_b0,165.0,1.0,3.0,-9.99776029586792
ucb_b0,166.0,1.0,3.0,-8.648164987564087
ucb_b0,167.0,1.0,3.0,-29.387213349342346
ucb_b0,168.0,1.0,3.0,-15.575284957885742
ucb_b0,169.0,1.0,3.0,-15.524606704711914
ucb_b0,170.0,1.0,3.0,-24.468080043792725
ucb_b0,171.0,1.0,3.0,-4.818317890167236
ucb_b0,172.0,1.0,3.0,-11.542969703674316
ucb_b0,173.0,1.0,3.0,-5.0688371658325195
ucb_b0,174.0,1.0,3.0,-15.547086477279663
ucb_b0,175.0,1.0,3.0,-7.637067794799805
ucb_b0,176.0,1.0,3.0,-17.871737957000732
ucb_b0,177.0,1.0,3.0,-10.220338821411133
ucb_b0,178.0,1.0,3.0,-4.894662380218506
ucb_b0,179.0,1.0,3.0,-4.887185573577881
ucb_b0,180.0,1.0,3.0,-4.907751083374023
ucb_b0,181.0,1.0,3.0,-12.295577049255371
ucb_b0,182.0,1.0,3.0,-4.615566730499268
ucb_b0,183.0,1.0,3.0,-29.59265100955963
ucb_b0,185.0,1.0,3.0,-30.980549573898315
ucb_b0,186.0,1.0,3.0,-33.16818141937256
ucb_b0,187.0,1.0,3.0,-4.9631028175354
ucb_b0,188.0,1.0,3.0,-4.863991965772584
ucb_b0,190.0,1.0,3.0,-9.646655082702637
ucb_b0,191.0,1.0,3.0,-16.130290031433105
ucb_b0,192.0,1.0,3.0,-0.09511145856231451
ucb_b0,193.0,1.0,3.0,-32.22284114360809
ucb_b0,195.0,1.0,3.0,-28.287062406539917
ucb_b0,196.0,1.0,3.0,-4.0501508712768555
ucb_b0,197.0,1.0,3.0,-3.9313740730285645
ucb_b0,198.0,1.0,3.0,-8.884609937667847
ucb_b0,199.0,1.0,3.0,-17.79457201063633
ucb_b0,200.0,1.0,3.0,-5.103363990783691
ucb_b0,201.0,1.0,3.0,-6.8624162673950195
ucb_b0,202.0,1.0,3.0,-16.89840602874756
ucb_b0,203.0,1.0,3.0,-12.679579973220825
ucb_b0,204.0,1.0,3.0,-4.582333407190163
ucb_b0,205.0,1.0,3.0,-11.00444746017456
ucb_b0,206.0,1.0,3.0,-9.891855716705322
ucb_b0,207.0,1.0,3.0,-14.1803018450737
ucb_b0,208.0,1.0,3.0,-5.274808883666992
ucb_b0,209.0,1.0,3.0,-4.835600852966309
ucb_b0,210.0,1.0,3.0,-6.011314332485199
ucb_b0,211.0,1.0,3.0,-20.371802926063538
ucb_b0,212.0,1.0,3.0,-10.129461884498596
ucb_b0,213.0,1.0,3.0,-3.8961308002471924
ucb_b0,214.0,1.0,3.0,-31.74158811569214
ucb_b0,215.0,1.0,3.0,-12.00330114364624
ucb_b0,216.0,1.0,3.0,-22.784144818782806
ucb_b0,217.0,1.0,3.0,-4.912794589996338
ucb_b0,218.0,1.0,3.0,-34.13201665878296
ucb_b0,219.0,1.0,3.0,-8.23192548751831
ucb_b0,220.0,1.0,3.0,-0.17807031609117985
ucb_b0,221.0,1.0,3.0,-25.149444431066513
ucb_b0,222.0,1.0,3.0,-26.460381865501404
ucb_b0,223.0,1.0,3.0,-6.522705316543579
ucb_b0,224.0,1.0,3.0,-1.600226730108261
ucb_b0,225.0,1.0,3.0,-22.70240092277527
ucb_b0,226.0,1.0,3.0,-11.32387524843216
ucb_b0,227.0,1.0,3.0,-4.840968132019043
ucb_b0,228.0,1.0,3.0,-26.853183031082153
ucb_b0,229.0,1.0,3.0,-9.233858682215214
ucb_b0,230.0,1.0,3.0,-4.312673568725586
ucb_b0,231.0,1.0,3.0,-5.149021148681641
ucb_b0,232.0,1.0,3.0,-5.196815490722656
ucb_b0,233.0,1.0,3.0,-11.637619078159332
ucb_b0,234.0,1.0,3.0,-34.77940797805786
ucb_b0,236.0,1.0,3.0,-20.836056113243103
ucb_b0,237.0,1.0,3.0,-5.046517848968506
ucb_b0,239.0,1.0,3.0,-6.540277481079102
ucb_b0,240.0,1.0,3.0,-44.993083000183105
ucb_b0,241.0,1.0,3.0,-31.111239194869995
ucb_b0,242.0,1.0,3.0,-28.742724657058716
ucb_b0,243.0,1.0,3.0,-5.404901027679443
ucb_b0,244.0,1.0,3.0,-5.557360649108887
ucb_b0,245.0,1.0,3.0,-14.838472843170166
ucb_b0,246.0,1.0,3.0,-5.253065347671509
ucb_b0,247.0,1.0,3.0,-31.479320287704468
ucb_b0,248.0,1.0,3.0,-42.228116512298584
ucb_b0,249.0,1.0,3.0,-8.934373378753662
ucb_b0,250.0,1.0,3.0,-3.9817073345184326
ucb_b0,252.0,1.0,3.0,-34.78181767463684
ucb_b0,253.0,1.0,3.0,-2.8065850734710693
ucb_b0,254.0,1.0,3.0,-5.529521942138672
ucb_b0,255.0,1.0,3.0,-5.0054850578308105
ucb_b0,257.0,1.0,3.0,-28.39057743549347
ucb_b0,258.0,1.0,3.0,-5.237372685223818
ucb_b0,259.0,1.0,3.0,-15.428241789340973
ucb_b0,260.0,1.0,3.0,-34.0922589302063
ucb_b0,261.0,1.0,3.0,-0.012900459696538746
ucb_b0,262.0,1.0,3.0,-18.42068099975586
ucb_b0,263.0,1.0,3.0,-3.5106775760650635
ucb_b0,264.0,1.0,3.0,-4.8810577392578125
ucb_b0,266.0,1.0,3.0,-9.51956558227539
ucb_b0,267.0,1.0,3.0,-33.69323706626892
ucb_b0,268.0,1.0,3.0,-37.70663523674011
ucb_b0,269.0,1.0,3.0,-40.439874053001404
ucb_b0,270.0,1.0,3.0,-4.856340408325195
ucb_b0,271.0,1.0,3.0,-48.29646146297455
ucb_b0,272.0,1.0,3.0,-0.5643331296741962
ucb_b0,273.0,1.0,3.0,-14.367418348789215
ucb_b0,274.0,1.0,3.0,-15.169648289680481
ucb_b0,275.0,1.0,3.0,-6.685019671916962
ucb_b0,276.0,1.0,3.0,-0.020061310613527894
ucb_b0,277.0,1.0,3.0,-0.0010002159251598641
ucb_b0,278.0,1.0,3.0,-8.312711715698242
ucb_b0,279.0,1.0,3.0,-10.942164659732953
ucb_b0,280.0,1.0,3.0,-25.68038499355316
ucb_b0,282.0,1.0,3.0,-5.2143425941467285
ucb_b0,283.0,1.0,3.0,-8.06248078495264
ucb_b0,284.0,1.0,3.0,-22.59623396396637
ucb_b0,285.0,1.0,3.0,-4.817601680755615
ucb_b0,286.0,1.0,3.0,-19.842740416526794
ucb_b0,287.0,1.0,3.0,-28.355120301246643
ucb_b0,288.0,1.0,3.0,-5.027002811431885
ucb_b0,289.0,1.0,3.0,-14.180906772613525
ucb_b0,290.0,1.0,3.0,-15.575856685638428
ucb_b0,291.0,1.0,3.0,-5.195847034454346
ucb_b0,292.0,1.0,3.0,-4.962782859802246
ucb_b0,293.0,1.0,3.0,-3.2123882174491882
ucb_b0,294.0,1.0,3.0,-21.02098548412323
ucb_b0,295.0,1.0,3.0,-12.648231834173203
ucb_b0,296.0,1.0,3.0,-19.622220516204834
ucb_b0,297.0,1.0,3.0,-37.19143319129944
ucb_b0,298.0,1.0,3.0,-18.26884639263153
ucb_b0,299.0,1.0,3.0,-10.248313903808594
ucb_b0,300.0,1.0,3.0,-5.878292083740234
ucb_b0,301.0,1.0,3.0,-1.4309800043702126
ucb_b0,302.0,1.0,3.0,-0.0010002159251598641
ucb_b0,303.0,1.0,3.0,-36.011534333229065
ucb_b0,304.0,1.0,3.0,-4.401443004608154
ucb_b0,305.0,1.0,3.0,-31.052319169044495
ucb_b0,306.0,1.0,3.0,-32.78415083885193
ucb_b0,307.0,1.0,3.0,-30.56661605834961
ucb_b0,308.0,1.0,3.0,-34.443493366241455
ucb_b0,309.0,1.0,3.0,-30.564938068389893
ucb_b0,310.0,1.0,3.0,-10.271812915802002
ucb_b0,311.0,1.0,3.0,-23.759131729602814
ucb_b0,312.0,1.0,3.0,-8.565950214862823
ucb_b0,313.0,1.0,3.0,-37.62499177455902
ucb_b0,314.0,1.0,3.0,-7.291006326675415
ucb_b0,315.0,1.0,3.0,-8.368711590766907
ucb_b0,316.0,1.0,3.0,-12.958711683750153
ucb_b0,317.0,1.0,3.0,-18.676284432411194
ucb_b0,318.0,1.0,3.0,-31.73824965953827
ucb_b0,319.0,1.0,3.0,-27.327041745185852
ucb_b0,320.0,1.0,3.0,-4.8483052253723145
ucb_b0,321.0,1.0,3.0,-28.853745222091675
ucb_b0,322.0,1.0,3.0,-12.001844227313995
ucb_b0,323.0,1.0,3.0,-0.7154613137245178
ucb_b0,324.0,1.0,3.0,-30.139405488967896
ucb_b0,325.0,1.0,3.0,-27.75433543194231
ucb_b0,326.0,1.0,3.0,-0.055131019093096256
ucb_b0,327.0,1.0,3.0,-5.245964050292969
ucb_b0,328.0,1.0,3.0,-4.970035552978516
ucb_b0,329.0,1.0,3.0,-24.70167836546898
ucb_b0,330.0,1.0,3.0,-0.0010002159251598641
ucb_b0,331.0,1.0,3.0,-38.35233235359192
ucb_b0,332.0,1.0,3.0,-6.774287223815918
ucb_b0,333.0,1.0,3.0,-40.843499183654785
ucb_b0,334.0,1.0,3.0,-4.804060459136963
ucb_b0,336.0,1.0,3.0,-0.09361437242478132
ucb_b0,337.0,1.0,3.0,-0.14443864673376083
ucb_b0,338.0,1.0,3.0,-24.29423213005066
ucb_b0,340.0,1.0,3.0,-13.536263227462769
ucb_b0,341.0,1.0,3.0,-11.71737676858902
ucb_b0,342.0,1.0,3.0,-2.986351251602173
ucb_b0,343.0,1.0,3.0,-31.519247472286224
ucb_b0,344.0,1.0,3.0,-9.598756790161133
ucb_b0,346.0,1.0,3.0,-5.969217538833618
ucb_b0,347.0,1.0,3.0,-23.89353656768799
ucb_b0,348.0,1.0,3.0,-0.20294109545648098
ucb_b0,350.0,1.0,3.0,-0.03597328020259738
ucb_b0,351.0,1.0,3.0,-14.114908419549465
ucb_b0,352.0,1.0,3.0,-32.70545053482056
ucb_b0,353.0,1.0,3.0,-5.0212812423706055
ucb_b0,354.0,1.0,3.0,-4.810771465301514
ucb_b0,355.0,1.0,3.0,-0.0010002159251598641
ucb_b0,356.0,1.0,3.0,-1.3035434931516647
ucb_b0,357.0,1.0,3.0,-18.503301858901978
ucb_b0,358.0,1.0,3.0,-5.104961395263672
ucb_b0,359.0,1.0,3.0,-31.38396692276001
ucb_b0,361.0,1.0,3.0,-10.956178903579712
ucb_b0,362.0,1.0,3.0,-36.74354004859924
ucb_b0,363.0,1.0,3.0,-26.432249784469604
ucb_b0,364.0,1.0,3.0,-9.935160636901855
ucb_b0,365.0,1.0,3.0,-11.371649503707886
ucb_b0,367.0,1.0,3.0,-6.840093612670898
ucb_b0,368.0,1.0,3.0,-33.937743186950684
ucb_b0,369.0,1.0,3.0,-29.27419877052307
ucb_b0,371.0,1.0,3.0,-36.092162132263184
ucb_b0,372.0,1.0,3.0,-5.1823201179504395
ucb_b0,373.0,1.0,3.0,-9.376370429992676
ucb_b0,374.0,1.0,3.0,-35.332886934280396
ucb_b0,375.0,1.0,3.0,-22.817213892936707
ucb_b0,376.0,1.0,3.0,-5.741610050201416
ucb_b0,377.0,1.0,3.0,-10.735048830509186
ucb_b0,378.0,1.0,3.0,-29.76317262649536
ucb_b0,379.0,1.0,3.0,-5.491270065307617
ucb_b0,380.0,1.0,3.0,-6.858436584472656
ucb_b0,381.0,1.0,3.0,-9.586968690156937
ucb_b0,382.0,1.0,3.0,-4.6432013511657715
ucb_b0,383.0,1.0,3.0,-7.963719546794891
ucb_b0,384.0,1.0,3.0,-5.7057905197143555
ucb_b0,385.0,1.0,3.0,-1.0577265620231628
ucb_b0,386.0,1.0,3.0,-10.283252716064453
ucb_b0,387.0,1.0,3.0,-23.10602331161499
ucb_b0,388.0,1.0,3.0,-41.510995268821716
ucb_b0,389.0,1.0,3.0,-40.32965445518494
ucb_b0,390.0,1.0,3.0,-49.93615472316742
ucb_b0,391.0,1.0,3.0,-5.1120858788490295
ucb_b0,392.0,1.0,3.0,-14.07674491405487
ucb_b0,393.0,1.0,3.0,-19.594586730003357
ucb_b0,394.0,1.0,3.0,-5.629145622253418
ucb_b0,395.0,1.0,3.0,-6.64912223815918
ucb_b0,396.0,1.0,3.0,-10.419417381286621
ucb_b0,397.0,1.0,3.0,-19.764052271842957
ucb_b0,398.0,1.0,3.0,-3.797177314758301
ucb_b0,399.0,1.0,3.0,-16.19450306892395
ucb_b0,400.0,1.0,3.0,-27.295116662979126
ucb_b0,401.0,1.0,3.0,-4.499544620513916
ucb_b0,402.0,1.0,3.0,-5.761448383331299
ucb_b0,403.0,1.0,3.0,-4.830557823181152
ucb_b0,404.0,1.0,3.0,-34.55630838871002
ucb_b0,405.0,1.0,3.0,-31.947906970977783
ucb_b0,407.0,1.0,3.0,-8.203925907611847
ucb_b0,408.0,1.0,3.0,-4.7374958992004395
ucb_b0,409.0,1.0,3.0,-0.0010002159251598641
ucb_b0,410.0,1.0,3.0,-5.816273212432861
ucb_b0,412.0,1.0,3.0,-40.70805525779724
ucb_b0,413.0,1.0,3.0,-13.590846061706543
ucb_b0,414.0,1.0,3.0,-7.827107667922974
ucb_b0,415.0,1.0,3.0,-14.972502708435059
ucb_b0,416.0,1.0,3.0,-16.917434513568878
ucb_b0,417.0,1.0,3.0,-31.90582275390625
ucb_b0,418.0,1.0,3.0,-13.837024688720703
ucb_b0,419.0,1.0,3.0,-7.735519660636783
ucb_b0,420.0,1.0,3.0,-13.626490533351898
ucb_b0,421.0,1.0,3.0,-9.61462390422821
ucb_b0,422.0,1.0,3.0,-0.27696883864700794
ucb_b0,424.0,1.0,3.0,-20.713860750198364
ucb_b0,425.0,1.0,3.0,-11.17094373703003
ucb_b0,426.0,1.0,3.0,-28.728373765945435
ucb_b0,428.0,1.0,3.0,-30.787572860717773
ucb_b0,429.0,1.0,3.0,-22.362037122249603
ucb_b0,430.0,1.0,3.0,-4.801537990570068
ucb_b0,431.0,1.0,3.0,-22.715605080127716
ucb_b0,432.0,1.0,3.0,-20.531530261039734
ucb_b0,433.0,1.0,3.0,-27.994824409484863
ucb_b0,434.0,1.0,3.0,-4.832592487335205
ucb_b0,435.0,1.0,3.0,-26.49311399459839
ucb_b0,436.0,1.0,3.0,-40.72117829322815
ucb_b0,437.0,1.0,3.0,-33.35849595069885
ucb_b0,438.0,1.0,3.0,-17.91442459821701
ucb_b0,439.0,1.0,3.0,-4.822598457336426
ucb_b0,440.0,1.0,3.0,-4.928055763244629
ucb_b0,441.0,1.0,3.0,-4.258341282606125
ucb_b0,442.0,1.0,3.0,-0.03529214963782579
ucb_b0,443.0,1.0,3.0,-9.21034049987793
ucb_b0,444.0,1.0,3.0,-21.986551761627197
ucb_b0,445.0,1.0,3.0,-9.595470905303955
ucb_b0,446.0,1.0,3.0,-18.057763742050156
ucb_b0,447.0,1.0,3.0,-14.251618131995201
ucb_b0,448.0,1.0,3.0,-9.931013584136963
ucb_b0,449.0,1.0,3.0,-4.9526519775390625
ucb_b0,450.0,1.0,3.0,-21.8916335105896
ucb_b0,451.0,1.0,3.0,-25.16075348854065
ucb_b0,452.0,1.0,3.0,-15.603614211082458
ucb_b0,453.0,1.0,3.0,-27.163868188858032
ucb_b0,454.0,1.0,3.0,-4.959323406219482
ucb_b0,455.0,1.0,3.0,-12.487744338810444
ucb_b0,456.0,1.0,3.0,-30.411601781845093
ucb_b0,457.0,1.0,3.0,-4.846414566040039
ucb_b0,458.0,1.0,3.0,-3.69150447845459
ucb_b0,459.0,1.0,3.0,-37.088800966739655
ucb_b0,460.0,1.0,3.0,-19.39744359254837
ucb_b0,461.0,1.0,3.0,-9.611978948116302
ucb_b0,462.0,1.0,3.0,-36.55087602138519
ucb_b0,463.0,1.0,3.0,-14.107775032520294
ucb_b0,464.0,1.0,3.0,-14.345890283584595
ucb_b0,465.0,1.0,3.0,-18.654407143592834
ucb_b0,466.0,1.0,3.0,-34.401808977127075
ucb_b0,467.0,1.0,3.0,-5.634672164916992
ucb_b0,468.0,1.0,3.0,-8.698013424873352
ucb_b0,469.0,1.0,3.0,-28.456881046295166
ucb_b0,470.0,1.0,3.0,-36.32519555091858
ucb_b0,471.0,1.0,3.0,-7.576938629150391
ucb_b0,472.0,1.0,3.0,-24.57888662815094
ucb_b0,473.0,1.0,3.0,-9.73667860031128
ucb_b0,474.0,1.0,3.0,-42.67579662799835
ucb_b0,475.0,1.0,3.0,-8.47819995880127
ucb_b0,476.0,1.0,3.0,-12.919754534959793
ucb_b0,477.0,1.0,3.0,-29.18896508216858
ucb_b0,478.0,1.0,3.0,-8.157590389251709
ucb_b0,479.0,1.0,3.0,-37.45516896247864
ucb_b0,480.0,1.0,3.0,-31.086737871170044
ucb_b0,481.0,1.0,3.0,-8.939864158630371
ucb_b0,482.0,1.0,3.0,-0.2560479138046503
ucb_b0,483.0,1.0,3.0,-5.0039238929748535
ucb_b0,484.0,1.0,3.0,-30.74711960554123
ucb_b0,485.0,1.0,3.0,-5.781587600708008
ucb_b0,486.0,1.0,3.0,-4.240341663360596
ucb_b0,487.0,1.0,3.0,-36.42171859741211
ucb_b0,488.0,1.0,3.0,-26.12543773651123
ucb_b0,490.0,1.0,3.0,-16.725327908992767
ucb_b0,491.0,1.0,3.0,-0.14899219200015068
ucb_b0,492.0,1.0,3.0,-31.359827995300293
ucb_b0,493.0,1.0,3.0,-4.898359775543213
ucb_b0,494.0,1.0,3.0,-42.2230339050293
ucb_b0,495.0,1.0,3.0,-21.05317474156618
ucb_b0,496.0,1.0,3.0,-3.117489814758301
random,1.0,1.0,3.0,-4.795790672302246
random,2.0,1.0,3.0,-4.795790672302246
random,3.0,1.0,3.0,-47.95790672302246
random,4.0,1.0,3.0,-23.97895336151123
random,5.0,1.0,3.0,-4.795790672302246
random,6.0,1.0,3.0,-9.591581344604492
random,7.0,1.0,3.0,-47.95790672302246
random,8.0,1.0,3.0,-9.591581344604492
random,9.0,1.0,3.0,-47.95790672302246
random,10.0,1.0,3.0,-4.795790672302246
random,11.0,1.0,3.0,-4.795790672302246
random,12.0,1.0,3.0,-14.387372016906738
random,13.0,1.0,3.0,-47.95790672302246
random,14.0,1.0,3.0,-4.795790672302246
random,15.0,1.0,3.0,-47.95790672302246
random,16.0,1.0,3.0,-47.95790672302246
random,17.0,1.0,3.0,-4.795790672302246
random,18.0,1.0,3.0,-9.591581344604492
random,19.0,1.0,3.0,-47.95790672302246
random,20.0,1.0,3.0,-47.95790672302246
random,21.0,1.0,3.0,-47.95790672302246
random,22.0,1.0,3.0,-47.95790672302246
random,23.0,1.0,3.0,-47.95790672302246
random,24.0,1.0,3.0,-4.795790672302246
random,25.0,1.0,3.0,-4.795790672302246
random,26.0,1.0,3.0,-9.591581344604492
random,27.0,1.0,3.0,-4.795790672302246
random,28.0,1.0,3.0,-4.795790672302246
random,29.0,1.0,3.0,-47.95790672302246
random,30.0,1.0,3.0,-47.95790672302246
random,32.0,1.0,3.0,-9.591581344604492
random,33.0,1.0,3.0,-47.95790672302246
random,34.0,1.0,3.0,-47.95790672302246
random,35.0,1.0,3.0,-47.95790672302246
random,36.0,1.0,3.0,-47.95790672302246
random,37.0,1.0,3.0,-19.183162689208984
random,38.0,1.0,3.0,-47.95790672302246
random,39.0,1.0,3.0,-4.795790672302246
random,40.0,1.0,3.0,-4.795790672302246
random,41.0,1.0,3.0,-47.95790672302246
random,42.0,1.0,3.0,-47.95790672302246
random,43.0,1.0,3.0,-47.95790672302246
random,45.0,1.0,3.0,-47.95790672302246
random,46.0,1.0,3.0,-47.95790672302246
random,47.0,1.0,3.0,-4.795790672302246
random,48.0,1.0,3.0,-9.591581344604492
random,49.0,1.0,3.0,-47.95790672302246
random,50.0,1.0,3.0,-4.795790672302246
random,51.0,1.0,3.0,-47.95790672302246
random,52.0,1.0,3.0,-47.95790672302246
random,53.0,1.0,3.0,-19.183162689208984
random,54.0,1.0,3.0,-47.95790672302246
random,55.0,1.0,3.0,-4.795790672302246
random,56.0,1.0,3.0,-47.95790672302246
random,58.0,1.0,3.0,-47.95790672302246
random,59.0,1.0,3.0,-47.95790672302246
random,60.0,1.0,3.0,-4.795790672302246
random,61.0,1.0,3.0,-47.95790672302246
random,64.0,1.0,3.0,-47.95790672302246
random,65.0,1.0,3.0,-47.95790672302246
random,66.0,1.0,3.0,-47.95790672302246
random,67.0,1.0,3.0,-47.95790672302246
random,68.0,1.0,3.0,-47.95790672302246
random,69.0,1.0,3.0,-47.95790672302246
random,70.0,1.0,3.0,-47.95790672302246
random,71.0,1.0,3.0,-4.795790672302246
random,72.0,1.0,3.0,-47.95790672302246
random,73.0,1.0,3.0,-9.591581344604492
random,74.0,1.0,3.0,-47.95790672302246
random,75.0,1.0,3.0,-9.591581344604492
random,76.0,1.0,3.0,-47.95790672302246
random,77.0,1.0,3.0,-47.95790672302246
random,78.0,1.0,3.0,-47.95790672302246
random,79.0,1.0,3.0,-47.95790672302246
random,80.0,1.0,3.0,-4.795790672302246
random,81.0,1.0,3.0,-9.591581344604492
random,82.0,1.0,3.0,-4.795790672302246
random,83.0,1.0,3.0,-47.95790672302246
random,84.0,1.0,3.0,-47.95790672302246
random,85.0,1.0,3.0,-38.36632537841797
random,87.0,1.0,3.0,-47.95790672302246
random,88.0,1.0,3.0,-9.591581344604492
random,89.0,1.0,3.0,-47.95790672302246
random,90.0,1.0,3.0,-4.795790672302246
random,91.0,1.0,3.0,-4.795790672302246
random,92.0,1.0,3.0,-4.795790672302246
random,93.0,1.0,3.0,-4.795790672302246
random,94.0,1.0,3.0,-4.795790672302246
random,95.0,1.0,3.0,-14.387372016906738
random,96.0,1.0,3.0,-47.95790672302246
random,98.0,1.0,3.0,-9.591581344604492
random,99.0,1.0,3.0,-47.95790672302246
random,101.0,1.0,3.0,-47.95790672302246
random,102.0,1.0,3.0,-14.387372016906738
random,103.0,1.0,3.0,-28.774744033813477
random,104.0,1.0,3.0,-47.95790672302246
random,105.0,1.0,3.0,-33.57053470611572
random,106.0,1.0,3.0,-4.795790672302246
random,107.0,1.0,3.0,-47.95790672302246
random,108.0,1.0,3.0,-14.387372016906738
random,109.0,1.0,3.0,-4.795790672302246
random,111.0,1.0,3.0,-19.183162689208984
random,112.0,1.0,3.0,-23.97895336151123
random,113.0,1.0,3.0,-47.95790672302246
random,114.0,1.0,3.0,-4.795790672302246
random,115.0,1.0,3.0,-47.95790672302246
random,116.0,1.0,3.0,-47.95790672302246
random,117.0,1.0,3.0,-9.591581344604492
random,118.0,1.0,3.0,-4.795790672302246
random,119.0,1.0,3.0,-47.95790672302246
random,120.0,1.0,3.0,-47.95790672302246
random,121.0,1.0,3.0,-47.95790672302246
random,122.0,1.0,3.0,-47.95790672302246
random,123.0,1.0,3.0,-47.95790672302246
random,124.0,1.0,3.0,-47.95790672302246
random,125.0,1.0,3.0,-47.95790672302246
random,126.0,1.0,3.0,-9.591581344604492
random,128.0,1.0,3.0,-47.95790672302246
random,130.0,1.0,3.0,-4.795790672302246
random,131.0,1.0,3.0,-47.95790672302246
random,132.0,1.0,3.0,-23.97895336151123
random,133.0,1.0,3.0,-4.795790672302246
random,134.0,1.0,3.0,-23.97895336151123
random,135.0,1.0,3.0,-47.95790672302246
random,136.0,1.0,3.0,-4.795790672302246
random,137.0,1.0,3.0,-47.95790672302246
random,138.0,1.0,3.0,-4.795790672302246
random,139.0,1.0,3.0,-47.95790672302246
random,140.0,1.0,3.0,-4.795790672302246
random,141.0,1.0,3.0,-47.95790672302246
random,142.0,1.0,3.0,-47.95790672302246
random,143.0,1.0,3.0,-14.387372016906738
random,144.0,1.0,3.0,-47.95790672302246
random,145.0,1.0,3.0,-9.591581344604492
random,146.0,1.0,3.0,-47.95790672302246
random,147.0,1.0,3.0,-47.95790672302246
random,148.0,1.0,3.0,-14.387372016906738
random,149.0,1.0,3.0,-47.95790672302246
random,150.0,1.0,3.0,-47.95790672302246
random,151.0,1.0,3.0,-19.183162689208984
random,152.0,1.0,3.0,-47.95790672302246
random,153.0,1.0,3.0,-47.95790672302246
random,154.0,1.0,3.0,-9.591581344604492
random,155.0,1.0,3.0,-47.95790672302246
random,156.0,1.0,3.0,-4.795790672302246
random,158.0,1.0,3.0,-4.795790672302246
random,159.0,1.0,3.0,-4.795790672302246
random,160.0,1.0,3.0,-47.95790672302246
random,161.0,1.0,3.0,-14.387372016906738
random,162.0,1.0,3.0,-47.95790672302246
random,163.0,1.0,3.0,-4.795790672302246
random,165.0,1.0,3.0,-47.95790672302246
random,166.0,1.0,3.0,-9.591581344604492
random,167.0,1.0,3.0,-47.95790672302246
random,168.0,1.0,3.0,-14.387372016906738
random,169.0,1.0,3.0,-14.387372016906738
random,170.0,1.0,3.0,-47.95790672302246
random,171.0,1.0,3.0,-47.95790672302246
random,172.0,1.0,3.0,-14.387372016906738
random,173.0,1.0,3.0,-4.795790672302246
random,174.0,1.0,3.0,-47.95790672302246
random,175.0,1.0,3.0,-9.591581344604492
random,176.0,1.0,3.0,-19.183162689208984
random,177.0,1.0,3.0,-9.591581344604492
random,178.0,1.0,3.0,-4.795790672302246
random,179.0,1.0,3.0,-4.795790672302246
random,180.0,1.0,3.0,-4.795790672302246
random,181.0,1.0,3.0,-47.95790672302246
random,182.0,1.0,3.0,-4.795790672302246
random,183.0,1.0,3.0,-47.95790672302246
random,185.0,1.0,3.0,-47.95790672302246
random,186.0,1.0,3.0,-47.95790672302246
random,187.0,1.0,3.0,-4.795790672302246
random,188.0,1.0,3.0,-47.95790672302246
random,190.0,1.0,3.0,-9.591581344604492
random,191.0,1.0,3.0,-19.183162689208984
random,192.0,1.0,3.0,-47.95790672302246
random,193.0,1.0,3.0,-47.95790672302246
random,195.0,1.0,3.0,-47.95790672302246
random,196.0,1.0,3.0,-4.795790672302246
random,197.0,1.0,3.0,-4.795790672302246
random,198.0,1.0,3.0,-9.591581344604492
random,199.0,1.0,3.0,-47.95790672302246
random,200.0,1.0,3.0,-4.795790672302246
random,201.0,1.0,3.0,-9.591581344604492
random,202.0,1.0,3.0,-47.95790672302246
random,203.0,1.0,3.0,-19.183162689208984
random,204.0,1.0,3.0,-47.95790672302246
random,205.0,1.0,3.0,-9.591581344604492
random,206.0,1.0,3.0,-9.591581344604492
random,207.0,1.0,3.0,-47.95790672302246
random,208.0,1.0,3.0,-4.795790672302246
random,209.0,1.0,3.0,-4.795790672302246
random,210.0,1.0,3.0,-47.95790672302246
random,211.0,1.0,3.0,-47.95790672302246
random,212.0,1.0,3.0,-47.95790672302246
random,213.0,1.0,3.0,-4.795790672302246
random,214.0,1.0,3.0,-47.95790672302246
random,215.0,1.0,3.0,-19.183162689208984
random,216.0,1.0,3.0,-47.95790672302246
random,217.0,1.0,3.0,-4.795790672302246
random,218.0,1.0,3.0,-47.95790672302246
random,219.0,1.0,3.0,-9.591581344604492
random,220.0,1.0,3.0,-47.95790672302246
random,221.0,1.0,3.0,-28.774744033813477
random,222.0,1.0,3.0,-47.95790672302246
random,223.0,1.0,3.0,-14.387372016906738
random,224.0,1.0,3.0,-47.95790672302246
random,225.0,1.0,3.0,-23.97895336151123
random,226.0,1.0,3.0,-47.95790672302246
random,227.0,1.0,3.0,-4.795790672302246
random,228.0,1.0,3.0,-47.95790672302246
random,229.0,1.0,3.0,-9.591581344604492
random,230.0,1.0,3.0,-4.795790672302246
random,231.0,1.0,3.0,-4.795790672302246
random,232.0,1.0,3.0,-4.795790672302246
random,233.0,1.0,3.0,-47.95790672302246
random,234.0,1.0,3.0,-47.95790672302246
random,236.0,1.0,3.0,-47.95790672302246
random,237.0,1.0,3.0,-4.795790672302246
random,239.0,1.0,3.0,-9.591581344604492
random,240.0,1.0,3.0,-47.95790672302246
random,241.0,1.0,3.0,-47.95790672302246
random,242.0,1.0,3.0,-47.95790672302246
random,243.0,1.0,3.0,-4.795790672302246
random,244.0,1.0,3.0,-9.591581344604492
random,245.0,1.0,3.0,-47.95790672302246
random,246.0,1.0,3.0,-9.591581344604492
random,247.0,1.0,3.0,-47.95790672302246
random,248.0,1.0,3.0,-47.95790672302246
random,249.0,1.0,3.0,-9.591581344604492
random,250.0,1.0,3.0,-4.795790672302246
random,252.0,1.0,3.0,-47.95790672302246
random,253.0,1.0,3.0,-4.795790672302246
random,254.0,1.0,3.0,-4.795790672302246
random,255.0,1.0,3.0,-4.795790672302246
random,257.0,1.0,3.0,-47.95790672302246
random,258.0,1.0,3.0,-47.95790672302246
random,259.0,1.0,3.0,-47.95790672302246
random,260.0,1.0,3.0,-47.95790672302246
random,261.0,1.0,3.0,-47.95790672302246
random,262.0,1.0,3.0,-9.591581344604492
random,263.0,1.0,3.0,-4.795790672302246
random,264.0,1.0,3.0,-4.795790672302246
random,266.0,1.0,3.0,-9.591581344604492
random,267.0,1.0,3.0,-47.95790672302246
random,268.0,1.0,3.0,-47.95790672302246
random,269.0,1.0,3.0,-47.95790672302246
random,270.0,1.0,3.0,-4.795790672302246
random,271.0,1.0,3.0,-47.95790672302246
random,272.0,1.0,3.0,-47.95790672302246
random,273.0,1.0,3.0,-47.95790672302246
random,274.0,1.0,3.0,-47.95790672302246
random,275.0,1.0,3.0,-47.95790672302246
random,276.0,1.0,3.0,-47.95790672302246
random,277.0,1.0,3.0,-47.95790672302246
random,278.0,1.0,3.0,-4.795790672302246
random,279.0,1.0,3.0,-47.95790672302246
random,280.0,1.0,3.0,-47.95790672302246
random,282.0,1.0,3.0,-4.795790672302246
random,283.0,1.0,3.0,-28.774744033813477
random,284.0,1.0,3.0,-28.774744033813477
random,285.0,1.0,3.0,-4.795790672302246
random,286.0,1.0,3.0,-33.57053470611572
random,287.0,1.0,3.0,-47.95790672302246
random,288.0,1.0,3.0,-4.795790672302246
random,289.0,1.0,3.0,-14.387372016906738
random,290.0,1.0,3.0,-19.183162689208984
random,291.0,1.0,3.0,-4.795790672302246
random,292.0,1.0,3.0,-4.795790672302246
random,293.0,1.0,3.0,-9.591581344604492
random,294.0,1.0,3.0,-47.95790672302246
random,295.0,1.0,3.0,-47.95790672302246
random,296.0,1.0,3.0,-19.183162689208984
random,297.0,1.0,3.0,-47.95790672302246
random,298.0,1.0,3.0,-28.774744033813477
random,299.0,1.0,3.0,-9.591581344604492
random,300.0,1.0,3.0,-4.795790672302246
random,301.0,1.0,3.0,-47.95790672302246
random,302.0,1.0,3.0,-47.95790672302246
random,303.0,1.0,3.0,-47.95790672302246
random,304.0,1.0,3.0,-4.795790672302246
random,305.0,1.0,3.0,-47.95790672302246
random,306.0,1.0,3.0,-47.95790672302246
random,307.0,1.0,3.0,-47.95790672302246
random,308.0,1.0,3.0,-47.95790672302246
random,309.0,1.0,3.0,-47.95790672302246
random,310.0,1.0,3.0,-14.387372016906738
random,311.0,1.0,3.0,-47.95790672302246
random,312.0,1.0,3.0,-47.95790672302246
random,313.0,1.0,3.0,-47.95790672302246
random,314.0,1.0,3.0,-9.591581344604492
random,315.0,1.0,3.0,-23.97895336151123
random,316.0,1.0,3.0,-47.95790672302246
random,317.0,1.0,3.0,-47.95790672302246
random,318.0,1.0,3.0,-47.95790672302246
random,319.0,1.0,3.0,-47.95790672302246
random,320.0,1.0,3.0,-4.795790672302246
random,321.0,1.0,3.0,-47.95790672302246
random,322.0,1.0,3.0,-19.183162689208984
random,323.0,1.0,3.0,-47.95790672302246
random,324.0,1.0,3.0,-47.95790672302246
random,325.0,1.0,3.0,-47.95790672302246
random,326.0,1.0,3.0,-47.95790672302246
random,327.0,1.0,3.0,-4.795790672302246
random,328.0,1.0,3.0,-4.795790672302246
random,329.0,1.0,3.0,-47.95790672302246
random,330.0,1.0,3.0,-47.95790672302246
random,331.0,1.0,3.0,-47.95790672302246
random,332.0,1.0,3.0,-4.795790672302246
random,333.0,1.0,3.0,-38.36632537841797
random,334.0,1.0,3.0,-4.795790672302246
random,336.0,1.0,3.0,-47.95790672302246
random,337.0,1.0,3.0,-47.95790672302246
random,338.0,1.0,3.0,-28.774744033813477
random,340.0,1.0,3.0,-47.95790672302246
random,341.0,1.0,3.0,-47.95790672302246
random,342.0,1.0,3.0,-4.795790672302246
random,343.0,1.0,3.0,-47.95790672302246
random,344.0,1.0,3.0,-14.387372016906738
random,346.0,1.0,3.0,-9.591581344604492
random,347.0,1.0,3.0,-33.57053470611572
random,348.0,1.0,3.0,-47.95790672302246
random,350.0,1.0,3.0,-47.95790672302246
random,351.0,1.0,3.0,-47.95790672302246
random,352.0,1.0,3.0,-47.95790672302246
random,353.0,1.0,3.0,-4.795790672302246
random,354.0,1.0,3.0,-4.795790672302246
random,355.0,1.0,3.0,-47.95790672302246
random,356.0,1.0,3.0,-47.95790672302246
random,357.0,1.0,3.0,-47.95790672302246
random,358.0,1.0,3.0,-4.795790672302246
random,359.0,1.0,3.0,-47.95790672302246
random,361.0,1.0,3.0,-14.387372016906738
random,362.0,1.0,3.0,-47.95790672302246
random,363.0,1.0,3.0,-33.57053470611572
random,364.0,1.0,3.0,-9.591581344604492
random,365.0,1.0,3.0,-19.183162689208984
random,367.0,1.0,3.0,-9.591581344604492
random,368.0,1.0,3.0,-47.95790672302246
random,369.0,1.0,3.0,-47.95790672302246
random,371.0,1.0,3.0,-47.95790672302246
random,372.0,1.0,3.0,-4.795790672302246
random,373.0,1.0,3.0,-23.97895336151123
random,374.0,1.0,3.0,-47.95790672302246
random,375.0,1.0,3.0,-47.95790672302246
random,376.0,1.0,3.0,-4.795790672302246
random,377.0,1.0,3.0,-47.95790672302246
random,378.0,1.0,3.0,-47.95790672302246
random,379.0,1.0,3.0,-4.795790672302246
random,380.0,1.0,3.0,-4.795790672302246
random,381.0,1.0,3.0,-47.95790672302246
random,382.0,1.0,3.0,-4.795790672302246
random,383.0,1.0,3.0,-47.95790672302246
random,384.0,1.0,3.0,-4.795790672302246
random,385.0,1.0,3.0,-47.95790672302246
random,386.0,1.0,3.0,-9.591581344604492
random,387.0,1.0,3.0,-47.95790672302246
random,388.0,1.0,3.0,-43.162116050720215
random,389.0,1.0,3.0,-47.95790672302246
random,390.0,1.0,3.0,-47.95790672302246
random,391.0,1.0,3.0,-47.95790672302246
random,392.0,1.0,3.0,-28.774744033813477
random,393.0,1.0,3.0,-47.95790672302246
random,394.0,1.0,3.0,-4.795790672302246
random,395.0,1.0,3.0,-4.795790672302246
random,396.0,1.0,3.0,-9.591581344604492
random,397.0,1.0,3.0,-47.95790672302246
random,398.0,1.0,3.0,-4.795790672302246
random,399.0,1.0,3.0,-19.183162689208984
random,400.0,1.0,3.0,-47.95790672302246
random,401.0,1.0,3.0,-4.795790672302246
random,402.0,1.0,3.0,-4.795790672302246
random,403.0,1.0,3.0,-4.795790672302246
random,404.0,1.0,3.0,-47.95790672302246
random,405.0,1.0,3.0,-33.57053470611572
random,407.0,1.0,3.0,-47.95790672302246
random,408.0,1.0,3.0,-4.795790672302246
random,409.0,1.0,3.0,-47.95790672302246
random,410.0,1.0,3.0,-4.795790672302246
random,412.0,1.0,3.0,-47.95790672302246
random,413.0,1.0,3.0,-14.387372016906738
random,414.0,1.0,3.0,-47.95790672302246
random,415.0,1.0,3.0,-14.387372016906738
random,416.0,1.0,3.0,-47.95790672302246
random,417.0,1.0,3.0,-33.57053470611572
random,418.0,1.0,3.0,-19.183162689208984
random,419.0,1.0,3.0,-47.95790672302246
random,420.0,1.0,3.0,-47.95790672302246
random,421.0,1.0,3.0,-47.95790672302246
random,422.0,1.0,3.0,-47.95790672302246
random,424.0,1.0,3.0,-47.95790672302246
random,425.0,1.0,3.0,-9.591581344604492
random,426.0,1.0,3.0,-47.95790672302246
random,428.0,1.0,3.0,-38.36632537841797
random,429.0,1.0,3.0,-47.95790672302246
random,430.0,1.0,3.0,-4.795790672302246
random,431.0,1.0,3.0,-28.774744033813477
random,432.0,1.0,3.0,-47.95790672302246
random,433.0,1.0,3.0,-47.95790672302246
random,434.0,1.0,3.0,-4.795790672302246
random,435.0,1.0,3.0,-47.95790672302246
random,436.0,1.0,3.0,-47.95790672302246
random,437.0,1.0,3.0,-47.95790672302246
random,438.0,1.0,3.0,-47.95790672302246
random,439.0,1.0,3.0,-4.795790672302246
random,440.0,1.0,3.0,-4.795790672302246
random,441.0,1.0,3.0,-47.95790672302246
random,442.0,1.0,3.0,-47.95790672302246
random,443.0,1.0,3.0,-4.795790672302246
random,444.0,1.0,3.0,-28.774744033813477
random,445.0,1.0,3.0,-9.591581344604492
random,446.0,1.0,3.0,-47.95790672302246
random,447.0,1.0,3.0,-47.95790672302246
random,448.0,1.0,3.0,-9.591581344604492
random,449.0,1.0,3.0,-4.795790672302246
random,450.0,1.0,3.0,-28.774744033813477
random,451.0,1.0,3.0,-47.95790672302246
random,452.0,1.0,3.0,-47.95790672302246
random,453.0,1.0,3.0,-33.57053470611572
random,454.0,1.0,3.0,-4.795790672302246
random,455.0,1.0,3.0,-47.95790672302246
random,456.0,1.0,3.0,-47.95790672302246
random,457.0,1.0,3.0,-4.795790672302246
random,458.0,1.0,3.0,-4.795790672302246
random,459.0,1.0,3.0,-28.774744033813477
random,460.0,1.0,3.0,-47.95790672302246
random,461.0,1.0,3.0,-47.95790672302246
random,462.0,1.0,3.0,-47.95790672302246
random,463.0,1.0,3.0,-47.95790672302246
random,464.0,1.0,3.0,-14.387372016906738
random,465.0,1.0,3.0,-47.95790672302246
random,466.0,1.0,3.0,-47.95790672302246
random,467.0,1.0,3.0,-4.795790672302246
random,468.0,1.0,3.0,-28.774744033813477
random,469.0,1.0,3.0,-47.95790672302246
random,470.0,1.0,3.0,-47.95790672302246
random,471.0,1.0,3.0,-9.591581344604492
random,472.0,1.0,3.0,-47.95790672302246
random,473.0,1.0,3.0,-14.387372016906738
random,474.0,1.0,3.0,-47.95790672302246
random,475.0,1.0,3.0,-9.591581344604492
random,476.0,1.0,3.0,-47.95790672302246
random,477.0,1.0,3.0,-43.162116050720215
random,478.0,1.0,3.0,-9.591581344604492
random,479.0,1.0,3.0,-47.95790672302246
random,480.0,1.0,3.0,-47.95790672302246
random,481.0,1.0,3.0,-9.591581344604492
random,482.0,1.0,3.0,-47.95790672302246
random,483.0,1.0,3.0,-4.795790672302246
random,484.0,1.0,3.0,-47.95790672302246
random,485.0,1.0,3.0,-4.795790672302246
random,486.0,1.0,3.0,-4.795790672302246
random,487.0,1.0,3.0,-47.95790672302246
random,488.0,1.0,3.0,-47.95790672302246
random,490.0,1.0,3.0,-47.95790672302246
random,491.0,1.0,3.0,-47.95790672302246
random,492.0,1.0,3.0,-47.95790672302246
random,493.0,1.0,3.0,-4.795790672302246
random,494.0,1.0,3.0,-47.95790672302246
random,495.0,1.0,3.0,-47.95790672302246
random,496.0,1.0,3.0,-4.795790672302246
ucb_lcb_n,1.0,1.0,4.0,-4.830753326416016
ucb_lcb_n,2.0,1.0,4.0,-4.815861701965332
ucb_lcb_n,3.0,1.0,4.0,-3.9221115112304688
ucb_lcb_n,4.0,1.0,4.0,-4.803562164306641
ucb_lcb_n,5.0,1.0,4.0,-4.937657833099365
ucb_lcb_n,6.0,1.0,4.0,-8.85429573059082
ucb_lcb_n,7.0,1.0,4.0,-19.781110294163227
ucb_lcb_n,8.0,1.0,4.0,-12.319518566131592
ucb_lcb_n,9.0,1.0,4.0,-19.400968074798584
ucb_lcb_n,10.0,1.0,4.0,-5.478597164154053
ucb_lcb_n,11.0,1.0,4.0,-7.900192499160767
ucb_lcb_n,12.0,1.0,4.0,-9.482332706451416
ucb_lcb_n,13.0,1.0,4.0,-23.80218482017517
ucb_lcb_n,14.0,1.0,4.0,-46.13525342941284
ucb_lcb_n,15.0,1.0,4.0,-26.05386185646057
ucb_lcb_n,16.0,1.0,4.0,-0.0010002159251598641
ucb_lcb_n,17.0,1.0,4.0,-0.3801204040646553
ucb_lcb_n,18.0,1.0,4.0,-7.859285593032837
ucb_lcb_n,19.0,1.0,4.0,-14.989790882915258
ucb_lcb_n,20.0,1.0,4.0,-16.372863352298737
ucb_lcb_n,21.0,1.0,4.0,-6.7866398096084595
ucb_lcb_n,22.0,1.0,4.0,-6.7558839693665504
ucb_lcb_n,23.0,1.0,4.0,-5.452347278594971
ucb_lcb_n,24.0,1.0,4.0,-12.937652885913849
ucb_lcb_n,25.0,1.0,4.0,-25.373091220855713
ucb_lcb_n,26.0,1.0,4.0,-32.78376495838165
ucb_lcb_n,27.0,1.0,4.0,-9.46589708328247
ucb_lcb_n,28.0,1.0,4.0,-10.724355220794678
ucb_lcb_n,29.0,1.0,4.0,-12.784315139055252
ucb_lcb_n,30.0,1.0,4.0,-8.272285223007202
ucb_lcb_n,32.0,1.0,4.0,-21.75339624285698
ucb_lcb_n,33.0,1.0,4.0,-5.376361191272736
ucb_lcb_n,34.0,1.0,4.0,-1.5799225155205932
ucb_lcb_n,35.0,1.0,4.0,-0.007308652391657233
ucb_lcb_n,36.0,1.0,4.0,-18.379832983016968
ucb_lcb_n,37.0,1.0,4.0,-15.098021325422451
ucb_lcb_n,38.0,1.0,4.0,-13.070691585540771
ucb_lcb_n,39.0,1.0,4.0,-4.985015392303467
ucb_lcb_n,40.0,1.0,4.0,-2.576327085494995
ucb_lcb_n,41.0,1.0,4.0,-10.760020971298218
ucb_lcb_n,42.0,1.0,4.0,-0.9432208389043808
ucb_lcb_n,43.0,1.0,4.0,-1.5333132594823837
ucb_lcb_n,45.0,1.0,4.0,-16.940261486917734
ucb_lcb_n,46.0,1.0,4.0,-7.191273715347052
ucb_lcb_n,47.0,1.0,4.0,-10.42476224899292
ucb_lcb_n,48.0,1.0,4.0,-37.75667101144791
ucb_lcb_n,49.0,1.0,4.0,-0.0014827159029664472
ucb_lcb_n,50.0,1.0,4.0,-8.330177402123809
ucb_lcb_n,51.0,1.0,4.0,-4.826254844665527
ucb_lcb_n,52.0,1.0,4.0,-18.021089255809784
ucb_lcb_n,53.0,1.0,4.0,-24.437500596046448
ucb_lcb_n,54.0,1.0,4.0,-22.064588487148285
ucb_lcb_n,55.0,1.0,4.0,-6.9102091789245605
ucb_lcb_n,56.0,1.0,4.0,-17.057661026716232
ucb_lcb_n,58.0,1.0,4.0,-13.62404602766037
ucb_lcb_n,59.0,1.0,4.0,-17.01665687561035
ucb_lcb_n,60.0,1.0,4.0,-25.63262915611267
ucb_lcb_n,61.0,1.0,4.0,-10.215726375579834
ucb_lcb_n,64.0,1.0,4.0,-4.9023966789245605
ucb_lcb_n,65.0,1.0,4.0,-0.2581607159227133
ucb_lcb_n,66.0,1.0,4.0,-34.62927544116974
ucb_lcb_n,67.0,1.0,4.0,-15.000086784362793
ucb_lcb_n,68.0,1.0,4.0,-4.7675913125276566
ucb_lcb_n,69.0,1.0,4.0,-4.3822479248046875
ucb_lcb_n,70.0,1.0,4.0,-13.147341251373291
ucb_lcb_n,71.0,1.0,4.0,-4.829473972320557
ucb_lcb_n,72.0,1.0,4.0,-1.1419472098350525
ucb_lcb_n,73.0,1.0,4.0,-12.52040719985962
ucb_lcb_n,74.0,1.0,4.0,-5.709801197052002
ucb_lcb_n,75.0,1.0,4.0,-22.136001110076904
ucb_lcb_n,76.0,1.0,4.0,-25.64998149871826
ucb_lcb_n,77.0,1.0,4.0,-4.839643955230713
ucb_lcb_n,78.0,1.0,4.0,-16.291547894477844
ucb_lcb_n,79.0,1.0,4.0,-16.012678623199463
ucb_lcb_n,80.0,1.0,4.0,-4.932656288146973
ucb_lcb_n,81.0,1.0,4.0,-17.349257826805115
ucb_lcb_n,82.0,1.0,4.0,-3.187694787979126
ucb_lcb_n,83.0,1.0,4.0,0.0
ucb_lcb_n,84.0,1.0,4.0,-0.1350471694022417
ucb_lcb_n,85.0,1.0,4.0,-69.30213439464569
ucb_lcb_n,87.0,1.0,4.0,-4.889010429382324
ucb_lcb_n,88.0,1.0,4.0,-13.688278198242188
ucb_lcb_n,89.0,1.0,4.0,-15.630504786968231
ucb_lcb_n,90.0,1.0,4.0,-9.19017505645752
ucb_lcb_n,91.0,1.0,4.0,-21.39451265335083
ucb_lcb_n,92.0,1.0,4.0,-13.999452114105225
ucb_lcb_n,93.0,1.0,4.0,-32.27903366088867
ucb_lcb_n,94.0,1.0,4.0,-25.197369694709778
ucb_lcb_n,95.0,1.0,4.0,-19.636106729507446
ucb_lcb_n,96.0,1.0,4.0,-8.302758932113647
ucb_lcb_n,98.0,1.0,4.0,-21.10872197151184
ucb_lcb_n,99.0,1.0,4.0,-21.01070350408554
ucb_lcb_n,101.0,1.0,4.0,-0.05887258239090443
ucb_lcb_n,102.0,1.0,4.0,-15.008372902870178
ucb_lcb_n,103.0,1.0,4.0,-14.761807799339294
ucb_lcb_n,104.0,1.0,4.0,-4.961915969848633
ucb_lcb_n,105.0,1.0,4.0,-4.939224720001221
ucb_lcb_n,106.0,1.0,4.0,-62.35741937160492
ucb_lcb_n,107.0,1.0,4.0,-11.477509498596191
ucb_lcb_n,108.0,1.0,4.0,-7.58413327857852
ucb_lcb_n,109.0,1.0,4.0,-17.970572233200073
ucb_lcb_n,111.0,1.0,4.0,-26.903450965881348
ucb_lcb_n,112.0,1.0,4.0,-4.951488494873047
ucb_lcb_n,113.0,1.0,4.0,-30.014872431755066
ucb_lcb_n,114.0,1.0,4.0,-9.21034049987793
ucb_lcb_n,115.0,1.0,4.0,-18.519521728157997
ucb_lcb_n,116.0,1.0,4.0,-0.15589379146695137
ucb_lcb_n,117.0,1.0,4.0,-21.780576549470425
ucb_lcb_n,118.0,1.0,4.0,-1.513517141342163
ucb_lcb_n,119.0,1.0,4.0,-0.0010002159251598641
ucb_lcb_n,120.0,1.0,4.0,-9.857818841934204
ucb_lcb_n,121.0,1.0,4.0,-4.804941177368164
ucb_lcb_n,122.0,1.0,4.0,-9.247891783714294
ucb_lcb_n,123.0,1.0,4.0,-0.371586874127388
ucb_lcb_n,124.0,1.0,4.0,-2.815735012292862
ucb_lcb_n,125.0,1.0,4.0,-5.054359436035156
ucb_lcb_n,126.0,1.0,4.0,-19.997417824342847
ucb_lcb_n,128.0,1.0,4.0,-5.7617692947387695
ucb_lcb_n,130.0,1.0,4.0,-12.55924784950912
ucb_lcb_n,131.0,1.0,4.0,-7.955845296382904
ucb_lcb_n,132.0,1.0,4.0,-4.0893330574035645
ucb_lcb_n,133.0,1.0,4.0,-4.870795726776123
ucb_lcb_n,134.0,1.0,4.0,-38.84305429458618
ucb_lcb_n,135.0,1.0,4.0,-5.418265342712402
ucb_lcb_n,136.0,1.0,4.0,-0.013533540884964168
ucb_lcb_n,137.0,1.0,4.0,-9.54311728477478
ucb_lcb_n,138.0,1.0,4.0,-66.83186626434326
ucb_lcb_n,139.0,1.0,4.0,-13.909115761518478
ucb_lcb_n,140.0,1.0,4.0,-15.340630888938904
ucb_lcb_n,141.0,1.0,4.0,-0.0010198874879279174
ucb_lcb_n,142.0,1.0,4.0,-14.275387704372406
ucb_lcb_n,143.0,1.0,4.0,-13.913878500461578
ucb_lcb_n,144.0,1.0,4.0,-6.9845826625823975
ucb_lcb_n,145.0,1.0,4.0,-18.638427019119263
ucb_lcb_n,146.0,1.0,4.0,-25.63216519355774
ucb_lcb_n,147.0,1.0,4.0,-6.421861469745636
ucb_lcb_n,148.0,1.0,4.0,-31.597679793834686
ucb_lcb_n,149.0,1.0,4.0,-31.713926523923874
ucb_lcb_n,150.0,1.0,4.0,-18.870483674108982
ucb_lcb_n,151.0,1.0,4.0,-28.414559364318848
ucb_lcb_n,152.0,1.0,4.0,-20.05583941191435
ucb_lcb_n,153.0,1.0,4.0,-14.134788632392883
ucb_lcb_n,154.0,1.0,4.0,-32.30063343048096
ucb_lcb_n,155.0,1.0,4.0,-0.1883078459650278
ucb_lcb_n,156.0,1.0,4.0,-4.86650276184082
ucb_lcb_n,158.0,1.0,4.0,-4.5834751427173615
ucb_lcb_n,159.0,1.0,4.0,-32.07034105062485
ucb_lcb_n,160.0,1.0,4.0,-13.317682713270187
ucb_lcb_n,161.0,1.0,4.0,-24.606465741991997
ucb_lcb_n,162.0,1.0,4.0,-22.740586757659912
ucb_lcb_n,163.0,1.0,4.0,-9.037327289581299
ucb_lcb_n,165.0,1.0,4.0,-1.8787170611321926
ucb_lcb_n,166.0,1.0,4.0,-4.99600076675415
ucb_lcb_n,167.0,1.0,4.0,-39.73630361445248
ucb_lcb_n,168.0,1.0,4.0,-9.80762529373169
ucb_lcb_n,169.0,1.0,4.0,-5.08693265914917
ucb_lcb_n,170.0,1.0,4.0,-4.825114727020264
ucb_lcb_n,171.0,1.0,4.0,-13.849973738193512
ucb_lcb_n,172.0,1.0,4.0,-16.17627704143524
ucb_lcb_n,173.0,1.0,4.0,-29.14556360244751
ucb_lcb_n,174.0,1.0,4.0,-14.796133875846863
ucb_lcb_n,175.0,1.0,4.0,-25.760497212409973
ucb_lcb_n,176.0,1.0,4.0,-17.706560611724854
ucb_lcb_n,177.0,1.0,4.0,-21.81875228881836
ucb_lcb_n,178.0,1.0,4.0,-24.8145751953125
ucb_lcb_n,179.0,1.0,4.0,-4.102473735809326
ucb_lcb_n,180.0,1.0,4.0,-14.848408937454224
ucb_lcb_n,181.0,1.0,4.0,-9.366601422429085
ucb_lcb_n,182.0,1.0,4.0,-9.98854923248291
ucb_lcb_n,183.0,1.0,4.0,-11.669585704803467
ucb_lcb_n,185.0,1.0,4.0,-4.8421196937561035
ucb_lcb_n,186.0,1.0,4.0,-8.509278297424316
ucb_lcb_n,187.0,1.0,4.0,-22.582522749900818
ucb_lcb_n,188.0,1.0,4.0,-1.3643352761864662
ucb_lcb_n,190.0,1.0,4.0,-23.31685757637024
ucb_lcb_n,191.0,1.0,4.0,-11.155683994293213
ucb_lcb_n,192.0,1.0,4.0,-6.069108592579141
ucb_lcb_n,193.0,1.0,4.0,-25.662368685007095
ucb_lcb_n,195.0,1.0,4.0,-24.16090077161789
ucb_lcb_n,196.0,1.0,4.0,-12.337287623435259
ucb_lcb_n,197.0,1.0,4.0,-5.355781555175781
ucb_lcb_n,198.0,1.0,4.0,-26.622249245643616
ucb_lcb_n,199.0,1.0,4.0,-2.994973659515381
ucb_lcb_n,200.0,1.0,4.0,-7.446873188018799
ucb_lcb_n,201.0,1.0,4.0,-69.2464028596878
ucb_lcb_n,202.0,1.0,4.0,-3.458159774541855
ucb_lcb_n,203.0,1.0,4.0,-6.478308200836182
ucb_lcb_n,204.0,1.0,4.0,-14.878372564911842
ucb_lcb_n,205.0,1.0,4.0,-3.3410658836364746
ucb_lcb_n,206.0,1.0,4.0,-5.228945255279541
ucb_lcb_n,207.0,1.0,4.0,-4.84443473815918
ucb_lcb_n,208.0,1.0,4.0,-8.355169773101807
ucb_lcb_n,209.0,1.0,4.0,-19.743192672729492
ucb_lcb_n,210.0,1.0,4.0,-0.22925238870084286
ucb_lcb_n,211.0,1.0,4.0,-11.138372421264648
ucb_lcb_n,212.0,1.0,4.0,-2.2163961976766586
ucb_lcb_n,213.0,1.0,4.0,-38.17907638847828
ucb_lcb_n,214.0,1.0,4.0,-40.70502424240112
ucb_lcb_n,215.0,1.0,4.0,-19.36855228431523
ucb_lcb_n,216.0,1.0,4.0,-22.89862495660782
ucb_lcb_n,217.0,1.0,4.0,-9.252370536327362
ucb_lcb_n,218.0,1.0,4.0,-4.838986873626709
ucb_lcb_n,219.0,1.0,4.0,-6.21524715423584
ucb_lcb_n,220.0,1.0,4.0,-2.1262833327054977
ucb_lcb_n,221.0,1.0,4.0,-4.527451038360596
ucb_lcb_n,222.0,1.0,4.0,-24.99554245173931
ucb_lcb_n,223.0,1.0,4.0,-4.3703630566596985
ucb_lcb_n,224.0,1.0,4.0,-8.003039538860321
ucb_lcb_n,225.0,1.0,4.0,-28.38074231147766
ucb_lcb_n,226.0,1.0,4.0,-1.4553097486495972
ucb_lcb_n,227.0,1.0,4.0,-4.638990521430969
ucb_lcb_n,228.0,1.0,4.0,-5.208676211535931
ucb_lcb_n,229.0,1.0,4.0,-0.0010002159251598641
ucb_lcb_n,230.0,1.0,4.0,-5.045366287231445
ucb_lcb_n,231.0,1.0,4.0,-4.807525634765625
ucb_lcb_n,232.0,1.0,4.0,-27.86201137304306
ucb_lcb_n,233.0,1.0,4.0,-12.145476315170527
ucb_lcb_n,234.0,1.0,4.0,-19.608880519866943
ucb_lcb_n,236.0,1.0,4.0,-4.370750427246094
ucb_lcb_n,237.0,1.0,4.0,-4.9743015468120575
ucb_lcb_n,239.0,1.0,4.0,-10.130711317062378
ucb_lcb_n,240.0,1.0,4.0,-29.90609049797058
ucb_lcb_n,241.0,1.0,4.0,-21.01921436190605
ucb_lcb_n,242.0,1.0,4.0,-14.688067704439163
ucb_lcb_n,243.0,1.0,4.0,-10.073610305786133
ucb_lcb_n,244.0,1.0,4.0,-15.499079093337059
ucb_lcb_n,245.0,1.0,4.0,-0.025973875308409333
ucb_lcb_n,246.0,1.0,4.0,-7.804502487182617
ucb_lcb_n,247.0,1.0,4.0,-4.490676403045654
ucb_lcb_n,248.0,1.0,4.0,-19.652629673480988
ucb_lcb_n,249.0,1.0,4.0,-2.795260190963745
ucb_lcb_n,250.0,1.0,4.0,-34.49116592109203
ucb_lcb_n,252.0,1.0,4.0,-34.15200614929199
ucb_lcb_n,253.0,1.0,4.0,-8.70572879910469
ucb_lcb_n,254.0,1.0,4.0,-5.520158290863037
ucb_lcb_n,255.0,1.0,4.0,-68.80467796325684
ucb_lcb_n,257.0,1.0,4.0,-17.735445022583008
ucb_lcb_n,258.0,1.0,4.0,-13.949168741703033
ucb_lcb_n,259.0,1.0,4.0,-18.63872568309307
ucb_lcb_n,260.0,1.0,4.0,-42.17931938171387
ucb_lcb_n,261.0,1.0,4.0,-11.960054278373718
ucb_lcb_n,262.0,1.0,4.0,-0.6675516739487648
ucb_lcb_n,263.0,1.0,4.0,-4.842062950134277
ucb_lcb_n,264.0,1.0,4.0,-4.270498275756836
ucb_lcb_n,266.0,1.0,4.0,-17.71293330192566
ucb_lcb_n,267.0,1.0,4.0,-18.960348449647427
ucb_lcb_n,268.0,1.0,4.0,-1.1055124700069427
ucb_lcb_n,269.0,1.0,4.0,-24.094253420829773
ucb_lcb_n,270.0,1.0,4.0,-25.582198292016983
ucb_lcb_n,271.0,1.0,4.0,-83.18306159973145
ucb_lcb_n,272.0,1.0,4.0,-19.336427628993988
ucb_lcb_n,273.0,1.0,4.0,-27.48777961730957
ucb_lcb_n,274.0,1.0,4.0,-16.292832255363464
ucb_lcb_n,275.0,1.0,4.0,-0.6166663654148579
ucb_lcb_n,276.0,1.0,4.0,-0.0010002159251598641
ucb_lcb_n,277.0,1.0,4.0,-0.013735869200900197
ucb_lcb_n,278.0,1.0,4.0,-5.144804000854492
ucb_lcb_n,279.0,1.0,4.0,-0.06394803384318948
ucb_lcb_n,280.0,1.0,4.0,-18.05853235721588
ucb_lcb_n,282.0,1.0,4.0,-16.09004184603691
ucb_lcb_n,283.0,1.0,4.0,-19.502659797668457
ucb_lcb_n,284.0,1.0,4.0,-15.250362634658813
ucb_lcb_n,285.0,1.0,4.0,-14.272740721702576
ucb_lcb_n,286.0,1.0,4.0,-40.93495213985443
ucb_lcb_n,287.0,1.0,4.0,-24.44602683186531
ucb_lcb_n,288.0,1.0,4.0,-4.806300640106201
ucb_lcb_n,289.0,1.0,4.0,-38.17601968348026
ucb_lcb_n,290.0,1.0,4.0,-3.7165234088897705
ucb_lcb_n,291.0,1.0,4.0,-5.47830867767334
ucb_lcb_n,292.0,1.0,4.0,-3.4012417793273926
ucb_lcb_n,293.0,1.0,4.0,-13.098037857562304
ucb_lcb_n,294.0,1.0,4.0,-16.327829997986555
ucb_lcb_n,295.0,1.0,4.0,-0.07476565474644303
ucb_lcb_n,296.0,1.0,4.0,-27.538909196853638
ucb_lcb_n,297.0,1.0,4.0,-11.865358710289001
ucb_lcb_n,298.0,1.0,4.0,-7.089336156845093
ucb_lcb_n,299.0,1.0,4.0,-5.0141496658325195
ucb_lcb_n,300.0,1.0,4.0,-16.507839739322662
ucb_lcb_n,301.0,1.0,4.0,-2.1056289225816727
ucb_lcb_n,302.0,1.0,4.0,-9.21034049987793
ucb_lcb_n,303.0,1.0,4.0,-4.810842514038086
ucb_lcb_n,304.0,1.0,4.0,-35.364957094192505
ucb_lcb_n,305.0,1.0,4.0,-18.639766635373235
ucb_lcb_n,306.0,1.0,4.0,-3.3400931358337402
ucb_lcb_n,307.0,1.0,4.0,-21.1429523229599
ucb_lcb_n,308.0,1.0,4.0,-4.925333023071289
ucb_lcb_n,309.0,1.0,4.0,-21.63753479719162
ucb_lcb_n,310.0,1.0,4.0,-4.381279468536377
ucb_lcb_n,311.0,1.0,4.0,-7.344613075256348
ucb_lcb_n,312.0,1.0,4.0,-8.188294649124146
ucb_lcb_n,313.0,1.0,4.0,-6.873983860015869
ucb_lcb_n,314.0,1.0,4.0,-26.322500467300415
ucb_lcb_n,315.0,1.0,4.0,-6.146204471588135
ucb_lcb_n,316.0,1.0,4.0,-15.201240450143814
ucb_lcb_n,317.0,1.0,4.0,-17.307664394378662
ucb_lcb_n,318.0,1.0,4.0,-22.79840397834778
ucb_lcb_n,319.0,1.0,4.0,-4.809901237487793
ucb_lcb_n,320.0,1.0,4.0,-4.948476314544678
ucb_lcb_n,321.0,1.0,4.0,-23.774568669497967
ucb_lcb_n,322.0,1.0,4.0,-5.313462734222412
ucb_lcb_n,323.0,1.0,4.0,-1.938010111451149
ucb_lcb_n,324.0,1.0,4.0,-27.5965616106987
ucb_lcb_n,325.0,1.0,4.0,-9.270790359238163
ucb_lcb_n,326.0,1.0,4.0,-0.07117138849571347
ucb_lcb_n,327.0,1.0,4.0,-16.613447654992342
ucb_lcb_n,328.0,1.0,4.0,-37.39491677284241
ucb_lcb_n,329.0,1.0,4.0,-25.510655879974365
ucb_lcb_n,330.0,1.0,4.0,-0.0010002159251598641
ucb_lcb_n,331.0,1.0,4.0,-4.7030205726623535
ucb_lcb_n,332.0,1.0,4.0,-4.729133605957031
ucb_lcb_n,333.0,1.0,4.0,-3.24007248878479
ucb_lcb_n,334.0,1.0,4.0,-29.300755620002747
ucb_lcb_n,336.0,1.0,4.0,-0.0012901669251732528
ucb_lcb_n,337.0,1.0,4.0,-6.217764437198639
ucb_lcb_n,338.0,1.0,4.0,-48.07917809486389
ucb_lcb_n,340.0,1.0,4.0,-5.283141136169434
ucb_lcb_n,341.0,1.0,4.0,-13.951642096042633
ucb_lcb_n,342.0,1.0,4.0,-5.096081256866455
ucb_lcb_n,343.0,1.0,4.0,-58.5562047958374
ucb_lcb_n,344.0,1.0,4.0,-26.319769024848938
ucb_lcb_n,346.0,1.0,4.0,-12.027104616165161
ucb_lcb_n,347.0,1.0,4.0,-20.254539272165857
ucb_lcb_n,348.0,1.0,4.0,-24.19266629219055
ucb_lcb_n,350.0,1.0,4.0,-0.0010002159251598641
ucb_lcb_n,351.0,1.0,4.0,-24.951627373695374
ucb_lcb_n,352.0,1.0,4.0,-23.711103439331055
ucb_lcb_n,353.0,1.0,4.0,-26.09453152376227
ucb_lcb_n,354.0,1.0,4.0,-22.000884041190147
ucb_lcb_n,355.0,1.0,4.0,-0.0023236608249135315
ucb_lcb_n,356.0,1.0,4.0,-4.958036956377327
ucb_lcb_n,357.0,1.0,4.0,-27.99180781841278
ucb_lcb_n,358.0,1.0,4.0,-33.978235721588135
ucb_lcb_n,359.0,1.0,4.0,-20.209079265594482
ucb_lcb_n,361.0,1.0,4.0,-2.884995460510254
ucb_lcb_n,362.0,1.0,4.0,-20.474189138039947
ucb_lcb_n,363.0,1.0,4.0,-26.483292818069458
ucb_lcb_n,364.0,1.0,4.0,-4.852727890014648
ucb_lcb_n,365.0,1.0,4.0,-34.2043559551239
ucb_lcb_n,367.0,1.0,4.0,-20.458505026996136
ucb_lcb_n,368.0,1.0,4.0,-13.441875405609608
ucb_lcb_n,369.0,1.0,4.0,-13.489375956356525
ucb_lcb_n,371.0,1.0,4.0,-6.384012937545776
ucb_lcb_n,372.0,1.0,4.0,-17.236548230051994
ucb_lcb_n,373.0,1.0,4.0,-4.659590244293213
ucb_lcb_n,374.0,1.0,4.0,-2.664341688156128
ucb_lcb_n,375.0,1.0,4.0,-27.201810002326965
ucb_lcb_n,376.0,1.0,4.0,-3.7494444847106934
ucb_lcb_n,377.0,1.0,4.0,-5.745154857635498
ucb_lcb_n,378.0,1.0,4.0,-7.734596431255341
ucb_lcb_n,379.0,1.0,4.0,-27.284863278269768
ucb_lcb_n,380.0,1.0,4.0,-15.337989330291748
ucb_lcb_n,381.0,1.0,4.0,-7.007308483123779
ucb_lcb_n,382.0,1.0,4.0,-1.5582513809204102
ucb_lcb_n,383.0,1.0,4.0,-28.838761718943715
ucb_lcb_n,384.0,1.0,4.0,-21.12498849630356
ucb_lcb_n,385.0,1.0,4.0,-3.765723943710327
ucb_lcb_n,386.0,1.0,4.0,-14.911502838134766
ucb_lcb_n,387.0,1.0,4.0,-4.931872367858887
ucb_lcb_n,388.0,1.0,4.0,-12.69798219203949
ucb_lcb_n,389.0,1.0,4.0,-6.685667991638184
ucb_lcb_n,390.0,1.0,4.0,-8.249958276748657
ucb_lcb_n,391.0,1.0,4.0,-0.4376211501657963
ucb_lcb_n,392.0,1.0,4.0,-37.65660333633423
ucb_lcb_n,393.0,1.0,4.0,-5.033514022827148
ucb_lcb_n,394.0,1.0,4.0,-20.604296684265137
ucb_lcb_n,395.0,1.0,4.0,-4.878240585327148
ucb_lcb_n,396.0,1.0,4.0,-5.555291652679443
ucb_lcb_n,397.0,1.0,4.0,-20.192023992538452
ucb_lcb_n,398.0,1.0,4.0,-0.6992605924606323
ucb_lcb_n,399.0,1.0,4.0,-27.510497331619263
ucb_lcb_n,400.0,1.0,4.0,-3.7595937252044678
ucb_lcb_n,401.0,1.0,4.0,-5.028211712837219
ucb_lcb_n,402.0,1.0,4.0,-6.768579483032227
ucb_lcb_n,403.0,1.0,4.0,-19.304705142974854
ucb_lcb_n,404.0,1.0,4.0,-19.318502485752106
ucb_lcb_n,405.0,1.0,4.0,-28.684630155563354
ucb_lcb_n,407.0,1.0,4.0,-10.07763147354126
ucb_lcb_n,408.0,1.0,4.0,-5.607069492340088
ucb_lcb_n,409.0,1.0,4.0,-0.0010002159251598641
ucb_lcb_n,410.0,1.0,4.0,-6.625430583953857
ucb_lcb_n,412.0,1.0,4.0,-4.500314235687256
ucb_lcb_n,413.0,1.0,4.0,-22.691774882376194
ucb_lcb_n,414.0,1.0,4.0,-4.962191581726074
ucb_lcb_n,415.0,1.0,4.0,-19.51530909538269
ucb_lcb_n,416.0,1.0,4.0,-5.1296067237854
ucb_lcb_n,417.0,1.0,4.0,-41.9028205871582
ucb_lcb_n,418.0,1.0,4.0,-10.805454730987549
ucb_lcb_n,419.0,1.0,4.0,-9.011461019515991
ucb_lcb_n,420.0,1.0,4.0,-17.655519902706146
ucb_lcb_n,421.0,1.0,4.0,-5.5796811282634735
ucb_lcb_n,422.0,1.0,4.0,-0.010348144685849547
ucb_lcb_n,424.0,1.0,4.0,-7.820485472679138
ucb_lcb_n,425.0,1.0,4.0,-11.092722997069359
ucb_lcb_n,426.0,1.0,4.0,-4.949191570281982
ucb_lcb_n,428.0,1.0,4.0,-84.37788271903992
ucb_lcb_n,429.0,1.0,4.0,-10.289546225219965
ucb_lcb_n,430.0,1.0,4.0,-7.567454099655151
ucb_lcb_n,431.0,1.0,4.0,-23.61145257949829
ucb_lcb_n,432.0,1.0,4.0,-19.81922960281372
ucb_lcb_n,433.0,1.0,4.0,-0.05362697318196297
ucb_lcb_n,434.0,1.0,4.0,-22.74130070209503
ucb_lcb_n,435.0,1.0,4.0,-4.8778181076049805
ucb_lcb_n,436.0,1.0,4.0,-69.02478575706482
ucb_lcb_n,437.0,1.0,4.0,-5.245004177093506
ucb_lcb_n,438.0,1.0,4.0,-2.3074283599853516
ucb_lcb_n,439.0,1.0,4.0,-2.2753050327301025
ucb_lcb_n,440.0,1.0,4.0,-10.9623321890831
ucb_lcb_n,441.0,1.0,4.0,-18.746219277381897
ucb_lcb_n,442.0,1.0,4.0,-0.0010002159251598641
ucb_lcb_n,443.0,1.0,4.0,-7.838977813720703
ucb_lcb_n,444.0,1.0,4.0,-17.64193296432495
ucb_lcb_n,445.0,1.0,4.0,-4.7931809425354
ucb_lcb_n,446.0,1.0,4.0,-5.259171962738037
ucb_lcb_n,447.0,1.0,4.0,-9.86108911037445
ucb_lcb_n,448.0,1.0,4.0,-4.944753646850586
ucb_lcb_n,449.0,1.0,4.0,-5.536377906799316
ucb_lcb_n,450.0,1.0,4.0,-34.28655515611172
ucb_lcb_n,451.0,1.0,4.0,-10.51300036907196
ucb_lcb_n,452.0,1.0,4.0,-4.8294358253479
ucb_lcb_n,453.0,1.0,4.0,-9.81251859664917
ucb_lcb_n,454.0,1.0,4.0,-6.274676322937012
ucb_lcb_n,455.0,1.0,4.0,-26.151254773139954
ucb_lcb_n,456.0,1.0,4.0,-4.802390098571777
ucb_lcb_n,457.0,1.0,4.0,-45.05044880695641
ucb_lcb_n,458.0,1.0,4.0,-36.840401888825
ucb_lcb_n,459.0,1.0,4.0,-6.763606309890747
ucb_lcb_n,460.0,1.0,4.0,-28.35040134191513
ucb_lcb_n,461.0,1.0,4.0,-4.118909239768982
ucb_lcb_n,462.0,1.0,4.0,-57.634301006793976
ucb_lcb_n,463.0,1.0,4.0,-12.46246999502182
ucb_lcb_n,464.0,1.0,4.0,-17.13339101523161
ucb_lcb_n,465.0,1.0,4.0,-0.909381665289402
ucb_lcb_n,466.0,1.0,4.0,-15.864655017852783
ucb_lcb_n,467.0,1.0,4.0,-7.975611537694931
ucb_lcb_n,468.0,1.0,4.0,-13.128389209508896
ucb_lcb_n,469.0,1.0,4.0,-29.722025394439697
ucb_lcb_n,470.0,1.0,4.0,-4.799992561340332
ucb_lcb_n,471.0,1.0,4.0,-19.900459468364716
ucb_lcb_n,472.0,1.0,4.0,-28.207625448703766
ucb_lcb_n,473.0,1.0,4.0,-10.224753439426422
ucb_lcb_n,474.0,1.0,4.0,-11.664708137512207
ucb_lcb_n,475.0,1.0,4.0,-9.968292236328125
ucb_lcb_n,476.0,1.0,4.0,-0.40619349107146263
ucb_lcb_n,477.0,1.0,4.0,-4.551124572753906
ucb_lcb_n,478.0,1.0,4.0,-92.1034049987793
ucb_lcb_n,479.0,1.0,4.0,-7.475831508636475
ucb_lcb_n,480.0,1.0,4.0,-23.39445126056671
ucb_lcb_n,481.0,1.0,4.0,-4.915757656097412
ucb_lcb_n,482.0,1.0,4.0,-1.2186307311058044
ucb_lcb_n,483.0,1.0,4.0,-4.368016719818115
ucb_lcb_n,484.0,1.0,4.0,-43.38707500696182
ucb_lcb_n,485.0,1.0,4.0,-19.075151920318604
ucb_lcb_n,486.0,1.0,4.0,-26.931458711624146
ucb_lcb_n,487.0,1.0,4.0,-4.954172611236572
ucb_lcb_n,488.0,1.0,4.0,-6.038145065307617
ucb_lcb_n,490.0,1.0,4.0,-10.062477111816406
ucb_lcb_n,491.0,1.0,4.0,-0.004798258654773235
ucb_lcb_n,492.0,1.0,4.0,-17.80595290660858
ucb_lcb_n,493.0,1.0,4.0,-5.362785043675103
ucb_lcb_n,494.0,1.0,4.0,-29.853596031665802
ucb_lcb_n,495.0,1.0,4.0,-13.10655526816845
ucb_lcb_n,496.0,1.0,4.0,-8.054538488388062
ucb_lcb,1.0,1.0,4.0,-4.740102291107178
ucb_lcb,2.0,1.0,4.0,-5.019198417663574
ucb_lcb,3.0,1.0,4.0,-3.8104405403137207
ucb_lcb,4.0,1.0,4.0,-4.731459140777588
ucb_lcb,5.0,1.0,4.0,-4.863515377044678
ucb_lcb,6.0,1.0,4.0,-8.393102645874023
ucb_lcb,7.0,1.0,4.0,-22.611429154872894
ucb_lcb,8.0,1.0,4.0,-19.463417172431946
ucb_lcb,9.0,1.0,4.0,-27.93999072909355
ucb_lcb,10.0,1.0,4.0,-5.229319095611572
ucb_lcb,11.0,1.0,4.0,-10.668391942977905
ucb_lcb,12.0,1.0,4.0,-9.539541244506836
ucb_lcb,13.0,1.0,4.0,-21.488179683685303
ucb_lcb,14.0,1.0,4.0,-33.94493389129639
ucb_lcb,15.0,1.0,4.0,-13.46703052520752
ucb_lcb,16.0,1.0,4.0,-0.0010002159251598641
ucb_lcb,17.0,1.0,4.0,-0.11676497664302588
ucb_lcb,18.0,1.0,4.0,-8.153274297714233
ucb_lcb,19.0,1.0,4.0,-21.67514675995335
ucb_lcb,20.0,1.0,4.0,-17.13113683462143
ucb_lcb,21.0,1.0,4.0,-7.951529525220394
ucb_lcb,22.0,1.0,4.0,-7.016037404537201
ucb_lcb,23.0,1.0,4.0,-5.653049468994141
ucb_lcb,24.0,1.0,4.0,-12.756699085235596
ucb_lcb,25.0,1.0,4.0,-23.38389015197754
ucb_lcb,26.0,1.0,4.0,-31.24778926372528
ucb_lcb,27.0,1.0,4.0,-9.666828155517578
ucb_lcb,28.0,1.0,4.0,-4.9092918038368225
ucb_lcb,29.0,1.0,4.0,-13.509378552436829
ucb_lcb,30.0,1.0,4.0,-6.472972631454468
ucb_lcb,32.0,1.0,4.0,-31.932233810424805
ucb_lcb,33.0,1.0,4.0,-4.726386576890945
ucb_lcb,34.0,1.0,4.0,-1.573743507549807
ucb_lcb,35.0,1.0,4.0,-0.0010002159251598641
ucb_lcb,36.0,1.0,4.0,-17.501369193196297
ucb_lcb,37.0,1.0,4.0,-28.741944074630737
ucb_lcb,38.0,1.0,4.0,-13.370483875274658
ucb_lcb,39.0,1.0,4.0,-4.96890115737915
ucb_lcb,40.0,1.0,4.0,-2.614321231842041
ucb_lcb,41.0,1.0,4.0,-10.410739183425903
ucb_lcb,42.0,1.0,4.0,-0.9189229980111122
ucb_lcb,43.0,1.0,4.0,-4.060212939977646
ucb_lcb,45.0,1.0,4.0,-27.265031576156616
ucb_lcb,46.0,1.0,4.0,-7.22226457297802
ucb_lcb,47.0,1.0,4.0,-9.882655143737793
ucb_lcb,48.0,1.0,4.0,-37.64011812210083
ucb_lcb,49.0,1.0,4.0,-0.0010002159251598641
ucb_lcb,50.0,1.0,4.0,-27.111313670873642
ucb_lcb,51.0,1.0,4.0,-4.779296875
ucb_lcb,52.0,1.0,4.0,-28.32246732711792
ucb_lcb,53.0,1.0,4.0,-19.98957598209381
ucb_lcb,54.0,1.0,4.0,-22.444540336728096
ucb_lcb,55.0,1.0,4.0,-6.107053756713867
ucb_lcb,56.0,1.0,4.0,-21.668765664100647
ucb_lcb,58.0,1.0,4.0,-12.914545357227325
ucb_lcb,59.0,1.0,4.0,-16.93873167037964
ucb_lcb,60.0,1.0,4.0,-26.406538724899292
ucb_lcb,61.0,1.0,4.0,-9.346108436584473
ucb_lcb,64.0,1.0,4.0,-4.785859107971191
ucb_lcb,65.0,1.0,4.0,-0.015544539084658027
ucb_lcb,66.0,1.0,4.0,-39.57641530036926
ucb_lcb,67.0,1.0,4.0,-23.444510996341705
ucb_lcb,68.0,1.0,4.0,-15.873025059700012
ucb_lcb,69.0,1.0,4.0,-4.632851600646973
ucb_lcb,70.0,1.0,4.0,-11.79686975479126
ucb_lcb,71.0,1.0,4.0,-4.7543487548828125
ucb_lcb,72.0,1.0,4.0,-5.12373948097229
ucb_lcb,73.0,1.0,4.0,-14.32103306055069
ucb_lcb,74.0,1.0,4.0,-9.21034049987793
ucb_lcb,75.0,1.0,4.0,-21.894004344940186
ucb_lcb,76.0,1.0,4.0,-29.825615286827087
ucb_lcb,77.0,1.0,4.0,-4.960810661315918
ucb_lcb,78.0,1.0,4.0,-5.495097100734711
ucb_lcb,79.0,1.0,4.0,-2.551420032978058
ucb_lcb,80.0,1.0,4.0,-4.767674922943115
ucb_lcb,81.0,1.0,4.0,-15.429868519306183
ucb_lcb,82.0,1.0,4.0,-3.5632598400115967
ucb_lcb,83.0,1.0,4.0,0.0
ucb_lcb,84.0,1.0,4.0,-0.011404527816921473
ucb_lcb,85.0,1.0,4.0,-21.077110648155212
ucb_lcb,87.0,1.0,4.0,-5.214253902435303
ucb_lcb,88.0,1.0,4.0,-14.037269592285156
ucb_lcb,89.0,1.0,4.0,-15.365601122379303
ucb_lcb,90.0,1.0,4.0,-9.251238822937012
ucb_lcb,91.0,1.0,4.0,-19.44967031478882
ucb_lcb,92.0,1.0,4.0,-11.467273473739624
ucb_lcb,93.0,1.0,4.0,-14.885325074195862
ucb_lcb,94.0,1.0,4.0,-22.183050483465195
ucb_lcb,95.0,1.0,4.0,-15.328920841217041
ucb_lcb,96.0,1.0,4.0,-8.43203353881836
ucb_lcb,98.0,1.0,4.0,-28.11833357810974
ucb_lcb,99.0,1.0,4.0,-27.759005308151245
ucb_lcb,101.0,1.0,4.0,-0.33980027586221695
ucb_lcb,102.0,1.0,4.0,-11.2705979347229
ucb_lcb,103.0,1.0,4.0,-11.95748519897461
ucb_lcb,104.0,1.0,4.0,-4.811285972595215
ucb_lcb,105.0,1.0,4.0,-4.814403533935547
ucb_lcb,106.0,1.0,4.0,-22.042354822158813
ucb_lcb,107.0,1.0,4.0,-9.846046447753906
ucb_lcb,108.0,1.0,4.0,-7.513175332918763
ucb_lcb,109.0,1.0,4.0,-26.9836163520813
ucb_lcb,111.0,1.0,4.0,-23.631837844848633
ucb_lcb,112.0,1.0,4.0,-6.6583404541015625
ucb_lcb,113.0,1.0,4.0,-38.03326344490051
ucb_lcb,114.0,1.0,4.0,-9.21034049987793
ucb_lcb,115.0,1.0,4.0,-29.217287302017212
ucb_lcb,116.0,1.0,4.0,-0.3629964664578438
ucb_lcb,117.0,1.0,4.0,-15.577581891790032
ucb_lcb,118.0,1.0,4.0,-2.0060765743255615
ucb_lcb,119.0,1.0,4.0,-0.0010002159251598641
ucb_lcb,120.0,1.0,4.0,-9.16144871711731
ucb_lcb,121.0,1.0,4.0,-5.821816444396973
ucb_lcb,122.0,1.0,4.0,-9.301724672317505
ucb_lcb,123.0,1.0,4.0,-0.8222230970859528
ucb_lcb,124.0,1.0,4.0,-2.8134443759918213
ucb_lcb,125.0,1.0,4.0,-4.804496765136719
ucb_lcb,126.0,1.0,4.0,-17.95002097118413
ucb_lcb,128.0,1.0,4.0,-5.510161399841309
ucb_lcb,130.0,1.0,4.0,-14.453268120996654
ucb_lcb,131.0,1.0,4.0,-7.676883041858673
ucb_lcb,132.0,1.0,4.0,-2.9190244674682617
ucb_lcb,133.0,1.0,4.0,-4.886551856994629
ucb_lcb,134.0,1.0,4.0,-9.03331047296524
ucb_lcb,135.0,1.0,4.0,-9.21034049987793
ucb_lcb,136.0,1.0,4.0,-0.0010002159251598641
ucb_lcb,137.0,1.0,4.0,-14.129610300064087
ucb_lcb,138.0,1.0,4.0,-53.39112424850464
ucb_lcb,139.0,1.0,4.0,-14.312271997332573
ucb_lcb,140.0,1.0,4.0,-25.538248658180237
ucb_lcb,141.0,1.0,4.0,-0.0010002159251598641
ucb_lcb,142.0,1.0,4.0,-13.966007888317108
ucb_lcb,143.0,1.0,4.0,-13.777658462524414
ucb_lcb,144.0,1.0,4.0,-10.703409671783447
ucb_lcb,145.0,1.0,4.0,-24.04373025894165
ucb_lcb,146.0,1.0,4.0,-23.79366898536682
ucb_lcb,147.0,1.0,4.0,-3.2395419478416443
ucb_lcb,148.0,1.0,4.0,-23.90924447774887
ucb_lcb,149.0,1.0,4.0,-26.687695860862732
ucb_lcb,150.0,1.0,4.0,-17.05357400327921
ucb_lcb,151.0,1.0,4.0,-27.925537705421448
ucb_lcb,152.0,1.0,4.0,-27.03986781835556
ucb_lcb,153.0,1.0,4.0,-12.410883069038391
ucb_lcb,154.0,1.0,4.0,-34.432175636291504
ucb_lcb,155.0,1.0,4.0,-0.17673664912581444
ucb_lcb,156.0,1.0,4.0,-5.61869478225708
ucb_lcb,158.0,1.0,4.0,-4.4343849420547485
ucb_lcb,159.0,1.0,4.0,-44.8508186340332
ucb_lcb,160.0,1.0,4.0,-13.704592112451792
ucb_lcb,161.0,1.0,4.0,-22.036727964878082
ucb_lcb,162.0,1.0,4.0,-25.509580612182617
ucb_lcb,163.0,1.0,4.0,-8.694944858551025
ucb_lcb,165.0,1.0,4.0,-1.468964617117308
ucb_lcb,166.0,1.0,4.0,-4.976823329925537
ucb_lcb,167.0,1.0,4.0,-35.17213249206543
ucb_lcb,168.0,1.0,4.0,-9.686643123626709
ucb_lcb,169.0,1.0,4.0,-4.82573127746582
ucb_lcb,170.0,1.0,4.0,-4.724844932556152
ucb_lcb,171.0,1.0,4.0,-13.820227861404419
ucb_lcb,172.0,1.0,4.0,-14.800081014633179
ucb_lcb,173.0,1.0,4.0,-33.645018100738525
ucb_lcb,174.0,1.0,4.0,-14.472484946250916
ucb_lcb,175.0,1.0,4.0,-27.716698169708252
ucb_lcb,176.0,1.0,4.0,-13.886175632476807
ucb_lcb,177.0,1.0,4.0,-25.0113343000412
ucb_lcb,178.0,1.0,4.0,-22.127716064453125
ucb_lcb,179.0,1.0,4.0,-4.659661293029785
ucb_lcb,180.0,1.0,4.0,-18.0720853805542
ucb_lcb,181.0,1.0,4.0,-13.107992857694626
ucb_lcb,182.0,1.0,4.0,-9.56797981262207
ucb_lcb,183.0,1.0,4.0,-11.86230182647705
ucb_lcb,185.0,1.0,4.0,-4.8751020431518555
ucb_lcb,186.0,1.0,4.0,-9.144012928009033
ucb_lcb,187.0,1.0,4.0,-28.19808918237686
ucb_lcb,188.0,1.0,4.0,-0.9634860977530479
ucb_lcb,190.0,1.0,4.0,-19.046208307147026
ucb_lcb,191.0,1.0,4.0,-3.9543884992599487
ucb_lcb,192.0,1.0,4.0,-6.617110665480141
ucb_lcb,193.0,1.0,4.0,-27.67242956161499
ucb_lcb,195.0,1.0,4.0,-27.848020557314157
ucb_lcb,196.0,1.0,4.0,-25.264605909585953
ucb_lcb,197.0,1.0,4.0,-4.8097639083862305
ucb_lcb,198.0,1.0,4.0,-33.88153147697449
ucb_lcb,199.0,1.0,4.0,-3.1583750247955322
ucb_lcb,200.0,1.0,4.0,-7.155706882476807
ucb_lcb,201.0,1.0,4.0,-29.045471906661987
ucb_lcb,202.0,1.0,4.0,-3.5659420788288116
ucb_lcb,203.0,1.0,4.0,-5.742578029632568
ucb_lcb,204.0,1.0,4.0,-14.053379520773888
ucb_lcb,205.0,1.0,4.0,-3.7886883914470673
ucb_lcb,206.0,1.0,4.0,-4.976078987121582
ucb_lcb,207.0,1.0,4.0,-4.806760311126709
ucb_lcb,208.0,1.0,4.0,-8.744593143463135
ucb_lcb,209.0,1.0,4.0,-16.397268772125244
ucb_lcb,210.0,1.0,4.0,-0.2552366442978382
ucb_lcb,211.0,1.0,4.0,-9.885433197021484
ucb_lcb,212.0,1.0,4.0,-2.6220112442970276
ucb_lcb,213.0,1.0,4.0,-37.10663104057312
ucb_lcb,214.0,1.0,4.0,-26.77323079109192
ucb_lcb,215.0,1.0,4.0,-32.44102102518082
ucb_lcb,216.0,1.0,4.0,-28.5892025642097
ucb_lcb,217.0,1.0,4.0,-8.857488989830017
ucb_lcb,218.0,1.0,4.0,-5.819032669067383
ucb_lcb,219.0,1.0,4.0,-6.114559173583984
ucb_lcb,220.0,1.0,4.0,-0.39265192672610283
ucb_lcb,221.0,1.0,4.0,-4.451918125152588
ucb_lcb,222.0,1.0,4.0,-24.38881540298462
ucb_lcb,223.0,1.0,4.0,-5.424177169799805
ucb_lcb,224.0,1.0,4.0,-3.1989913284778595
ucb_lcb,225.0,1.0,4.0,-24.69780445098877
ucb_lcb,226.0,1.0,4.0,-1.3881837129592896
ucb_lcb,227.0,1.0,4.0,-6.1426403522491455
ucb_lcb,228.0,1.0,4.0,-5.738411948084831
ucb_lcb,229.0,1.0,4.0,-0.0010002159251598641
ucb_lcb,230.0,1.0,4.0,-5.631191730499268
ucb_lcb,231.0,1.0,4.0,-4.741339206695557
ucb_lcb,232.0,1.0,4.0,-41.480031073093414
ucb_lcb,233.0,1.0,4.0,-12.370451629161835
ucb_lcb,234.0,1.0,4.0,-21.433411359786987
ucb_lcb,236.0,1.0,4.0,-4.34705924987793
ucb_lcb,237.0,1.0,4.0,-12.349568128585815
ucb_lcb,239.0,1.0,4.0,-7.502166271209717
ucb_lcb,240.0,1.0,4.0,-24.751078128814697
ucb_lcb,241.0,1.0,4.0,-22.767420176416636
ucb_lcb,242.0,1.0,4.0,-25.99974399805069
ucb_lcb,243.0,1.0,4.0,-9.7142915725708
ucb_lcb,244.0,1.0,4.0,-20.839659690856934
ucb_lcb,245.0,1.0,4.0,-0.0010002159251598641
ucb_lcb,246.0,1.0,4.0,-0.9452675580978394
ucb_lcb,247.0,1.0,4.0,-3.3004119396209717
ucb_lcb,248.0,1.0,4.0,-25.750532150268555
ucb_lcb,249.0,1.0,4.0,-2.876739501953125
ucb_lcb,250.0,1.0,4.0,-34.01327991485596
ucb_lcb,252.0,1.0,4.0,-6.328394711017609
ucb_lcb,253.0,1.0,4.0,-8.987590983510017
ucb_lcb,254.0,1.0,4.0,-6.123310089111328
ucb_lcb,255.0,1.0,4.0,-92.1034049987793
ucb_lcb,257.0,1.0,4.0,-16.19194746017456
ucb_lcb,258.0,1.0,4.0,-13.812676906585693
ucb_lcb,259.0,1.0,4.0,-21.108923062682152
ucb_lcb,260.0,1.0,4.0,-36.06569743156433
ucb_lcb,261.0,1.0,4.0,-12.31110692024231
ucb_lcb,262.0,1.0,4.0,-1.8863594383001328
ucb_lcb,263.0,1.0,4.0,-4.7780985832214355
ucb_lcb,264.0,1.0,4.0,-5.120850086212158
ucb_lcb,266.0,1.0,4.0,-28.864394903182983
ucb_lcb,267.0,1.0,4.0,-29.504872798919678
ucb_lcb,268.0,1.0,4.0,-1.4379372298717499
ucb_lcb,269.0,1.0,4.0,-29.11574876308441
ucb_lcb,270.0,1.0,4.0,-33.89540176093578
ucb_lcb,271.0,1.0,4.0,-11.566382884979248
ucb_lcb,272.0,1.0,4.0,-18.683418810367584
ucb_lcb,273.0,1.0,4.0,-15.717642307281494
ucb_lcb,274.0,1.0,4.0,-16.97253453731537
ucb_lcb,275.0,1.0,4.0,-0.6253613531589508
ucb_lcb,276.0,1.0,4.0,-0.0010002159251598641
ucb_lcb,277.0,1.0,4.0,-0.0010002159251598641
ucb_lcb,278.0,1.0,4.0,-5.425525188446045
ucb_lcb,279.0,1.0,4.0,-0.0010002159251598641
ucb_lcb,280.0,1.0,4.0,-28.068792939186096
ucb_lcb,282.0,1.0,4.0,-18.32756870985031
ucb_lcb,283.0,1.0,4.0,-15.656282305717468
ucb_lcb,284.0,1.0,4.0,-15.086459875106812
ucb_lcb,285.0,1.0,4.0,-14.469639956951141
ucb_lcb,286.0,1.0,4.0,-33.913249135017395
ucb_lcb,287.0,1.0,4.0,-29.277639254927635
ucb_lcb,288.0,1.0,4.0,-4.771012306213379
ucb_lcb,289.0,1.0,4.0,-37.95059609413147
ucb_lcb,290.0,1.0,4.0,-2.7911927700042725
ucb_lcb,291.0,1.0,4.0,-5.160186290740967
ucb_lcb,292.0,1.0,4.0,-3.3162612915039062
ucb_lcb,293.0,1.0,4.0,-13.117419257760048
ucb_lcb,294.0,1.0,4.0,-34.44512681663036
ucb_lcb,295.0,1.0,4.0,-4.033945143222809
ucb_lcb,296.0,1.0,4.0,-22.87483423948288
ucb_lcb,297.0,1.0,4.0,-29.761499166488647
ucb_lcb,298.0,1.0,4.0,-5.683681011199951
ucb_lcb,299.0,1.0,4.0,-4.794131278991699
ucb_lcb,300.0,1.0,4.0,-16.995549499988556
ucb_lcb,301.0,1.0,4.0,-1.9536224007606506
ucb_lcb,302.0,1.0,4.0,-9.21034049987793
ucb_lcb,303.0,1.0,4.0,-4.761631011962891
ucb_lcb,304.0,1.0,4.0,-31.613262176513672
ucb_lcb,305.0,1.0,4.0,-19.253778215963393
ucb_lcb,306.0,1.0,4.0,-3.9310169219970703
ucb_lcb,307.0,1.0,4.0,-30.038776874542236
ucb_lcb,308.0,1.0,4.0,-5.284515380859375
ucb_lcb,309.0,1.0,4.0,-29.996735095977783
ucb_lcb,310.0,1.0,4.0,-3.4740982055664062
ucb_lcb,311.0,1.0,4.0,-5.728319406509399
ucb_lcb,312.0,1.0,4.0,-9.412474155426025
ucb_lcb,313.0,1.0,4.0,-6.983584642410278
ucb_lcb,314.0,1.0,4.0,-25.656169891357422
ucb_lcb,315.0,1.0,4.0,-6.204711437225342
ucb_lcb,316.0,1.0,4.0,-16.32976996898651
ucb_lcb,317.0,1.0,4.0,-19.632099151611328
ucb_lcb,318.0,1.0,4.0,-28.60157811641693
ucb_lcb,319.0,1.0,4.0,-4.580367088317871
ucb_lcb,320.0,1.0,4.0,-4.847553253173828
ucb_lcb,321.0,1.0,4.0,-34.02396024763584
ucb_lcb,322.0,1.0,4.0,-4.9098639488220215
ucb_lcb,323.0,1.0,4.0,-1.6992880702018738
ucb_lcb,324.0,1.0,4.0,-18.95548176765442
ucb_lcb,325.0,1.0,4.0,-8.857359582558274
ucb_lcb,326.0,1.0,4.0,-0.2734353058040142
ucb_lcb,327.0,1.0,4.0,-19.022926727309823
ucb_lcb,328.0,1.0,4.0,-31.37356400489807
ucb_lcb,329.0,1.0,4.0,-8.926890015602112
ucb_lcb,330.0,1.0,4.0,-0.0010002159251598641
ucb_lcb,331.0,1.0,4.0,-4.9286956787109375
ucb_lcb,332.0,1.0,4.0,-5.444488048553467
ucb_lcb,333.0,1.0,4.0,-3.0681326389312744
ucb_lcb,334.0,1.0,4.0,-43.33911156654358
ucb_lcb,336.0,1.0,4.0,-0.0010002159251598641
ucb_lcb,337.0,1.0,4.0,-1.8575869053602219
ucb_lcb,338.0,1.0,4.0,-42.48618769645691
ucb_lcb,340.0,1.0,4.0,-5.151124954223633
ucb_lcb,341.0,1.0,4.0,-18.159650325775146
ucb_lcb,342.0,1.0,4.0,-4.903932094573975
ucb_lcb,343.0,1.0,4.0,-8.419931590557098
ucb_lcb,344.0,1.0,4.0,-28.02386701107025
ucb_lcb,346.0,1.0,4.0,-10.139208555221558
ucb_lcb,347.0,1.0,4.0,-29.27659583091736
ucb_lcb,348.0,1.0,4.0,-20.245117664337158
ucb_lcb,350.0,1.0,4.0,-0.0010002159251598641
ucb_lcb,351.0,1.0,4.0,-26.701955199241638
ucb_lcb,352.0,1.0,4.0,-23.704468727111816
ucb_lcb,353.0,1.0,4.0,-29.390010811854154
ucb_lcb,354.0,1.0,4.0,-30.122525803744793
ucb_lcb,355.0,1.0,4.0,-0.0010002159251598641
ucb_lcb,356.0,1.0,4.0,-4.951456034556031
ucb_lcb,357.0,1.0,4.0,-31.900553107261658
ucb_lcb,358.0,1.0,4.0,-36.48958444595337
ucb_lcb,359.0,1.0,4.0,-19.438741207122803
ucb_lcb,361.0,1.0,4.0,-3.0600452423095703
ucb_lcb,362.0,1.0,4.0,-30.138484716415405
ucb_lcb,363.0,1.0,4.0,-20.87722086906433
ucb_lcb,364.0,1.0,4.0,-4.808112144470215
ucb_lcb,365.0,1.0,4.0,-34.955612659454346
ucb_lcb,367.0,1.0,4.0,-55.367628395557404
ucb_lcb,368.0,1.0,4.0,-14.241046354174614
ucb_lcb,369.0,1.0,4.0,-22.912721894681454
ucb_lcb,371.0,1.0,4.0,-6.226341485977173
ucb_lcb,372.0,1.0,4.0,-17.24848024174571
ucb_lcb,373.0,1.0,4.0,-5.7558979988098145
ucb_lcb,374.0,1.0,4.0,-3.7635483741760254
ucb_lcb,375.0,1.0,4.0,-26.460340976715088
ucb_lcb,376.0,1.0,4.0,-3.7995917797088623
ucb_lcb,377.0,1.0,4.0,-5.879668235778809
ucb_lcb,378.0,1.0,4.0,-9.723554491996765
ucb_lcb,379.0,1.0,4.0,-46.75231020152569
ucb_lcb,380.0,1.0,4.0,-15.74954342842102
ucb_lcb,381.0,1.0,4.0,-9.21034049987793
ucb_lcb,382.0,1.0,4.0,-1.570901870727539
ucb_lcb,383.0,1.0,4.0,-29.034933291375637
ucb_lcb,384.0,1.0,4.0,-19.991807878017426
ucb_lcb,385.0,1.0,4.0,-0.5825440287590027
ucb_lcb,386.0,1.0,4.0,-16.914857864379883
ucb_lcb,387.0,1.0,4.0,-4.967343807220459
ucb_lcb,388.0,1.0,4.0,-11.18903911113739
ucb_lcb,389.0,1.0,4.0,-8.329283475875854
ucb_lcb,390.0,1.0,4.0,-7.115812063217163
ucb_lcb,391.0,1.0,4.0,-1.0736150816082954
ucb_lcb,392.0,1.0,4.0,-3.693019360303879
ucb_lcb,393.0,1.0,4.0,-6.60900354385376
ucb_lcb,394.0,1.0,4.0,-26.165698051452637
ucb_lcb,395.0,1.0,4.0,-4.84611701965332
ucb_lcb,396.0,1.0,4.0,-6.013210296630859
ucb_lcb,397.0,1.0,4.0,-20.96153461933136
ucb_lcb,398.0,1.0,4.0,-2.120828628540039
ucb_lcb,399.0,1.0,4.0,-29.71142888069153
ucb_lcb,400.0,1.0,4.0,-4.155737400054932
ucb_lcb,401.0,1.0,4.0,-6.233956813812256
ucb_lcb,402.0,1.0,4.0,-6.772117614746094
ucb_lcb,403.0,1.0,4.0,-18.72707986831665
ucb_lcb,404.0,1.0,4.0,-24.724764347076416
ucb_lcb,405.0,1.0,4.0,-24.41064727306366
ucb_lcb,407.0,1.0,4.0,-9.93578052520752
ucb_lcb,408.0,1.0,4.0,-5.069218158721924
ucb_lcb,409.0,1.0,4.0,-0.0010002159251598641
ucb_lcb,410.0,1.0,4.0,-5.4429545402526855
ucb_lcb,412.0,1.0,4.0,-2.9270529747009277
ucb_lcb,413.0,1.0,4.0,-25.403143405914307
ucb_lcb,414.0,1.0,4.0,-4.850562572479248
ucb_lcb,415.0,1.0,4.0,-30.490868091583252
ucb_lcb,416.0,1.0,4.0,-6.244561672210693
ucb_lcb,417.0,1.0,4.0,-33.725417137145996
ucb_lcb,418.0,1.0,4.0,-28.324791073799133
ucb_lcb,419.0,1.0,4.0,-12.55140346288681
ucb_lcb,420.0,1.0,4.0,-18.480260908603668
ucb_lcb,421.0,1.0,4.0,-5.54198457300663
ucb_lcb,422.0,1.0,4.0,-0.042777479626238346
ucb_lcb,424.0,1.0,4.0,-6.35809063911438
ucb_lcb,425.0,1.0,4.0,-22.858117163181305
ucb_lcb,426.0,1.0,4.0,-4.888112545013428
ucb_lcb,428.0,1.0,4.0,-23.9388610124588
ucb_lcb,429.0,1.0,4.0,-11.255284454673529
ucb_lcb,430.0,1.0,4.0,-6.165301084518433
ucb_lcb,431.0,1.0,4.0,-22.175148844718933
ucb_lcb,432.0,1.0,4.0,-15.58170461654663
ucb_lcb,433.0,1.0,4.0,-0.18634517304599285
ucb_lcb,434.0,1.0,4.0,-24.786806344985962
ucb_lcb,435.0,1.0,4.0,-5.2775468826293945
ucb_lcb,436.0,1.0,4.0,-70.24911236763
ucb_lcb,437.0,1.0,4.0,-4.950348854064941
ucb_lcb,438.0,1.0,4.0,-2.333141326904297
ucb_lcb,439.0,1.0,4.0,-3.439908504486084
ucb_lcb,440.0,1.0,4.0,-10.958327114582062
ucb_lcb,441.0,1.0,4.0,-17.59864330291748
ucb_lcb,442.0,1.0,4.0,-0.0010002159251598641
ucb_lcb,443.0,1.0,4.0,-9.21034049987793
ucb_lcb,444.0,1.0,4.0,-15.234023332595825
ucb_lcb,445.0,1.0,4.0,-4.796438217163086
ucb_lcb,446.0,1.0,4.0,-5.8856799602508545
ucb_lcb,447.0,1.0,4.0,-9.511502861976624
ucb_lcb,448.0,1.0,4.0,-4.849411487579346
ucb_lcb,449.0,1.0,4.0,-5.2738566398620605
ucb_lcb,450.0,1.0,4.0,-31.172762870788574
ucb_lcb,451.0,1.0,4.0,-11.245392084121704
ucb_lcb,452.0,1.0,4.0,-5.84305477142334
ucb_lcb,453.0,1.0,4.0,-12.803096771240234
ucb_lcb,454.0,1.0,4.0,-5.552417755126953
ucb_lcb,455.0,1.0,4.0,-35.18955898284912
ucb_lcb,456.0,1.0,4.0,-4.768457412719727
ucb_lcb,457.0,1.0,4.0,-35.04834198951721
ucb_lcb,458.0,1.0,4.0,-44.83341670036316
ucb_lcb,459.0,1.0,4.0,-3.375703513622284
ucb_lcb,460.0,1.0,4.0,-28.846828892827034
ucb_lcb,461.0,1.0,4.0,-3.3864791691303253
ucb_lcb,462.0,1.0,4.0,-18.84495460987091
ucb_lcb,463.0,1.0,4.0,-13.092288941144943
ucb_lcb,464.0,1.0,4.0,-14.51373859681189
ucb_lcb,465.0,1.0,4.0,-1.5487862527370453
ucb_lcb,466.0,1.0,4.0,-22.041627407073975
ucb_lcb,467.0,1.0,4.0,-7.972883403301239
ucb_lcb,468.0,1.0,4.0,-11.954603269696236
ucb_lcb,469.0,1.0,4.0,-29.055828750133514
ucb_lcb,470.0,1.0,4.0,-4.7845282554626465
ucb_lcb,471.0,1.0,4.0,-29.00022053718567
ucb_lcb,472.0,1.0,4.0,-28.20495194196701
ucb_lcb,473.0,1.0,4.0,-10.70468544960022
ucb_lcb,474.0,1.0,4.0,-10.981024980545044
ucb_lcb,475.0,1.0,4.0,-9.409595489501953
ucb_lcb,476.0,1.0,4.0,-0.37428874894976616
ucb_lcb,477.0,1.0,4.0,-4.58005952835083
ucb_lcb,478.0,1.0,4.0,-92.1034049987793
ucb_lcb,479.0,1.0,4.0,-8.778648376464844
ucb_lcb,480.0,1.0,4.0,-28.23068869113922
ucb_lcb,481.0,1.0,4.0,-5.135693073272705
ucb_lcb,482.0,1.0,4.0,-1.4578169137239456
ucb_lcb,483.0,1.0,4.0,-4.173849582672119
ucb_lcb,484.0,1.0,4.0,-18.612823009490967
ucb_lcb,485.0,1.0,4.0,-19.084537982940674
ucb_lcb,486.0,1.0,4.0,-21.41964900493622
ucb_lcb,487.0,1.0,4.0,-4.881991863250732
ucb_lcb,488.0,1.0,4.0,-5.214571952819824
ucb_lcb,490.0,1.0,4.0,-8.821473598480225
ucb_lcb,491.0,1.0,4.0,-0.0010002159251598641
ucb_lcb,492.0,1.0,4.0,-17.211130879819393
ucb_lcb,493.0,1.0,4.0,-5.023548528835818
ucb_lcb,494.0,1.0,4.0,-33.770750999450684
ucb_lcb,495.0,1.0,4.0,-12.10687293112278
ucb_lcb,496.0,1.0,4.0,-8.484385967254639
ucb_b0,1.0,1.0,4.0,-4.8100385665893555
ucb_b0,2.0,1.0,4.0,-4.809401512145996
ucb_b0,3.0,1.0,4.0,-3.864936351776123
ucb_b0,4.0,1.0,4.0,-4.837362289428711
ucb_b0,5.0,1.0,4.0,-5.174673080444336
ucb_b0,6.0,1.0,4.0,-8.960969924926758
ucb_b0,7.0,1.0,4.0,-25.019009947776794
ucb_b0,8.0,1.0,4.0,-8.946277678012848
ucb_b0,9.0,1.0,4.0,-27.1646768450737
ucb_b0,10.0,1.0,4.0,-5.429746627807617
ucb_b0,11.0,1.0,4.0,-11.62392544746399
ucb_b0,12.0,1.0,4.0,-9.536245346069336
ucb_b0,13.0,1.0,4.0,-28.785329580307007
ucb_b0,14.0,1.0,4.0,-36.16207027435303
ucb_b0,15.0,1.0,4.0,-38.69867205619812
ucb_b0,16.0,1.0,4.0,-0.0010002159251598641
ucb_b0,17.0,1.0,4.0,-0.8373940214514732
ucb_b0,18.0,1.0,4.0,-8.53468108177185
ucb_b0,19.0,1.0,4.0,-28.441224575042725
ucb_b0,20.0,1.0,4.0,-15.857693552970886
ucb_b0,21.0,1.0,4.0,-8.079898223280907
ucb_b0,22.0,1.0,4.0,-8.164026078535244
ucb_b0,23.0,1.0,4.0,-5.479679584503174
ucb_b0,24.0,1.0,4.0,-12.786224126815796
ucb_b0,25.0,1.0,4.0,-33.460989475250244
ucb_b0,26.0,1.0,4.0,-27.8872047662735
ucb_b0,27.0,1.0,4.0,-9.524928569793701
ucb_b0,28.0,1.0,4.0,-17.30070126056671
ucb_b0,29.0,1.0,4.0,-14.175238251686096
ucb_b0,30.0,1.0,4.0,-8.571179389953613
ucb_b0,32.0,1.0,4.0,-31.162028193473816
ucb_b0,33.0,1.0,4.0,-5.2765562534332275
ucb_b0,34.0,1.0,4.0,-5.667077034711838
ucb_b0,35.0,1.0,4.0,-0.0013079309865133837
ucb_b0,36.0,1.0,4.0,-11.863981366157532
ucb_b0,37.0,1.0,4.0,-30.01599133014679
ucb_b0,38.0,1.0,4.0,-14.485333442687988
ucb_b0,39.0,1.0,4.0,-5.059370517730713
ucb_b0,40.0,1.0,4.0,-3.4918978214263916
ucb_b0,41.0,1.0,4.0,-8.976502120494843
ucb_b0,42.0,1.0,4.0,-0.8242112323641777
ucb_b0,43.0,1.0,4.0,-1.1229382455348969
ucb_b0,45.0,1.0,4.0,-31.127981901168823
ucb_b0,46.0,1.0,4.0,-9.766047030687332
ucb_b0,47.0,1.0,4.0,-10.25153398513794
ucb_b0,48.0,1.0,4.0,-37.12439966201782
ucb_b0,49.0,1.0,4.0,-0.0010002159251598641
ucb_b0,50.0,1.0,4.0,-33.30778926610947
ucb_b0,51.0,1.0,4.0,-4.842025279998779
ucb_b0,52.0,1.0,4.0,-33.28734052181244
ucb_b0,53.0,1.0,4.0,-21.82915210723877
ucb_b0,54.0,1.0,4.0,-29.263134956359863
ucb_b0,55.0,1.0,4.0,-6.120703220367432
ucb_b0,56.0,1.0,4.0,-26.22475779056549
ucb_b0,58.0,1.0,4.0,-13.739499151706696
ucb_b0,59.0,1.0,4.0,-17.097259998321533
ucb_b0,60.0,1.0,4.0,-35.86998176574707
ucb_b0,61.0,1.0,4.0,-9.391654014587402
ucb_b0,64.0,1.0,4.0,-4.899507999420166
ucb_b0,65.0,1.0,4.0,-0.07596647413447499
ucb_b0,66.0,1.0,4.0,-36.57957208156586
ucb_b0,67.0,1.0,4.0,-24.641505241394043
ucb_b0,68.0,1.0,4.0,-4.853158488869667
ucb_b0,69.0,1.0,4.0,-3.168576717376709
ucb_b0,70.0,1.0,4.0,-12.342710971832275
ucb_b0,71.0,1.0,4.0,-4.777834415435791
ucb_b0,72.0,1.0,4.0,-4.202130079269409
ucb_b0,73.0,1.0,4.0,-18.73367202281952
ucb_b0,74.0,1.0,4.0,-5.291304111480713
ucb_b0,75.0,1.0,4.0,-22.08005690574646
ucb_b0,76.0,1.0,4.0,-35.08133578300476
ucb_b0,77.0,1.0,4.0,-4.86944580078125
ucb_b0,78.0,1.0,4.0,-18.226752281188965
ucb_b0,79.0,1.0,4.0,-21.765419244766235
ucb_b0,80.0,1.0,4.0,-5.017400741577148
ucb_b0,81.0,1.0,4.0,-30.291252851486206
ucb_b0,82.0,1.0,4.0,-4.014034748077393
ucb_b0,83.0,1.0,4.0,0.0
ucb_b0,84.0,1.0,4.0,-0.004519655049080029
ucb_b0,85.0,1.0,4.0,-19.277247548103333
ucb_b0,87.0,1.0,4.0,-4.917213439941406
ucb_b0,88.0,1.0,4.0,-8.663239479064941
ucb_b0,89.0,1.0,4.0,-14.19059306383133
ucb_b0,90.0,1.0,4.0,-9.046237468719482
ucb_b0,91.0,1.0,4.0,-14.491206169128418
ucb_b0,92.0,1.0,4.0,-11.737067937850952
ucb_b0,93.0,1.0,4.0,-27.59305214881897
ucb_b0,94.0,1.0,4.0,-25.962842524051666
ucb_b0,95.0,1.0,4.0,-22.857226610183716
ucb_b0,96.0,1.0,4.0,-8.969246625900269
ucb_b0,98.0,1.0,4.0,-30.48419499397278
ucb_b0,99.0,1.0,4.0,-25.649597883224487
ucb_b0,101.0,1.0,4.0,-0.07026343932375312
ucb_b0,102.0,1.0,4.0,-15.4036146402359
ucb_b0,103.0,1.0,4.0,-15.81881868839264
ucb_b0,104.0,1.0,4.0,-5.005575656890869
ucb_b0,105.0,1.0,4.0,-4.9086222648620605
ucb_b0,106.0,1.0,4.0,-20.779820442199707
ucb_b0,107.0,1.0,4.0,-10.217843532562256
ucb_b0,108.0,1.0,4.0,-7.928623704239726
ucb_b0,109.0,1.0,4.0,-28.256128787994385
ucb_b0,111.0,1.0,4.0,-27.187671661376953
ucb_b0,112.0,1.0,4.0,-4.974244117736816
ucb_b0,113.0,1.0,4.0,-38.34978246688843
ucb_b0,114.0,1.0,4.0,-9.21034049987793
ucb_b0,115.0,1.0,4.0,-26.939008712768555
ucb_b0,116.0,1.0,4.0,-0.07604527613148093
ucb_b0,117.0,1.0,4.0,-36.18946146965027
ucb_b0,118.0,1.0,4.0,-2.348390817642212
ucb_b0,119.0,1.0,4.0,-0.0010002159251598641
ucb_b0,120.0,1.0,4.0,-11.632447004318237
ucb_b0,121.0,1.0,4.0,-4.811712741851807
ucb_b0,122.0,1.0,4.0,-10.74920654296875
ucb_b0,123.0,1.0,4.0,-0.35780977830290794
ucb_b0,124.0,1.0,4.0,-2.8765681982040405
ucb_b0,125.0,1.0,4.0,-4.996118545532227
ucb_b0,126.0,1.0,4.0,-30.991289615631104
ucb_b0,128.0,1.0,4.0,-5.873040199279785
ucb_b0,130.0,1.0,4.0,-28.944196462631226
ucb_b0,131.0,1.0,4.0,-8.150312662124634
ucb_b0,132.0,1.0,4.0,-4.457489013671875
ucb_b0,133.0,1.0,4.0,-4.909868240356445
ucb_b0,134.0,1.0,4.0,-15.922245979309082
ucb_b0,135.0,1.0,4.0,-5.813590049743652
ucb_b0,136.0,1.0,4.0,-0.15768801141530275
ucb_b0,137.0,1.0,4.0,-9.399096727371216
ucb_b0,138.0,1.0,4.0,-36.00820255279541
ucb_b0,139.0,1.0,4.0,-13.963075019419193
ucb_b0,140.0,1.0,4.0,-25.192880392074585
ucb_b0,141.0,1.0,4.0,-0.0010002159251598641
ucb_b0,142.0,1.0,4.0,-17.91252887248993
ucb_b0,143.0,1.0,4.0,-13.490046262741089
ucb_b0,144.0,1.0,4.0,-8.173828601837158
ucb_b0,145.0,1.0,4.0,-20.8263680934906
ucb_b0,146.0,1.0,4.0,-23.056870460510254
ucb_b0,147.0,1.0,4.0,-2.9472765624523163
ucb_b0,148.0,1.0,4.0,-40.85487902536988
ucb_b0,149.0,1.0,4.0,-29.46946509182453
ucb_b0,150.0,1.0,4.0,-31.824973940849304
ucb_b0,151.0,1.0,4.0,-28.548539400100708
ucb_b0,152.0,1.0,4.0,-27.285674691200256
ucb_b0,153.0,1.0,4.0,-19.757099628448486
ucb_b0,154.0,1.0,4.0,-37.28845262527466
ucb_b0,155.0,1.0,4.0,-0.17868452332913876
ucb_b0,156.0,1.0,4.0,-4.8815016746521
ucb_b0,158.0,1.0,4.0,-3.4298214614391327
ucb_b0,159.0,1.0,4.0,-19.15950906276703
ucb_b0,160.0,1.0,4.0,-11.882529843598604
ucb_b0,161.0,1.0,4.0,-19.68217757344246
ucb_b0,162.0,1.0,4.0,-19.15848821401596
ucb_b0,163.0,1.0,4.0,-8.755720853805542
ucb_b0,165.0,1.0,4.0,-3.893259733915329
ucb_b0,166.0,1.0,4.0,-4.913510322570801
ucb_b0,167.0,1.0,4.0,-39.48161733150482
ucb_b0,168.0,1.0,4.0,-9.904194831848145
ucb_b0,169.0,1.0,4.0,-5.069527626037598
ucb_b0,170.0,1.0,4.0,-4.8262176513671875
ucb_b0,171.0,1.0,4.0,-12.95306783914566
ucb_b0,172.0,1.0,4.0,-14.394176721572876
ucb_b0,173.0,1.0,4.0,-33.86545538902283
ucb_b0,174.0,1.0,4.0,-15.083164870738983
ucb_b0,175.0,1.0,4.0,-21.518848419189453
ucb_b0,176.0,1.0,4.0,-16.335319995880127
ucb_b0,177.0,1.0,4.0,-30.11498713493347
ucb_b0,178.0,1.0,4.0,-25.194011211395264
ucb_b0,179.0,1.0,4.0,-4.302070617675781
ucb_b0,180.0,1.0,4.0,-16.97761082649231
ucb_b0,181.0,1.0,4.0,-14.278379321098328
ucb_b0,182.0,1.0,4.0,-9.89049768447876
ucb_b0,183.0,1.0,4.0,-11.694568634033203
ucb_b0,185.0,1.0,4.0,-4.8595452308654785
ucb_b0,186.0,1.0,4.0,-8.877739906311035
ucb_b0,187.0,1.0,4.0,-27.154301047325134
ucb_b0,188.0,1.0,4.0,-1.6131432354450226
ucb_b0,190.0,1.0,4.0,-22.096710592508316
ucb_b0,191.0,1.0,4.0,-9.018911838531494
ucb_b0,192.0,1.0,4.0,-5.440761580131948
ucb_b0,193.0,1.0,4.0,-28.839666187763214
ucb_b0,195.0,1.0,4.0,-29.649799346923828
ucb_b0,196.0,1.0,4.0,-37.813512444496155
ucb_b0,197.0,1.0,4.0,-5.0879316329956055
ucb_b0,198.0,1.0,4.0,-32.31244969367981
ucb_b0,199.0,1.0,4.0,-2.024808645248413
ucb_b0,200.0,1.0,4.0,-6.260011672973633
ucb_b0,201.0,1.0,4.0,-34.50382709503174
ucb_b0,202.0,1.0,4.0,-2.8053268790245056
ucb_b0,203.0,1.0,4.0,-5.825865745544434
ucb_b0,204.0,1.0,4.0,-14.124250769615173
ucb_b0,205.0,1.0,4.0,-4.351961016654968
ucb_b0,206.0,1.0,4.0,-5.286782741546631
ucb_b0,207.0,1.0,4.0,-4.837278842926025
ucb_b0,208.0,1.0,4.0,-7.948729753494263
ucb_b0,209.0,1.0,4.0,-17.999598026275635
ucb_b0,210.0,1.0,4.0,-0.09286519512534142
ucb_b0,211.0,1.0,4.0,-10.726094245910645
ucb_b0,212.0,1.0,4.0,-2.4364160299301147
ucb_b0,213.0,1.0,4.0,-39.95681703090668
ucb_b0,214.0,1.0,4.0,-34.57257151603699
ucb_b0,215.0,1.0,4.0,-28.65862339735031
ucb_b0,216.0,1.0,4.0,-23.001812398433685
ucb_b0,217.0,1.0,4.0,-6.376808553934097
ucb_b0,218.0,1.0,4.0,-4.864264011383057
ucb_b0,219.0,1.0,4.0,-6.358163356781006
ucb_b0,220.0,1.0,4.0,-3.169980823993683
ucb_b0,221.0,1.0,4.0,-4.278355598449707
ucb_b0,222.0,1.0,4.0,-24.189414739608765
ucb_b0,223.0,1.0,4.0,-6.257678508758545
ucb_b0,224.0,1.0,4.0,-10.97559940814972
ucb_b0,225.0,1.0,4.0,-30.42127275466919
ucb_b0,226.0,1.0,4.0,-2.3494057655334473
ucb_b0,227.0,1.0,4.0,-5.486453533172607
ucb_b0,228.0,1.0,4.0,-5.103546500205994
ucb_b0,229.0,1.0,4.0,-0.0010002159251598641
ucb_b0,230.0,1.0,4.0,-5.035264492034912
ucb_b0,231.0,1.0,4.0,-4.832822322845459
ucb_b0,232.0,1.0,4.0,-31.70927381515503
ucb_b0,233.0,1.0,4.0,-11.940738454461098
ucb_b0,234.0,1.0,4.0,-21.199761152267456
ucb_b0,236.0,1.0,4.0,-4.365575790405273
ucb_b0,237.0,1.0,4.0,-9.939980626106262
ucb_b0,239.0,1.0,4.0,-11.539739847183228
ucb_b0,240.0,1.0,4.0,-30.86839509010315
ucb_b0,241.0,1.0,4.0,-30.834359645843506
ucb_b0,242.0,1.0,4.0,-25.53241664171219
ucb_b0,243.0,1.0,4.0,-10.11001968383789
ucb_b0,244.0,1.0,4.0,-19.590856909751892
ucb_b0,245.0,1.0,4.0,-0.2901724837720394
ucb_b0,246.0,1.0,4.0,-4.543768405914307
ucb_b0,247.0,1.0,4.0,-4.651592254638672
ucb_b0,248.0,1.0,4.0,-32.890377163887024
ucb_b0,249.0,1.0,4.0,-3.815350294113159
ucb_b0,250.0,1.0,4.0,-36.24052858352661
ucb_b0,252.0,1.0,4.0,-30.801936864852905
ucb_b0,253.0,1.0,4.0,-9.939922779798508
ucb_b0,254.0,1.0,4.0,-5.9792375564575195
ucb_b0,255.0,1.0,4.0,-17.004387617111206
ucb_b0,257.0,1.0,4.0,-15.57503056526184
ucb_b0,258.0,1.0,4.0,-10.920682609081268
ucb_b0,259.0,1.0,4.0,-22.22128802537918
ucb_b0,260.0,1.0,4.0,-39.76833629608154
ucb_b0,261.0,1.0,4.0,-12.231786012649536
ucb_b0,262.0,1.0,4.0,-0.38512949272990227
ucb_b0,263.0,1.0,4.0,-4.860064506530762
ucb_b0,264.0,1.0,4.0,-4.518672943115234
ucb_b0,266.0,1.0,4.0,-27.02996516227722
ucb_b0,267.0,1.0,4.0,-32.29823291301727
ucb_b0,268.0,1.0,4.0,-4.123661756515503
ucb_b0,269.0,1.0,4.0,-29.943477869033813
ucb_b0,270.0,1.0,4.0,-21.635834515094757
ucb_b0,271.0,1.0,4.0,-27.75159239768982
ucb_b0,272.0,1.0,4.0,-21.633277416229248
ucb_b0,273.0,1.0,4.0,-25.658088207244873
ucb_b0,274.0,1.0,4.0,-13.379285663366318
ucb_b0,275.0,1.0,4.0,-0.9068687185645103
ucb_b0,276.0,1.0,4.0,-0.0010002159251598641
ucb_b0,277.0,1.0,4.0,-0.7270981445908546
ucb_b0,278.0,1.0,4.0,-5.096706867218018
ucb_b0,279.0,1.0,4.0,-0.18083863146603107
ucb_b0,280.0,1.0,4.0,-26.059188842773438
ucb_b0,282.0,1.0,4.0,-28.04364514350891
ucb_b0,283.0,1.0,4.0,-9.410264730453491
ucb_b0,284.0,1.0,4.0,-18.83063006401062
ucb_b0,285.0,1.0,4.0,-21.94176334142685
ucb_b0,286.0,1.0,4.0,-26.996917963027954
ucb_b0,287.0,1.0,4.0,-34.51011073589325
ucb_b0,288.0,1.0,4.0,-4.820311069488525
ucb_b0,289.0,1.0,4.0,-48.04751634597778
ucb_b0,290.0,1.0,4.0,-4.066693305969238
ucb_b0,291.0,1.0,4.0,-5.462065696716309
ucb_b0,292.0,1.0,4.0,-3.4044129848480225
ucb_b0,293.0,1.0,4.0,-13.292749982327223
ucb_b0,294.0,1.0,4.0,-17.15582460537553
ucb_b0,295.0,1.0,4.0,-0.5317517630755901
ucb_b0,296.0,1.0,4.0,-23.99821102619171
ucb_b0,297.0,1.0,4.0,-42.146769523620605
ucb_b0,298.0,1.0,4.0,-7.6484973430633545
ucb_b0,299.0,1.0,4.0,-5.011046886444092
ucb_b0,300.0,1.0,4.0,-16.438413351774216
ucb_b0,301.0,1.0,4.0,-0.5093429535627365
ucb_b0,302.0,1.0,4.0,-9.21034049987793
ucb_b0,303.0,1.0,4.0,-4.823374271392822
ucb_b0,304.0,1.0,4.0,-34.93222403526306
ucb_b0,305.0,1.0,4.0,-31.077237486839294
ucb_b0,306.0,1.0,4.0,-3.23075532913208
ucb_b0,307.0,1.0,4.0,-29.363413214683533
ucb_b0,308.0,1.0,4.0,-4.954201698303223
ucb_b0,309.0,1.0,4.0,-31.17329704761505
ucb_b0,310.0,1.0,4.0,-4.530460834503174
ucb_b0,311.0,1.0,4.0,-7.601881742477417
ucb_b0,312.0,1.0,4.0,-8.455202579498291
ucb_b0,313.0,1.0,4.0,-8.234491348266602
ucb_b0,314.0,1.0,4.0,-26.921512603759766
ucb_b0,315.0,1.0,4.0,-6.232172966003418
ucb_b0,316.0,1.0,4.0,-14.145454406738281
ucb_b0,317.0,1.0,4.0,-17.37554407119751
ucb_b0,318.0,1.0,4.0,-26.17675268650055
ucb_b0,319.0,1.0,4.0,-4.678894996643066
ucb_b0,320.0,1.0,4.0,-4.9989399909973145
ucb_b0,321.0,1.0,4.0,-39.22241258621216
ucb_b0,322.0,1.0,4.0,-5.230315685272217
ucb_b0,323.0,1.0,4.0,-1.7033573985099792
ucb_b0,324.0,1.0,4.0,-24.185713171958923
ucb_b0,325.0,1.0,4.0,-9.211240694210574
ucb_b0,326.0,1.0,4.0,-0.0010002159251598641
ucb_b0,327.0,1.0,4.0,-15.682331468909979
ucb_b0,328.0,1.0,4.0,-35.64502263069153
ucb_b0,329.0,1.0,4.0,-19.476170301437378
ucb_b0,330.0,1.0,4.0,-0.0010002159251598641
ucb_b0,331.0,1.0,4.0,-4.211767673492432
ucb_b0,332.0,1.0,4.0,-4.212701320648193
ucb_b0,333.0,1.0,4.0,-3.5081729888916016
ucb_b0,334.0,1.0,4.0,-38.064167976379395
ucb_b0,336.0,1.0,4.0,-0.05320093268528581
ucb_b0,337.0,1.0,4.0,-7.812230110168457
ucb_b0,338.0,1.0,4.0,-42.58062505722046
ucb_b0,340.0,1.0,4.0,-5.681575298309326
ucb_b0,341.0,1.0,4.0,-13.233258485794067
ucb_b0,342.0,1.0,4.0,-5.10440731048584
ucb_b0,343.0,1.0,4.0,-40.89289379119873
ucb_b0,344.0,1.0,4.0,-37.38200497627258
ucb_b0,346.0,1.0,4.0,-11.819915056228638
ucb_b0,347.0,1.0,4.0,-28.28132152557373
ucb_b0,348.0,1.0,4.0,-13.513433814048767
ucb_b0,350.0,1.0,4.0,-0.0010002159251598641
ucb_b0,351.0,1.0,4.0,-26.758739113807678
ucb_b0,352.0,1.0,4.0,-27.740188002586365
ucb_b0,353.0,1.0,4.0,-30.449195504188538
ucb_b0,354.0,1.0,4.0,-21.293827295303345
ucb_b0,355.0,1.0,4.0,-0.0679531916975975
ucb_b0,356.0,1.0,4.0,-5.152490649372339
ucb_b0,357.0,1.0,4.0,-33.39395719766617
ucb_b0,358.0,1.0,4.0,-40.27734351158142
ucb_b0,359.0,1.0,4.0,-20.050389766693115
ucb_b0,361.0,1.0,4.0,-3.441584348678589
ucb_b0,362.0,1.0,4.0,-29.59513795375824
ucb_b0,363.0,1.0,4.0,-26.756813287734985
ucb_b0,364.0,1.0,4.0,-4.867629528045654
ucb_b0,365.0,1.0,4.0,-22.094501733779907
ucb_b0,367.0,1.0,4.0,-35.33575427532196
ucb_b0,368.0,1.0,4.0,-28.224737882614136
ucb_b0,369.0,1.0,4.0,-36.600425720214844
ucb_b0,371.0,1.0,4.0,-7.8374669551849365
ucb_b0,372.0,1.0,4.0,-22.034324645996094
ucb_b0,373.0,1.0,4.0,-4.634816646575928
ucb_b0,374.0,1.0,4.0,-3.5363757610321045
ucb_b0,375.0,1.0,4.0,-13.684265732765198
ucb_b0,376.0,1.0,4.0,-3.563631534576416
ucb_b0,377.0,1.0,4.0,-5.9280266761779785
ucb_b0,378.0,1.0,4.0,-8.06563925743103
ucb_b0,379.0,1.0,4.0,-31.561991453170776
ucb_b0,380.0,1.0,4.0,-18.514188051223755
ucb_b0,381.0,1.0,4.0,-6.831307888031006
ucb_b0,382.0,1.0,4.0,-2.6984848976135254
ucb_b0,383.0,1.0,4.0,-29.85047042230144
ucb_b0,384.0,1.0,4.0,-19.83486318588257
ucb_b0,385.0,1.0,4.0,-13.309552192687988
ucb_b0,386.0,1.0,4.0,-15.339178562164307
ucb_b0,387.0,1.0,4.0,-4.91020393371582
ucb_b0,388.0,1.0,4.0,-15.304462194442749
ucb_b0,389.0,1.0,4.0,-8.054812669754028
ucb_b0,390.0,1.0,4.0,-9.01825475692749
ucb_b0,391.0,1.0,4.0,-0.3597339317202568
ucb_b0,392.0,1.0,4.0,-7.610190212726593
ucb_b0,393.0,1.0,4.0,-5.059868812561035
ucb_b0,394.0,1.0,4.0,-10.254522204399109
ucb_b0,395.0,1.0,4.0,-4.935491561889648
ucb_b0,396.0,1.0,4.0,-5.548065662384033
ucb_b0,397.0,1.0,4.0,-21.150279998779297
ucb_b0,398.0,1.0,4.0,-1.9124257564544678
ucb_b0,399.0,1.0,4.0,-34.27405595779419
ucb_b0,400.0,1.0,4.0,-3.966351270675659
ucb_b0,401.0,1.0,4.0,-5.800332546234131
ucb_b0,402.0,1.0,4.0,-6.868501663208008
ucb_b0,403.0,1.0,4.0,-18.73079538345337
ucb_b0,404.0,1.0,4.0,-27.47170329093933
ucb_b0,405.0,1.0,4.0,-32.79576516151428
ucb_b0,407.0,1.0,4.0,-9.879064559936523
ucb_b0,408.0,1.0,4.0,-5.485936641693115
ucb_b0,409.0,1.0,4.0,-0.0010002159251598641
ucb_b0,410.0,1.0,4.0,-5.458627700805664
ucb_b0,412.0,1.0,4.0,-4.613369941711426
ucb_b0,413.0,1.0,4.0,-28.604898691177368
ucb_b0,414.0,1.0,4.0,-5.003345012664795
ucb_b0,415.0,1.0,4.0,-30.234755516052246
ucb_b0,416.0,1.0,4.0,-5.082256317138672
ucb_b0,417.0,1.0,4.0,-42.377164125442505
ucb_b0,418.0,1.0,4.0,-6.234108626842499
ucb_b0,419.0,1.0,4.0,-11.389066994190216
ucb_b0,420.0,1.0,4.0,-17.76959127187729
ucb_b0,421.0,1.0,4.0,-6.9673652946949005
ucb_b0,422.0,1.0,4.0,-0.004079167381860316
ucb_b0,424.0,1.0,4.0,-6.10572612285614
ucb_b0,425.0,1.0,4.0,-23.3918776512146
ucb_b0,426.0,1.0,4.0,-4.925749778747559
ucb_b0,428.0,1.0,4.0,-25.09126389026642
ucb_b0,429.0,1.0,4.0,-11.40586569160223
ucb_b0,430.0,1.0,4.0,-8.252145051956177
ucb_b0,431.0,1.0,4.0,-39.19370746612549
ucb_b0,432.0,1.0,4.0,-20.078065633773804
ucb_b0,433.0,1.0,4.0,-0.0010002159251598641
ucb_b0,434.0,1.0,4.0,-25.03647804260254
ucb_b0,435.0,1.0,4.0,-4.8705339431762695
ucb_b0,436.0,1.0,4.0,-24.906405687332153
ucb_b0,437.0,1.0,4.0,-5.143061637878418
ucb_b0,438.0,1.0,4.0,-2.2915031909942627
ucb_b0,439.0,1.0,4.0,-3.7996606826782227
ucb_b0,440.0,1.0,4.0,-11.776108384132385
ucb_b0,441.0,1.0,4.0,-18.525105714797974
ucb_b0,442.0,1.0,4.0,-0.0010002159251598641
ucb_b0,443.0,1.0,4.0,-6.36743688583374
ucb_b0,444.0,1.0,4.0,-16.146251440048218
ucb_b0,445.0,1.0,4.0,-4.8047380447387695
ucb_b0,446.0,1.0,4.0,-5.443013429641724
ucb_b0,447.0,1.0,4.0,-9.607726573944092
ucb_b0,448.0,1.0,4.0,-5.176641464233398
ucb_b0,449.0,1.0,4.0,-5.297577857971191
ucb_b0,450.0,1.0,4.0,-39.194549322128296
ucb_b0,451.0,1.0,4.0,-10.223389387130737
ucb_b0,452.0,1.0,4.0,-4.840771675109863
ucb_b0,453.0,1.0,4.0,-9.889331340789795
ucb_b0,454.0,1.0,4.0,-5.912774562835693
ucb_b0,455.0,1.0,4.0,-19.1084161400795
ucb_b0,456.0,1.0,4.0,-4.81931734085083
ucb_b0,457.0,1.0,4.0,-35.99242687225342
ucb_b0,458.0,1.0,4.0,-46.54044312238693
ucb_b0,459.0,1.0,4.0,-8.0280020236969
ucb_b0,460.0,1.0,4.0,-23.943818271160126
ucb_b0,461.0,1.0,4.0,-5.200418412685394
ucb_b0,462.0,1.0,4.0,-22.428305506706238
ucb_b0,463.0,1.0,4.0,-12.341076582670212
ucb_b0,464.0,1.0,4.0,-36.734981298446655
ucb_b0,465.0,1.0,4.0,-0.9945996031165123
ucb_b0,466.0,1.0,4.0,-27.526180386543274
ucb_b0,467.0,1.0,4.0,-8.404449105262756
ucb_b0,468.0,1.0,4.0,-19.22496259212494
ucb_b0,469.0,1.0,4.0,-27.964550614356995
ucb_b0,470.0,1.0,4.0,-4.793134689331055
ucb_b0,471.0,1.0,4.0,-29.914979219436646
ucb_b0,472.0,1.0,4.0,-31.718445777893066
ucb_b0,473.0,1.0,4.0,-10.336475849151611
ucb_b0,474.0,1.0,4.0,-13.485233068466187
ucb_b0,475.0,1.0,4.0,-9.942461013793945
ucb_b0,476.0,1.0,4.0,-0.4715813100337982
ucb_b0,477.0,1.0,4.0,-4.491942405700684
ucb_b0,478.0,1.0,4.0,-42.89937448501587
ucb_b0,479.0,1.0,4.0,-8.483391523361206
ucb_b0,480.0,1.0,4.0,-29.50045680999756
ucb_b0,481.0,1.0,4.0,-4.939432621002197
ucb_b0,482.0,1.0,4.0,-1.3927090764045715
ucb_b0,483.0,1.0,4.0,-4.058281898498535
ucb_b0,484.0,1.0,4.0,-18.0160551071167
ucb_b0,485.0,1.0,4.0,-19.57819700241089
ucb_b0,486.0,1.0,4.0,-22.647998571395874
ucb_b0,487.0,1.0,4.0,-5.005045413970947
ucb_b0,488.0,1.0,4.0,-5.676607131958008
ucb_b0,490.0,1.0,4.0,-8.257844924926758
ucb_b0,491.0,1.0,4.0,-0.016318814014084637
ucb_b0,492.0,1.0,4.0,-34.14107048511505
ucb_b0,493.0,1.0,4.0,-6.680737608810887
ucb_b0,494.0,1.0,4.0,-35.54658508300781
ucb_b0,495.0,1.0,4.0,-12.695206955075264
ucb_b0,496.0,1.0,4.0,-8.116766929626465
random,1.0,1.0,4.0,-4.795790672302246
random,2.0,1.0,4.0,-4.795790672302246
random,3.0,1.0,4.0,-4.795790672302246
random,4.0,1.0,4.0,-4.795790672302246
random,5.0,1.0,4.0,-4.795790672302246
random,6.0,1.0,4.0,-4.795790672302246
random,7.0,1.0,4.0,-47.95790672302246
random,8.0,1.0,4.0,-47.95790672302246
random,9.0,1.0,4.0,-47.95790672302246
random,10.0,1.0,4.0,-4.795790672302246
random,11.0,1.0,4.0,-14.387372016906738
random,12.0,1.0,4.0,-9.591581344604492
random,13.0,1.0,4.0,-47.95790672302246
random,14.0,1.0,4.0,-47.95790672302246
random,15.0,1.0,4.0,-47.95790672302246
random,16.0,1.0,4.0,-47.95790672302246
random,17.0,1.0,4.0,-47.95790672302246
random,18.0,1.0,4.0,-9.591581344604492
random,19.0,1.0,4.0,-47.95790672302246
random,20.0,1.0,4.0,-47.95790672302246
random,21.0,1.0,4.0,-47.95790672302246
random,22.0,1.0,4.0,-47.95790672302246
random,23.0,1.0,4.0,-4.795790672302246
random,24.0,1.0,4.0,-47.95790672302246
random,25.0,1.0,4.0,-47.95790672302246
random,26.0,1.0,4.0,-47.95790672302246
random,27.0,1.0,4.0,-9.591581344604492
random,28.0,1.0,4.0,-47.95790672302246
random,29.0,1.0,4.0,-47.95790672302246
random,30.0,1.0,4.0,-9.591581344604492
random,32.0,1.0,4.0,-47.95790672302246
random,33.0,1.0,4.0,-47.95790672302246
random,34.0,1.0,4.0,-47.95790672302246
random,35.0,1.0,4.0,-47.95790672302246
random,36.0,1.0,4.0,-47.95790672302246
random,37.0,1.0,4.0,-47.95790672302246
random,38.0,1.0,4.0,-9.591581344604492
random,39.0,1.0,4.0,-4.795790672302246
random,40.0,1.0,4.0,-4.795790672302246
random,41.0,1.0,4.0,-47.95790672302246
random,42.0,1.0,4.0,-47.95790672302246
random,43.0,1.0,4.0,-47.95790672302246
random,45.0,1.0,4.0,-47.95790672302246
random,46.0,1.0,4.0,-47.95790672302246
random,47.0,1.0,4.0,-9.591581344604492
random,48.0,1.0,4.0,-47.95790672302246
random,49.0,1.0,4.0,-47.95790672302246
random,50.0,1.0,4.0,-47.95790672302246
random,51.0,1.0,4.0,-4.795790672302246
random,52.0,1.0,4.0,-47.95790672302246
random,53.0,1.0,4.0,-47.95790672302246
random,54.0,1.0,4.0,-47.95790672302246
random,55.0,1.0,4.0,-4.795790672302246
random,56.0,1.0,4.0,-47.95790672302246
random,58.0,1.0,4.0,-47.95790672302246
random,59.0,1.0,4.0,-14.387372016906738
random,60.0,1.0,4.0,-47.95790672302246
random,61.0,1.0,4.0,-9.591581344604492
random,64.0,1.0,4.0,-4.795790672302246
random,65.0,1.0,4.0,-47.95790672302246
random,66.0,1.0,4.0,-47.95790672302246
random,67.0,1.0,4.0,-47.95790672302246
random,68.0,1.0,4.0,-47.95790672302246
random,69.0,1.0,4.0,-4.795790672302246
random,70.0,1.0,4.0,-9.591581344604492
random,71.0,1.0,4.0,-4.795790672302246
random,72.0,1.0,4.0,-9.591581344604492
random,73.0,1.0,4.0,-47.95790672302246
random,74.0,1.0,4.0,-4.795790672302246
random,75.0,1.0,4.0,-23.97895336151123
random,76.0,1.0,4.0,-47.95790672302246
random,77.0,1.0,4.0,-4.795790672302246
random,78.0,1.0,4.0,-47.95790672302246
random,79.0,1.0,4.0,-47.95790672302246
random,80.0,1.0,4.0,-4.795790672302246
random,81.0,1.0,4.0,-38.36632537841797
random,82.0,1.0,4.0,-4.795790672302246
random,83.0,1.0,4.0,0.0
random,84.0,1.0,4.0,-47.95790672302246
random,85.0,1.0,4.0,-47.95790672302246
random,87.0,1.0,4.0,-4.795790672302246
random,88.0,1.0,4.0,-9.591581344604492
random,89.0,1.0,4.0,-47.95790672302246
random,90.0,1.0,4.0,-9.591581344604492
random,91.0,1.0,4.0,-14.387372016906738
random,92.0,1.0,4.0,-14.387372016906738
random,93.0,1.0,4.0,-47.95790672302246
random,94.0,1.0,4.0,-47.95790672302246
random,95.0,1.0,4.0,-47.95790672302246
random,96.0,1.0,4.0,-9.591581344604492
random,98.0,1.0,4.0,-47.95790672302246
random,99.0,1.0,4.0,-47.95790672302246
random,101.0,1.0,4.0,-47.95790672302246
random,102.0,1.0,4.0,-47.95790672302246
random,103.0,1.0,4.0,-47.95790672302246
random,104.0,1.0,4.0,-4.795790672302246
random,105.0,1.0,4.0,-4.795790672302246
random,106.0,1.0,4.0,-47.95790672302246
random,107.0,1.0,4.0,-9.591581344604492
random,108.0,1.0,4.0,-47.95790672302246
random,109.0,1.0,4.0,-47.95790672302246
random,111.0,1.0,4.0,-23.97895336151123
random,112.0,1.0,4.0,-4.795790672302246
random,113.0,1.0,4.0,-47.95790672302246
random,114.0,1.0,4.0,-4.795790672302246
random,115.0,1.0,4.0,-47.95790672302246
random,116.0,1.0,4.0,-47.95790672302246
random,117.0,1.0,4.0,-47.95790672302246
random,118.0,1.0,4.0,-4.795790672302246
random,119.0,1.0,4.0,-47.95790672302246
random,120.0,1.0,4.0,-14.387372016906738
random,121.0,1.0,4.0,-4.795790672302246
random,122.0,1.0,4.0,-14.387372016906738
random,123.0,1.0,4.0,-47.95790672302246
random,124.0,1.0,4.0,-47.95790672302246
random,125.0,1.0,4.0,-4.795790672302246
random,126.0,1.0,4.0,-47.95790672302246
random,128.0,1.0,4.0,-4.795790672302246
random,130.0,1.0,4.0,-47.95790672302246
random,131.0,1.0,4.0,-47.95790672302246
random,132.0,1.0,4.0,-4.795790672302246
random,133.0,1.0,4.0,-4.795790672302246
random,134.0,1.0,4.0,-47.95790672302246
random,135.0,1.0,4.0,-4.795790672302246
random,136.0,1.0,4.0,-47.95790672302246
random,137.0,1.0,4.0,-47.95790672302246
random,138.0,1.0,4.0,-47.95790672302246
random,139.0,1.0,4.0,-47.95790672302246
random,140.0,1.0,4.0,-47.95790672302246
random,141.0,1.0,4.0,-47.95790672302246
random,142.0,1.0,4.0,-47.95790672302246
random,143.0,1.0,4.0,-47.95790672302246
random,144.0,1.0,4.0,-9.591581344604492
random,145.0,1.0,4.0,-28.774744033813477
random,146.0,1.0,4.0,-23.97895336151123
random,147.0,1.0,4.0,-47.95790672302246
random,148.0,1.0,4.0,-47.95790672302246
random,149.0,1.0,4.0,-47.95790672302246
random,150.0,1.0,4.0,-47.95790672302246
random,151.0,1.0,4.0,-47.95790672302246
random,152.0,1.0,4.0,-47.95790672302246
random,153.0,1.0,4.0,-47.95790672302246
random,154.0,1.0,4.0,-47.95790672302246
random,155.0,1.0,4.0,-47.95790672302246
random,156.0,1.0,4.0,-4.795790672302246
random,158.0,1.0,4.0,-47.95790672302246
random,159.0,1.0,4.0,-47.95790672302246
random,160.0,1.0,4.0,-47.95790672302246
random,161.0,1.0,4.0,-47.95790672302246
random,162.0,1.0,4.0,-47.95790672302246
random,163.0,1.0,4.0,-9.591581344604492
random,165.0,1.0,4.0,-47.95790672302246
random,166.0,1.0,4.0,-4.795790672302246
random,167.0,1.0,4.0,-47.95790672302246
random,168.0,1.0,4.0,-9.591581344604492
random,169.0,1.0,4.0,-4.795790672302246
random,170.0,1.0,4.0,-4.795790672302246
random,171.0,1.0,4.0,-47.95790672302246
random,172.0,1.0,4.0,-14.387372016906738
random,173.0,1.0,4.0,-47.95790672302246
random,174.0,1.0,4.0,-47.95790672302246
random,175.0,1.0,4.0,-23.97895336151123
random,176.0,1.0,4.0,-14.387372016906738
random,177.0,1.0,4.0,-38.36632537841797
random,178.0,1.0,4.0,-23.97895336151123
random,179.0,1.0,4.0,-4.795790672302246
random,180.0,1.0,4.0,-19.183162689208984
random,181.0,1.0,4.0,-47.95790672302246
random,182.0,1.0,4.0,-9.591581344604492
random,183.0,1.0,4.0,-9.591581344604492
random,185.0,1.0,4.0,-4.795790672302246
random,186.0,1.0,4.0,-9.591581344604492
random,187.0,1.0,4.0,-38.36632537841797
random,188.0,1.0,4.0,-47.95790672302246
random,190.0,1.0,4.0,-47.95790672302246
random,191.0,1.0,4.0,-14.387372016906738
random,192.0,1.0,4.0,-47.95790672302246
random,193.0,1.0,4.0,-47.95790672302246
random,195.0,1.0,4.0,-47.95790672302246
random,196.0,1.0,4.0,-47.95790672302246
random,197.0,1.0,4.0,-4.795790672302246
random,198.0,1.0,4.0,-47.95790672302246
random,199.0,1.0,4.0,-4.795790672302246
random,200.0,1.0,4.0,-4.795790672302246
random,201.0,1.0,4.0,-47.95790672302246
random,202.0,1.0,4.0,-9.591581344604492
random,203.0,1.0,4.0,-4.795790672302246
random,204.0,1.0,4.0,-47.95790672302246
random,205.0,1.0,4.0,-47.95790672302246
random,206.0,1.0,4.0,-4.795790672302246
random,207.0,1.0,4.0,-4.795790672302246
random,208.0,1.0,4.0,-9.591581344604492
random,209.0,1.0,4.0,-14.387372016906738
random,210.0,1.0,4.0,-47.95790672302246
random,211.0,1.0,4.0,-9.591581344604492
random,212.0,1.0,4.0,-47.95790672302246
random,213.0,1.0,4.0,-28.774744033813477
random,214.0,1.0,4.0,-47.95790672302246
random,215.0,1.0,4.0,-47.95790672302246
random,216.0,1.0,4.0,-47.95790672302246
random,217.0,1.0,4.0,-47.95790672302246
random,218.0,1.0,4.0,-4.795790672302246
random,219.0,1.0,4.0,-4.795790672302246
random,220.0,1.0,4.0,-47.95790672302246
random,221.0,1.0,4.0,-4.795790672302246
random,222.0,1.0,4.0,-47.95790672302246
random,223.0,1.0,4.0,-14.387372016906738
random,224.0,1.0,4.0,-47.95790672302246
random,225.0,1.0,4.0,-38.36632537841797
random,226.0,1.0,4.0,-4.795790672302246
random,227.0,1.0,4.0,-9.591581344604492
random,228.0,1.0,4.0,-47.95790672302246
random,229.0,1.0,4.0,-47.95790672302246
random,230.0,1.0,4.0,-4.795790672302246
random,231.0,1.0,4.0,-4.795790672302246
random,232.0,1.0,4.0,-47.95790672302246
random,233.0,1.0,4.0,-47.95790672302246
random,234.0,1.0,4.0,-23.97895336151123
random,236.0,1.0,4.0,-4.795790672302246
random,237.0,1.0,4.0,-47.95790672302246
random,239.0,1.0,4.0,-14.387372016906738
random,240.0,1.0,4.0,-47.95790672302246
random,241.0,1.0,4.0,-47.95790672302246
random,242.0,1.0,4.0,-47.95790672302246
random,243.0,1.0,4.0,-9.591581344604492
random,244.0,1.0,4.0,-47.95790672302246
random,245.0,1.0,4.0,-47.95790672302246
random,246.0,1.0,4.0,-4.795790672302246
random,247.0,1.0,4.0,-4.795790672302246
random,248.0,1.0,4.0,-47.95790672302246
random,249.0,1.0,4.0,-4.795790672302246
random,250.0,1.0,4.0,-47.95790672302246
random,252.0,1.0,4.0,-47.95790672302246
random,253.0,1.0,4.0,-47.95790672302246
random,254.0,1.0,4.0,-4.795790672302246
random,255.0,1.0,4.0,-47.95790672302246
random,257.0,1.0,4.0,-14.387372016906738
random,258.0,1.0,4.0,-47.95790672302246
random,259.0,1.0,4.0,-47.95790672302246
random,260.0,1.0,4.0,-47.95790672302246
random,261.0,1.0,4.0,-47.95790672302246
random,262.0,1.0,4.0,-47.95790672302246
random,263.0,1.0,4.0,-4.795790672302246
random,264.0,1.0,4.0,-4.795790672302246
random,266.0,1.0,4.0,-47.95790672302246
random,267.0,1.0,4.0,-47.95790672302246
random,268.0,1.0,4.0,-47.95790672302246
random,269.0,1.0,4.0,-47.95790672302246
random,270.0,1.0,4.0,-47.95790672302246
random,271.0,1.0,4.0,-47.95790672302246
random,272.0,1.0,4.0,-47.95790672302246
random,273.0,1.0,4.0,-28.774744033813477
random,274.0,1.0,4.0,-47.95790672302246
random,275.0,1.0,4.0,-47.95790672302246
random,276.0,1.0,4.0,-47.95790672302246
random,277.0,1.0,4.0,-47.95790672302246
random,278.0,1.0,4.0,-4.795790672302246
random,279.0,1.0,4.0,-47.95790672302246
random,280.0,1.0,4.0,-47.95790672302246
random,282.0,1.0,4.0,-47.95790672302246
random,283.0,1.0,4.0,-47.95790672302246
random,284.0,1.0,4.0,-23.97895336151123
random,285.0,1.0,4.0,-47.95790672302246
random,286.0,1.0,4.0,-47.95790672302246
random,287.0,1.0,4.0,-47.95790672302246
random,288.0,1.0,4.0,-4.795790672302246
random,289.0,1.0,4.0,-47.95790672302246
random,290.0,1.0,4.0,-4.795790672302246
random,291.0,1.0,4.0,-4.795790672302246
random,292.0,1.0,4.0,-4.795790672302246
random,293.0,1.0,4.0,-47.95790672302246
random,294.0,1.0,4.0,-47.95790672302246
random,295.0,1.0,4.0,-47.95790672302246
random,296.0,1.0,4.0,-47.95790672302246
random,297.0,1.0,4.0,-43.162116050720215
random,298.0,1.0,4.0,-9.591581344604492
random,299.0,1.0,4.0,-4.795790672302246
random,300.0,1.0,4.0,-47.95790672302246
random,301.0,1.0,4.0,-47.95790672302246
random,302.0,1.0,4.0,-4.795790672302246
random,303.0,1.0,4.0,-4.795790672302246
random,304.0,1.0,4.0,-47.95790672302246
random,305.0,1.0,4.0,-47.95790672302246
random,306.0,1.0,4.0,-4.795790672302246
random,307.0,1.0,4.0,-38.36632537841797
random,308.0,1.0,4.0,-4.795790672302246
random,309.0,1.0,4.0,-47.95790672302246
random,310.0,1.0,4.0,-4.795790672302246
random,311.0,1.0,4.0,-9.591581344604492
random,312.0,1.0,4.0,-9.591581344604492
random,313.0,1.0,4.0,-9.591581344604492
random,314.0,1.0,4.0,-33.57053470611572
random,315.0,1.0,4.0,-4.795790672302246
random,316.0,1.0,4.0,-47.95790672302246
random,317.0,1.0,4.0,-14.387372016906738
random,318.0,1.0,4.0,-47.95790672302246
random,319.0,1.0,4.0,-4.795790672302246
random,320.0,1.0,4.0,-4.795790672302246
random,321.0,1.0,4.0,-47.95790672302246
random,322.0,1.0,4.0,-4.795790672302246
random,323.0,1.0,4.0,-47.95790672302246
random,324.0,1.0,4.0,-23.97895336151123
random,325.0,1.0,4.0,-47.95790672302246
random,326.0,1.0,4.0,-47.95790672302246
random,327.0,1.0,4.0,-47.95790672302246
random,328.0,1.0,4.0,-47.95790672302246
random,329.0,1.0,4.0,-33.57053470611572
random,330.0,1.0,4.0,-47.95790672302246
random,331.0,1.0,4.0,-4.795790672302246
random,332.0,1.0,4.0,-4.795790672302246
random,333.0,1.0,4.0,-4.795790672302246
random,334.0,1.0,4.0,-47.95790672302246
random,336.0,1.0,4.0,-47.95790672302246
random,337.0,1.0,4.0,-47.95790672302246
random,338.0,1.0,4.0,-47.95790672302246
random,340.0,1.0,4.0,-4.795790672302246
random,341.0,1.0,4.0,-47.95790672302246
random,342.0,1.0,4.0,-4.795790672302246
random,343.0,1.0,4.0,-47.95790672302246
random,344.0,1.0,4.0,-47.95790672302246
random,346.0,1.0,4.0,-9.591581344604492
random,347.0,1.0,4.0,-47.95790672302246
random,348.0,1.0,4.0,-47.95790672302246
random,350.0,1.0,4.0,-47.95790672302246
random,351.0,1.0,4.0,-47.95790672302246
random,352.0,1.0,4.0,-38.36632537841797
random,353.0,1.0,4.0,-38.36632537841797
random,354.0,1.0,4.0,-47.95790672302246
random,355.0,1.0,4.0,-47.95790672302246
random,356.0,1.0,4.0,-47.95790672302246
random,357.0,1.0,4.0,-47.95790672302246
random,358.0,1.0,4.0,-47.95790672302246
random,359.0,1.0,4.0,-19.183162689208984
random,361.0,1.0,4.0,-4.795790672302246
random,362.0,1.0,4.0,-47.95790672302246
random,363.0,1.0,4.0,-28.774744033813477
random,364.0,1.0,4.0,-4.795790672302246
random,365.0,1.0,4.0,-47.95790672302246
random,367.0,1.0,4.0,-47.95790672302246
random,368.0,1.0,4.0,-47.95790672302246
random,369.0,1.0,4.0,-47.95790672302246
random,371.0,1.0,4.0,-9.591581344604492
random,372.0,1.0,4.0,-28.774744033813477
random,373.0,1.0,4.0,-4.795790672302246
random,374.0,1.0,4.0,-4.795790672302246
random,375.0,1.0,4.0,-47.95790672302246
random,376.0,1.0,4.0,-4.795790672302246
random,377.0,1.0,4.0,-4.795790672302246
random,378.0,1.0,4.0,-9.591581344604492
random,379.0,1.0,4.0,-47.95790672302246
random,380.0,1.0,4.0,-19.183162689208984
random,381.0,1.0,4.0,-4.795790672302246
random,382.0,1.0,4.0,-4.795790672302246
random,383.0,1.0,4.0,-47.95790672302246
random,384.0,1.0,4.0,-47.95790672302246
random,385.0,1.0,4.0,-47.95790672302246
random,386.0,1.0,4.0,-14.387372016906738
random,387.0,1.0,4.0,-4.795790672302246
random,388.0,1.0,4.0,-19.183162689208984
random,389.0,1.0,4.0,-9.591581344604492
random,390.0,1.0,4.0,-9.591581344604492
random,391.0,1.0,4.0,-47.95790672302246
random,392.0,1.0,4.0,-47.95790672302246
random,393.0,1.0,4.0,-4.795790672302246
random,394.0,1.0,4.0,-47.95790672302246
random,395.0,1.0,4.0,-4.795790672302246
random,396.0,1.0,4.0,-4.795790672302246
random,397.0,1.0,4.0,-47.95790672302246
random,398.0,1.0,4.0,-4.795790672302246
random,399.0,1.0,4.0,-43.162116050720215
random,400.0,1.0,4.0,-4.795790672302246
random,401.0,1.0,4.0,-9.591581344604492
random,402.0,1.0,4.0,-4.795790672302246
random,403.0,1.0,4.0,-19.183162689208984
random,404.0,1.0,4.0,-47.95790672302246
random,405.0,1.0,4.0,-38.36632537841797
random,407.0,1.0,4.0,-9.591581344604492
random,408.0,1.0,4.0,-4.795790672302246
random,409.0,1.0,4.0,-47.95790672302246
random,410.0,1.0,4.0,-4.795790672302246
random,412.0,1.0,4.0,-4.795790672302246
random,413.0,1.0,4.0,-47.95790672302246
random,414.0,1.0,4.0,-4.795790672302246
random,415.0,1.0,4.0,-47.95790672302246
random,416.0,1.0,4.0,-4.795790672302246
random,417.0,1.0,4.0,-47.95790672302246
random,418.0,1.0,4.0,-23.97895336151123
random,419.0,1.0,4.0,-47.95790672302246
random,420.0,1.0,4.0,-47.95790672302246
random,421.0,1.0,4.0,-47.95790672302246
random,422.0,1.0,4.0,-47.95790672302246
random,424.0,1.0,4.0,-14.387372016906738
random,425.0,1.0,4.0,-47.95790672302246
random,426.0,1.0,4.0,-4.795790672302246
random,428.0,1.0,4.0,-47.95790672302246
random,429.0,1.0,4.0,-47.95790672302246
random,430.0,1.0,4.0,-9.591581344604492
random,431.0,1.0,4.0,-47.95790672302246
random,432.0,1.0,4.0,-14.387372016906738
random,433.0,1.0,4.0,-47.95790672302246
random,434.0,1.0,4.0,-47.95790672302246
random,435.0,1.0,4.0,-4.795790672302246
random,436.0,1.0,4.0,-47.95790672302246
random,437.0,1.0,4.0,-4.795790672302246
random,438.0,1.0,4.0,-4.795790672302246
random,439.0,1.0,4.0,-4.795790672302246
random,440.0,1.0,4.0,-47.95790672302246
random,441.0,1.0,4.0,-47.95790672302246
random,442.0,1.0,4.0,-47.95790672302246
random,443.0,1.0,4.0,-4.795790672302246
random,444.0,1.0,4.0,-47.95790672302246
random,445.0,1.0,4.0,-4.795790672302246
random,446.0,1.0,4.0,-9.591581344604492
random,447.0,1.0,4.0,-19.183162689208984
random,448.0,1.0,4.0,-4.795790672302246
random,449.0,1.0,4.0,-4.795790672302246
random,450.0,1.0,4.0,-47.95790672302246
random,451.0,1.0,4.0,-19.183162689208984
random,452.0,1.0,4.0,-4.795790672302246
random,453.0,1.0,4.0,-9.591581344604492
random,454.0,1.0,4.0,-4.795790672302246
random,455.0,1.0,4.0,-47.95790672302246
random,456.0,1.0,4.0,-4.795790672302246
random,457.0,1.0,4.0,-47.95790672302246
random,458.0,1.0,4.0,-47.95790672302246
random,459.0,1.0,4.0,-9.591581344604492
random,460.0,1.0,4.0,-47.95790672302246
random,461.0,1.0,4.0,-47.95790672302246
random,462.0,1.0,4.0,-47.95790672302246
random,463.0,1.0,4.0,-47.95790672302246
random,464.0,1.0,4.0,-47.95790672302246
random,465.0,1.0,4.0,-47.95790672302246
random,466.0,1.0,4.0,-47.95790672302246
random,467.0,1.0,4.0,-47.95790672302246
random,468.0,1.0,4.0,-47.95790672302246
random,469.0,1.0,4.0,-47.95790672302246
random,470.0,1.0,4.0,-4.795790672302246
random,471.0,1.0,4.0,-47.95790672302246
random,472.0,1.0,4.0,-47.95790672302246
random,473.0,1.0,4.0,-14.387372016906738
random,474.0,1.0,4.0,-19.183162689208984
random,475.0,1.0,4.0,-9.591581344604492
random,476.0,1.0,4.0,-47.95790672302246
random,477.0,1.0,4.0,-4.795790672302246
random,478.0,1.0,4.0,-47.95790672302246
random,479.0,1.0,4.0,-9.591581344604492
random,480.0,1.0,4.0,-47.95790672302246
random,481.0,1.0,4.0,-4.795790672302246
random,482.0,1.0,4.0,-47.95790672302246
random,483.0,1.0,4.0,-4.795790672302246
random,484.0,1.0,4.0,-47.95790672302246
random,485.0,1.0,4.0,-19.183162689208984
random,486.0,1.0,4.0,-47.95790672302246
random,487.0,1.0,4.0,-4.795790672302246
random,488.0,1.0,4.0,-4.795790672302246
random,490.0,1.0,4.0,-9.591581344604492
random,491.0,1.0,4.0,-47.95790672302246
random,492.0,1.0,4.0,-47.95790672302246
random,493.0,1.0,4.0,-47.95790672302246
random,494.0,1.0,4.0,-47.95790672302246
random,495.0,1.0,4.0,-47.95790672302246
random,496.0,1.0,4.0,-9.591581344604492
